{
  "type": "FeatureCollection",
  "name": "taisugar_hualien",
  "crs": {
    "type": "name",
    "properties": {
      "name": "urn:ogc:def:crs:OGC:1.3:CRS84"
    }
  },
  "features": [
    {
      "id": "0",
      "type": "Feature",
      "properties": {
        "LandUsageZoneName": "道路",
        "RevitalizationMethodName": "出租",
        "RevitalizartionMethodName": "出租"
      },
      "geometry": {
        "type": "MultiPolygon",
        "coordinates": [
          [
            [
              [
                121.60269752637564,
                23.972511089897967
              ],
              [
                121.60266068645286,
                23.972555270343957
              ],
              [
                121.60266685313165,
                23.972530687405232
              ],
              [
                121.60268242954086,
                23.97251117537243
              ],
              [
                121.6026812603623,
                23.972509730765626
              ],
              [
                121.60281902989549,
                23.972337149483412
              ],
              [
                121.60284060009583,
                23.97235137976243
              ],
              [
                121.60282583133984,
                23.972370444398166
              ],
              [
                121.60281126571272,
                23.972371919209447
              ],
              [
                121.60269878548755,
                23.972509687221446
              ],
              [
                121.60269752637564,
                23.972511089897967
              ]
            ]
          ]
        ]
      }
    },
    {
      "id": "1",
      "type": "Feature",
      "properties": {
        "LandUsageZoneName": "商業區",
        "RevitalizationMethodName": "出租",
        "RevitalizartionMethodName": "出租"
      },
      "geometry": {
        "type": "MultiPolygon",
        "coordinates": [
          [
            [
              [
                121.58946329400216,
                23.97464922503383
              ],
              [
                121.58944327919302,
                23.974675986164737
              ],
              [
                121.58946482916966,
                23.974480166525403
              ],
              [
                121.58947545872898,
                23.974480857968413
              ],
              [
                121.58946329400216,
                23.97464922503383
              ]
            ]
          ]
        ]
      }
    },
    {
      "id": "2",
      "type": "Feature",
      "properties": {
        "LandUsageZoneName": "商業區",
        "RevitalizationMethodName": "出租",
        "RevitalizartionMethodName": "出租"
      },
      "geometry": {
        "type": "MultiPolygon",
        "coordinates": [
          [
            [
              [
                121.58946329400216,
                23.97464922503383
              ],
              [
                121.58946161247069,
                23.974672505380234
              ],
              [
                121.5894598551153,
                23.97469683070621
              ],
              [
                121.58944088612724,
                23.974697735168423
              ],
              [
                121.58944327919302,
                23.974675986164737
              ],
              [
                121.58946329400216,
                23.97464922503383
              ]
            ]
          ]
        ]
      }
    },
    {
      "id": "3",
      "type": "Feature",
      "properties": {
        "LandUsageZoneName": "農業區",
        "RevitalizationMethodName": "出租",
        "RevitalizartionMethodName": "出租"
      },
      "geometry": {
        "type": "MultiPolygon",
        "coordinates": [
          [
            [
              [
                121.60675163763995,
                24.001020920544843
              ],
              [
                121.60662681865446,
                24.000770040502513
              ],
              [
                121.60716877069511,
                24.00155747488074
              ],
              [
                121.60713325362808,
                24.001578513691125
              ],
              [
                121.60675163763995,
                24.001020920544843
              ]
            ]
          ]
        ]
      }
    },
    {
      "id": "4",
      "type": "Feature",
      "properties": {
        "LandUsageZoneName": "農業區",
        "RevitalizationMethodName": "出租",
        "RevitalizartionMethodName": "出租"
      },
      "geometry": {
        "type": "MultiPolygon",
        "coordinates": [
          [
            [
              [
                121.60685662466148,
                24.00123440763843
              ],
              [
                121.60675163763995,
                24.001020920544843
              ],
              [
                121.60713325362808,
                24.001578513691125
              ],
              [
                121.60710561584195,
                24.00159488568506
              ],
              [
                121.60685662466148,
                24.00123440763843
              ]
            ]
          ]
        ]
      }
    },
    {
      "id": "5",
      "type": "Feature",
      "properties": {
        "LandUsageZoneName": "住宅區",
        "RevitalizationMethodName": "待規劃土地",
        "RevitalizartionMethodName": "待規劃土地"
      },
      "geometry": {
        "type": "MultiPolygon",
        "coordinates": [
          [
            [
              [
                121.42092721573158,
                23.6619869518916
              ],
              [
                121.42090724180228,
                23.66204347403681
              ],
              [
                121.42089188957398,
                23.662089603050955
              ],
              [
                121.42091078592594,
                23.662081784541456
              ],
              [
                121.42092721573158,
                23.6619869518916
              ]
            ]
          ]
        ]
      }
    },
    {
      "id": "6",
      "type": "Feature",
      "properties": {
        "LandUsageZoneName": "住宅區",
        "RevitalizationMethodName": "待規劃土地",
        "RevitalizartionMethodName": "待規劃土地"
      },
      "geometry": {
        "type": "MultiPolygon",
        "coordinates": [
          [
            [
              [
                121.42089188957398,
                23.662089603050955
              ],
              [
                121.42084402295012,
                23.66223342822365
              ],
              [
                121.42083805282925,
                23.662254899442296
              ],
              [
                121.42088933387869,
                23.662234103415745
              ],
              [
                121.42091078592594,
                23.662081784541456
              ],
              [
                121.42089188957398,
                23.662089603050955
              ]
            ]
          ]
        ]
      }
    },
    {
      "id": "7",
      "type": "Feature",
      "properties": {
        "LandUsageZoneName": "住宅區",
        "RevitalizationMethodName": "待規劃土地",
        "RevitalizartionMethodName": "待規劃土地"
      },
      "geometry": {
        "type": "MultiPolygon",
        "coordinates": [
          [
            [
              [
                121.42079023886276,
                23.66242831994189
              ],
              [
                121.42087537775514,
                23.66238532738175
              ],
              [
                121.42088933387869,
                23.662234103415745
              ],
              [
                121.42083801637325,
                23.662254914226303
              ],
              [
                121.42079023886276,
                23.66242831994189
              ]
            ]
          ]
        ]
      }
    },
    {
      "id": "8",
      "type": "Feature",
      "properties": {
        "LandUsageZoneName": "住宅區",
        "RevitalizationMethodName": "待規劃土地",
        "RevitalizartionMethodName": "待規劃土地"
      },
      "geometry": {
        "type": "MultiPolygon",
        "coordinates": [
          [
            [
              [
                121.42078895484218,
                23.66242896833279
              ],
              [
                121.42078905396251,
                23.662456879198253
              ],
              [
                121.42084518706396,
                23.662658958345204
              ],
              [
                121.4208815104041,
                23.66268110915165
              ],
              [
                121.42087630515509,
                23.662546434684614
              ],
              [
                121.42087537775514,
                23.66238532738175
              ],
              [
                121.42078895484218,
                23.66242896833279
              ]
            ]
          ]
        ]
      }
    },
    {
      "id": "9",
      "type": "Feature",
      "properties": {
        "LandUsageZoneName": "住宅區",
        "RevitalizationMethodName": "出售",
        "RevitalizartionMethodName": "出售"
      },
      "geometry": {
        "type": "MultiPolygon",
        "coordinates": [
          [
            [
              [
                121.42084676017859,
                23.661851752488218
              ],
              [
                121.42088772424022,
                23.661679144826227
              ],
              [
                121.42084994595757,
                23.661683202469387
              ],
              [
                121.42078649626926,
                23.66194251217952
              ],
              [
                121.42078357889677,
                23.661956010633226
              ],
              [
                121.42078828083936,
                23.661954887201095
              ],
              [
                121.42084676017859,
                23.661851752488218
              ]
            ]
          ]
        ]
      }
    },
    {
      "id": "10",
      "type": "Feature",
      "properties": {
        "LandUsageZoneName": "鐵路",
        "RevitalizationMethodName": "出租",
        "RevitalizartionMethodName": "出租"
      },
      "geometry": {
        "type": "MultiPolygon",
        "coordinates": [
          [
            [
              [
                121.42082452226467,
                23.661945379741155
              ],
              [
                121.42084676017859,
                23.661851752488218
              ],
              [
                121.42078828083936,
                23.661954887201095
              ],
              [
                121.42082452226467,
                23.661945379741155
              ]
            ]
          ]
        ]
      }
    },
    {
      "id": "11",
      "type": "Feature",
      "properties": {
        "LandUsageZoneName": "住宅區",
        "RevitalizationMethodName": "出售",
        "RevitalizartionMethodName": "出售"
      },
      "geometry": {
        "type": "MultiPolygon",
        "coordinates": [
          [
            [
              [
                121.42093732858103,
                23.66146637799246
              ],
              [
                121.42090335222242,
                23.661459776469165
              ],
              [
                121.42090290329891,
                23.661461633313934
              ],
              [
                121.42090232665971,
                23.661464016943377
              ],
              [
                121.42090156425802,
                23.661467168611008
              ],
              [
                121.42090154491487,
                23.66146725083479
              ],
              [
                121.42084994595757,
                23.661683202469387
              ],
              [
                121.42088772424022,
                23.661679144826227
              ],
              [
                121.42093567881633,
                23.661473455521996
              ],
              [
                121.4209364137657,
                23.66147030302579
              ],
              [
                121.4209367483565,
                23.66146886637754
              ],
              [
                121.42093688760738,
                23.661468268226013
              ],
              [
                121.42093732858103,
                23.66146637799246
              ]
            ]
          ]
        ]
      }
    },
    {
      "id": "12",
      "type": "Feature",
      "properties": {
        "LandUsageZoneName": "鐵路",
        "RevitalizationMethodName": "出租",
        "RevitalizartionMethodName": "出租"
      },
      "geometry": {
        "type": "MultiPolygon",
        "coordinates": [
          [
            [
              [
                121.42070377916797,
                23.66215159619077
              ],
              [
                121.42070923644246,
                23.662172070010794
              ],
              [
                121.4207297255359,
                23.66214460892489
              ],
              [
                121.42070377916797,
                23.66215159619077
              ]
            ]
          ]
        ]
      }
    },
    {
      "id": "13",
      "type": "Feature",
      "properties": {
        "LandUsageZoneName": "鐵路",
        "RevitalizationMethodName": "出租",
        "RevitalizartionMethodName": "出租"
      },
      "geometry": {
        "type": "MultiPolygon",
        "coordinates": [
          [
            [
              [
                121.42073846282246,
                23.66214236387328
              ],
              [
                121.42079035549021,
                23.66212837126623
              ],
              [
                121.42079485651134,
                23.662070586335666
              ],
              [
                121.42080131773338,
                23.662043298773348
              ],
              [
                121.42073846282246,
                23.66214236387328
              ]
            ]
          ]
        ]
      }
    },
    {
      "id": "14",
      "type": "Feature",
      "properties": {
        "LandUsageZoneName": "鐵路",
        "RevitalizationMethodName": "出租",
        "RevitalizartionMethodName": "出租"
      },
      "geometry": {
        "type": "MultiPolygon",
        "coordinates": [
          [
            [
              [
                121.42073961943552,
                23.662035077586733
              ],
              [
                121.42068861389986,
                23.6620965374686
              ],
              [
                121.42070377916797,
                23.66215159619077
              ],
              [
                121.4207297255359,
                23.66214460892489
              ],
              [
                121.42073846282246,
                23.66214236387328
              ],
              [
                121.42080131773338,
                23.662043298773348
              ],
              [
                121.42081548216774,
                23.661984720070556
              ],
              [
                121.4207633034773,
                23.661998153614025
              ],
              [
                121.42073961943552,
                23.662035077586733
              ]
            ]
          ]
        ]
      }
    },
    {
      "id": "15",
      "type": "Feature",
      "properties": {
        "LandUsageZoneName": "鐵路",
        "RevitalizationMethodName": "出租",
        "RevitalizartionMethodName": "出租"
      },
      "geometry": {
        "type": "MultiPolygon",
        "coordinates": [
          [
            [
              [
                121.42066797740834,
                23.662022765773045
              ],
              [
                121.42068861389986,
                23.6620965374686
              ],
              [
                121.42073961943552,
                23.662035077586733
              ],
              [
                121.4207633034773,
                23.661998153614025
              ],
              [
                121.42066797740834,
                23.662022765773045
              ]
            ]
          ]
        ]
      }
    },
    {
      "id": "16",
      "type": "Feature",
      "properties": {
        "LandUsageZoneName": "鐵路",
        "RevitalizationMethodName": "出租",
        "RevitalizartionMethodName": "出租"
      },
      "geometry": {
        "type": "MultiPolygon",
        "coordinates": [
          [
            [
              [
                121.42065826665635,
                23.66198731401452
              ],
              [
                121.42066797740834,
                23.662022765773045
              ],
              [
                121.4207633034773,
                23.661998153614025
              ],
              [
                121.42078828083936,
                23.661954887201095
              ],
              [
                121.42078357889677,
                23.661956010633226
              ],
              [
                121.42077639852775,
                23.661957691612287
              ],
              [
                121.42073392592313,
                23.661968344702682
              ],
              [
                121.42065826665635,
                23.66198731401452
              ]
            ]
          ]
        ]
      }
    },
    {
      "id": "17",
      "type": "Feature",
      "properties": {
        "LandUsageZoneName": "鐵路",
        "RevitalizationMethodName": "出租",
        "RevitalizartionMethodName": "出租"
      },
      "geometry": {
        "type": "MultiPolygon",
        "coordinates": [
          [
            [
              [
                121.42078828083936,
                23.661954887201095
              ],
              [
                121.4207633034773,
                23.661998153614025
              ],
              [
                121.42081548216774,
                23.661984720070556
              ],
              [
                121.42082452226467,
                23.661945379741155
              ],
              [
                121.42078828083936,
                23.661954887201095
              ]
            ]
          ]
        ]
      }
    },
    {
      "id": "18",
      "type": "Feature",
      "properties": {
        "LandUsageZoneName": "一般農業區",
        "RevitalizationMethodName": "出售",
        "RevitalizartionMethodName": "出售"
      },
      "geometry": {
        "type": "MultiPolygon",
        "coordinates": [
          [
            [
              [
                121.44351237042856,
                23.635815471972695
              ],
              [
                121.44349095085477,
                23.635791044343577
              ],
              [
                121.44349520348446,
                23.635752890225955
              ],
              [
                121.44357132835283,
                23.635775779866037
              ],
              [
                121.44351237042856,
                23.635815471972695
              ]
            ]
          ]
        ]
      }
    },
    {
      "id": "19",
      "type": "Feature",
      "properties": {
        "LandUsageZoneName": "一般農業區",
        "RevitalizationMethodName": "出售",
        "RevitalizartionMethodName": "出售"
      },
      "geometry": {
        "type": "MultiPolygon",
        "coordinates": [
          [
            [
              [
                121.44349520348446,
                23.635752890225955
              ],
              [
                121.44349095085477,
                23.635791044343577
              ],
              [
                121.44351237042856,
                23.635815471972695
              ],
              [
                121.44341068161083,
                23.63588502140933
              ],
              [
                121.44341091121467,
                23.63593282461859
              ],
              [
                121.4433331345301,
                23.63590549695072
              ],
              [
                121.4432430088462,
                23.635831746107645
              ],
              [
                121.44324043526368,
                23.63578057244198
              ],
              [
                121.44311087313685,
                23.63580107007783
              ],
              [
                121.44305568147706,
                23.635786238229546
              ],
              [
                121.44290132244967,
                23.635666961688223
              ],
              [
                121.44281295512286,
                23.63565837378237
              ],
              [
                121.44262973396879,
                23.63567965627528
              ],
              [
                121.44261960664784,
                23.635731344777334
              ],
              [
                121.44250451877005,
                23.635748297034436
              ],
              [
                121.4424324411737,
                23.635733910445364
              ],
              [
                121.44278077575815,
                23.635573278314435
              ],
              [
                121.44324652702474,
                23.635776292959736
              ],
              [
                121.44332349852631,
                23.63583522734352
              ],
              [
                121.44336764256231,
                23.635765156187926
              ],
              [
                121.44349520348446,
                23.635752890225955
              ]
            ]
          ]
        ]
      }
    },
    {
      "id": "20",
      "type": "Feature",
      "properties": {
        "LandUsageZoneName": "一般農業區",
        "RevitalizationMethodName": "出售",
        "RevitalizartionMethodName": "出售"
      },
      "geometry": {
        "type": "MultiPolygon",
        "coordinates": [
          [
            [
              [
                121.4433222336265,
                23.634932700409376
              ],
              [
                121.4433226188917,
                23.634953973566386
              ],
              [
                121.44328720260647,
                23.634946769654547
              ],
              [
                121.4433222336265,
                23.634932700409376
              ]
            ]
          ]
        ]
      }
    },
    {
      "id": "21",
      "type": "Feature",
      "properties": {
        "LandUsageZoneName": "特定專用區",
        "RevitalizationMethodName": "出售",
        "RevitalizartionMethodName": "出售"
      },
      "geometry": {
        "type": "MultiPolygon",
        "coordinates": [
          [
            [
              [
                121.41648253107738,
                23.635314261542028
              ],
              [
                121.41612538809113,
                23.6351696950922
              ],
              [
                121.41615424598174,
                23.63510246273527
              ],
              [
                121.41635775057847,
                23.63514653309253
              ],
              [
                121.41648253107738,
                23.635314261542028
              ]
            ]
          ]
        ]
      }
    },
    {
      "id": "22",
      "type": "Feature",
      "properties": {
        "LandUsageZoneName": "住宅區",
        "RevitalizationMethodName": "出售",
        "RevitalizartionMethodName": "出售"
      },
      "geometry": {
        "type": "MultiPolygon",
        "coordinates": [
          [
            [
              [
                121.42005443672836,
                23.659958269450506
              ],
              [
                121.42005068985493,
                23.659950550989766
              ],
              [
                121.42004408588073,
                23.659937154199902
              ],
              [
                121.420041629252,
                23.659932248640327
              ],
              [
                121.42022428592777,
                23.659854422230616
              ],
              [
                121.42024572321468,
                23.65992129306592
              ],
              [
                121.42035466479975,
                23.659921376902805
              ],
              [
                121.42037283088098,
                23.659921697856905
              ],
              [
                121.42043949145665,
                23.659906310847887
              ],
              [
                121.42044180216035,
                23.659916468534682
              ],
              [
                121.42029958758063,
                23.659942618999118
              ],
              [
                121.42030819991191,
                23.659974013968053
              ],
              [
                121.42032428047942,
                23.659970832501713
              ],
              [
                121.42033245040541,
                23.66000428204777
              ],
              [
                121.42029448578288,
                23.659998661002433
              ],
              [
                121.42005443672836,
                23.659958269450506
              ]
            ]
          ]
        ]
      }
    },
    {
      "id": "23",
      "type": "Feature",
      "properties": {
        "LandUsageZoneName": "河川區",
        "RevitalizationMethodName": "出租",
        "RevitalizartionMethodName": "出租"
      },
      "geometry": {
        "type": "MultiPolygon",
        "coordinates": [
          [
            [
              [
                121.42034555545324,
                23.660006222230177
              ],
              [
                121.42034643036416,
                23.660010972246717
              ],
              [
                121.42034586693272,
                23.660011048722165
              ],
              [
                121.4203457405292,
                23.66001106622162
              ],
              [
                121.42034554847174,
                23.660011092025936
              ],
              [
                121.42034523883052,
                23.660011134402804
              ],
              [
                121.42034505559286,
                23.660011159280234
              ],
              [
                121.42034481258301,
                23.660011192446582
              ],
              [
                121.42022568193602,
                23.660027465738203
              ],
              [
                121.42009482291168,
                23.66004651217777
              ],
              [
                121.42009031168581,
                23.66003612296584
              ],
              [
                121.42008574661067,
                23.66002575466829
              ],
              [
                121.42008112572275,
                23.66001540638743
              ],
              [
                121.42007645098553,
                23.6600050790209
              ],
              [
                121.42007172239906,
                23.659994772568734
              ],
              [
                121.42006693898594,
                23.659984487936537
              ],
              [
                121.42006210074325,
                23.65997422422133
              ],
              [
                121.42005720963454,
                23.659963982320754
              ],
              [
                121.42005443672836,
                23.659958269450506
              ],
              [
                121.42029448578288,
                23.659998661002433
              ],
              [
                121.42033245040541,
                23.66000428204777
              ],
              [
                121.42033320630533,
                23.6600073754169
              ],
              [
                121.4203452249343,
                23.66000617346258
              ],
              [
                121.42034555545324,
                23.660006222230177
              ]
            ]
          ]
        ]
      }
    },
    {
      "id": "24",
      "type": "Feature",
      "properties": {
        "LandUsageZoneName": "住宅區",
        "RevitalizationMethodName": "出售",
        "RevitalizartionMethodName": "出售"
      },
      "geometry": {
        "type": "MultiPolygon",
        "coordinates": [
          [
            [
              [
                121.41872845740451,
                23.656833573182343
              ],
              [
                121.4187167743558,
                23.65679322069707
              ],
              [
                121.41907287424463,
                23.656650986028122
              ],
              [
                121.41908984678109,
                23.656685428619177
              ],
              [
                121.41872845740451,
                23.656833573182343
              ]
            ]
          ]
        ]
      }
    },
    {
      "id": "25",
      "type": "Feature",
      "properties": {
        "LandUsageZoneName": "特定農業區",
        "RevitalizationMethodName": "出售",
        "RevitalizartionMethodName": "出售"
      },
      "geometry": {
        "type": "MultiPolygon",
        "coordinates": [
          [
            [
              [
                121.41949410265877,
                23.65076426876031
              ],
              [
                121.41946458174829,
                23.65101143164565
              ],
              [
                121.41933357044367,
                23.650973779523955
              ],
              [
                121.41935009123378,
                23.650821194058864
              ],
              [
                121.41935150660049,
                23.650810092579423
              ],
              [
                121.4194949811483,
                23.65075695222763
              ],
              [
                121.41949410265877,
                23.65076426876031
              ]
            ]
          ]
        ]
      }
    },
    {
      "id": "26",
      "type": "Feature",
      "properties": {
        "LandUsageZoneName": "工業區",
        "RevitalizationMethodName": "出租",
        "RevitalizartionMethodName": "出租"
      },
      "geometry": {
        "type": "MultiPolygon",
        "coordinates": [
          [
            [
              [
                121.4190314490763,
                23.653674596666974
              ],
              [
                121.4191159485127,
                23.65383401905311
              ],
              [
                121.41803713089179,
                23.654288585397808
              ],
              [
                121.41795611808172,
                23.654122317447996
              ],
              [
                121.4190314490763,
                23.653674596666974
              ]
            ]
          ]
        ]
      }
    },
    {
      "id": "27",
      "type": "Feature",
      "properties": {
        "LandUsageZoneName": "綠地",
        "RevitalizationMethodName": "出租",
        "RevitalizartionMethodName": "出租"
      },
      "geometry": {
        "type": "MultiPolygon",
        "coordinates": [
          [
            [
              [
                121.41899250790581,
                23.656487899964297
              ],
              [
                121.41866907261182,
                23.656628383838918
              ],
              [
                121.41866890311985,
                23.65662779826164
              ],
              [
                121.41866787229488,
                23.656624237880468
              ],
              [
                121.4186677355112,
                23.65662376508756
              ],
              [
                121.41866764234526,
                23.656623444780713
              ],
              [
                121.41866052465669,
                23.656598847823616
              ],
              [
                121.41865793964988,
                23.656589914384583
              ],
              [
                121.41865750451059,
                23.656588407580564
              ],
              [
                121.41865739647679,
                23.65658803584392
              ],
              [
                121.41865713777749,
                23.65658714168788
              ],
              [
                121.41865616939724,
                23.65658379695054
              ],
              [
                121.41819299679597,
                23.6549833102353
              ],
              [
                121.41818794194957,
                23.654965860203337
              ],
              [
                121.41818704875588,
                23.654959640165192
              ],
              [
                121.41818903931676,
                23.654950275388956
              ],
              [
                121.41819477017772,
                23.654942325427935
              ],
              [
                121.41820336686658,
                23.65493700083047
              ],
              [
                121.41820473867185,
                23.65493651313146
              ],
              [
                121.4182135174217,
                23.65493511240123
              ],
              [
                121.41822368373448,
                23.65493694692282
              ],
              [
                121.41823231511634,
                23.654942225945543
              ],
              [
                121.41823783489268,
                23.654949589317916
              ],
              [
                121.41846720079855,
                23.655421888968473
              ],
              [
                121.41864302082791,
                23.655778687987084
              ],
              [
                121.41897866608767,
                23.656459811307453
              ],
              [
                121.41897886341899,
                23.656460211697905
              ],
              [
                121.41897968037306,
                23.65646187007291
              ],
              [
                121.41898258410792,
                23.65646776320905
              ],
              [
                121.41899250790581,
                23.656487899964297
              ]
            ]
          ]
        ]
      }
    },
    {
      "id": "28",
      "type": "Feature",
      "properties": {
        "LandUsageZoneName": "特定農業區",
        "RevitalizationMethodName": "出售",
        "RevitalizartionMethodName": "出售"
      },
      "geometry": {
        "type": "MultiPolygon",
        "coordinates": [
          [
            [
              [
                121.418401497458,
                23.650232980705937
              ],
              [
                121.41838656984109,
                23.65023340024139
              ],
              [
                121.41834080506405,
                23.65012314316829
              ],
              [
                121.418401497458,
                23.650232980705937
              ]
            ]
          ]
        ]
      }
    },
    {
      "id": "29",
      "type": "Feature",
      "properties": {
        "LandUsageZoneName": "特定農業區",
        "RevitalizationMethodName": "出售",
        "RevitalizartionMethodName": "出售"
      },
      "geometry": {
        "type": "MultiPolygon",
        "coordinates": [
          [
            [
              [
                121.41398001936965,
                23.639893729931988
              ],
              [
                121.41398835796697,
                23.63991255836596
              ],
              [
                121.41393927249996,
                23.63993150756338
              ],
              [
                121.41393044316104,
                23.63991090787911
              ],
              [
                121.41392975988101,
                23.639909314130175
              ],
              [
                121.41397935402145,
                23.639892228239756
              ],
              [
                121.41398001936965,
                23.639893729931988
              ]
            ]
          ]
        ]
      }
    },
    {
      "id": "30",
      "type": "Feature",
      "properties": {
        "LandUsageZoneName": "特定農業區",
        "RevitalizationMethodName": "出租",
        "RevitalizartionMethodName": "出租"
      },
      "geometry": {
        "type": "MultiPolygon",
        "coordinates": [
          [
            [
              [
                121.41375797917671,
                23.638978665108166
              ],
              [
                121.41375799473091,
                23.63898143090669
              ],
              [
                121.41360562936265,
                23.639152347763712
              ],
              [
                121.41360497714297,
                23.639150030640085
              ],
              [
                121.41356948980518,
                23.639023992852263
              ],
              [
                121.41363917875859,
                23.6389991284603
              ],
              [
                121.4137578594156,
                23.638956777998324
              ],
              [
                121.41375797917671,
                23.638978665108166
              ]
            ]
          ]
        ]
      }
    },
    {
      "id": "31",
      "type": "Feature",
      "properties": {
        "LandUsageZoneName": "一般農業區",
        "RevitalizationMethodName": "出租",
        "RevitalizartionMethodName": "出租"
      },
      "geometry": {
        "type": "MultiPolygon",
        "coordinates": [
          [
            [
              [
                121.41596081274842,
                23.635612318853834
              ],
              [
                121.41592924017917,
                23.635685906430957
              ],
              [
                121.41591778280286,
                23.635682894095467
              ],
              [
                121.41585161831468,
                23.63565615352976
              ],
              [
                121.41587881686844,
                23.635591020597353
              ],
              [
                121.41596081274842,
                23.635612318853834
              ]
            ]
          ]
        ]
      }
    },
    {
      "id": "32",
      "type": "Feature",
      "properties": {
        "LandUsageZoneName": "一般農業區",
        "RevitalizationMethodName": "出租",
        "RevitalizartionMethodName": "出租"
      },
      "geometry": {
        "type": "MultiPolygon",
        "coordinates": [
          [
            [
              [
                121.4152113538022,
                23.648616549154585
              ],
              [
                121.41491181009357,
                23.648353002787943
              ],
              [
                121.41486698199765,
                23.648212257414766
              ],
              [
                121.41511332825151,
                23.648466329541765
              ],
              [
                121.41514199298348,
                23.64846730928682
              ],
              [
                121.4152113538022,
                23.648616549154585
              ]
            ]
          ]
        ]
      }
    },
    {
      "id": "33",
      "type": "Feature",
      "properties": {
        "LandUsageZoneName": "一般農業區",
        "RevitalizationMethodName": "出租",
        "RevitalizartionMethodName": "出租"
      },
      "geometry": {
        "type": "MultiPolygon",
        "coordinates": [
          [
            [
              [
                121.37863975206731,
                23.612042594762574
              ],
              [
                121.37861982896898,
                23.61204304338084
              ],
              [
                121.37887224613236,
                23.61267514879039
              ],
              [
                121.37886328133176,
                23.61267952669242
              ],
              [
                121.37880950894582,
                23.612596944068514
              ],
              [
                121.37876595259046,
                23.612522860720325
              ],
              [
                121.37874500718462,
                23.612477220547596
              ],
              [
                121.37874629195623,
                23.612436655116316
              ],
              [
                121.3786060779048,
                23.612050418225763
              ],
              [
                121.37860458476142,
                23.612015042729237
              ],
              [
                121.37878028538981,
                23.612006568474165
              ],
              [
                121.37887555154295,
                23.61199809169586
              ],
              [
                121.37888524578787,
                23.61206374247792
              ],
              [
                121.37920591533076,
                23.611900159468977
              ],
              [
                121.37929862221586,
                23.61196949027674
              ],
              [
                121.37938424032359,
                23.611952377089086
              ],
              [
                121.3793854079639,
                23.611997498436487
              ],
              [
                121.3793009287941,
                23.612016746218718
              ],
              [
                121.37920678292383,
                23.61194081084955
              ],
              [
                121.37920202453702,
                23.611937834480198
              ],
              [
                121.37888232373724,
                23.612101983097443
              ],
              [
                121.3788792978515,
                23.612095237022597
              ],
              [
                121.3788538954344,
                23.61203861022797
              ],
              [
                121.37863975206731,
                23.612042594762574
              ]
            ]
          ],
          [
            [
              [
                121.37999953000049,
                23.61202979344472
              ],
              [
                121.37988275006055,
                23.61207975995007
              ],
              [
                121.37974495633901,
                23.61180435384261
              ],
              [
                121.37983087591236,
                23.611780032911835
              ],
              [
                121.37999953000049,
                23.61202979344472
              ]
            ]
          ]
        ]
      }
    },
    {
      "id": "34",
      "type": "Feature",
      "properties": {
        "LandUsageZoneName": "特定專用區",
        "RevitalizationMethodName": "出租",
        "RevitalizartionMethodName": "出租"
      },
      "geometry": {
        "type": "MultiPolygon",
        "coordinates": [
          [
            [
              [
                121.39323079260268,
                23.606966695618812
              ],
              [
                121.39320964385671,
                23.606959380788684
              ],
              [
                121.39322529214022,
                23.606955783379668
              ],
              [
                121.39323079260268,
                23.606966695618812
              ]
            ]
          ]
        ]
      }
    },
    {
      "id": "35",
      "type": "Feature",
      "properties": {
        "LandUsageZoneName": "鄉村區",
        "RevitalizationMethodName": "出租",
        "RevitalizartionMethodName": "出租"
      },
      "geometry": {
        "type": "MultiPolygon",
        "coordinates": [
          [
            [
              [
                121.39130329564408,
                23.606469277580135
              ],
              [
                121.39129999876971,
                23.606471764595184
              ],
              [
                121.39128339935495,
                23.60647977531083
              ],
              [
                121.39129374433811,
                23.606412444919524
              ],
              [
                121.39131500355649,
                23.606425350142644
              ],
              [
                121.39132817341356,
                23.606432241072934
              ],
              [
                121.39132530550688,
                23.606440591923942
              ],
              [
                121.39131221656751,
                23.606460964750536
              ],
              [
                121.39130329564408,
                23.606469277580135
              ]
            ]
          ]
        ]
      }
    },
    {
      "id": "36",
      "type": "Feature",
      "properties": {
        "LandUsageZoneName": "特定專用區",
        "RevitalizationMethodName": "出租",
        "RevitalizartionMethodName": "出租"
      },
      "geometry": {
        "type": "MultiPolygon",
        "coordinates": [
          [
            [
              [
                121.39191313927678,
                23.605884390168992
              ],
              [
                121.39178108551529,
                23.60562328991055
              ],
              [
                121.39193558041123,
                23.60561452025883
              ],
              [
                121.39194889497628,
                23.605880742133895
              ],
              [
                121.39191313927678,
                23.605884390168992
              ]
            ]
          ]
        ]
      }
    },
    {
      "id": "37",
      "type": "Feature",
      "properties": {
        "LandUsageZoneName": "特定專用區",
        "RevitalizationMethodName": "出租",
        "RevitalizartionMethodName": "出租"
      },
      "geometry": {
        "type": "MultiPolygon",
        "coordinates": [
          [
            [
              [
                121.39194889497628,
                23.605880742133895
              ],
              [
                121.39193558041123,
                23.60561452025883
              ],
              [
                121.39198665414585,
                23.60561161914908
              ],
              [
                121.39200084779537,
                23.605876854540774
              ],
              [
                121.39194889497628,
                23.605880742133895
              ]
            ]
          ]
        ]
      }
    },
    {
      "id": "38",
      "type": "Feature",
      "properties": {
        "LandUsageZoneName": "鄉村區",
        "RevitalizationMethodName": "出租",
        "RevitalizartionMethodName": "出租"
      },
      "geometry": {
        "type": "MultiPolygon",
        "coordinates": [
          [
            [
              [
                121.3903830154852,
                23.605282189836352
              ],
              [
                121.39038623929513,
                23.605318904514824
              ],
              [
                121.39038610047506,
                23.605318683631374
              ],
              [
                121.39036825468305,
                23.605290277100735
              ],
              [
                121.39037923136542,
                23.605284262681874
              ],
              [
                121.3903830154852,
                23.605282189836352
              ]
            ]
          ]
        ]
      }
    },
    {
      "id": "39",
      "type": "Feature",
      "properties": {
        "LandUsageZoneName": "鄉村區",
        "RevitalizationMethodName": "出租",
        "RevitalizartionMethodName": "出租"
      },
      "geometry": {
        "type": "MultiPolygon",
        "coordinates": [
          [
            [
              [
                121.39035054528746,
                23.604902144412776
              ],
              [
                121.39033066313516,
                23.604915709442302
              ],
              [
                121.39032269746754,
                23.604864376441206
              ],
              [
                121.39032870870308,
                23.60487117980539
              ],
              [
                121.39033448102656,
                23.604877713775974
              ],
              [
                121.39035054528746,
                23.604902144412776
              ]
            ]
          ]
        ]
      }
    },
    {
      "id": "40",
      "type": "Feature",
      "properties": {
        "LandUsageZoneName": "特定專用區",
        "RevitalizationMethodName": "出租",
        "RevitalizartionMethodName": "出租"
      },
      "geometry": {
        "type": "MultiPolygon",
        "coordinates": [
          [
            [
              [
                121.39014781617676,
                23.604813411464775
              ],
              [
                121.390047882749,
                23.60462342065048
              ],
              [
                121.3900078057238,
                23.60454084357538
              ],
              [
                121.39004777277422,
                23.604519992477364
              ],
              [
                121.39001063125382,
                23.604439304306094
              ],
              [
                121.39009943161803,
                23.604390401054822
              ],
              [
                121.39019701665758,
                23.604594809460867
              ],
              [
                121.39015000623897,
                23.604603117707324
              ],
              [
                121.39010505289721,
                23.604617813939022
              ],
              [
                121.39011495861371,
                23.604634024807705
              ],
              [
                121.39008893451668,
                23.604661179883003
              ],
              [
                121.39008883022777,
                23.60469548472614
              ],
              [
                121.39015349098996,
                23.604810507638483
              ],
              [
                121.39014781617676,
                23.604813411464775
              ]
            ]
          ]
        ]
      }
    },
    {
      "id": "41",
      "type": "Feature",
      "properties": {
        "LandUsageZoneName": "特定專用區",
        "RevitalizationMethodName": "出租",
        "RevitalizartionMethodName": "出租"
      },
      "geometry": {
        "type": "MultiPolygon",
        "coordinates": [
          [
            [
              [
                121.3900078057238,
                23.60454084357538
              ],
              [
                121.38991040792772,
                23.60425715206889
              ],
              [
                121.38996191286637,
                23.604237861281756
              ],
              [
                121.39004126052022,
                23.604226537150062
              ],
              [
                121.39009314619442,
                23.604326015613186
              ],
              [
                121.39007275765343,
                23.604336983980563
              ],
              [
                121.39009943161803,
                23.604390401054822
              ],
              [
                121.39001063125382,
                23.604439304306094
              ],
              [
                121.39004777277422,
                23.604519992477364
              ],
              [
                121.3900078057238,
                23.60454084357538
              ]
            ]
          ]
        ]
      }
    },
    {
      "id": "42",
      "type": "Feature",
      "properties": {
        "LandUsageZoneName": "鄉村區",
        "RevitalizationMethodName": "出租",
        "RevitalizartionMethodName": "出租"
      },
      "geometry": {
        "type": "MultiPolygon",
        "coordinates": [
          [
            [
              [
                121.38867743138837,
                23.6052191282459
              ],
              [
                121.38866504441779,
                23.605218779997312
              ],
              [
                121.38862116511457,
                23.60514253300967
              ],
              [
                121.38865127502856,
                23.605128416153654
              ],
              [
                121.388706076228,
                23.60521992340837
              ],
              [
                121.38867743138837,
                23.6052191282459
              ]
            ]
          ]
        ]
      }
    },
    {
      "id": "43",
      "type": "Feature",
      "properties": {
        "LandUsageZoneName": "鄉村區",
        "RevitalizationMethodName": "出租",
        "RevitalizartionMethodName": "出租"
      },
      "geometry": {
        "type": "MultiPolygon",
        "coordinates": [
          [
            [
              [
                121.38842401699532,
                23.605175109550828
              ],
              [
                121.38839799930375,
                23.605128083714966
              ],
              [
                121.38846677633411,
                23.60509409468891
              ],
              [
                121.38850360972532,
                23.605160254895566
              ],
              [
                121.38845539199296,
                23.605177956746658
              ],
              [
                121.38842401699532,
                23.605175109550828
              ]
            ]
          ]
        ]
      }
    },
    {
      "id": "44",
      "type": "Feature",
      "properties": {
        "LandUsageZoneName": "山坡地保育區",
        "RevitalizationMethodName": "出租",
        "RevitalizartionMethodName": "出租"
      },
      "geometry": {
        "type": "MultiPolygon",
        "coordinates": [
          [
            [
              [
                121.3983422993916,
                23.640358074140476
              ],
              [
                121.39834341001921,
                23.64036912111564
              ],
              [
                121.39834393551543,
                23.64037434624325
              ],
              [
                121.39834398560521,
                23.640374703696665
              ],
              [
                121.39812092108376,
                23.64035578552528
              ],
              [
                121.3979282636269,
                23.640342526586117
              ],
              [
                121.39771204023258,
                23.640341608436806
              ],
              [
                121.39749427718195,
                23.64037190922345
              ],
              [
                121.39749358840606,
                23.64036713239166
              ],
              [
                121.39748828848043,
                23.64033038996694
              ],
              [
                121.39792858698596,
                23.64027537978752
              ],
              [
                121.39808349272403,
                23.64031465039814
              ],
              [
                121.39833901400714,
                23.64032539903567
              ],
              [
                121.3983422993916,
                23.640358074140476
              ]
            ]
          ]
        ]
      }
    },
    {
      "id": "45",
      "type": "Feature",
      "properties": {
        "LandUsageZoneName": "山坡地保育區",
        "RevitalizationMethodName": "出租",
        "RevitalizartionMethodName": "出租"
      },
      "geometry": {
        "type": "MultiPolygon",
        "coordinates": [
          [
            [
              [
                121.39732842851392,
                23.640802658952847
              ],
              [
                121.39732097713507,
                23.640803902490052
              ],
              [
                121.39731712800575,
                23.64080454444041
              ],
              [
                121.39731283508601,
                23.64080526066939
              ],
              [
                121.39730084685051,
                23.640807261693723
              ],
              [
                121.39728942584217,
                23.640809167353634
              ],
              [
                121.39727701242758,
                23.640811238995134
              ],
              [
                121.39725680670675,
                23.640814611028123
              ],
              [
                121.39663287115042,
                23.64091873467706
              ],
              [
                121.39662134424718,
                23.640837360049897
              ],
              [
                121.39692310349889,
                23.64079048163735
              ],
              [
                121.39698289524584,
                23.640798197213808
              ],
              [
                121.39702656616204,
                23.64079354160374
              ],
              [
                121.39706317506307,
                23.640783061748238
              ],
              [
                121.39710609913584,
                23.64076412731908
              ],
              [
                121.39714827733256,
                23.64073156242256
              ],
              [
                121.39728957116357,
                23.64057283682799
              ],
              [
                121.39732842851392,
                23.640802658952847
              ]
            ]
          ],
          [
            [
              [
                121.39728188674383,
                23.64052739031071
              ],
              [
                121.3970855793168,
                23.64073583425355
              ],
              [
                121.3970405374645,
                23.640753259792664
              ],
              [
                121.39699035841588,
                23.64075373860295
              ],
              [
                121.39706510116775,
                23.640712903906802
              ],
              [
                121.39721336924416,
                23.640569545584775
              ],
              [
                121.39721688229771,
                23.64056504784849
              ],
              [
                121.39723529994563,
                23.640541466176703
              ],
              [
                121.3972433512556,
                23.640531156942842
              ],
              [
                121.39725215145455,
                23.64051988862618
              ],
              [
                121.39725932401532,
                23.64051070585872
              ],
              [
                121.39726589804842,
                23.640502289452417
              ],
              [
                121.39727106998257,
                23.640495667256737
              ],
              [
                121.39727555258409,
                23.640489927237113
              ],
              [
                121.39728188674383,
                23.64052739031071
              ]
            ]
          ]
        ]
      }
    },
    {
      "id": "46",
      "type": "Feature",
      "properties": {
        "LandUsageZoneName": "一般農業區",
        "RevitalizationMethodName": "出租",
        "RevitalizartionMethodName": "出租"
      },
      "geometry": {
        "type": "MultiPolygon",
        "coordinates": [
          [
            [
              [
                121.40392550358445,
                23.628089845857655
              ],
              [
                121.40388489514007,
                23.6280920031554
              ],
              [
                121.40387986150944,
                23.62805493062229
              ],
              [
                121.40387940117348,
                23.62802945858465
              ],
              [
                121.40401223728385,
                23.627932809286552
              ],
              [
                121.40403821009293,
                23.627964124932802
              ],
              [
                121.40390268120234,
                23.628069873429123
              ],
              [
                121.40392550358445,
                23.628089845857655
              ]
            ]
          ]
        ]
      }
    },
    {
      "id": "47",
      "type": "Feature",
      "properties": {
        "LandUsageZoneName": "一般農業區",
        "RevitalizationMethodName": "出租",
        "RevitalizartionMethodName": "出租"
      },
      "geometry": {
        "type": "MultiPolygon",
        "coordinates": [
          [
            [
              [
                121.40386534033718,
                23.628044231014382
              ],
              [
                121.40387986150944,
                23.62805493062229
              ],
              [
                121.40388489514007,
                23.6280920031554
              ],
              [
                121.40386265120082,
                23.62809318978972
              ],
              [
                121.40383141411893,
                23.628075509360436
              ],
              [
                121.40386534033718,
                23.628044231014382
              ]
            ]
          ]
        ]
      }
    },
    {
      "id": "48",
      "type": "Feature",
      "properties": {
        "LandUsageZoneName": "一般農業區",
        "RevitalizationMethodName": "出租",
        "RevitalizartionMethodName": "出租"
      },
      "geometry": {
        "type": "MultiPolygon",
        "coordinates": [
          [
            [
              [
                121.4036609643541,
                23.62718873294972
              ],
              [
                121.40373860793056,
                23.62731440720047
              ],
              [
                121.40349155604771,
                23.62743042439641
              ],
              [
                121.40351552400051,
                23.6274971189267
              ],
              [
                121.40349504538464,
                23.627503786556982
              ],
              [
                121.40344959385959,
                23.627412591179652
              ],
              [
                121.40352611754982,
                23.62736149085204
              ],
              [
                121.40366121456897,
                23.627276773447488
              ],
              [
                121.40358721239066,
                23.627148021337735
              ],
              [
                121.40361074866392,
                23.627138449865306
              ],
              [
                121.40362575248014,
                23.6271317467979
              ],
              [
                121.4036609643541,
                23.62718873294972
              ]
            ]
          ],
          [
            [
              [
                121.40376333222255,
                23.627922562688017
              ],
              [
                121.40379467646451,
                23.627998228101912
              ],
              [
                121.40383291794845,
                23.628020342029522
              ],
              [
                121.40386534033718,
                23.628044231014382
              ],
              [
                121.40383141411893,
                23.628075509360436
              ],
              [
                121.40375979084429,
                23.628034971091935
              ],
              [
                121.40369745734455,
                23.627909906281
              ],
              [
                121.40376333222255,
                23.627922562688017
              ]
            ]
          ]
        ]
      }
    },
    {
      "id": "49",
      "type": "Feature",
      "properties": {
        "LandUsageZoneName": "一般農業區",
        "RevitalizationMethodName": "出租",
        "RevitalizartionMethodName": "出租"
      },
      "geometry": {
        "type": "MultiPolygon",
        "coordinates": [
          [
            [
              [
                121.40365908318135,
                23.627450822344333
              ],
              [
                121.40362000462106,
                23.627462832587106
              ],
              [
                121.40351558627249,
                23.62749729123511
              ],
              [
                121.40349155604771,
                23.62743042439641
              ],
              [
                121.40373860793056,
                23.62731440720047
              ],
              [
                121.40376149819669,
                23.627351460365606
              ],
              [
                121.40371057347915,
                23.62738324253971
              ],
              [
                121.40374804085928,
                23.627427848278423
              ],
              [
                121.40367682268669,
                23.627454448636765
              ],
              [
                121.40365908318135,
                23.627450822344333
              ]
            ]
          ]
        ]
      }
    },
    {
      "id": "50",
      "type": "Feature",
      "properties": {
        "LandUsageZoneName": "一般農業區",
        "RevitalizationMethodName": "出租",
        "RevitalizartionMethodName": "出租"
      },
      "geometry": {
        "type": "MultiPolygon",
        "coordinates": [
          [
            [
              [
                121.48320978040712,
                23.686503920531777
              ],
              [
                121.48320516295895,
                23.68652249915408
              ],
              [
                121.48320417453787,
                23.68652647531783
              ],
              [
                121.4829789874392,
                23.686409403057585
              ],
              [
                121.48298032045216,
                23.6864082105882
              ],
              [
                121.48298625451058,
                23.686402902467247
              ],
              [
                121.48301580068903,
                23.686376475117793
              ],
              [
                121.48320978040712,
                23.686503920531777
              ]
            ]
          ],
          [
            [
              [
                121.4831865916808,
                23.68659721578109
              ],
              [
                121.48315710608352,
                23.68661132913558
              ],
              [
                121.48313621412592,
                23.686621328820305
              ],
              [
                121.48311140982511,
                23.686605164433118
              ],
              [
                121.48310214642042,
                23.686599127160804
              ],
              [
                121.48312018053457,
                23.686576683500334
              ],
              [
                121.48312173011132,
                23.686574656910388
              ],
              [
                121.48312304089426,
                23.68657275206372
              ],
              [
                121.4831865916808,
                23.68659721578109
              ]
            ]
          ]
        ]
      }
    },
    {
      "id": "51",
      "type": "Feature",
      "properties": {
        "LandUsageZoneName": "一般農業區",
        "RevitalizationMethodName": "出租",
        "RevitalizartionMethodName": "出租"
      },
      "geometry": {
        "type": "MultiPolygon",
        "coordinates": [
          [
            [
              [
                121.48287814894391,
                23.68634239277226
              ],
              [
                121.4829081468284,
                23.686305746898437
              ],
              [
                121.48301580068903,
                23.686376475117793
              ],
              [
                121.48298032045216,
                23.6864082105882
              ],
              [
                121.48287814894391,
                23.68634239277226
              ]
            ]
          ]
        ]
      }
    },
    {
      "id": "52",
      "type": "Feature",
      "properties": {
        "LandUsageZoneName": "一般農業區",
        "RevitalizationMethodName": "出租",
        "RevitalizartionMethodName": "出租"
      },
      "geometry": {
        "type": "MultiPolygon",
        "coordinates": [
          [
            [
              [
                121.48310214642042,
                23.686599127160804
              ],
              [
                121.48313621412592,
                23.686621328820305
              ],
              [
                121.48308869867921,
                23.686645189112447
              ],
              [
                121.4830750242295,
                23.686626149247843
              ],
              [
                121.48310214642042,
                23.686599127160804
              ]
            ]
          ]
        ]
      }
    },
    {
      "id": "53",
      "type": "Feature",
      "properties": {
        "LandUsageZoneName": "一般農業區",
        "RevitalizationMethodName": "出租",
        "RevitalizartionMethodName": "出租"
      },
      "geometry": {
        "type": "MultiPolygon",
        "coordinates": [
          [
            [
              [
                121.4830750242295,
                23.686626149247843
              ],
              [
                121.48308869867921,
                23.686645189112447
              ],
              [
                121.48305738724213,
                23.686684060430075
              ],
              [
                121.483014132691,
                23.686738761984046
              ],
              [
                121.48300599972083,
                23.686729771168697
              ],
              [
                121.4830750242295,
                23.686626149247843
              ]
            ]
          ]
        ]
      }
    },
    {
      "id": "54",
      "type": "Feature",
      "properties": {
        "LandUsageZoneName": "一般農業區",
        "RevitalizationMethodName": "出租",
        "RevitalizartionMethodName": "出租"
      },
      "geometry": {
        "type": "MultiPolygon",
        "coordinates": [
          [
            [
              [
                121.48300599972083,
                23.686729771168697
              ],
              [
                121.483014132691,
                23.686738761984046
              ],
              [
                121.48299190573778,
                23.68678168639011
              ],
              [
                121.48297982793616,
                23.686773419419207
              ],
              [
                121.48300599972083,
                23.686729771168697
              ]
            ]
          ]
        ]
      }
    },
    {
      "id": "55",
      "type": "Feature",
      "properties": {
        "LandUsageZoneName": "一般農業區",
        "RevitalizationMethodName": "出租",
        "RevitalizartionMethodName": "出租"
      },
      "geometry": {
        "type": "MultiPolygon",
        "coordinates": [
          [
            [
              [
                121.47951886858786,
                23.683172450917716
              ],
              [
                121.47946855840094,
                23.683128893732267
              ],
              [
                121.47950310088467,
                23.683056485714705
              ],
              [
                121.47950567900871,
                23.683026796997545
              ],
              [
                121.47956466914218,
                23.683079176435
              ],
              [
                121.47954351252375,
                23.683141492926882
              ],
              [
                121.47951886858786,
                23.683172450917716
              ]
            ]
          ]
        ]
      }
    },
    {
      "id": "56",
      "type": "Feature",
      "properties": {
        "LandUsageZoneName": "一般農業區",
        "RevitalizationMethodName": "出租",
        "RevitalizartionMethodName": "出租"
      },
      "geometry": {
        "type": "MultiPolygon",
        "coordinates": [
          [
            [
              [
                121.47951886858786,
                23.683172450917716
              ],
              [
                121.47951525835232,
                23.683187993237276
              ],
              [
                121.47946446636666,
                23.683146749154172
              ],
              [
                121.47945988535164,
                23.683143458453063
              ],
              [
                121.47946855840094,
                23.683128893732267
              ],
              [
                121.47951886858786,
                23.683172450917716
              ]
            ]
          ]
        ]
      }
    },
    {
      "id": "57",
      "type": "Feature",
      "properties": {
        "LandUsageZoneName": "一般農業區",
        "RevitalizationMethodName": "出租",
        "RevitalizartionMethodName": "出租"
      },
      "geometry": {
        "type": "MultiPolygon",
        "coordinates": [
          [
            [
              [
                121.47945647197996,
                23.683269352538172
              ],
              [
                121.47946446636666,
                23.683146749154172
              ],
              [
                121.47951525835232,
                23.683187993237276
              ],
              [
                121.4795139813298,
                23.683224937831614
              ],
              [
                121.47945647197996,
                23.683269352538172
              ]
            ]
          ]
        ]
      }
    },
    {
      "id": "58",
      "type": "Feature",
      "properties": {
        "LandUsageZoneName": "一般農業區",
        "RevitalizationMethodName": "出租",
        "RevitalizartionMethodName": "出租"
      },
      "geometry": {
        "type": "MultiPolygon",
        "coordinates": [
          [
            [
              [
                121.47862636235865,
                23.68409785177437
              ],
              [
                121.47867891561265,
                23.684119243328333
              ],
              [
                121.47870726441565,
                23.68414162168342
              ],
              [
                121.47867692090934,
                23.684190701773566
              ],
              [
                121.47859226949085,
                23.684143169006905
              ],
              [
                121.47862636235865,
                23.68409785177437
              ]
            ]
          ]
        ]
      }
    },
    {
      "id": "59",
      "type": "Feature",
      "properties": {
        "LandUsageZoneName": "一般農業區",
        "RevitalizationMethodName": "出租",
        "RevitalizartionMethodName": "出租"
      },
      "geometry": {
        "type": "MultiPolygon",
        "coordinates": [
          [
            [
              [
                121.47851779579474,
                23.682671868464602
              ],
              [
                121.47855799927032,
                23.68262458194121
              ],
              [
                121.4786102344337,
                23.682615345651445
              ],
              [
                121.47863247073688,
                23.682582851157147
              ],
              [
                121.47864203448971,
                23.682503269634378
              ],
              [
                121.47863861776372,
                23.682485834744572
              ],
              [
                121.47862982974499,
                23.682474240632747
              ],
              [
                121.47862468735772,
                23.68243526612663
              ],
              [
                121.47863847804469,
                23.682417886417674
              ],
              [
                121.4786751818692,
                23.682448835276546
              ],
              [
                121.47866461096513,
                23.682456507102266
              ],
              [
                121.47867695463215,
                23.682547876964033
              ],
              [
                121.47863315428349,
                23.682633216907703
              ],
              [
                121.47851779579474,
                23.682671868464602
              ]
            ]
          ]
        ]
      }
    },
    {
      "id": "60",
      "type": "Feature",
      "properties": {
        "LandUsageZoneName": "特定專用區",
        "RevitalizationMethodName": "出租",
        "RevitalizartionMethodName": "出租"
      },
      "geometry": {
        "type": "MultiPolygon",
        "coordinates": [
          [
            [
              [
                121.43179972106257,
                23.62091795458408
              ],
              [
                121.43195261063941,
                23.620905275608862
              ],
              [
                121.43195423488316,
                23.62090538576702
              ],
              [
                121.43192402847276,
                23.620752794096507
              ],
              [
                121.43177656575644,
                23.620435733079916
              ],
              [
                121.43205049930603,
                23.620128244853436
              ],
              [
                121.43211779052945,
                23.620042174626665
              ],
              [
                121.43180402692545,
                23.620044392484555
              ],
              [
                121.43174291438478,
                23.620174707895693
              ],
              [
                121.43176803811014,
                23.620245357056884
              ],
              [
                121.43171014531534,
                23.62030285764222
              ],
              [
                121.43169831204422,
                23.620490200293514
              ],
              [
                121.43179097609554,
                23.62089334097919
              ],
              [
                121.43179860293286,
                23.62091827373978
              ],
              [
                121.43179972106257,
                23.62091795458408
              ]
            ]
          ]
        ]
      }
    },
    {
      "id": "61",
      "type": "Feature",
      "properties": {
        "LandUsageZoneName": "特定專用區",
        "RevitalizationMethodName": "出租",
        "RevitalizartionMethodName": "出租"
      },
      "geometry": {
        "type": "MultiPolygon",
        "coordinates": [
          [
            [
              [
                121.43424007064439,
                23.623229113393478
              ],
              [
                121.43423120628154,
                23.6233257484771
              ],
              [
                121.43432001347033,
                23.623354485736908
              ],
              [
                121.43456160306637,
                23.62337291652078
              ],
              [
                121.43482887463682,
                23.623446329907654
              ],
              [
                121.43483297047875,
                23.62344641685576
              ],
              [
                121.43475488119297,
                23.623252106684827
              ],
              [
                121.43479152535689,
                23.623122588327583
              ],
              [
                121.43424007064439,
                23.623229113393478
              ]
            ]
          ]
        ]
      }
    },
    {
      "id": "62",
      "type": "Feature",
      "properties": {
        "LandUsageZoneName": "特定專用區",
        "RevitalizationMethodName": "出租",
        "RevitalizartionMethodName": "出租"
      },
      "geometry": {
        "type": "MultiPolygon",
        "coordinates": [
          [
            [
              [
                121.43157540853011,
                23.62807663234164
              ],
              [
                121.43147887587097,
                23.628055398973604
              ],
              [
                121.43137157862076,
                23.628072899168554
              ],
              [
                121.43127211267397,
                23.628106145426074
              ],
              [
                121.43118665816229,
                23.628142220558754
              ],
              [
                121.43113927389716,
                23.628178160965
              ],
              [
                121.43107923431003,
                23.628279178447276
              ],
              [
                121.43106685636211,
                23.628300237011125
              ],
              [
                121.43105348118848,
                23.62833372249951
              ],
              [
                121.43105014090617,
                23.62834473915289
              ],
              [
                121.43104878152285,
                23.628349222632494
              ],
              [
                121.43112759714874,
                23.62844755801221
              ],
              [
                121.43113403440827,
                23.62844431376339
              ],
              [
                121.43115420526533,
                23.628434147001766
              ],
              [
                121.43161864600894,
                23.628192328774414
              ],
              [
                121.43161777473921,
                23.628102013851528
              ],
              [
                121.43157540853011,
                23.62807663234164
              ]
            ]
          ]
        ]
      }
    },
    {
      "id": "63",
      "type": "Feature",
      "properties": {
        "LandUsageZoneName": "河川區",
        "RevitalizationMethodName": "出租",
        "RevitalizartionMethodName": "出租"
      },
      "geometry": {
        "type": "MultiPolygon",
        "coordinates": [
          [
            [
              [
                121.42934846214504,
                23.620646017693797
              ],
              [
                121.42929934149538,
                23.620502999772985
              ],
              [
                121.42911622895474,
                23.62062623268444
              ],
              [
                121.42917608270733,
                23.620838795063626
              ],
              [
                121.42924305432496,
                23.62074628144254
              ],
              [
                121.42930823117713,
                23.620742109963125
              ],
              [
                121.42934846214504,
                23.620646017693797
              ]
            ]
          ]
        ]
      }
    },
    {
      "id": "64",
      "type": "Feature",
      "properties": {
        "LandUsageZoneName": "特定專用區",
        "RevitalizationMethodName": "出租",
        "RevitalizartionMethodName": "出租"
      },
      "geometry": {
        "type": "MultiPolygon",
        "coordinates": [
          [
            [
              [
                121.43223868489693,
                23.62503910464463
              ],
              [
                121.43209462349489,
                23.62477356077972
              ],
              [
                121.43185043006,
                23.62496931315673
              ],
              [
                121.43185048982086,
                23.624970203332825
              ],
              [
                121.43198006215114,
                23.62517215085329
              ],
              [
                121.43223868489693,
                23.62503910464463
              ]
            ]
          ],
          [
            [
              [
                121.43201497020188,
                23.625454185642962
              ],
              [
                121.4320258515486,
                23.625603257889086
              ],
              [
                121.4322406482518,
                23.62552364677565
              ],
              [
                121.4322608594916,
                23.625334809004716
              ],
              [
                121.43201497020188,
                23.625454185642962
              ]
            ]
          ]
        ]
      }
    },
    {
      "id": "65",
      "type": "Feature",
      "properties": {
        "LandUsageZoneName": "特定專用區",
        "RevitalizationMethodName": "出租",
        "RevitalizartionMethodName": "出租"
      },
      "geometry": {
        "type": "MultiPolygon",
        "coordinates": [
          [
            [
              [
                121.4311496517683,
                23.622442944427302
              ],
              [
                121.43083735517283,
                23.622440303682914
              ],
              [
                121.43083097972588,
                23.62245157437672
              ],
              [
                121.43086990794453,
                23.62259350486299
              ],
              [
                121.43093885480855,
                23.622599813096187
              ],
              [
                121.4311496517683,
                23.622442944427302
              ]
            ]
          ]
        ]
      }
    },
    {
      "id": "66",
      "type": "Feature",
      "properties": {
        "LandUsageZoneName": "特定專用區",
        "RevitalizationMethodName": "出租",
        "RevitalizartionMethodName": "出租"
      },
      "geometry": {
        "type": "MultiPolygon",
        "coordinates": [
          [
            [
              [
                121.43121319253564,
                23.622669856744544
              ],
              [
                121.43124716191214,
                23.622388033886644
              ],
              [
                121.43121376564385,
                23.622395230469284
              ],
              [
                121.4311823530636,
                23.622600990539755
              ],
              [
                121.43118125269267,
                23.62260853712985
              ],
              [
                121.43116888608476,
                23.622693385213932
              ],
              [
                121.43116924673218,
                23.622708356597975
              ],
              [
                121.43117033753776,
                23.622753583157937
              ],
              [
                121.43117347038412,
                23.62278553107469
              ],
              [
                121.4311940876128,
                23.622850624118946
              ],
              [
                121.43121153411629,
                23.622890458658738
              ],
              [
                121.43123045547497,
                23.622865592968836
              ],
              [
                121.43121476839552,
                23.62283422624547
              ],
              [
                121.43121051889753,
                23.622803656678173
              ],
              [
                121.43120610459897,
                23.622722437362107
              ],
              [
                121.43120751682748,
                23.62271196062365
              ],
              [
                121.43121319253564,
                23.622669856744544
              ]
            ]
          ]
        ]
      }
    },
    {
      "id": "67",
      "type": "Feature",
      "properties": {
        "LandUsageZoneName": "特定專用區",
        "RevitalizationMethodName": "出租",
        "RevitalizartionMethodName": "出租"
      },
      "geometry": {
        "type": "MultiPolygon",
        "coordinates": [
          [
            [
              [
                121.4312406411114,
                23.622218661136476
              ],
              [
                121.43124082035978,
                23.622215937236945
              ],
              [
                121.43122657421769,
                23.622216376847085
              ],
              [
                121.43122664386443,
                23.622219390816003
              ],
              [
                121.43122798594142,
                23.622277306321873
              ],
              [
                121.43121376956393,
                23.622395230458388
              ],
              [
                121.43122821670006,
                23.62239211745643
              ],
              [
                121.4312406411114,
                23.622218661136476
              ]
            ]
          ]
        ]
      }
    },
    {
      "id": "68",
      "type": "Feature",
      "properties": {
        "LandUsageZoneName": "特定專用區",
        "RevitalizationMethodName": "出租",
        "RevitalizartionMethodName": "出租"
      },
      "geometry": {
        "type": "MultiPolygon",
        "coordinates": [
          [
            [
              [
                121.42975213540633,
                23.62102413143589
              ],
              [
                121.42971570421132,
                23.62106135131383
              ],
              [
                121.42952933670678,
                23.62127838494754
              ],
              [
                121.42952181042897,
                23.621410729170588
              ],
              [
                121.4294267968492,
                23.621549673422503
              ],
              [
                121.4295179415907,
                23.621565325455
              ],
              [
                121.42957260563345,
                23.621474122582853
              ],
              [
                121.42975213540633,
                23.62102413143589
              ]
            ]
          ]
        ]
      }
    },
    {
      "id": "69",
      "type": "Feature",
      "properties": {
        "LandUsageZoneName": "特定專用區",
        "RevitalizationMethodName": "出租",
        "RevitalizartionMethodName": "出租"
      },
      "geometry": {
        "type": "MultiPolygon",
        "coordinates": [
          [
            [
              [
                121.42176490508064,
                23.610475127646907
              ],
              [
                121.42168678522091,
                23.61033719734856
              ],
              [
                121.42152170751694,
                23.610429853245016
              ],
              [
                121.42155883599224,
                23.610588777413284
              ],
              [
                121.42176490508064,
                23.610475127646907
              ]
            ]
          ]
        ]
      }
    },
    {
      "id": "70",
      "type": "Feature",
      "properties": {
        "LandUsageZoneName": "特定專用區",
        "RevitalizationMethodName": "出租",
        "RevitalizartionMethodName": "出租"
      },
      "geometry": {
        "type": "MultiPolygon",
        "coordinates": [
          [
            [
              [
                121.42133908120474,
                23.61044658471305
              ],
              [
                121.42151238810948,
                23.61038994847719
              ],
              [
                121.42152170751694,
                23.610429853245016
              ],
              [
                121.42168678522091,
                23.61033719734856
              ],
              [
                121.42165997858464,
                23.610289866971105
              ],
              [
                121.42180208592164,
                23.61021637331665
              ],
              [
                121.4219092194577,
                23.61039553725326
              ],
              [
                121.4220992130606,
                23.610290757429883
              ],
              [
                121.42199253329281,
                23.609810756948168
              ],
              [
                121.42167776974627,
                23.60997263553145
              ],
              [
                121.42144841628777,
                23.610147318058715
              ],
              [
                121.42139312928266,
                23.610169058551897
              ],
              [
                121.4213335612902,
                23.6103291843313
              ],
              [
                121.42133908120474,
                23.61044658471305
              ]
            ],
            [
              [
                121.42183184689493,
                23.610112977228514
              ],
              [
                121.42178244999761,
                23.61013491225066
              ],
              [
                121.42175160855291,
                23.610076728113587
              ],
              [
                121.42180023024163,
                23.61005416040786
              ],
              [
                121.42183184689493,
                23.610112977228514
              ]
            ],
            [
              [
                121.42197594037712,
                23.610095231127893
              ],
              [
                121.42199550839483,
                23.61013340497698
              ],
              [
                121.42195795518907,
                23.610148355765332
              ],
              [
                121.42193852616158,
                23.610110435272993
              ],
              [
                121.42197594037712,
                23.610095231127893
              ]
            ],
            [
              [
                121.42187777606821,
                23.61020778883239
              ],
              [
                121.4218275977436,
                23.610229295267857
              ],
              [
                121.42179599040638,
                23.610172173328245
              ],
              [
                121.42184777635141,
                23.610150530698572
              ],
              [
                121.42187777606821,
                23.61020778883239
              ]
            ]
          ]
        ]
      }
    },
    {
      "id": "71",
      "type": "Feature",
      "properties": {
        "LandUsageZoneName": "特定專用區",
        "RevitalizationMethodName": "出租",
        "RevitalizartionMethodName": "出租"
      },
      "geometry": {
        "type": "MultiPolygon",
        "coordinates": [
          [
            [
              [
                121.42175160855291,
                23.610076728113587
              ],
              [
                121.42178244999761,
                23.61013491225066
              ],
              [
                121.42183184689493,
                23.610112977228514
              ],
              [
                121.42180023024163,
                23.61005416040786
              ],
              [
                121.42175160855291,
                23.610076728113587
              ]
            ]
          ],
          [
            [
              [
                121.42199550839483,
                23.61013340497698
              ],
              [
                121.42197594037712,
                23.610095231127893
              ],
              [
                121.42193852616158,
                23.610110435272993
              ],
              [
                121.42195795518907,
                23.610148355765332
              ],
              [
                121.42199550839483,
                23.61013340497698
              ]
            ]
          ],
          [
            [
              [
                121.42187777606821,
                23.61020778883239
              ],
              [
                121.42184777635141,
                23.610150530698572
              ],
              [
                121.42179599040638,
                23.610172173328245
              ],
              [
                121.4218275977436,
                23.610229295267857
              ],
              [
                121.42187777606821,
                23.61020778883239
              ]
            ]
          ]
        ]
      }
    },
    {
      "id": "72",
      "type": "Feature",
      "properties": {
        "LandUsageZoneName": "住宅區",
        "RevitalizationMethodName": "出租",
        "RevitalizartionMethodName": "出租"
      },
      "geometry": {
        "type": "MultiPolygon",
        "coordinates": [
          [
            [
              [
                121.42025348687413,
                23.662504005136878
              ],
              [
                121.42023299619129,
                23.66242979052925
              ],
              [
                121.42046155656475,
                23.662373935292806
              ],
              [
                121.4204822235349,
                23.662448059093013
              ],
              [
                121.42025348687413,
                23.662504005136878
              ]
            ]
          ]
        ]
      }
    },
    {
      "id": "73",
      "type": "Feature",
      "properties": {
        "LandUsageZoneName": "住宅區",
        "RevitalizationMethodName": "出租",
        "RevitalizartionMethodName": "出租"
      },
      "geometry": {
        "type": "MultiPolygon",
        "coordinates": [
          [
            [
              [
                121.31375634937498,
                23.328212290606828
              ],
              [
                121.31377163869307,
                23.328198316352427
              ],
              [
                121.31377373291409,
                23.328200660930865
              ],
              [
                121.313938593404,
                23.328385297639098
              ],
              [
                121.3138590020893,
                23.328339917463854
              ],
              [
                121.31375634937498,
                23.328212290606828
              ]
            ]
          ]
        ]
      }
    },
    {
      "id": "74",
      "type": "Feature",
      "properties": {
        "LandUsageZoneName": "住宅區",
        "RevitalizationMethodName": "出租",
        "RevitalizartionMethodName": "出租"
      },
      "geometry": {
        "type": "MultiPolygon",
        "coordinates": [
          [
            [
              [
                121.31418873474027,
                23.328218025249676
              ],
              [
                121.31409506793166,
                23.32825910120123
              ],
              [
                121.3140893368042,
                23.328262899984516
              ],
              [
                121.31393286858986,
                23.32837888588126
              ],
              [
                121.31377373291409,
                23.328200660930865
              ],
              [
                121.3138678119319,
                23.328137722067893
              ],
              [
                121.3139721417419,
                23.3281634010007
              ],
              [
                121.31401202364069,
                23.328173290489083
              ],
              [
                121.31418873474027,
                23.328218025249676
              ]
            ]
          ]
        ]
      }
    },
    {
      "id": "75",
      "type": "Feature",
      "properties": {
        "LandUsageZoneName": "住宅區",
        "RevitalizationMethodName": "出租",
        "RevitalizartionMethodName": "出租"
      },
      "geometry": {
        "type": "MultiPolygon",
        "coordinates": [
          [
            [
              [
                121.31426549950851,
                23.32848600700209
              ],
              [
                121.31427065869954,
                23.328485996653463
              ],
              [
                121.3142335661603,
                23.328505883457154
              ],
              [
                121.3141737859889,
                23.32848619093848
              ],
              [
                121.31417679095368,
                23.328486184912713
              ],
              [
                121.3140710957417,
                23.328451764849643
              ],
              [
                121.31426593751792,
                23.328382039760506
              ],
              [
                121.31429761595325,
                23.328454179518445
              ],
              [
                121.31446410546532,
                23.328365362376886
              ],
              [
                121.31437924040357,
                23.32820986443362
              ],
              [
                121.31438466312491,
                23.328206324524253
              ],
              [
                121.31442665821478,
                23.328278122981384
              ],
              [
                121.31446756634838,
                23.328346760305454
              ],
              [
                121.31447856556451,
                23.328357648596384
              ],
              [
                121.31448619797527,
                23.328365204251963
              ],
              [
                121.31446163841701,
                23.328378286027906
              ],
              [
                121.3143858782846,
                23.328420213886535
              ],
              [
                121.31434503865788,
                23.32844303313872
              ],
              [
                121.31430275379505,
                23.32846587875829
              ],
              [
                121.31429601020986,
                23.32846952245352
              ],
              [
                121.31426549950851,
                23.32848600700209
              ]
            ]
          ]
        ]
      }
    },
    {
      "id": "76",
      "type": "Feature",
      "properties": {
        "LandUsageZoneName": "道路",
        "RevitalizationMethodName": "出租",
        "RevitalizartionMethodName": "出租"
      },
      "geometry": {
        "type": "MultiPolygon",
        "coordinates": [
          [
            [
              [
                121.31433962646588,
                23.32823574790366
              ],
              [
                121.31432602835588,
                23.328244915621095
              ],
              [
                121.31431260988536,
                23.3282539619714
              ],
              [
                121.3143069609279,
                23.32825777053105
              ],
              [
                121.3142346140195,
                23.32830654724828
              ],
              [
                121.31421998686886,
                23.328271090344717
              ],
              [
                121.31420595005224,
                23.328236752008777
              ],
              [
                121.3142443720149,
                23.328211289967427
              ],
              [
                121.31426435770332,
                23.328206354573304
              ],
              [
                121.31426935299766,
                23.328194039911843
              ],
              [
                121.31427864392475,
                23.328187911396746
              ],
              [
                121.31428732658642,
                23.328182184142094
              ],
              [
                121.31430041745985,
                23.32817355023126
              ],
              [
                121.31433962646588,
                23.32823574790366
              ]
            ]
          ]
        ]
      }
    },
    {
      "id": "77",
      "type": "Feature",
      "properties": {
        "LandUsageZoneName": "農業區",
        "RevitalizationMethodName": "出租",
        "RevitalizartionMethodName": "出租"
      },
      "geometry": {
        "type": "MultiPolygon",
        "coordinates": [
          [
            [
              [
                121.61690793903753,
                24.0063102319432
              ],
              [
                121.61710575161115,
                24.006850435804594
              ],
              [
                121.61712618959534,
                24.006905169004526
              ],
              [
                121.61703004466636,
                24.006875702723583
              ],
              [
                121.61700798025649,
                24.00680700243901
              ],
              [
                121.61684943527318,
                24.006310626277344
              ],
              [
                121.61685057335379,
                24.006308542268922
              ],
              [
                121.61681123069428,
                24.006185169125555
              ],
              [
                121.61688663588664,
                24.006264069110763
              ],
              [
                121.6168805256377,
                24.006248072253577
              ],
              [
                121.61689112069797,
                24.006258478229984
              ],
              [
                121.61690911979404,
                24.006308234443107
              ],
              [
                121.61690793903753,
                24.0063102319432
              ]
            ]
          ]
        ]
      }
    },
    {
      "id": "78",
      "type": "Feature",
      "properties": {
        "LandUsageZoneName": "農業區",
        "RevitalizationMethodName": "出租",
        "RevitalizartionMethodName": "出租"
      },
      "geometry": {
        "type": "MultiPolygon",
        "coordinates": [
          [
            [
              [
                121.61688663588664,
                24.006264069110763
              ],
              [
                121.61681123069428,
                24.006185169125555
              ],
              [
                121.61680679538304,
                24.006170631870933
              ],
              [
                121.6168805256377,
                24.006248072253577
              ],
              [
                121.61688663588664,
                24.006264069110763
              ]
            ]
          ]
        ]
      }
    },
    {
      "id": "79",
      "type": "Feature",
      "properties": {
        "LandUsageZoneName": "綠地",
        "RevitalizationMethodName": "出租",
        "RevitalizartionMethodName": "出租"
      },
      "geometry": {
        "type": "MultiPolygon",
        "coordinates": [
          [
            [
              [
                121.6168805256377,
                24.006248072253577
              ],
              [
                121.61680679538304,
                24.006170631870933
              ],
              [
                121.6168059330053,
                24.006169727001335
              ],
              [
                121.61676319944614,
                24.00603356766482
              ],
              [
                121.61674701106445,
                24.005984046129633
              ],
              [
                121.61678168370133,
                24.005977498597208
              ],
              [
                121.6168805256377,
                24.006248072253577
              ]
            ]
          ]
        ]
      }
    },
    {
      "id": "80",
      "type": "Feature",
      "properties": {
        "LandUsageZoneName": "機關",
        "RevitalizationMethodName": "出租",
        "RevitalizartionMethodName": "出租"
      },
      "geometry": {
        "type": "MultiPolygon",
        "coordinates": [
          [
            [
              [
                121.61689112069797,
                24.006258478229984
              ],
              [
                121.6168805256377,
                24.006248072253577
              ],
              [
                121.61678168370133,
                24.005977498597208
              ],
              [
                121.61678242707984,
                24.005977358362212
              ],
              [
                121.6166970034802,
                24.005740709406002
              ],
              [
                121.61670089979401,
                24.005739709547154
              ],
              [
                121.61689112069797,
                24.006258478229984
              ]
            ]
          ]
        ]
      }
    },
    {
      "id": "81",
      "type": "Feature",
      "properties": {
        "LandUsageZoneName": "住宅區",
        "RevitalizationMethodName": "出租",
        "RevitalizartionMethodName": "出租"
      },
      "geometry": {
        "type": "MultiPolygon",
        "coordinates": [
          [
            [
              [
                121.61674701106445,
                24.005984046129633
              ],
              [
                121.61659810775002,
                24.005521168966347
              ],
              [
                121.61655893331245,
                24.005397310192155
              ],
              [
                121.61668647587314,
                24.00574341086069
              ],
              [
                121.6166970034802,
                24.005740709406002
              ],
              [
                121.61678242707984,
                24.005977358362212
              ],
              [
                121.61678168370133,
                24.005977498597208
              ],
              [
                121.61674701106445,
                24.005984046129633
              ]
            ]
          ]
        ]
      }
    },
    {
      "id": "82",
      "type": "Feature",
      "properties": {
        "LandUsageZoneName": "農業區",
        "RevitalizationMethodName": "出租",
        "RevitalizartionMethodName": "出租"
      },
      "geometry": {
        "type": "MultiPolygon",
        "coordinates": [
          [
            [
              [
                121.61171740953381,
                24.007679475900947
              ],
              [
                121.61170495739825,
                24.007688884380066
              ],
              [
                121.61170181221456,
                24.00768516515298
              ],
              [
                121.61169822908468,
                24.007682160079064
              ],
              [
                121.61167355654304,
                24.007653533864108
              ],
              [
                121.61166953307318,
                24.007648865557876
              ],
              [
                121.61166019044393,
                24.007638026234865
              ],
              [
                121.61167414183352,
                24.007628895294573
              ],
              [
                121.61168030726036,
                24.007636103100385
              ],
              [
                121.6116846590372,
                24.007641190858084
              ],
              [
                121.61171740953381,
                24.007679475900947
              ]
            ]
          ]
        ]
      }
    },
    {
      "id": "83",
      "type": "Feature",
      "properties": {
        "LandUsageZoneName": "農業區",
        "RevitalizationMethodName": "出租",
        "RevitalizartionMethodName": "出租"
      },
      "geometry": {
        "type": "MultiPolygon",
        "coordinates": [
          [
            [
              [
                121.61164962989592,
                24.00773068833268
              ],
              [
                121.61164618445582,
                24.007726661503092
              ],
              [
                121.61164057603374,
                24.00773061610735
              ],
              [
                121.61163430415081,
                24.007723136945224
              ],
              [
                121.61160182621735,
                24.007685536115144
              ],
              [
                121.61160435290829,
                24.00768234323324
              ],
              [
                121.61160394868885,
                24.007681875326387
              ],
              [
                121.61160006460122,
                24.00767737440577
              ],
              [
                121.61161401698224,
                24.007668243466924
              ],
              [
                121.61161902396057,
                24.00767428751577
              ],
              [
                121.61162552462393,
                24.007682133255166
              ],
              [
                121.61162401685799,
                24.007685668794178
              ],
              [
                121.61164058544759,
                24.007705582550063
              ],
              [
                121.61164606716093,
                24.00770185418195
              ],
              [
                121.61166111084016,
                24.007720013321563
              ],
              [
                121.61166213003015,
                24.007721243549554
              ],
              [
                121.61164962989592,
                24.00773068833268
              ]
            ]
          ],
          [
            [
              [
                121.6121905750557,
                24.008358025529535
              ],
              [
                121.61220877981725,
                24.008379901055328
              ],
              [
                121.61223198457377,
                24.008407785420033
              ],
              [
                121.61223714667571,
                24.008413987741932
              ],
              [
                121.61223186209716,
                24.008407867172206
              ],
              [
                121.61221515443883,
                24.008388513852093
              ],
              [
                121.6122081007602,
                24.008380344393323
              ],
              [
                121.6121929586159,
                24.008362804206346
              ],
              [
                121.61218946883493,
                24.008358761314355
              ],
              [
                121.61217173630162,
                24.008338222030833
              ],
              [
                121.61216403032822,
                24.00832929581735
              ],
              [
                121.61216572639793,
                24.00832816671187
              ],
              [
                121.6121905750557,
                24.008358025529535
              ]
            ]
          ]
        ]
      }
    },
    {
      "id": "84",
      "type": "Feature",
      "properties": {
        "LandUsageZoneName": "農業區",
        "RevitalizationMethodName": "出租",
        "RevitalizartionMethodName": "出租"
      },
      "geometry": {
        "type": "MultiPolygon",
        "coordinates": [
          [
            [
              [
                121.61170495739825,
                24.007688884380066
              ],
              [
                121.61166213003015,
                24.007721243549554
              ],
              [
                121.61166111084016,
                24.007720013321563
              ],
              [
                121.61164606716093,
                24.00770185418195
              ],
              [
                121.61164058544759,
                24.007705582550063
              ],
              [
                121.61162401685799,
                24.007685668794178
              ],
              [
                121.61162552462393,
                24.007682133255166
              ],
              [
                121.61161902396057,
                24.00767428751577
              ],
              [
                121.61161401698224,
                24.007668243466924
              ],
              [
                121.61166019044393,
                24.007638026234865
              ],
              [
                121.61166953307318,
                24.007648865557876
              ],
              [
                121.61169822908468,
                24.007682160079064
              ],
              [
                121.61170181221456,
                24.00768516515298
              ],
              [
                121.61170495739825,
                24.007688884380066
              ]
            ]
          ]
        ]
      }
    },
    {
      "id": "85",
      "type": "Feature",
      "properties": {
        "LandUsageZoneName": "住宅區",
        "RevitalizationMethodName": "出租",
        "RevitalizartionMethodName": "出租"
      },
      "geometry": {
        "type": "MultiPolygon",
        "coordinates": [
          [
            [
              [
                121.60443844919772,
                24.03467143338649
              ],
              [
                121.60443324627423,
                24.03468355485197
              ],
              [
                121.60442591872308,
                24.034671482835726
              ],
              [
                121.604424839136,
                24.034670403592152
              ],
              [
                121.60438361547386,
                24.034602115905283
              ],
              [
                121.60446738879538,
                24.03459911176762
              ],
              [
                121.6044377717073,
                24.034670355264947
              ],
              [
                121.60443844919772,
                24.03467143338649
              ]
            ]
          ]
        ]
      }
    },
    {
      "id": "86",
      "type": "Feature",
      "properties": {
        "LandUsageZoneName": "住宅區",
        "RevitalizationMethodName": "出租",
        "RevitalizartionMethodName": "出租"
      },
      "geometry": {
        "type": "MultiPolygon",
        "coordinates": [
          [
            [
              [
                121.60462977892449,
                24.034916168587973
              ],
              [
                121.6046195168966,
                24.034950342178753
              ],
              [
                121.60461146677692,
                24.034977144628535
              ],
              [
                121.6045743295681,
                24.034915970322913
              ],
              [
                121.60462977892449,
                24.034916168587973
              ]
            ]
          ]
        ]
      }
    },
    {
      "id": "87",
      "type": "Feature",
      "properties": {
        "LandUsageZoneName": "住宅區",
        "RevitalizationMethodName": "出租",
        "RevitalizartionMethodName": "出租"
      },
      "geometry": {
        "type": "MultiPolygon",
        "coordinates": [
          [
            [
              [
                121.60474171987676,
                24.035182280324268
              ],
              [
                121.60466640276867,
                24.035065521351957
              ],
              [
                121.60469333523822,
                24.034975858013308
              ],
              [
                121.60477863009723,
                24.035153978834135
              ],
              [
                121.60477475971253,
                24.035156946664713
              ],
              [
                121.60474171987676,
                24.035182280324268
              ]
            ]
          ]
        ]
      }
    },
    {
      "id": "88",
      "type": "Feature",
      "properties": {
        "LandUsageZoneName": "住宅區",
        "RevitalizationMethodName": "出租",
        "RevitalizartionMethodName": "出租"
      },
      "geometry": {
        "type": "MultiPolygon",
        "coordinates": [
          [
            [
              [
                121.60528243738905,
                24.033077010992795
              ],
              [
                121.60525616854845,
                24.03307039887721
              ],
              [
                121.60525677464199,
                24.033068408252326
              ],
              [
                121.60528243738905,
                24.033077010992795
              ]
            ]
          ]
        ]
      }
    },
    {
      "id": "89",
      "type": "Feature",
      "properties": {
        "LandUsageZoneName": "道路",
        "RevitalizationMethodName": "出租",
        "RevitalizartionMethodName": "出租"
      },
      "geometry": {
        "type": "MultiPolygon",
        "coordinates": [
          [
            [
              [
                121.60487994655676,
                24.03415337555434
              ],
              [
                121.60486045295015,
                24.034217504774663
              ],
              [
                121.60486039001748,
                24.034217711791854
              ],
              [
                121.60471477305352,
                24.034222882634918
              ],
              [
                121.60471453533776,
                24.034219143679003
              ],
              [
                121.6048589638031,
                24.03421629983975
              ],
              [
                121.60487783235443,
                24.034152843054628
              ],
              [
                121.60487994655676,
                24.03415337555434
              ]
            ]
          ]
        ]
      }
    },
    {
      "id": "90",
      "type": "Feature",
      "properties": {
        "LandUsageZoneName": "道路",
        "RevitalizationMethodName": "出租",
        "RevitalizartionMethodName": "出租"
      },
      "geometry": {
        "type": "MultiPolygon",
        "coordinates": [
          [
            [
              [
                121.60471477305352,
                24.034222882634918
              ],
              [
                121.60471478789859,
                24.03422311372383
              ],
              [
                121.60458136014172,
                24.03422927015879
              ],
              [
                121.60458154832138,
                24.03422872676111
              ],
              [
                121.6045826929386,
                24.03422542568222
              ],
              [
                121.60459945029444,
                24.03422465435541
              ],
              [
                121.60471453533776,
                24.034219143679003
              ],
              [
                121.60471477305352,
                24.034222882634918
              ]
            ]
          ]
        ]
      }
    },
    {
      "id": "91",
      "type": "Feature",
      "properties": {
        "LandUsageZoneName": "道路",
        "RevitalizationMethodName": "出租",
        "RevitalizartionMethodName": "出租"
      },
      "geometry": {
        "type": "MultiPolygon",
        "coordinates": [
          [
            [
              [
                121.60418727981605,
                24.034237781275927
              ],
              [
                121.60418684367008,
                24.03423869765435
              ],
              [
                121.60418521592084,
                24.03424211982167
              ],
              [
                121.60392813217011,
                24.034250396800587
              ],
              [
                121.60391616358307,
                24.03424613525751
              ],
              [
                121.6039154063141,
                24.034245865561484
              ],
              [
                121.60418764684259,
                24.03423701054028
              ],
              [
                121.60418727981605,
                24.034237781275927
              ]
            ]
          ]
        ]
      }
    },
    {
      "id": "92",
      "type": "Feature",
      "properties": {
        "LandUsageZoneName": "鄉村區",
        "RevitalizationMethodName": "出租",
        "RevitalizartionMethodName": "出租"
      },
      "geometry": {
        "type": "MultiPolygon",
        "coordinates": [
          [
            [
              [
                121.60880516151485,
                24.048743585033954
              ],
              [
                121.60881212795206,
                24.048762009359134
              ],
              [
                121.6086304481571,
                24.04880409349366
              ],
              [
                121.60861562388546,
                24.048777535312222
              ],
              [
                121.60876517818312,
                24.048738395142113
              ],
              [
                121.60879977515081,
                24.04872934035205
              ],
              [
                121.60880516151485,
                24.048743585033954
              ]
            ]
          ],
          [
            [
              [
                121.60858946526672,
                24.04881358626489
              ],
              [
                121.60856360837053,
                24.048819576073708
              ],
              [
                121.60855439197934,
                24.04879355991815
              ],
              [
                121.6085760844592,
                24.04878788282212
              ],
              [
                121.60858946526672,
                24.04881358626489
              ]
            ]
          ]
        ]
      }
    },
    {
      "id": "93",
      "type": "Feature",
      "properties": {
        "LandUsageZoneName": "鄉村區",
        "RevitalizationMethodName": "出租",
        "RevitalizartionMethodName": "出租"
      },
      "geometry": {
        "type": "MultiPolygon",
        "coordinates": [
          [
            [
              [
                121.60882404964083,
                24.048793536082552
              ],
              [
                121.60864639697975,
                24.048834977596556
              ],
              [
                121.60863649090288,
                24.048814918028246
              ],
              [
                121.6086304481571,
                24.04880409349366
              ],
              [
                121.60881212795206,
                24.048762009359134
              ],
              [
                121.60882404964083,
                24.048793536082552
              ]
            ]
          ],
          [
            [
              [
                121.6086055587727,
                24.04884450410787
              ],
              [
                121.60857496817286,
                24.04885164048099
              ],
              [
                121.60856360837053,
                24.048819576073708
              ],
              [
                121.60858946526672,
                24.04881358626489
              ],
              [
                121.6086055587727,
                24.04884450410787
              ]
            ]
          ]
        ]
      }
    },
    {
      "id": "94",
      "type": "Feature",
      "properties": {
        "LandUsageZoneName": "鄉村區",
        "RevitalizationMethodName": "出租",
        "RevitalizartionMethodName": "出租"
      },
      "geometry": {
        "type": "MultiPolygon",
        "coordinates": [
          [
            [
              [
                121.60883663642271,
                24.04882682265538
              ],
              [
                121.6086615698732,
                24.048873123338637
              ],
              [
                121.60865504532343,
                24.04885249142164
              ],
              [
                121.60864639697975,
                24.048834977596556
              ],
              [
                121.60882404964083,
                24.048793536082552
              ],
              [
                121.60883663642271,
                24.04882682265538
              ]
            ]
          ],
          [
            [
              [
                121.60860981035336,
                24.048852671253446
              ],
              [
                121.60862082210531,
                24.04888390003577
              ],
              [
                121.60858934532021,
                24.048892224562987
              ],
              [
                121.60857496817286,
                24.04885164048099
              ],
              [
                121.6086055587727,
                24.04884450410787
              ],
              [
                121.60860981035336,
                24.048852671253446
              ]
            ]
          ]
        ]
      }
    },
    {
      "id": "95",
      "type": "Feature",
      "properties": {
        "LandUsageZoneName": "鄉村區",
        "RevitalizationMethodName": "出租",
        "RevitalizartionMethodName": "出租"
      },
      "geometry": {
        "type": "MultiPolygon",
        "coordinates": [
          [
            [
              [
                121.60884102168389,
                24.0488977375342
              ],
              [
                121.60868402658913,
                24.048945293664364
              ],
              [
                121.6086722644887,
                24.048906945654792
              ],
              [
                121.6086615698732,
                24.048873123338637
              ],
              [
                121.60883663642271,
                24.04882682265538
              ],
              [
                121.60884102168389,
                24.0488977375342
              ]
            ]
          ],
          [
            [
              [
                121.60863380899806,
                24.048920728987344
              ],
              [
                121.6086448767158,
                24.048957152933973
              ],
              [
                121.60861549883968,
                24.048966051504305
              ],
              [
                121.60858934532021,
                24.048892224562987
              ],
              [
                121.60862082210531,
                24.04888390003577
              ],
              [
                121.60863380899806,
                24.048920728987344
              ]
            ]
          ]
        ]
      }
    },
    {
      "id": "96",
      "type": "Feature",
      "properties": {
        "LandUsageZoneName": "鄉村區",
        "RevitalizationMethodName": "出租",
        "RevitalizartionMethodName": "出租"
      },
      "geometry": {
        "type": "MultiPolygon",
        "coordinates": [
          [
            [
              [
                121.6090854599356,
                24.048851630186533
              ],
              [
                121.60869100457032,
                24.048968044730834
              ],
              [
                121.60868402658913,
                24.048945293664364
              ],
              [
                121.60884102168389,
                24.0488977375342
              ],
              [
                121.60883663642271,
                24.04882682265538
              ],
              [
                121.60882404964083,
                24.048793536082552
              ],
              [
                121.60881212795206,
                24.048762009359134
              ],
              [
                121.60880516151485,
                24.048743585033954
              ],
              [
                121.6090166215341,
                24.04866101367999
              ],
              [
                121.6090854599356,
                24.048851630186533
              ]
            ]
          ],
          [
            [
              [
                121.60865171088408,
                24.04897964092204
              ],
              [
                121.60862328530605,
                24.04898803007395
              ],
              [
                121.60861549883968,
                24.048966051504305
              ],
              [
                121.6086448767158,
                24.048957152933973
              ],
              [
                121.60865171088408,
                24.04897964092204
              ]
            ]
          ]
        ]
      }
    },
    {
      "id": "97",
      "type": "Feature",
      "properties": {
        "LandUsageZoneName": "一般農業區",
        "RevitalizationMethodName": "出租",
        "RevitalizartionMethodName": "出租"
      },
      "geometry": {
        "type": "MultiPolygon",
        "coordinates": [
          [
            [
              [
                121.6069767404776,
                24.04252821695705
              ],
              [
                121.60712039309834,
                24.04260746547854
              ],
              [
                121.60716833484443,
                24.04263391329659
              ],
              [
                121.60741204594251,
                24.042653182960088
              ],
              [
                121.60739359487343,
                24.042685809076833
              ],
              [
                121.60727399340487,
                24.042794979505896
              ],
              [
                121.60721346930643,
                24.042797879523647
              ],
              [
                121.60718753159027,
                24.042922992370045
              ],
              [
                121.60727356653052,
                24.04296597503163
              ],
              [
                121.60737019747326,
                24.04293397156189
              ],
              [
                121.60750822847719,
                24.042820194387918
              ],
              [
                121.60756846987007,
                24.042704954238097
              ],
              [
                121.60755413123263,
                24.042564491705466
              ],
              [
                121.60748677112332,
                24.042507579823067
              ],
              [
                121.60735578564949,
                24.042472469342375
              ],
              [
                121.60722580507776,
                24.042490897843066
              ],
              [
                121.60717414467747,
                24.042471275502958
              ],
              [
                121.60716041085847,
                24.042466058720027
              ],
              [
                121.60708233047565,
                24.04247585977808
              ],
              [
                121.6069767404776,
                24.04252821695705
              ]
            ]
          ]
        ]
      }
    },
    {
      "id": "98",
      "type": "Feature",
      "properties": {
        "LandUsageZoneName": "兒童遊樂場",
        "RevitalizationMethodName": "出租",
        "RevitalizartionMethodName": "出租"
      },
      "geometry": {
        "type": "MultiPolygon",
        "coordinates": [
          [
            [
              [
                121.60525660172243,
                24.04024942069892
              ],
              [
                121.60518779835179,
                24.039987029809744
              ],
              [
                121.60517568370061,
                24.03998570976261
              ],
              [
                121.6051634842812,
                24.039985812147286
              ],
              [
                121.60515139769407,
                24.039987334377074
              ],
              [
                121.60513961848449,
                24.03999025130442
              ],
              [
                121.60512833815122,
                24.03999451702672
              ],
              [
                121.60511773726863,
                24.040000062208716
              ],
              [
                121.60510798746564,
                24.040006796783334
              ],
              [
                121.60509924652298,
                24.040014612679943
              ],
              [
                121.60519440141849,
                24.040382606027453
              ],
              [
                121.60527064405883,
                24.040568733126232
              ],
              [
                121.60534128496019,
                24.04057236895775
              ],
              [
                121.60527689281973,
                24.040326801936196
              ],
              [
                121.60525660172243,
                24.04024942069892
              ]
            ]
          ]
        ]
      }
    },
    {
      "id": "99",
      "type": "Feature",
      "properties": {
        "LandUsageZoneName": "道路",
        "RevitalizationMethodName": "出租",
        "RevitalizartionMethodName": "出租"
      },
      "geometry": {
        "type": "MultiPolygon",
        "coordinates": [
          [
            [
              [
                121.60524215030851,
                24.040567266540123
              ],
              [
                121.60527064405883,
                24.040568733126232
              ],
              [
                121.60519440141849,
                24.040382606027453
              ],
              [
                121.6052056860408,
                24.04042624917475
              ],
              [
                121.60524215030851,
                24.040567266540123
              ]
            ]
          ]
        ]
      }
    },
    {
      "id": "100",
      "type": "Feature",
      "properties": {
        "LandUsageZoneName": "道路",
        "RevitalizationMethodName": "出租",
        "RevitalizartionMethodName": "出租"
      },
      "geometry": {
        "type": "MultiPolygon",
        "coordinates": [
          [
            [
              [
                121.60518437881228,
                24.03997398891715
              ],
              [
                121.60507526163674,
                24.039921855749732
              ],
              [
                121.60509924652298,
                24.040014612679943
              ],
              [
                121.60510798746564,
                24.040006796783334
              ],
              [
                121.60511773726863,
                24.040000062208716
              ],
              [
                121.60512833815122,
                24.03999451702672
              ],
              [
                121.60513961848449,
                24.03999025130442
              ],
              [
                121.60515139769407,
                24.039987334377074
              ],
              [
                121.6051634842812,
                24.039985812147286
              ],
              [
                121.60517568370061,
                24.03998570976261
              ],
              [
                121.60518779835179,
                24.039987029809744
              ],
              [
                121.60518437881228,
                24.03997398891715
              ]
            ]
          ]
        ]
      }
    },
    {
      "id": "101",
      "type": "Feature",
      "properties": {
        "LandUsageZoneName": "農業區",
        "RevitalizationMethodName": "出租",
        "RevitalizartionMethodName": "出租"
      },
      "geometry": {
        "type": "MultiPolygon",
        "coordinates": [
          [
            [
              [
                121.60455009335449,
                24.037801762215135
              ],
              [
                121.60458956597073,
                24.0378130707625
              ],
              [
                121.60456980321867,
                24.037743368447135
              ],
              [
                121.60455009335449,
                24.037801762215135
              ]
            ]
          ]
        ]
      }
    },
    {
      "id": "102",
      "type": "Feature",
      "properties": {
        "LandUsageZoneName": "一般農業區",
        "RevitalizationMethodName": "出租",
        "RevitalizartionMethodName": "出租"
      },
      "geometry": {
        "type": "MultiPolygon",
        "coordinates": [
          [
            [
              [
                121.61722550586848,
                24.093190430306137
              ],
              [
                121.61726459753334,
                24.09309729515081
              ],
              [
                121.6173422534891,
                24.092913482858844
              ],
              [
                121.61735347726437,
                24.092915839282508
              ],
              [
                121.61748870004521,
                24.09292080998092
              ],
              [
                121.61754706975373,
                24.092706548037242
              ],
              [
                121.61758963338535,
                24.092726149871595
              ],
              [
                121.61781564872632,
                24.092838046487714
              ],
              [
                121.61783140825749,
                24.092844835901452
              ],
              [
                121.6179042145529,
                24.09277181213199
              ],
              [
                121.61803930865283,
                24.092905817964283
              ],
              [
                121.61801413721432,
                24.092944284431994
              ],
              [
                121.61789057007194,
                24.093113763790416
              ],
              [
                121.61786390787083,
                24.093151080531893
              ],
              [
                121.61784212366163,
                24.093241637601785
              ],
              [
                121.61783495558761,
                24.093374970629817
              ],
              [
                121.61783248500018,
                24.093389554509713
              ],
              [
                121.61722550586848,
                24.093190430306137
              ]
            ]
          ]
        ]
      }
    },
    {
      "id": "103",
      "type": "Feature",
      "properties": {
        "LandUsageZoneName": "一般農業區",
        "RevitalizationMethodName": "出租",
        "RevitalizartionMethodName": "出租"
      },
      "geometry": {
        "type": "MultiPolygon",
        "coordinates": [
          [
            [
              [
                121.61787235973847,
                24.093186603032983
              ],
              [
                121.61786390787083,
                24.093151080531893
              ],
              [
                121.61789057007194,
                24.093113763790416
              ],
              [
                121.61801413721432,
                24.092944284431994
              ],
              [
                121.61803930865283,
                24.092905817964283
              ],
              [
                121.61811268505937,
                24.092988553072367
              ],
              [
                121.61805811663653,
                24.09306011272713
              ],
              [
                121.61792728543658,
                24.09312593111292
              ],
              [
                121.61787235973847,
                24.093186603032983
              ]
            ]
          ]
        ]
      }
    },
    {
      "id": "104",
      "type": "Feature",
      "properties": {
        "LandUsageZoneName": "一般農業區",
        "RevitalizationMethodName": "出租",
        "RevitalizartionMethodName": "出租"
      },
      "geometry": {
        "type": "MultiPolygon",
        "coordinates": [
          [
            [
              [
                121.61479399543144,
                24.08895677045929
              ],
              [
                121.61467051294875,
                24.08885544546766
              ],
              [
                121.61460836460421,
                24.088725594630123
              ],
              [
                121.61458002653487,
                24.088665186309154
              ],
              [
                121.61485929019294,
                24.088896735106445
              ],
              [
                121.61479399543144,
                24.08895677045929
              ]
            ]
          ]
        ]
      }
    },
    {
      "id": "105",
      "type": "Feature",
      "properties": {
        "LandUsageZoneName": "一般農業區",
        "RevitalizationMethodName": "出租",
        "RevitalizartionMethodName": "出租"
      },
      "geometry": {
        "type": "MultiPolygon",
        "coordinates": [
          [
            [
              [
                121.6113933130664,
                24.085733186611673
              ],
              [
                121.61137661728576,
                24.085702929925823
              ],
              [
                121.61123418275946,
                24.085287211165294
              ],
              [
                121.61067869749017,
                24.08366306938479
              ],
              [
                121.61071622011873,
                24.08367528675106
              ],
              [
                121.61083368354016,
                24.084054312156468
              ],
              [
                121.61102714113328,
                24.084600217261645
              ],
              [
                121.61114391428009,
                24.08492972934694
              ],
              [
                121.6111515732267,
                24.08496032555819
              ],
              [
                121.61125081803907,
                24.08522385045234
              ],
              [
                121.61127190576964,
                24.08528433358221
              ],
              [
                121.61130232422343,
                24.085369140008684
              ],
              [
                121.61141517780007,
                24.085594615782316
              ],
              [
                121.61159099455557,
                24.08591734524731
              ],
              [
                121.61149503423124,
                24.08581030400852
              ],
              [
                121.61146197452406,
                24.085783059876782
              ],
              [
                121.6113933130664,
                24.085733186611673
              ]
            ]
          ]
        ]
      }
    },
    {
      "id": "106",
      "type": "Feature",
      "properties": {
        "LandUsageZoneName": "一般農業區",
        "RevitalizationMethodName": "出租",
        "RevitalizartionMethodName": "出租"
      },
      "geometry": {
        "type": "MultiPolygon",
        "coordinates": [
          [
            [
              [
                121.61109292258483,
                24.080451237946775
              ],
              [
                121.611097395888,
                24.08034305099391
              ],
              [
                121.6111403062437,
                24.080331060395924
              ],
              [
                121.61109292258483,
                24.080451237946775
              ]
            ]
          ]
        ]
      }
    },
    {
      "id": "107",
      "type": "Feature",
      "properties": {
        "LandUsageZoneName": "一般農業區",
        "RevitalizationMethodName": "出租",
        "RevitalizartionMethodName": "出租"
      },
      "geometry": {
        "type": "MultiPolygon",
        "coordinates": [
          [
            [
              [
                121.61035136715121,
                24.062208535247127
              ],
              [
                121.61039753999952,
                24.062085103042197
              ],
              [
                121.61039935765625,
                24.062093104657652
              ],
              [
                121.61040281831204,
                24.06214285958757
              ],
              [
                121.61035136715121,
                24.062208535247127
              ]
            ]
          ]
        ]
      }
    },
    {
      "id": "108",
      "type": "Feature",
      "properties": {
        "LandUsageZoneName": "一般農業區",
        "RevitalizationMethodName": "出租",
        "RevitalizartionMethodName": "出租"
      },
      "geometry": {
        "type": "MultiPolygon",
        "coordinates": [
          [
            [
              [
                121.60554777973691,
                24.052910167284793
              ],
              [
                121.60566588696248,
                24.053681234106055
              ],
              [
                121.60567453495733,
                24.05373514831037
              ],
              [
                121.60563881930172,
                24.053758422373672
              ],
              [
                121.60563243663199,
                24.053718945885834
              ],
              [
                121.60549147579623,
                24.052880142262005
              ],
              [
                121.60554777973691,
                24.052910167284793
              ]
            ]
          ],
          [
            [
              [
                121.60607888826631,
                24.056302386604255
              ],
              [
                121.60612711609444,
                24.056626124397205
              ],
              [
                121.60614987864852,
                24.0567788981311
              ],
              [
                121.60627768034047,
                24.05763609096135
              ],
              [
                121.60626149047397,
                24.05764862798808
              ],
              [
                121.6062593419693,
                24.057633969513926
              ],
              [
                121.60604696961238,
                24.056289482089134
              ],
              [
                121.60607888826631,
                24.056302386604255
              ]
            ]
          ],
          [
            [
              [
                121.60577758874219,
                24.05439865667167
              ],
              [
                121.60588052751834,
                24.055054597994296
              ],
              [
                121.60588428335247,
                24.05507758946278
              ],
              [
                121.60588744300841,
                24.05509297169735
              ],
              [
                121.60585373651492,
                24.05507805709421
              ],
              [
                121.60585349245807,
                24.055076546576505
              ],
              [
                121.60574253791279,
                24.054392872244012
              ],
              [
                121.60574193895333,
                24.054389277391007
              ],
              [
                121.60577758874219,
                24.05439865667167
              ]
            ]
          ],
          [
            [
              [
                121.60574102880028,
                24.054153009152135
              ],
              [
                121.6057679419718,
                24.054336637329822
              ],
              [
                121.60573105967894,
                24.054324008809193
              ],
              [
                121.60573069040693,
                24.05432179631677
              ],
              [
                121.6056541607476,
                24.053853084949804
              ],
              [
                121.60569116967746,
                24.053839088660894
              ],
              [
                121.60574102880028,
                24.054153009152135
              ]
            ]
          ]
        ]
      }
    },
    {
      "id": "109",
      "type": "Feature",
      "properties": {
        "LandUsageZoneName": "一般農業區",
        "RevitalizationMethodName": "出租",
        "RevitalizartionMethodName": "出租"
      },
      "geometry": {
        "type": "MultiPolygon",
        "coordinates": [
          [
            [
              [
                121.60970628539776,
                24.05399232091708
              ],
              [
                121.60968761630713,
                24.053934653729588
              ],
              [
                121.60970675284803,
                24.053901855791338
              ],
              [
                121.60974175399711,
                24.0537888788221
              ],
              [
                121.60975934671528,
                24.05384140366424
              ],
              [
                121.60970628539776,
                24.05399232091708
              ]
            ]
          ]
        ]
      }
    },
    {
      "id": "110",
      "type": "Feature",
      "properties": {
        "LandUsageZoneName": "住宅區",
        "RevitalizationMethodName": "出租",
        "RevitalizartionMethodName": "出租"
      },
      "geometry": {
        "type": "MultiPolygon",
        "coordinates": [
          [
            [
              [
                121.58897469520291,
                23.97491806642686
              ],
              [
                121.58897441234551,
                23.974921989834385
              ],
              [
                121.58897346401439,
                23.97493516088205
              ],
              [
                121.58898588809987,
                23.974935671205436
              ],
              [
                121.58898978928468,
                23.974935895507656
              ],
              [
                121.58898877980701,
                23.974953772853937
              ],
              [
                121.58898489933094,
                23.97495356472493
              ],
              [
                121.588979659511,
                23.97495328416143
              ],
              [
                121.58890855868685,
                23.974947514648214
              ],
              [
                121.58890868355006,
                23.974946232010407
              ],
              [
                121.58890874552318,
                23.974945597916683
              ],
              [
                121.58890888728183,
                23.974944140948793
              ],
              [
                121.58890930792363,
                23.97493983146208
              ],
              [
                121.58891112932582,
                23.9749211419761
              ],
              [
                121.5889113349489,
                23.974919034654526
              ],
              [
                121.58891159219984,
                23.974916395309837
              ],
              [
                121.58891173209983,
                23.97491496182522
              ],
              [
                121.58897469520291,
                23.97491806642686
              ]
            ]
          ]
        ]
      }
    },
    {
      "id": "111",
      "type": "Feature",
      "properties": {
        "LandUsageZoneName": "住宅區",
        "RevitalizationMethodName": "出租",
        "RevitalizartionMethodName": "出租"
      },
      "geometry": {
        "type": "MultiPolygon",
        "coordinates": [
          [
            [
              [
                121.5893876171305,
                23.97470934466738
              ],
              [
                121.58943649163221,
                23.974711545185475
              ],
              [
                121.58943097729347,
                23.974715719838397
              ],
              [
                121.58939356469739,
                23.97473711215933
              ],
              [
                121.58938472323534,
                23.974740023751654
              ],
              [
                121.5893836733651,
                23.974740369091048
              ],
              [
                121.58938580081303,
                23.974709263156594
              ],
              [
                121.5893876171305,
                23.97470934466738
              ]
            ]
          ]
        ]
      }
    },
    {
      "id": "112",
      "type": "Feature",
      "properties": {
        "LandUsageZoneName": "商業區",
        "RevitalizationMethodName": "出租",
        "RevitalizartionMethodName": "出租"
      },
      "geometry": {
        "type": "MultiPolygon",
        "coordinates": [
          [
            [
              [
                121.58934128172008,
                23.974693730407278
              ],
              [
                121.58934040267518,
                23.974707219021774
              ],
              [
                121.58933946208118,
                23.974707176584804
              ],
              [
                121.58923240836789,
                23.974702569215186
              ],
              [
                121.58923015076815,
                23.974702472241365
              ],
              [
                121.58923105887129,
                23.974689104508183
              ],
              [
                121.58923328009676,
                23.974689198009948
              ],
              [
                121.58934128172008,
                23.974693730407278
              ]
            ]
          ]
        ]
      }
    },
    {
      "id": "113",
      "type": "Feature",
      "properties": {
        "LandUsageZoneName": "商業區",
        "RevitalizationMethodName": "出租",
        "RevitalizartionMethodName": "出租"
      },
      "geometry": {
        "type": "MultiPolygon",
        "coordinates": [
          [
            [
              [
                121.5894269285973,
                23.97469732557919
              ],
              [
                121.58944365068096,
                23.97469802703024
              ],
              [
                121.58944202314683,
                23.97471179391347
              ],
              [
                121.58943649163221,
                23.974711545185475
              ],
              [
                121.58941580643744,
                23.97471061426257
              ],
              [
                121.5894269285973,
                23.97469732557919
              ]
            ]
          ]
        ]
      }
    },
    {
      "id": "114",
      "type": "Feature",
      "properties": {
        "LandUsageZoneName": "商業區",
        "RevitalizationMethodName": "出租",
        "RevitalizartionMethodName": "出租"
      },
      "geometry": {
        "type": "MultiPolygon",
        "coordinates": [
          [
            [
              [
                121.5894269285973,
                23.97469732557919
              ],
              [
                121.58941580643744,
                23.97471061426257
              ],
              [
                121.58934040267518,
                23.974707219021774
              ],
              [
                121.58934128172008,
                23.974693730407278
              ],
              [
                121.5894269285973,
                23.97469732557919
              ]
            ]
          ]
        ]
      }
    },
    {
      "id": "115",
      "type": "Feature",
      "properties": {
        "LandUsageZoneName": "商業區",
        "RevitalizationMethodName": "出租",
        "RevitalizartionMethodName": "出租"
      },
      "geometry": {
        "type": "MultiPolygon",
        "coordinates": [
          [
            [
              [
                121.58944620080771,
                23.974674298203762
              ],
              [
                121.5894269285973,
                23.97469732557919
              ],
              [
                121.58896508498015,
                23.97467794145563
              ],
              [
                121.5888964292574,
                23.974669816741034
              ],
              [
                121.58891810685923,
                23.974449143564165
              ],
              [
                121.58946705148522,
                23.97448028439873
              ],
              [
                121.58944620080771,
                23.974674298203762
              ]
            ]
          ]
        ]
      }
    },
    {
      "id": "116",
      "type": "Feature",
      "properties": {
        "LandUsageZoneName": "商業區",
        "RevitalizationMethodName": "出租",
        "RevitalizartionMethodName": "出租"
      },
      "geometry": {
        "type": "MultiPolygon",
        "coordinates": [
          [
            [
              [
                121.58944620080771,
                23.974674298203762
              ],
              [
                121.58944365068096,
                23.97469802703024
              ],
              [
                121.5894269285973,
                23.97469732557919
              ],
              [
                121.58944620080771,
                23.974674298203762
              ]
            ]
          ]
        ]
      }
    },
    {
      "id": "117",
      "type": "Feature",
      "properties": {
        "LandUsageZoneName": "商業區",
        "RevitalizationMethodName": "出租",
        "RevitalizartionMethodName": "出租"
      },
      "geometry": {
        "type": "MultiPolygon",
        "coordinates": [
          [
            [
              [
                121.58904505809676,
                23.97442824559976
              ],
              [
                121.58874823060141,
                23.974398522610816
              ],
              [
                121.58874820271917,
                23.974329674404977
              ],
              [
                121.58874741704076,
                23.974297334513363
              ],
              [
                121.58886707584136,
                23.974299773780082
              ],
              [
                121.58886993761867,
                23.97427000226864
              ],
              [
                121.58899385547947,
                23.974277689167113
              ],
              [
                121.5889924787979,
                23.974294768832387
              ],
              [
                121.58900311739254,
                23.974296154625872
              ],
              [
                121.58903017276295,
                23.9742989672363
              ],
              [
                121.58903003761932,
                23.974310308539113
              ],
              [
                121.58905458616559,
                23.974312886976822
              ],
              [
                121.58904505809676,
                23.97442824559976
              ]
            ]
          ]
        ]
      }
    },
    {
      "id": "118",
      "type": "Feature",
      "properties": {
        "LandUsageZoneName": "商業區",
        "RevitalizationMethodName": "出租",
        "RevitalizartionMethodName": "出租"
      },
      "geometry": {
        "type": "MultiPolygon",
        "coordinates": [
          [
            [
              [
                121.58899474807589,
                23.974266525542653
              ],
              [
                121.58899385547947,
                23.974277689167113
              ],
              [
                121.58886993761867,
                23.97427000226864
              ],
              [
                121.58887112897412,
                23.974257546310252
              ],
              [
                121.58893372555428,
                23.974262236077404
              ],
              [
                121.58899474807589,
                23.974266525542653
              ]
            ]
          ]
        ]
      }
    },
    {
      "id": "119",
      "type": "Feature",
      "properties": {
        "LandUsageZoneName": "商業區",
        "RevitalizationMethodName": "出租",
        "RevitalizartionMethodName": "出租"
      },
      "geometry": {
        "type": "MultiPolygon",
        "coordinates": [
          [
            [
              [
                121.58874832260679,
                23.974411201182466
              ],
              [
                121.58874823060141,
                23.974398522610816
              ],
              [
                121.58904505809676,
                23.97442824559976
              ],
              [
                121.58874832260679,
                23.974411201182466
              ]
            ]
          ]
        ]
      }
    },
    {
      "id": "120",
      "type": "Feature",
      "properties": {
        "LandUsageZoneName": "商業區",
        "RevitalizationMethodName": "出租",
        "RevitalizartionMethodName": "出租"
      },
      "geometry": {
        "type": "MultiPolygon",
        "coordinates": [
          [
            [
              [
                121.5887408231901,
                23.974461629628316
              ],
              [
                121.58873785856204,
                23.974490399280906
              ],
              [
                121.58858136850706,
                23.97447730758022
              ],
              [
                121.5885878377279,
                23.974413804170453
              ],
              [
                121.58860126551357,
                23.974399275107213
              ],
              [
                121.58868213753209,
                23.97440547861275
              ],
              [
                121.58871093872938,
                23.97440712973598
              ],
              [
                121.58874177609049,
                23.974441890660177
              ],
              [
                121.5887408231901,
                23.974461629628316
              ]
            ]
          ]
        ]
      }
    },
    {
      "id": "121",
      "type": "Feature",
      "properties": {
        "LandUsageZoneName": "商業區",
        "RevitalizationMethodName": "出租",
        "RevitalizartionMethodName": "出租"
      },
      "geometry": {
        "type": "MultiPolygon",
        "coordinates": [
          [
            [
              [
                121.58891810685923,
                23.974449143564165
              ],
              [
                121.5888964292574,
                23.974669816741034
              ],
              [
                121.58875974335555,
                23.97465455352603
              ],
              [
                121.58875836988864,
                23.974654399880254
              ],
              [
                121.58875473123884,
                23.974653993978997
              ],
              [
                121.58876515732588,
                23.97444145513179
              ],
              [
                121.58891810685923,
                23.974449143564165
              ]
            ]
          ]
        ]
      }
    },
    {
      "id": "122",
      "type": "Feature",
      "properties": {
        "LandUsageZoneName": "商業區",
        "RevitalizationMethodName": "出租",
        "RevitalizartionMethodName": "出租"
      },
      "geometry": {
        "type": "MultiPolygon",
        "coordinates": [
          [
            [
              [
                121.5885203856843,
                23.9746537606482
              ],
              [
                121.58852207066967,
                23.97463899130194
              ],
              [
                121.58852271079736,
                23.974639083654434
              ],
              [
                121.58856973499495,
                23.97464584230614
              ],
              [
                121.58857967631108,
                23.974647312066562
              ],
              [
                121.58857875902527,
                23.974653049181992
              ],
              [
                121.58857822577058,
                23.974656798381336
              ],
              [
                121.5885203856843,
                23.9746537606482
              ]
            ]
          ]
        ]
      }
    },
    {
      "id": "123",
      "type": "Feature",
      "properties": {
        "LandUsageZoneName": "住宅區",
        "RevitalizationMethodName": "出租",
        "RevitalizartionMethodName": "出租"
      },
      "geometry": {
        "type": "MultiPolygon",
        "coordinates": [
          [
            [
              [
                121.58849866900093,
                23.974807141359513
              ],
              [
                121.58849577397693,
                23.974856656429157
              ],
              [
                121.58846874932824,
                23.974855871586307
              ],
              [
                121.58847892681374,
                23.9748232287052
              ],
              [
                121.58849866900093,
                23.974807141359513
              ]
            ]
          ]
        ]
      }
    },
    {
      "id": "124",
      "type": "Feature",
      "properties": {
        "LandUsageZoneName": "住宅區",
        "RevitalizationMethodName": "出租",
        "RevitalizartionMethodName": "出租"
      },
      "geometry": {
        "type": "MultiPolygon",
        "coordinates": [
          [
            [
              [
                121.58826647473629,
                23.974948350396858
              ],
              [
                121.58825672823363,
                23.974949103783022
              ],
              [
                121.58825047847584,
                23.975021377385232
              ],
              [
                121.5882373519396,
                23.975020252091966
              ],
              [
                121.58824027087698,
                23.97499221399645
              ],
              [
                121.58824393459385,
                23.974957883244574
              ],
              [
                121.58824557651752,
                23.97494249556029
              ],
              [
                121.58824584702785,
                23.974939960002494
              ],
              [
                121.58824609587623,
                23.97493763129841
              ],
              [
                121.58824701111097,
                23.9749290580938
              ],
              [
                121.5882667472325,
                23.974744114106187
              ],
              [
                121.58830057824267,
                23.974743713530618
              ],
              [
                121.58830342683642,
                23.974700187766874
              ],
              [
                121.58830432825665,
                23.974686409230724
              ],
              [
                121.58830444494622,
                23.974684623693324
              ],
              [
                121.5883182583456,
                23.974685104365758
              ],
              [
                121.58830360414717,
                23.97476975051986
              ],
              [
                121.58837985792134,
                23.974776823348154
              ],
              [
                121.58838398227857,
                23.974777072995085
              ],
              [
                121.5883810819821,
                23.974808342603826
              ],
              [
                121.5884059022632,
                23.974810368412538
              ],
              [
                121.5884614077539,
                23.97481343410204
              ],
              [
                121.58846060233864,
                23.974817408270965
              ],
              [
                121.58845147839543,
                23.97482563372547
              ],
              [
                121.58845065513648,
                23.974829573651498
              ],
              [
                121.58845002231858,
                23.974832605403897
              ],
              [
                121.5884480036184,
                23.974842269967244
              ],
              [
                121.58834506526746,
                23.974838980726968
              ],
              [
                121.58834100917214,
                23.974890550797106
              ],
              [
                121.58834815516735,
                23.974891658380077
              ],
              [
                121.5884358177989,
                23.974899627384787
              ],
              [
                121.5884317979058,
                23.974909830543865
              ],
              [
                121.5884313597793,
                23.974910942826178
              ],
              [
                121.58843131703527,
                23.97491105134153
              ],
              [
                121.58843128788824,
                23.974911124590527
              ],
              [
                121.58843059524223,
                23.974912883442833
              ],
              [
                121.58836683723054,
                23.97490849138048
              ],
              [
                121.5883669251799,
                23.974911412920427
              ],
              [
                121.58836161999736,
                23.974953864588578
              ],
              [
                121.58826708465516,
                23.97494460271052
              ],
              [
                121.58826647473629,
                23.974948350396858
              ]
            ]
          ]
        ]
      }
    },
    {
      "id": "125",
      "type": "Feature",
      "properties": {
        "LandUsageZoneName": "綠地",
        "RevitalizationMethodName": "出租",
        "RevitalizartionMethodName": "出租"
      },
      "geometry": {
        "type": "MultiPolygon",
        "coordinates": [
          [
            [
              [
                121.59602885532328,
                23.983151445004843
              ],
              [
                121.59576617063851,
                23.982616487929867
              ],
              [
                121.5957939992334,
                23.98262035273651
              ],
              [
                121.59607233078923,
                23.983138635112844
              ],
              [
                121.59602885532328,
                23.983151445004843
              ]
            ]
          ]
        ]
      }
    },
    {
      "id": "126",
      "type": "Feature",
      "properties": {
        "LandUsageZoneName": "一般農業區",
        "RevitalizationMethodName": "出租",
        "RevitalizartionMethodName": "出租"
      },
      "geometry": {
        "type": "MultiPolygon",
        "coordinates": [
          [
            [
              [
                121.51785453719842,
                23.87558073862402
              ],
              [
                121.5178549513624,
                23.875582168402453
              ],
              [
                121.51785602660337,
                23.875585882219948
              ],
              [
                121.51785716158464,
                23.875589803514345
              ],
              [
                121.51785842001352,
                23.875594149681728
              ],
              [
                121.5178590820833,
                23.875596436426243
              ],
              [
                121.51785971627555,
                23.875598626649168
              ],
              [
                121.51756644363775,
                23.87557969668044
              ],
              [
                121.51757117567284,
                23.875577770133024
              ],
              [
                121.51757502541223,
                23.875576202313358
              ],
              [
                121.51758115539266,
                23.875573706723088
              ],
              [
                121.51758696872538,
                23.875571339512874
              ],
              [
                121.51760563315136,
                23.875563739851447
              ],
              [
                121.51785453719842,
                23.87558073862402
              ]
            ]
          ]
        ]
      }
    },
    {
      "id": "127",
      "type": "Feature",
      "properties": {
        "LandUsageZoneName": "一般農業區",
        "RevitalizationMethodName": "出租",
        "RevitalizartionMethodName": "出租"
      },
      "geometry": {
        "type": "MultiPolygon",
        "coordinates": [
          [
            [
              [
                121.51742707345939,
                23.869613822523718
              ],
              [
                121.51731050579819,
                23.869460532443938
              ],
              [
                121.51724709902362,
                23.86951546413908
              ],
              [
                121.51720237829241,
                23.86947922556017
              ],
              [
                121.51720530296508,
                23.86944923785344
              ],
              [
                121.51722888386692,
                23.869428571416627
              ],
              [
                121.51730543007766,
                23.86941865269956
              ],
              [
                121.51742707345939,
                23.869613822523718
              ]
            ]
          ]
        ]
      }
    },
    {
      "id": "128",
      "type": "Feature",
      "properties": {
        "LandUsageZoneName": "一般農業區",
        "RevitalizationMethodName": "出租",
        "RevitalizartionMethodName": "出租"
      },
      "geometry": {
        "type": "MultiPolygon",
        "coordinates": [
          [
            [
              [
                121.51325609681759,
                23.866151430659524
              ],
              [
                121.51327062830065,
                23.865952191666256
              ],
              [
                121.51329828507595,
                23.86584464853809
              ],
              [
                121.51334570036781,
                23.865743089292664
              ],
              [
                121.51332938911118,
                23.866038769185867
              ],
              [
                121.51325609681759,
                23.866151430659524
              ]
            ]
          ]
        ]
      }
    },
    {
      "id": "129",
      "type": "Feature",
      "properties": {
        "LandUsageZoneName": "一般農業區",
        "RevitalizationMethodName": "出租",
        "RevitalizartionMethodName": "出租"
      },
      "geometry": {
        "type": "MultiPolygon",
        "coordinates": [
          [
            [
              [
                121.51086301056985,
                23.858587865051916
              ],
              [
                121.51063561840229,
                23.858284595811686
              ],
              [
                121.51075893695598,
                23.85821113823848
              ],
              [
                121.5109137100645,
                23.858297488702636
              ],
              [
                121.5110662838653,
                23.858348721545287
              ],
              [
                121.51115907320825,
                23.858401507087077
              ],
              [
                121.51115745060744,
                23.85841334111876
              ],
              [
                121.51086301056985,
                23.858587865051916
              ]
            ]
          ]
        ]
      }
    },
    {
      "id": "130",
      "type": "Feature",
      "properties": {
        "LandUsageZoneName": "一般農業區",
        "RevitalizationMethodName": "出租",
        "RevitalizartionMethodName": "出租"
      },
      "geometry": {
        "type": "MultiPolygon",
        "coordinates": [
          [
            [
              [
                121.50834178328948,
                23.8550900501423
              ],
              [
                121.50807701501824,
                23.85484143839686
              ],
              [
                121.50796317572252,
                23.854752150831242
              ],
              [
                121.50809003090264,
                23.854478318929807
              ],
              [
                121.50853323386367,
                23.854915871060093
              ],
              [
                121.50834178328948,
                23.8550900501423
              ]
            ]
          ]
        ]
      }
    },
    {
      "id": "131",
      "type": "Feature",
      "properties": {
        "LandUsageZoneName": "一般農業區",
        "RevitalizationMethodName": "出租",
        "RevitalizartionMethodName": "出租"
      },
      "geometry": {
        "type": "MultiPolygon",
        "coordinates": [
          [
            [
              [
                121.51119682491868,
                23.858048003225942
              ],
              [
                121.51118694652438,
                23.858083107499485
              ],
              [
                121.51109900169894,
                23.858182774444955
              ],
              [
                121.51109055671664,
                23.8581888603614
              ],
              [
                121.51106221717446,
                23.85818726136865
              ],
              [
                121.51093721649393,
                23.85810788148549
              ],
              [
                121.51102073390301,
                23.85809965844272
              ],
              [
                121.51103418272626,
                23.858099252639963
              ],
              [
                121.51112470100654,
                23.858032421099615
              ],
              [
                121.51113181892194,
                23.8580271657848
              ],
              [
                121.51113563191511,
                23.85802435037354
              ],
              [
                121.51117152887161,
                23.857997847035993
              ],
              [
                121.5111550030022,
                23.857983700282404
              ],
              [
                121.51115139363341,
                23.857980610627216
              ],
              [
                121.51106435115764,
                23.857906101791208
              ],
              [
                121.51094986146315,
                23.85800264584124
              ],
              [
                121.51091899471052,
                23.857967713769696
              ],
              [
                121.51093297840151,
                23.857953491063775
              ],
              [
                121.51090722252448,
                23.857919986755192
              ],
              [
                121.51092356741226,
                23.857907020347884
              ],
              [
                121.5108792831449,
                23.85785542819756
              ],
              [
                121.51094916037012,
                23.857798852308083
              ],
              [
                121.51091833801978,
                23.857750195244265
              ],
              [
                121.51076748141655,
                23.857861306996732
              ],
              [
                121.5108252444343,
                23.857945180093587
              ],
              [
                121.51077415054294,
                23.85798974218859
              ],
              [
                121.51064111174631,
                23.85790168246858
              ],
              [
                121.51064661059007,
                23.857897145874528
              ],
              [
                121.51066192886836,
                23.85788450886335
              ],
              [
                121.51066326565584,
                23.85788340554072
              ],
              [
                121.5106875015577,
                23.857903858270898
              ],
              [
                121.51106273217715,
                23.857591750468224
              ],
              [
                121.51106445894958,
                23.857593457635108
              ],
              [
                121.51106515773807,
                23.857594147879244
              ],
              [
                121.51107778327325,
                23.85760662719592
              ],
              [
                121.51119716121684,
                23.857724619534803
              ],
              [
                121.51125077812063,
                23.85767757845485
              ],
              [
                121.51126290115333,
                23.85771861432059
              ],
              [
                121.51126492796304,
                23.857725475431803
              ],
              [
                121.5112584918417,
                23.857740594123236
              ],
              [
                121.51119682491868,
                23.858048003225942
              ]
            ]
          ]
        ]
      }
    },
    {
      "id": "132",
      "type": "Feature",
      "properties": {
        "LandUsageZoneName": "一般農業區",
        "RevitalizationMethodName": "出租",
        "RevitalizartionMethodName": "出租"
      },
      "geometry": {
        "type": "MultiPolygon",
        "coordinates": [
          [
            [
              [
                121.51132227835782,
                23.858459837693925
              ],
              [
                121.5112670861554,
                23.858405753616196
              ],
              [
                121.51127653318855,
                23.858336285392628
              ],
              [
                121.51132179852574,
                23.858287556406992
              ],
              [
                121.51138505717228,
                23.858345676958876
              ],
              [
                121.51135311416098,
                23.858386776950894
              ],
              [
                121.51137494741224,
                23.85842137774431
              ],
              [
                121.51132227835782,
                23.858459837693925
              ]
            ]
          ]
        ]
      }
    },
    {
      "id": "133",
      "type": "Feature",
      "properties": {
        "LandUsageZoneName": "一般農業區",
        "RevitalizationMethodName": "出租",
        "RevitalizartionMethodName": "出租"
      },
      "geometry": {
        "type": "MultiPolygon",
        "coordinates": [
          [
            [
              [
                121.51221425407711,
                23.859064045382752
              ],
              [
                121.51235412690423,
                23.8592318620074
              ],
              [
                121.51226788404568,
                23.859146368644602
              ],
              [
                121.5122264908552,
                23.859181089300183
              ],
              [
                121.51219317933254,
                23.85914878418361
              ],
              [
                121.51215821505357,
                23.859113125581807
              ],
              [
                121.51221425407711,
                23.859064045382752
              ]
            ]
          ]
        ]
      }
    },
    {
      "id": "134",
      "type": "Feature",
      "properties": {
        "LandUsageZoneName": "一般農業區",
        "RevitalizationMethodName": "出租",
        "RevitalizartionMethodName": "出租"
      },
      "geometry": {
        "type": "MultiPolygon",
        "coordinates": [
          [
            [
              [
                121.51215821505357,
                23.859113125581807
              ],
              [
                121.5121561154203,
                23.85911098354308
              ],
              [
                121.51206139648866,
                23.859017120811778
              ],
              [
                121.51205849760683,
                23.85895401424747
              ],
              [
                121.51206239205686,
                23.85894569415967
              ],
              [
                121.51214858516063,
                23.858818813977944
              ],
              [
                121.51218773415138,
                23.8588543286431
              ],
              [
                121.51209629214152,
                23.85892144559335
              ],
              [
                121.51212523470652,
                23.85895227358725
              ],
              [
                121.51208593006935,
                23.858983815197558
              ],
              [
                121.51211215853388,
                23.859010783077117
              ],
              [
                121.51210446533706,
                23.859017052556528
              ],
              [
                121.5121657332041,
                23.859083058533223
              ],
              [
                121.51220856941181,
                23.85905552870275
              ],
              [
                121.51221425407711,
                23.859064045382752
              ],
              [
                121.51215821505357,
                23.859113125581807
              ]
            ]
          ]
        ]
      }
    },
    {
      "id": "135",
      "type": "Feature",
      "properties": {
        "LandUsageZoneName": "一般農業區",
        "RevitalizationMethodName": "出租",
        "RevitalizartionMethodName": "出租"
      },
      "geometry": {
        "type": "MultiPolygon",
        "coordinates": [
          [
            [
              [
                121.51200250894728,
                23.85789801973124
              ],
              [
                121.51194029613352,
                23.857831227633195
              ],
              [
                121.51208300785333,
                23.857696394237927
              ],
              [
                121.51216353406808,
                23.857776489044245
              ],
              [
                121.51200250894728,
                23.85789801973124
              ]
            ]
          ]
        ]
      }
    },
    {
      "id": "136",
      "type": "Feature",
      "properties": {
        "LandUsageZoneName": "農業區",
        "RevitalizationMethodName": "出租",
        "RevitalizartionMethodName": "出租"
      },
      "geometry": {
        "type": "MultiPolygon",
        "coordinates": [
          [
            [
              [
                121.53310323221699,
                23.92207380350615
              ],
              [
                121.53329631950588,
                23.92266564327043
              ],
              [
                121.53349259245206,
                23.923240099994203
              ],
              [
                121.53349393564189,
                23.923244029443357
              ],
              [
                121.53345542549519,
                23.923257615112366
              ],
              [
                121.53345384257454,
                23.923252954210216
              ],
              [
                121.53323721552313,
                23.922615166277595
              ],
              [
                121.53273698105001,
                23.921143464307427
              ],
              [
                121.53271516167682,
                23.921085137721693
              ],
              [
                121.53271473733457,
                23.92108393828117
              ],
              [
                121.53270535099877,
                23.920941695341497
              ],
              [
                121.53310323221699,
                23.92207380350615
              ]
            ]
          ],
          [
            [
              [
                121.53194495009224,
                23.918829134455454
              ],
              [
                121.53195669219546,
                23.918854424028183
              ],
              [
                121.53185057172148,
                23.918657358637446
              ],
              [
                121.53176641583,
                23.918521119661246
              ],
              [
                121.53142457586043,
                23.917655231719483
              ],
              [
                121.53148096010551,
                23.917633466430864
              ],
              [
                121.53194495009224,
                23.918829134455454
              ]
            ]
          ],
          [
            [
              [
                121.53051941138273,
                23.915525150769177
              ],
              [
                121.53053987672045,
                23.915578774470962
              ],
              [
                121.53049855986839,
                23.91559031578113
              ],
              [
                121.5303864419069,
                23.915302023156137
              ],
              [
                121.53017459538502,
                23.914757277755893
              ],
              [
                121.52995363857362,
                23.914189123034078
              ],
              [
                121.52995340863956,
                23.91418861727631
              ],
              [
                121.52998317774667,
                23.91417862203033
              ],
              [
                121.53051941138273,
                23.915525150769177
              ]
            ]
          ],
          [
            [
              [
                121.52997077712088,
                23.91414748258423
              ],
              [
                121.52993986804574,
                23.914158771157993
              ],
              [
                121.52981212378026,
                23.913835296386104
              ],
              [
                121.52970829466118,
                23.913572518821372
              ],
              [
                121.52958582528444,
                23.913269118814416
              ],
              [
                121.52949792233152,
                23.913048263990948
              ],
              [
                121.52952894726715,
                23.913037984597754
              ],
              [
                121.52997077712088,
                23.91414748258423
              ]
            ]
          ],
          [
            [
              [
                121.53062582910127,
                23.91555275663844
              ],
              [
                121.53069399298124,
                23.915648513075464
              ],
              [
                121.53077951303626,
                23.915828499151075
              ],
              [
                121.53077913756599,
                23.915868825816137
              ],
              [
                121.53086346790982,
                23.91609171469419
              ],
              [
                121.53095936944638,
                23.916343529914098
              ],
              [
                121.53095942999195,
                23.916343684107968
              ],
              [
                121.53092549203636,
                23.916356589676674
              ],
              [
                121.53088619163309,
                23.916253994133616
              ],
              [
                121.53075632016831,
                23.915909573078093
              ],
              [
                121.53074375411873,
                23.91587265003394
              ],
              [
                121.53073094241533,
                23.915835700748286
              ],
              [
                121.53069933429488,
                23.91574422450132
              ],
              [
                121.53066119837322,
                23.915670531638977
              ],
              [
                121.53061415220171,
                23.915610874142818
              ],
              [
                121.53060704476812,
                23.91560603181819
              ],
              [
                121.53056661705718,
                23.91551348529262
              ],
              [
                121.53062582910127,
                23.91555275663844
              ]
            ]
          ],
          [
            [
              [
                121.53144621820611,
                23.91759494065299
              ],
              [
                121.5314056254924,
                23.917606434561495
              ],
              [
                121.53140527306083,
                23.917605520197323
              ],
              [
                121.53122505982932,
                23.91713862712558
              ],
              [
                121.5311807432032,
                23.91702293739715
              ],
              [
                121.53121872866855,
                23.917007535599247
              ],
              [
                121.53144621820611,
                23.91759494065299
              ]
            ]
          ]
        ]
      }
    },
    {
      "id": "137",
      "type": "Feature",
      "properties": {
        "LandUsageZoneName": "農業區",
        "RevitalizationMethodName": "出租",
        "RevitalizartionMethodName": "出租"
      },
      "geometry": {
        "type": "MultiPolygon",
        "coordinates": [
          [
            [
              [
                121.52896879405361,
                23.911661093985824
              ],
              [
                121.52892016773235,
                23.91167766321106
              ],
              [
                121.52892014590408,
                23.911677609109624
              ],
              [
                121.52886786079893,
                23.91154476028914
              ],
              [
                121.52896879405361,
                23.911661093985824
              ]
            ]
          ]
        ]
      }
    },
    {
      "id": "138",
      "type": "Feature",
      "properties": {
        "LandUsageZoneName": "河川區",
        "RevitalizationMethodName": "出租",
        "RevitalizartionMethodName": "出租"
      },
      "geometry": {
        "type": "MultiPolygon",
        "coordinates": [
          [
            [
              [
                121.53595330377824,
                23.928742243385255
              ],
              [
                121.53582199544991,
                23.92880351425442
              ],
              [
                121.53573817930241,
                23.928845115959376
              ],
              [
                121.5357295863291,
                23.928790908144208
              ],
              [
                121.53597473144593,
                23.928519615730156
              ],
              [
                121.53595330377824,
                23.928742243385255
              ]
            ]
          ],
          [
            [
              [
                121.5359126328465,
                23.928434690516468
              ],
              [
                121.53587214833752,
                23.928524768986367
              ],
              [
                121.53571644374753,
                23.928708002710792
              ],
              [
                121.53571593645248,
                23.928704805364436
              ],
              [
                121.53570156749005,
                23.92861416601177
              ],
              [
                121.53570027552777,
                23.928606016971244
              ],
              [
                121.53576024785511,
                23.928546790868698
              ],
              [
                121.53577527576898,
                23.92852953657461
              ],
              [
                121.53587604610398,
                23.92836599965856
              ],
              [
                121.5359126328465,
                23.928434690516468
              ]
            ]
          ],
          [
            [
              [
                121.53574622254486,
                23.92841611939747
              ],
              [
                121.53579736728742,
                23.92841820475788
              ],
              [
                121.53580513768901,
                23.928418521685913
              ],
              [
                121.53571501016218,
                23.928551245663648
              ],
              [
                121.5356935766787,
                23.928563761080756
              ],
              [
                121.53567736310927,
                23.92846148835969
              ],
              [
                121.5356839818885,
                23.92845290903269
              ],
              [
                121.53569072378542,
                23.92844440963787
              ],
              [
                121.5356975868504,
                23.92843599379375
              ],
              [
                121.5357045691151,
                23.92842766060426
              ],
              [
                121.5357116715767,
                23.928419413677652
              ],
              [
                121.53571889030597,
                23.9284112530276
              ],
              [
                121.5357262262927,
                23.928403180456524
              ],
              [
                121.5357336765974,
                23.928395197780528
              ],
              [
                121.53574124122383,
                23.92838730590255
              ],
              [
                121.53574622254486,
                23.92841611939747
              ]
            ]
          ],
          [
            [
              [
                121.53599734867275,
                23.928284625383945
              ],
              [
                121.5359883025498,
                23.928378615019692
              ],
              [
                121.5359872749013,
                23.92838928683474
              ],
              [
                121.53591474748688,
                23.928275638464147
              ],
              [
                121.53593060700608,
                23.928237829447273
              ],
              [
                121.53597320561897,
                23.928208984561362
              ],
              [
                121.53599734867275,
                23.928284625383945
              ]
            ]
          ]
        ]
      }
    },
    {
      "id": "139",
      "type": "Feature",
      "properties": {
        "LandUsageZoneName": "農業區",
        "RevitalizationMethodName": "出租",
        "RevitalizartionMethodName": "出租"
      },
      "geometry": {
        "type": "MultiPolygon",
        "coordinates": [
          [
            [
              [
                121.52903156727359,
                23.911893868700474
              ],
              [
                121.52903881058796,
                23.911901030294853
              ],
              [
                121.529046100882,
                23.91190815109482
              ],
              [
                121.52905343815937,
                23.911915232003313
              ],
              [
                121.52906082143424,
                23.911922272120744
              ],
              [
                121.52906825070292,
                23.911929270544228
              ],
              [
                121.52907572498691,
                23.911936228180025
              ],
              [
                121.52908324526841,
                23.911943145024765
              ],
              [
                121.52909081055786,
                23.911950019275967
              ],
              [
                121.52909842085896,
                23.911956851836553
              ],
              [
                121.52915874783767,
                23.912108344829758
              ],
              [
                121.52909998153555,
                23.912127392371378
              ],
              [
                121.52909996863495,
                23.91212735990985
              ],
              [
                121.52900698696551,
                23.911894805649567
              ],
              [
                121.52902597747403,
                23.91188827614771
              ],
              [
                121.52903156727359,
                23.911893868700474
              ]
            ]
          ]
        ]
      }
    },
    {
      "id": "140",
      "type": "Feature",
      "properties": {
        "LandUsageZoneName": "農業區",
        "RevitalizationMethodName": "出租",
        "RevitalizartionMethodName": "出租"
      },
      "geometry": {
        "type": "MultiPolygon",
        "coordinates": [
          [
            [
              [
                121.52935935766493,
                23.912762192478827
              ],
              [
                121.52929839664844,
                23.912615528895614
              ],
              [
                121.52935334459367,
                23.91259701632333
              ],
              [
                121.52941205167996,
                23.91274443979597
              ],
              [
                121.52935935766493,
                23.912762192478827
              ]
            ]
          ]
        ]
      }
    },
    {
      "id": "141",
      "type": "Feature",
      "properties": {
        "LandUsageZoneName": "道路",
        "RevitalizationMethodName": "出租",
        "RevitalizartionMethodName": "出租"
      },
      "geometry": {
        "type": "MultiPolygon",
        "coordinates": [
          [
            [
              [
                121.52885983532406,
                23.911357710001276
              ],
              [
                121.52897903056697,
                23.91165703796746
              ],
              [
                121.52897933818618,
                23.91165780982768
              ],
              [
                121.52899227120278,
                23.911690286602077
              ],
              [
                121.52896930720087,
                23.911661686356428
              ],
              [
                121.52886786079893,
                23.91154476028914
              ],
              [
                121.52885628887798,
                23.91151535785449
              ],
              [
                121.52880857114238,
                23.91139411597219
              ],
              [
                121.52880171037881,
                23.911376683888115
              ],
              [
                121.52879949127097,
                23.911371044519154
              ],
              [
                121.52885719872314,
                23.91135108966797
              ],
              [
                121.52885983532406,
                23.911357710001276
              ]
            ]
          ]
        ]
      }
    },
    {
      "id": "142",
      "type": "Feature",
      "properties": {
        "LandUsageZoneName": "農業區",
        "RevitalizationMethodName": "出租",
        "RevitalizartionMethodName": "出租"
      },
      "geometry": {
        "type": "MultiPolygon",
        "coordinates": [
          [
            [
              [
                121.53627565185941,
                23.92693511324204
              ],
              [
                121.53619733060991,
                23.927167631639765
              ],
              [
                121.53614008715905,
                23.92704513990634
              ],
              [
                121.53618473018008,
                23.92691368769628
              ],
              [
                121.53621535319972,
                23.926807792436705
              ],
              [
                121.5362483251898,
                23.926683189092394
              ],
              [
                121.5362984977252,
                23.926567054886846
              ],
              [
                121.53633513090205,
                23.926648727066517
              ],
              [
                121.53627565185941,
                23.92693511324204
              ]
            ]
          ]
        ]
      }
    },
    {
      "id": "143",
      "type": "Feature",
      "properties": {
        "LandUsageZoneName": "農業區",
        "RevitalizationMethodName": "出租",
        "RevitalizartionMethodName": "出租"
      },
      "geometry": {
        "type": "MultiPolygon",
        "coordinates": [
          [
            [
              [
                121.5336541333392,
                23.916953848994318
              ],
              [
                121.53367747862758,
                23.916787616854094
              ],
              [
                121.533629592473,
                23.916816588709725
              ],
              [
                121.53362966192977,
                23.916818672456774
              ],
              [
                121.5336297727388,
                23.916821975933754
              ],
              [
                121.5336340955438,
                23.916951354197973
              ],
              [
                121.5336541333392,
                23.916953848994318
              ]
            ]
          ]
        ]
      }
    },
    {
      "id": "144",
      "type": "Feature",
      "properties": {
        "LandUsageZoneName": "農業區",
        "RevitalizationMethodName": "出租",
        "RevitalizartionMethodName": "出租"
      },
      "geometry": {
        "type": "MultiPolygon",
        "coordinates": [
          [
            [
              [
                121.5340260351342,
                23.916889896149197
              ],
              [
                121.5339987051231,
                23.916889505301807
              ],
              [
                121.53399864436425,
                23.916978672750925
              ],
              [
                121.53400966422582,
                23.916980176695624
              ],
              [
                121.53402587412732,
                23.916982389478285
              ],
              [
                121.5340258763745,
                23.916981263502965
              ],
              [
                121.53402587880963,
                23.916979944297577
              ],
              [
                121.5340258818494,
                23.91697805533429
              ],
              [
                121.53402588598746,
                23.916975716702524
              ],
              [
                121.53402603345859,
                23.916891161175485
              ],
              [
                121.5340260351342,
                23.916889896149197
              ]
            ]
          ]
        ]
      }
    },
    {
      "id": "145",
      "type": "Feature",
      "properties": {
        "LandUsageZoneName": "農業區",
        "RevitalizationMethodName": "出租",
        "RevitalizartionMethodName": "出租"
      },
      "geometry": {
        "type": "MultiPolygon",
        "coordinates": [
          [
            [
              [
                121.5339240332665,
                23.916263732998903
              ],
              [
                121.53392798835694,
                23.916223267498246
              ],
              [
                121.53390785424223,
                23.916226945576238
              ],
              [
                121.53389636795937,
                23.916229043269432
              ],
              [
                121.53381441323523,
                23.916244012394404
              ],
              [
                121.53381398432715,
                23.916244090633683
              ],
              [
                121.53382738269175,
                23.91628494824852
              ],
              [
                121.53380940094647,
                23.916288709134008
              ],
              [
                121.53380946642493,
                23.9162888678243
              ],
              [
                121.53382405801055,
                23.916324422837153
              ],
              [
                121.53382749085505,
                23.916332786599348
              ],
              [
                121.5339240332665,
                23.916263732998903
              ]
            ]
          ]
        ]
      }
    },
    {
      "id": "146",
      "type": "Feature",
      "properties": {
        "LandUsageZoneName": "農業區",
        "RevitalizationMethodName": "出租",
        "RevitalizartionMethodName": "出租"
      },
      "geometry": {
        "type": "MultiPolygon",
        "coordinates": [
          [
            [
              [
                121.53408866457502,
                23.916245490586572
              ],
              [
                121.53405755570392,
                23.916199602835196
              ],
              [
                121.53399120951775,
                23.916211720519367
              ],
              [
                121.53397166527373,
                23.916215290009728
              ],
              [
                121.53392798835694,
                23.916223267498246
              ],
              [
                121.5339240332665,
                23.916263732998903
              ],
              [
                121.5340683733734,
                23.916417158723146
              ],
              [
                121.53406867557732,
                23.9164170809233
              ],
              [
                121.53407035731887,
                23.91641664708688
              ],
              [
                121.53410514206003,
                23.91640766658316
              ],
              [
                121.53414751228459,
                23.91639672742221
              ],
              [
                121.53408866457502,
                23.916245490586572
              ]
            ]
          ]
        ]
      }
    },
    {
      "id": "147",
      "type": "Feature",
      "properties": {
        "LandUsageZoneName": "住宅區",
        "RevitalizationMethodName": "出租",
        "RevitalizartionMethodName": "出租"
      },
      "geometry": {
        "type": "MultiPolygon",
        "coordinates": [
          [
            [
              [
                121.53166310921965,
                23.911186736417072
              ],
              [
                121.53167739856652,
                23.91118728837619
              ],
              [
                121.53168435522423,
                23.911168052424433
              ],
              [
                121.53168567348978,
                23.91116440746477
              ],
              [
                121.53170370358818,
                23.911092924949024
              ],
              [
                121.53170289243131,
                23.91109280215033
              ],
              [
                121.53170195092146,
                23.911092660032395
              ],
              [
                121.53169671756984,
                23.911091867287265
              ],
              [
                121.53169101150088,
                23.911091003941223
              ],
              [
                121.5316901279721,
                23.911090869749202
              ],
              [
                121.5316899649244,
                23.911090845111186
              ],
              [
                121.53166310921965,
                23.911186736417072
              ]
            ]
          ],
          [
            [
              [
                121.53162974993512,
                23.91118510277213
              ],
              [
                121.53162790817125,
                23.911188421131286
              ],
              [
                121.53162640277993,
                23.911191133356287
              ],
              [
                121.53162243649932,
                23.91119827850551
              ],
              [
                121.53164636622078,
                23.91119920706206
              ],
              [
                121.53161945918349,
                23.911258460853404
              ],
              [
                121.53161453469502,
                23.911269305959834
              ],
              [
                121.53161176144047,
                23.911275412212426
              ],
              [
                121.53163902052792,
                23.911276281402927
              ],
              [
                121.53166277964421,
                23.91118691702933
              ],
              [
                121.53162988909841,
                23.91118485206509
              ],
              [
                121.53162974993512,
                23.91118510277213
              ]
            ]
          ],
          [
            [
              [
                121.53157736103626,
                23.911351166983174
              ],
              [
                121.53160021332916,
                23.911362178812617
              ],
              [
                121.53160591512683,
                23.91128828670752
              ],
              [
                121.53157736103626,
                23.911351166983174
              ]
            ]
          ]
        ]
      }
    },
    {
      "id": "148",
      "type": "Feature",
      "properties": {
        "LandUsageZoneName": "住宅區",
        "RevitalizationMethodName": "出租",
        "RevitalizartionMethodName": "出租"
      },
      "geometry": {
        "type": "MultiPolygon",
        "coordinates": [
          [
            [
              [
                121.53124902506468,
                23.91068699419349
              ],
              [
                121.53130715159998,
                23.91072022568876
              ],
              [
                121.53126276866666,
                23.91065455998203
              ],
              [
                121.53121924441409,
                23.910586303462686
              ],
              [
                121.53124902506468,
                23.91068699419349
              ]
            ]
          ]
        ]
      }
    },
    {
      "id": "149",
      "type": "Feature",
      "properties": {
        "LandUsageZoneName": "農業區",
        "RevitalizationMethodName": "出租",
        "RevitalizartionMethodName": "出租"
      },
      "geometry": {
        "type": "MultiPolygon",
        "coordinates": [
          [
            [
              [
                121.53493051405259,
                23.909411836687294
              ],
              [
                121.53524911054531,
                23.909540668575584
              ],
              [
                121.53525852923163,
                23.9095341562794
              ],
              [
                121.53494129483235,
                23.90940886010693
              ],
              [
                121.53493674393074,
                23.909407062831598
              ],
              [
                121.53493476951303,
                23.909406283237896
              ],
              [
                121.53493116991052,
                23.909404860985628
              ],
              [
                121.53493051405259,
                23.909411836687294
              ]
            ]
          ]
        ]
      }
    },
    {
      "id": "150",
      "type": "Feature",
      "properties": {
        "LandUsageZoneName": "住宅區",
        "RevitalizationMethodName": "出租",
        "RevitalizartionMethodName": "出租"
      },
      "geometry": {
        "type": "MultiPolygon",
        "coordinates": [
          [
            [
              [
                121.53144598136868,
                23.90928180332639
              ],
              [
                121.53145825715666,
                23.909175568571918
              ],
              [
                121.5314525284031,
                23.90917706287618
              ],
              [
                121.53141960989913,
                23.909185649854194
              ],
              [
                121.53141003516022,
                23.909188147975986
              ],
              [
                121.53142151672151,
                23.90924556612308
              ],
              [
                121.53138830841569,
                23.909253181627353
              ],
              [
                121.53134170544757,
                23.909420821296727
              ],
              [
                121.53134424791281,
                23.909436586911934
              ],
              [
                121.53148338150442,
                23.909401461988697
              ],
              [
                121.53145322785994,
                23.909327214334237
              ],
              [
                121.53144598136868,
                23.90928180332639
              ]
            ]
          ]
        ]
      }
    },
    {
      "id": "151",
      "type": "Feature",
      "properties": {
        "LandUsageZoneName": "住宅區",
        "RevitalizationMethodName": "出租",
        "RevitalizartionMethodName": "出租"
      },
      "geometry": {
        "type": "MultiPolygon",
        "coordinates": [
          [
            [
              [
                121.53096280677453,
                23.908883969271006
              ],
              [
                121.53102459461617,
                23.9087394882988
              ],
              [
                121.53101517966232,
                23.9087476743807
              ],
              [
                121.53100490249865,
                23.9087549307
              ],
              [
                121.53099387184123,
                23.90876118283981
              ],
              [
                121.53098220331442,
                23.908766364485974
              ],
              [
                121.53093168811485,
                23.90878592688728
              ],
              [
                121.53096280677453,
                23.908883969271006
              ]
            ]
          ]
        ]
      }
    },
    {
      "id": "152",
      "type": "Feature",
      "properties": {
        "LandUsageZoneName": "鄉村區",
        "RevitalizationMethodName": "出租",
        "RevitalizartionMethodName": "出租"
      },
      "geometry": {
        "type": "MultiPolygon",
        "coordinates": [
          [
            [
              [
                121.4944069212647,
                23.846349549176352
              ],
              [
                121.4943579997362,
                23.84637964807488
              ],
              [
                121.49435916886073,
                23.8463829933767
              ],
              [
                121.49435978419251,
                23.846384754869778
              ],
              [
                121.49433321160517,
                23.84639897856636
              ],
              [
                121.49433214258276,
                23.846397437043425
              ],
              [
                121.494330997553,
                23.846395785604088
              ],
              [
                121.49429827333535,
                23.84634857043181
              ],
              [
                121.49427318137441,
                23.846312370272713
              ],
              [
                121.49425610465252,
                23.846287738315542
              ],
              [
                121.49432843609978,
                23.846240670091564
              ],
              [
                121.4944069212647,
                23.846349549176352
              ]
            ]
          ],
          [
            [
              [
                121.49427674301973,
                23.846168958154312
              ],
              [
                121.49427869310176,
                23.846171662563737
              ],
              [
                121.49420518045642,
                23.846214265838245
              ],
              [
                121.49418046367497,
                23.846178615260754
              ],
              [
                121.49417832168339,
                23.84617552500164
              ],
              [
                121.49423208946892,
                23.84614456183867
              ],
              [
                121.49419451086384,
                23.84609035168464
              ],
              [
                121.49421384491488,
                23.846081701683243
              ],
              [
                121.49427674301973,
                23.846168958154312
              ]
            ]
          ],
          [
            [
              [
                121.49431142020458,
                23.846217063699886
              ],
              [
                121.49431268440298,
                23.84621881679081
              ],
              [
                121.49423815926333,
                23.84626184500842
              ],
              [
                121.49422097398772,
                23.84623705989319
              ],
              [
                121.49429360593007,
                23.846192351041033
              ],
              [
                121.49431142020458,
                23.846217063699886
              ]
            ]
          ]
        ]
      }
    },
    {
      "id": "153",
      "type": "Feature",
      "properties": {
        "LandUsageZoneName": "鄉村區",
        "RevitalizationMethodName": "出租",
        "RevitalizartionMethodName": "出租"
      },
      "geometry": {
        "type": "MultiPolygon",
        "coordinates": [
          [
            [
              [
                121.4943818566342,
                23.846447910628488
              ],
              [
                121.4943968448592,
                23.846490794342
              ],
              [
                121.4943710026194,
                23.846453504034493
              ],
              [
                121.4943818566342,
                23.846447910628488
              ]
            ]
          ]
        ]
      }
    },
    {
      "id": "154",
      "type": "Feature",
      "properties": {
        "LandUsageZoneName": "農業區",
        "RevitalizationMethodName": "出租",
        "RevitalizartionMethodName": "出租"
      },
      "geometry": {
        "type": "MultiPolygon",
        "coordinates": [
          [
            [
              [
                121.52748489229872,
                23.90783494334662
              ],
              [
                121.52745816836648,
                23.907843543442862
              ],
              [
                121.52791809169491,
                23.909044650531857
              ],
              [
                121.52813578410317,
                23.909599447439266
              ],
              [
                121.52813591962838,
                23.909599927339197
              ],
              [
                121.52817153686136,
                23.909588291582914
              ],
              [
                121.5277888311153,
                23.908580092331892
              ],
              [
                121.52748489229872,
                23.90783494334662
              ]
            ]
          ],
          [
            [
              [
                121.52820755855727,
                23.90962711627425
              ],
              [
                121.52820111599583,
                23.90962868153372
              ],
              [
                121.52818471427076,
                23.909633638142772
              ],
              [
                121.52838797850276,
                23.910132087300124
              ],
              [
                121.5284756523224,
                23.91034708087841
              ],
              [
                121.52820755855727,
                23.90962711627425
              ]
            ]
          ]
        ]
      }
    },
    {
      "id": "155",
      "type": "Feature",
      "properties": {
        "LandUsageZoneName": "農業區",
        "RevitalizationMethodName": "出租",
        "RevitalizartionMethodName": "出租"
      },
      "geometry": {
        "type": "MultiPolygon",
        "coordinates": [
          [
            [
              [
                121.52841218607787,
                23.907599238447677
              ],
              [
                121.52848989346828,
                23.907739180352586
              ],
              [
                121.52852202860787,
                23.907695466806356
              ],
              [
                121.52841338453662,
                23.907560642557403
              ],
              [
                121.52844044653058,
                23.90752047696588
              ],
              [
                121.52833506231063,
                23.907564171292915
              ],
              [
                121.52841218607787,
                23.907599238447677
              ]
            ]
          ]
        ]
      }
    },
    {
      "id": "156",
      "type": "Feature",
      "properties": {
        "LandUsageZoneName": "農業區",
        "RevitalizationMethodName": "出租",
        "RevitalizartionMethodName": "出租"
      },
      "geometry": {
        "type": "MultiPolygon",
        "coordinates": [
          [
            [
              [
                121.52806970291904,
                23.9071746954486
              ],
              [
                121.52823485344217,
                23.90751832099769
              ],
              [
                121.5281985289808,
                23.907357721957858
              ],
              [
                121.52817163094288,
                23.907302897365017
              ],
              [
                121.52810311813784,
                23.9071632126492
              ],
              [
                121.52796439168995,
                23.906907487995355
              ],
              [
                121.52806970291904,
                23.9071746954486
              ]
            ]
          ]
        ]
      }
    },
    {
      "id": "157",
      "type": "Feature",
      "properties": {
        "LandUsageZoneName": "道路",
        "RevitalizationMethodName": "出租",
        "RevitalizartionMethodName": "出租"
      },
      "geometry": {
        "type": "MultiPolygon",
        "coordinates": [
          [
            [
              [
                121.52612659270498,
                23.9044008840021
              ],
              [
                121.52611255261989,
                23.904405361872595
              ],
              [
                121.52633210829033,
                23.90497890693175
              ],
              [
                121.52644212438912,
                23.905269278085058
              ],
              [
                121.52653903476306,
                23.905507622185528
              ],
              [
                121.52648740984485,
                23.90535054144594
              ],
              [
                121.52612659270498,
                23.9044008840021
              ]
            ]
          ]
        ]
      }
    },
    {
      "id": "158",
      "type": "Feature",
      "properties": {
        "LandUsageZoneName": "道路",
        "RevitalizationMethodName": "出租",
        "RevitalizartionMethodName": "出租"
      },
      "geometry": {
        "type": "MultiPolygon",
        "coordinates": [
          [
            [
              [
                121.52615113194958,
                23.904393056409383
              ],
              [
                121.52612659270498,
                23.9044008840021
              ],
              [
                121.52648740984485,
                23.90535054144594
              ],
              [
                121.52653903476306,
                23.905507622185528
              ],
              [
                121.52678259895447,
                23.906106647484275
              ],
              [
                121.52681046839444,
                23.90609602370023
              ],
              [
                121.52615113194958,
                23.904393056409383
              ]
            ]
          ],
          [
            [
              [
                121.52682541792727,
                23.906134636509368
              ],
              [
                121.52679701670807,
                23.906143457134647
              ],
              [
                121.5274184916568,
                23.907783139021646
              ],
              [
                121.5274250832132,
                23.907793139079054
              ],
              [
                121.52746227113747,
                23.907779485443758
              ],
              [
                121.52682541792727,
                23.906134636509368
              ]
            ]
          ]
        ]
      }
    },
    {
      "id": "159",
      "type": "Feature",
      "properties": {
        "LandUsageZoneName": "農業區",
        "RevitalizationMethodName": "出租",
        "RevitalizartionMethodName": "出租"
      },
      "geometry": {
        "type": "MultiPolygon",
        "coordinates": [
          [
            [
              [
                121.52004617240938,
                23.886646473402763
              ],
              [
                121.5200307756067,
                23.88666881014331
              ],
              [
                121.5201192989517,
                23.886675264991446
              ],
              [
                121.52004617240938,
                23.886646473402763
              ]
            ]
          ]
        ]
      }
    },
    {
      "id": "160",
      "type": "Feature",
      "properties": {
        "LandUsageZoneName": "農業區",
        "RevitalizationMethodName": "出租",
        "RevitalizartionMethodName": "出租"
      },
      "geometry": {
        "type": "MultiPolygon",
        "coordinates": [
          [
            [
              [
                121.52108615228865,
                23.88484837895762
              ],
              [
                121.52118297388327,
                23.88481921910472
              ],
              [
                121.52123394110617,
                23.88495952231682
              ],
              [
                121.52112925732538,
                23.884990070470185
              ],
              [
                121.52113437404759,
                23.885006888572047
              ],
              [
                121.52125311037409,
                23.884961474568716
              ],
              [
                121.52122597820838,
                23.884905105252002
              ],
              [
                121.52120615492241,
                23.88485436361778
              ],
              [
                121.52120290626605,
                23.88484694518038
              ],
              [
                121.52104643736294,
                23.884585357916688
              ],
              [
                121.5210185703259,
                23.884530820415335
              ],
              [
                121.52100264802175,
                23.884521137853948
              ],
              [
                121.52098467802772,
                23.884514822988727
              ],
              [
                121.52108615228865,
                23.88484837895762
              ]
            ]
          ]
        ]
      }
    },
    {
      "id": "161",
      "type": "Feature",
      "properties": {
        "LandUsageZoneName": "農業區",
        "RevitalizationMethodName": "出租",
        "RevitalizartionMethodName": "出租"
      },
      "geometry": {
        "type": "MultiPolygon",
        "coordinates": [
          [
            [
              [
                121.52096179922418,
                23.884439617307308
              ],
              [
                121.52100893508131,
                23.88447513855142
              ],
              [
                121.52103375183061,
                23.88450264134021
              ],
              [
                121.52109769219952,
                23.88460506001681
              ],
              [
                121.52105430252277,
                23.88450406523204
              ],
              [
                121.52103127551011,
                23.88444973076027
              ],
              [
                121.52102824298065,
                23.88444257524703
              ],
              [
                121.52102654182933,
                23.884438561090416
              ],
              [
                121.52095688453707,
                23.884423460373448
              ],
              [
                121.52095821993092,
                23.884427850491697
              ],
              [
                121.52096027077991,
                23.884434591265588
              ],
              [
                121.52096179922418,
                23.884439617307308
              ]
            ]
          ]
        ]
      }
    },
    {
      "id": "162",
      "type": "Feature",
      "properties": {
        "LandUsageZoneName": "農業區",
        "RevitalizationMethodName": "出租",
        "RevitalizartionMethodName": "出租"
      },
      "geometry": {
        "type": "MultiPolygon",
        "coordinates": [
          [
            [
              [
                121.5199199876917,
                23.883416856352934
              ],
              [
                121.51988132313257,
                23.88336219618674
              ],
              [
                121.51987944131703,
                23.88336358134291
              ],
              [
                121.5198623757429,
                23.883376144799126
              ],
              [
                121.51989860177746,
                23.88343048814735
              ],
              [
                121.51991606526163,
                23.883419205526696
              ],
              [
                121.51991860543801,
                23.883417684509848
              ],
              [
                121.5199199876917,
                23.883416856352934
              ]
            ]
          ]
        ]
      }
    },
    {
      "id": "163",
      "type": "Feature",
      "properties": {
        "LandUsageZoneName": "農業區",
        "RevitalizationMethodName": "出租",
        "RevitalizartionMethodName": "出租"
      },
      "geometry": {
        "type": "MultiPolygon",
        "coordinates": [
          [
            [
              [
                121.52103817979061,
                23.882810599019802
              ],
              [
                121.52103440835133,
                23.882811409089964
              ],
              [
                121.52095590273167,
                23.88282826649614
              ],
              [
                121.52103322775795,
                23.88293567926857
              ],
              [
                121.52109709823847,
                23.882901427357933
              ],
              [
                121.52103817979061,
                23.882810599019802
              ]
            ]
          ],
          [
            [
              [
                121.52113221645493,
                23.882935531914548
              ],
              [
                121.52109195552451,
                23.882957299223865
              ],
              [
                121.52106088456627,
                23.882974097194538
              ],
              [
                121.52108747591647,
                23.883011034279
              ],
              [
                121.52111439585538,
                23.88299662781649
              ],
              [
                121.52115774230457,
                23.88297343062095
              ],
              [
                121.52113233795863,
                23.882935712092387
              ],
              [
                121.52113224509797,
                23.8829355733531
              ],
              [
                121.52113221645493,
                23.882935531914548
              ]
            ]
          ]
        ]
      }
    },
    {
      "id": "164",
      "type": "Feature",
      "properties": {
        "LandUsageZoneName": "農業區",
        "RevitalizationMethodName": "出租",
        "RevitalizartionMethodName": "出租"
      },
      "geometry": {
        "type": "MultiPolygon",
        "coordinates": [
          [
            [
              [
                121.52103818272201,
                23.88281059539808
              ],
              [
                121.521017432716,
                23.882775266540044
              ],
              [
                121.52098063525499,
                23.882786742953662
              ],
              [
                121.5209704508407,
                23.88282514271676
              ],
              [
                121.52097637290616,
                23.88282387118583
              ],
              [
                121.52103288466364,
                23.88281173569743
              ],
              [
                121.52103818272201,
                23.88281059539808
              ]
            ]
          ]
        ]
      }
    },
    {
      "id": "165",
      "type": "Feature",
      "properties": {
        "LandUsageZoneName": "住宅區",
        "RevitalizationMethodName": "出租",
        "RevitalizartionMethodName": "出租"
      },
      "geometry": {
        "type": "MultiPolygon",
        "coordinates": [
          [
            [
              [
                121.53240629765287,
                23.9076095605854
              ],
              [
                121.53240445149623,
                23.90760747395682
              ],
              [
                121.53240153573682,
                23.907604179282732
              ],
              [
                121.53238995755676,
                23.907591096003948
              ],
              [
                121.53248212951368,
                23.907573548729967
              ],
              [
                121.53240629765287,
                23.9076095605854
              ]
            ]
          ]
        ]
      }
    },
    {
      "id": "166",
      "type": "Feature",
      "properties": {
        "LandUsageZoneName": "住宅區",
        "RevitalizationMethodName": "出租",
        "RevitalizartionMethodName": "出租"
      },
      "geometry": {
        "type": "MultiPolygon",
        "coordinates": [
          [
            [
              [
                121.53340844553946,
                23.906591901109568
              ],
              [
                121.53340946521492,
                23.906591473189817
              ],
              [
                121.53341975059661,
                23.90661022593791
              ],
              [
                121.53340844553946,
                23.906591901109568
              ]
            ]
          ]
        ]
      }
    },
    {
      "id": "167",
      "type": "Feature",
      "properties": {
        "LandUsageZoneName": "道路",
        "RevitalizationMethodName": "出租",
        "RevitalizartionMethodName": "出租"
      },
      "geometry": {
        "type": "MultiPolygon",
        "coordinates": [
          [
            [
              [
                121.5329913606777,
                23.90676483586505
              ],
              [
                121.53301356798809,
                23.906801235960735
              ],
              [
                121.53295265403725,
                23.906827298319456
              ],
              [
                121.5329491308741,
                23.906820782256187
              ],
              [
                121.53293841288215,
                23.90680094563891
              ],
              [
                121.53293260953686,
                23.90679020628935
              ],
              [
                121.5329913606777,
                23.90676483586505
              ]
            ]
          ]
        ]
      }
    },
    {
      "id": "168",
      "type": "Feature",
      "properties": {
        "LandUsageZoneName": "住宅區",
        "RevitalizationMethodName": "出租",
        "RevitalizartionMethodName": "出租"
      },
      "geometry": {
        "type": "MultiPolygon",
        "coordinates": [
          [
            [
              [
                121.53226743768825,
                23.90658950688562
              ],
              [
                121.53227084278316,
                23.906595022010748
              ],
              [
                121.53223567470687,
                23.90661315833547
              ],
              [
                121.5322205581543,
                23.906618591286808
              ],
              [
                121.53220440078458,
                23.906620009744746
              ],
              [
                121.53226743768825,
                23.90658950688562
              ]
            ]
          ]
        ]
      }
    },
    {
      "id": "169",
      "type": "Feature",
      "properties": {
        "LandUsageZoneName": "道路",
        "RevitalizationMethodName": "出租",
        "RevitalizartionMethodName": "出租"
      },
      "geometry": {
        "type": "MultiPolygon",
        "coordinates": [
          [
            [
              [
                121.5322173385608,
                23.906733455806844
              ],
              [
                121.53218473649909,
                23.90671074224948
              ],
              [
                121.53221919577469,
                23.906691234110824
              ],
              [
                121.53223930442716,
                23.906721020308158
              ],
              [
                121.5322173385608,
                23.906733455806844
              ]
            ]
          ]
        ]
      }
    },
    {
      "id": "170",
      "type": "Feature",
      "properties": {
        "LandUsageZoneName": "住宅區",
        "RevitalizationMethodName": "出租",
        "RevitalizartionMethodName": "出租"
      },
      "geometry": {
        "type": "MultiPolygon",
        "coordinates": [
          [
            [
              [
                121.531121815353,
                23.907282151117755
              ],
              [
                121.53109494439286,
                23.907275110676622
              ],
              [
                121.53109260799826,
                23.907268175117814
              ],
              [
                121.5311085942903,
                23.90725058476328
              ],
              [
                121.531121815353,
                23.907282151117755
              ]
            ]
          ]
        ]
      }
    },
    {
      "id": "171",
      "type": "Feature",
      "properties": {
        "LandUsageZoneName": "住宅區",
        "RevitalizationMethodName": "出租",
        "RevitalizartionMethodName": "出租"
      },
      "geometry": {
        "type": "MultiPolygon",
        "coordinates": [
          [
            [
              [
                121.53095536141521,
                23.907162675203985
              ],
              [
                121.53096398270439,
                23.907164592181047
              ],
              [
                121.53097048067961,
                23.90716508983985
              ],
              [
                121.53098893197404,
                23.907165962481436
              ],
              [
                121.53098671195823,
                23.907166836971786
              ],
              [
                121.53098031372427,
                23.90716935750613
              ],
              [
                121.53097263289895,
                23.907172382698928
              ],
              [
                121.53096217313195,
                23.907176502823283
              ],
              [
                121.53082274936776,
                23.907231418046138
              ],
              [
                121.53091782562544,
                23.907179513750858
              ],
              [
                121.53094443287499,
                23.907164801442683
              ],
              [
                121.53094724725263,
                23.907163244985078
              ],
              [
                121.53094905719767,
                23.907162244596243
              ],
              [
                121.53095050456369,
                23.90716144410661
              ],
              [
                121.53095536141521,
                23.907162675203985
              ]
            ]
          ]
        ]
      }
    },
    {
      "id": "172",
      "type": "Feature",
      "properties": {
        "LandUsageZoneName": "住宅區",
        "RevitalizationMethodName": "出租",
        "RevitalizartionMethodName": "出租"
      },
      "geometry": {
        "type": "MultiPolygon",
        "coordinates": [
          [
            [
              [
                121.530989850012,
                23.906253038319676
              ],
              [
                121.530994624086,
                23.906257335192446
              ],
              [
                121.53097479289195,
                23.90626893604877
              ],
              [
                121.53096068373695,
                23.906277188899995
              ],
              [
                121.53094301299905,
                23.906287525396834
              ],
              [
                121.53098780059939,
                23.90625119346061
              ],
              [
                121.530989850012,
                23.906253038319676
              ]
            ]
          ]
        ]
      }
    },
    {
      "id": "173",
      "type": "Feature",
      "properties": {
        "LandUsageZoneName": "住宅區",
        "RevitalizationMethodName": "出租",
        "RevitalizartionMethodName": "出租"
      },
      "geometry": {
        "type": "MultiPolygon",
        "coordinates": [
          [
            [
              [
                121.5313664711123,
                23.906130160743906
              ],
              [
                121.53122035813298,
                23.906219404927796
              ],
              [
                121.53129822872424,
                23.906334113918728
              ],
              [
                121.53129348197828,
                23.906338668507356
              ],
              [
                121.53128700656181,
                23.90634488145297
              ],
              [
                121.53126069693568,
                23.906370124713206
              ],
              [
                121.53125998425128,
                23.906368769149605
              ],
              [
                121.5312585093849,
                23.90636596248145
              ],
              [
                121.53125234267074,
                23.906354229278183
              ],
              [
                121.5311899421325,
                23.906235504716925
              ],
              [
                121.53136087120609,
                23.906118694663032
              ],
              [
                121.5313664711123,
                23.906130160743906
              ]
            ]
          ]
        ]
      }
    },
    {
      "id": "174",
      "type": "Feature",
      "properties": {
        "LandUsageZoneName": "住宅區",
        "RevitalizationMethodName": "出租",
        "RevitalizartionMethodName": "出租"
      },
      "geometry": {
        "type": "MultiPolygon",
        "coordinates": [
          [
            [
              [
                121.53184139775702,
                23.90557300344945
              ],
              [
                121.53179794896236,
                23.905592932660188
              ],
              [
                121.53179642165689,
                23.905593633207445
              ],
              [
                121.53177421594863,
                23.90555292858945
              ],
              [
                121.53181819974905,
                23.90552861736064
              ],
              [
                121.53184139775702,
                23.90557300344945
              ]
            ]
          ]
        ]
      }
    },
    {
      "id": "175",
      "type": "Feature",
      "properties": {
        "LandUsageZoneName": "農業區",
        "RevitalizationMethodName": "出租",
        "RevitalizartionMethodName": "出租"
      },
      "geometry": {
        "type": "MultiPolygon",
        "coordinates": [
          [
            [
              [
                121.54388709277039,
                23.905174444335312
              ],
              [
                121.5434760179553,
                23.90602720252687
              ],
              [
                121.54343949278297,
                23.90600832468591
              ],
              [
                121.54361050798214,
                23.905652548258256
              ],
              [
                121.543848068109,
                23.905158349262518
              ],
              [
                121.54388709277039,
                23.905174444335312
              ]
            ]
          ],
          [
            [
              [
                121.54481558025012,
                23.90328258984355
              ],
              [
                121.54461585451423,
                23.90368980513721
              ],
              [
                121.54456087680843,
                23.903665315195287
              ],
              [
                121.54456183089988,
                23.903663312704413
              ],
              [
                121.54460208773418,
                23.90357882999736
              ],
              [
                121.54457002794527,
                23.903566311366696
              ],
              [
                121.54460126586785,
                23.90350924320005
              ],
              [
                121.54474012449606,
                23.903255517854337
              ],
              [
                121.54481558025012,
                23.90328258984355
              ]
            ]
          ],
          [
            [
              [
                121.54449540085791,
                23.903848487494162
              ],
              [
                121.54453172158196,
                23.90386134049108
              ],
              [
                121.54428544968569,
                23.904363450452728
              ],
              [
                121.54423855722874,
                23.904341684855115
              ],
              [
                121.54431767950864,
                23.904175651863067
              ],
              [
                121.54438878911452,
                23.904026432875842
              ],
              [
                121.54447673543096,
                23.903841882643658
              ],
              [
                121.54447697492336,
                23.903841378857354
              ],
              [
                121.54449540085791,
                23.903848487494162
              ]
            ]
          ],
          [
            [
              [
                121.54324667592772,
                23.906502955513215
              ],
              [
                121.54300277628404,
                23.907008906059374
              ],
              [
                121.54296569614287,
                23.906994062606916
              ],
              [
                121.54310831043412,
                23.906698267381874
              ],
              [
                121.5432071542373,
                23.906491623250837
              ],
              [
                121.54324667592772,
                23.906502955513215
              ]
            ]
          ],
          [
            [
              [
                121.54499893724413,
                23.90290874541976
              ],
              [
                121.54486417568172,
                23.903183508566404
              ],
              [
                121.54479438653034,
                23.9031563722834
              ],
              [
                121.5448812359847,
                23.902997674211186
              ],
              [
                121.5449388947669,
                23.90289192508128
              ],
              [
                121.54494230520562,
                23.90288595990339
              ],
              [
                121.54499893724413,
                23.90290874541976
              ]
            ]
          ],
          [
            [
              [
                121.54405192714945,
                23.904839564375138
              ],
              [
                121.54390152688123,
                23.905146203454755
              ],
              [
                121.5438619959867,
                23.90513188084396
              ],
              [
                121.54400868574717,
                23.904824045888
              ],
              [
                121.54405192714945,
                23.904839564375138
              ]
            ]
          ],
          [
            [
              [
                121.54293495150203,
                23.90714960076992
              ],
              [
                121.54288987383887,
                23.907155015033485
              ],
              [
                121.54291313175979,
                23.90710531900644
              ],
              [
                121.54293373560117,
                23.907087763513832
              ],
              [
                121.54296943829256,
                23.907057346485
              ],
              [
                121.54297780181322,
                23.907060059187504
              ],
              [
                121.54296699973774,
                23.90708206137592
              ],
              [
                121.54296755523701,
                23.90708196641159
              ],
              [
                121.54293495150203,
                23.90714960076992
              ]
            ]
          ]
        ]
      }
    },
    {
      "id": "176",
      "type": "Feature",
      "properties": {
        "LandUsageZoneName": "農業區",
        "RevitalizationMethodName": "出租",
        "RevitalizartionMethodName": "出租"
      },
      "geometry": {
        "type": "MultiPolygon",
        "coordinates": [
          [
            [
              [
                121.5449388947669,
                23.90289192508128
              ],
              [
                121.54335117375562,
                23.90225467495689
              ],
              [
                121.54335394319496,
                23.902246892649565
              ],
              [
                121.54494230520562,
                23.90288595990339
              ],
              [
                121.5449388947669,
                23.90289192508128
              ]
            ]
          ]
        ]
      }
    },
    {
      "id": "177",
      "type": "Feature",
      "properties": {
        "LandUsageZoneName": "農業區",
        "RevitalizationMethodName": "出租",
        "RevitalizartionMethodName": "出租"
      },
      "geometry": {
        "type": "MultiPolygon",
        "coordinates": [
          [
            [
              [
                121.54335394319496,
                23.902246892649565
              ],
              [
                121.54335452270676,
                23.90224526350105
              ],
              [
                121.54494389634972,
                23.902883175914287
              ],
              [
                121.54494230520562,
                23.90288595990339
              ],
              [
                121.54335394319496,
                23.902246892649565
              ]
            ]
          ]
        ]
      }
    },
    {
      "id": "178",
      "type": "Feature",
      "properties": {
        "LandUsageZoneName": "農業區",
        "RevitalizationMethodName": "出租",
        "RevitalizartionMethodName": "出租"
      },
      "geometry": {
        "type": "MultiPolygon",
        "coordinates": [
          [
            [
              [
                121.54991138930045,
                23.888317860106596
              ],
              [
                121.54982258460255,
                23.888485629102806
              ],
              [
                121.54982933855186,
                23.88848834720609
              ],
              [
                121.5499025523448,
                23.88835017911728
              ],
              [
                121.54991736375078,
                23.88831668118199
              ],
              [
                121.54991138930045,
                23.888317860106596
              ]
            ]
          ]
        ]
      }
    },
    {
      "id": "179",
      "type": "Feature",
      "properties": {
        "LandUsageZoneName": "農業區",
        "RevitalizationMethodName": "出租",
        "RevitalizartionMethodName": "出租"
      },
      "geometry": {
        "type": "MultiPolygon",
        "coordinates": [
          [
            [
              [
                121.55009736900749,
                23.88850958354221
              ],
              [
                121.54999236112882,
                23.888458048737775
              ],
              [
                121.54994756708885,
                23.88853591609894
              ],
              [
                121.55006185018283,
                23.888581901698092
              ],
              [
                121.55009736900749,
                23.88850958354221
              ]
            ]
          ]
        ]
      }
    },
    {
      "id": "180",
      "type": "Feature",
      "properties": {
        "LandUsageZoneName": "農業區",
        "RevitalizationMethodName": "出租",
        "RevitalizartionMethodName": "出租"
      },
      "geometry": {
        "type": "MultiPolygon",
        "coordinates": [
          [
            [
              [
                121.55131038185392,
                23.888801127408147
              ],
              [
                121.55136258100539,
                23.888724077380093
              ],
              [
                121.55140536653616,
                23.888660921238596
              ],
              [
                121.55128606788341,
                23.888613564987157
              ],
              [
                121.55122894949963,
                23.888756118527443
              ],
              [
                121.55131038185392,
                23.888801127408147
              ]
            ]
          ]
        ]
      }
    },
    {
      "id": "181",
      "type": "Feature",
      "properties": {
        "LandUsageZoneName": "農業區",
        "RevitalizationMethodName": "出租",
        "RevitalizartionMethodName": "出租"
      },
      "geometry": {
        "type": "MultiPolygon",
        "coordinates": [
          [
            [
              [
                121.5420144245832,
                23.889596761144446
              ],
              [
                121.54197376348326,
                23.889637367077274
              ],
              [
                121.5420456311125,
                23.889609961500497
              ],
              [
                121.54209739089663,
                23.88959998221208
              ],
              [
                121.54233424406507,
                23.889602488437056
              ],
              [
                121.54258017804513,
                23.889651400654618
              ],
              [
                121.54270580966308,
                23.889673115812514
              ],
              [
                121.54296341226228,
                23.889724857615146
              ],
              [
                121.54297223268708,
                23.889699435721813
              ],
              [
                121.54268180937387,
                23.8896425635946
              ],
              [
                121.54258328520899,
                23.88962645943031
              ],
              [
                121.54233655360025,
                23.889579364944645
              ],
              [
                121.54209413056692,
                23.88957640881579
              ],
              [
                121.54203484820536,
                23.889588662932965
              ],
              [
                121.5420144245832,
                23.889596761144446
              ]
            ]
          ]
        ]
      }
    },
    {
      "id": "182",
      "type": "Feature",
      "properties": {
        "LandUsageZoneName": "農業區",
        "RevitalizationMethodName": "出租",
        "RevitalizartionMethodName": "出租"
      },
      "geometry": {
        "type": "MultiPolygon",
        "coordinates": [
          [
            [
              [
                121.54522745654552,
                23.886635223366632
              ],
              [
                121.54545738777011,
                23.886730635181298
              ],
              [
                121.54542517541398,
                23.886652635723546
              ],
              [
                121.54533938304141,
                23.886616208051063
              ],
              [
                121.54502149691707,
                23.886497811661684
              ],
              [
                121.54468273181809,
                23.886383533698226
              ],
              [
                121.54460389133928,
                23.886330448780555
              ],
              [
                121.54456512834768,
                23.886364735289476
              ],
              [
                121.54464523675502,
                23.886418095651482
              ],
              [
                121.54478362110595,
                23.88645844592653
              ],
              [
                121.54501525199584,
                23.886547170614044
              ],
              [
                121.54522745654552,
                23.886635223366632
              ]
            ]
          ]
        ]
      }
    },
    {
      "id": "183",
      "type": "Feature",
      "properties": {
        "LandUsageZoneName": "農業區",
        "RevitalizationMethodName": "出租",
        "RevitalizartionMethodName": "出租"
      },
      "geometry": {
        "type": "MultiPolygon",
        "coordinates": [
          [
            [
              [
                121.53318109465702,
                23.880281842423724
              ],
              [
                121.53308229574534,
                23.880155913151686
              ],
              [
                121.53306875627045,
                23.880189377154494
              ],
              [
                121.53306788915577,
                23.88019152104142
              ],
              [
                121.5330676558553,
                23.880192098831596
              ],
              [
                121.53307856103575,
                23.880201131148276
              ],
              [
                121.53306176994315,
                23.880219157918827
              ],
              [
                121.533077430972,
                23.880231374705385
              ],
              [
                121.5330339707592,
                23.880284540765267
              ],
              [
                121.53316916934922,
                23.880345465540632
              ],
              [
                121.53319035367329,
                23.880293644350804
              ],
              [
                121.53318109465702,
                23.880281842423724
              ]
            ]
          ]
        ]
      }
    },
    {
      "id": "184",
      "type": "Feature",
      "properties": {
        "LandUsageZoneName": "農業區",
        "RevitalizationMethodName": "出租",
        "RevitalizartionMethodName": "出租"
      },
      "geometry": {
        "type": "MultiPolygon",
        "coordinates": [
          [
            [
              [
                121.53115958310096,
                23.880701312143984
              ],
              [
                121.53110536658856,
                23.880796814179266
              ],
              [
                121.53126182330833,
                23.880864762618433
              ],
              [
                121.53130651566987,
                23.880764661298077
              ],
              [
                121.53115958310096,
                23.880701312143984
              ]
            ]
          ]
        ]
      }
    },
    {
      "id": "185",
      "type": "Feature",
      "properties": {
        "LandUsageZoneName": "農業區",
        "RevitalizationMethodName": "出租",
        "RevitalizartionMethodName": "出租"
      },
      "geometry": {
        "type": "MultiPolygon",
        "coordinates": [
          [
            [
              [
                121.53113012235369,
                23.880616554988002
              ],
              [
                121.53094516667666,
                23.880728345753337
              ],
              [
                121.53110536658856,
                23.880796814179266
              ],
              [
                121.53115958310096,
                23.880701312143984
              ],
              [
                121.53130651566987,
                23.880764661298077
              ],
              [
                121.53139462385882,
                23.880564508172228
              ],
              [
                121.53128735061873,
                23.880500724228792
              ],
              [
                121.53123885892884,
                23.88054327587858
              ],
              [
                121.53113012235369,
                23.880616554988002
              ]
            ]
          ]
        ]
      }
    },
    {
      "id": "186",
      "type": "Feature",
      "properties": {
        "LandUsageZoneName": "農業區",
        "RevitalizationMethodName": "出租",
        "RevitalizartionMethodName": "出租"
      },
      "geometry": {
        "type": "MultiPolygon",
        "coordinates": [
          [
            [
              [
                121.52952742042012,
                23.887188364843208
              ],
              [
                121.52952446349472,
                23.887287735987616
              ],
              [
                121.52955094874689,
                23.88730190144144
              ],
              [
                121.52955600604237,
                23.887188270082113
              ],
              [
                121.52952742042012,
                23.887188364843208
              ]
            ]
          ]
        ]
      }
    },
    {
      "id": "187",
      "type": "Feature",
      "properties": {
        "LandUsageZoneName": "農業區",
        "RevitalizationMethodName": "出租",
        "RevitalizartionMethodName": "出租"
      },
      "geometry": {
        "type": "MultiPolygon",
        "coordinates": [
          [
            [
              [
                121.52955754936451,
                23.88677177235546
              ],
              [
                121.52947964045285,
                23.886736238680346
              ],
              [
                121.52947034085065,
                23.88678640399371
              ],
              [
                121.52978421077898,
                23.886857367875674
              ],
              [
                121.52979887639069,
                23.886860858733307
              ],
              [
                121.52984577609394,
                23.886961048751857
              ],
              [
                121.52995936017427,
                23.886872412794062
              ],
              [
                121.52986209418384,
                23.886841271086915
              ],
              [
                121.52983207766972,
                23.88680587064495
              ],
              [
                121.52955754936451,
                23.88677177235546
              ]
            ]
          ]
        ]
      }
    },
    {
      "id": "188",
      "type": "Feature",
      "properties": {
        "LandUsageZoneName": "農業區",
        "RevitalizationMethodName": "出租",
        "RevitalizartionMethodName": "出租"
      },
      "geometry": {
        "type": "MultiPolygon",
        "coordinates": [
          [
            [
              [
                121.5282709738446,
                23.886853508372006
              ],
              [
                121.52824311318214,
                23.886881943852988
              ],
              [
                121.52822737884782,
                23.886922386602638
              ],
              [
                121.52830124899883,
                23.886935532711547
              ],
              [
                121.52824479979668,
                23.88690891896705
              ],
              [
                121.5282709738446,
                23.886853508372006
              ]
            ]
          ]
        ]
      }
    },
    {
      "id": "189",
      "type": "Feature",
      "properties": {
        "LandUsageZoneName": "農業區",
        "RevitalizationMethodName": "出租",
        "RevitalizartionMethodName": "出租"
      },
      "geometry": {
        "type": "MultiPolygon",
        "coordinates": [
          [
            [
              [
                121.52845807083195,
                23.886374343836994
              ],
              [
                121.52831284054004,
                23.886317435972366
              ],
              [
                121.52823025754533,
                23.886482552126868
              ],
              [
                121.52837721351452,
                23.88654119231014
              ],
              [
                121.52845807083195,
                23.886374343836994
              ]
            ]
          ]
        ]
      }
    },
    {
      "id": "190",
      "type": "Feature",
      "properties": {
        "LandUsageZoneName": "農業區",
        "RevitalizationMethodName": "出租",
        "RevitalizartionMethodName": "出租"
      },
      "geometry": {
        "type": "MultiPolygon",
        "coordinates": [
          [
            [
              [
                121.52869550418927,
                23.88544277503417
              ],
              [
                121.52866528062836,
                23.885437463003054
              ],
              [
                121.52870011530933,
                23.8854572036074
              ],
              [
                121.52871570815996,
                23.88549801462851
              ],
              [
                121.52871219684722,
                23.88553505467198
              ],
              [
                121.52868394885178,
                23.885595192165177
              ],
              [
                121.52868832044628,
                23.885596589352478
              ],
              [
                121.52882273469932,
                23.885639541104428
              ],
              [
                121.52887792168262,
                23.88553789651741
              ],
              [
                121.52872296683171,
                23.88547090674875
              ],
              [
                121.52871178948503,
                23.88545945697918
              ],
              [
                121.52869550418927,
                23.88544277503417
              ]
            ]
          ]
        ]
      }
    },
    {
      "id": "191",
      "type": "Feature",
      "properties": {
        "LandUsageZoneName": "農業區",
        "RevitalizationMethodName": "出租",
        "RevitalizartionMethodName": "出租"
      },
      "geometry": {
        "type": "MultiPolygon",
        "coordinates": [
          [
            [
              [
                121.52791239466252,
                23.885552941117517
              ],
              [
                121.52799419019212,
                23.885641483221733
              ],
              [
                121.52800427158296,
                23.885616391898363
              ],
              [
                121.52801877571004,
                23.88562127221288
              ],
              [
                121.52805797289444,
                23.88555743491934
              ],
              [
                121.52799300832727,
                23.885519634804982
              ],
              [
                121.52798915408185,
                23.88552569776295
              ],
              [
                121.52793892145185,
                23.885505355188318
              ],
              [
                121.52791239466252,
                23.885552941117517
              ]
            ]
          ]
        ]
      }
    },
    {
      "id": "192",
      "type": "Feature",
      "properties": {
        "LandUsageZoneName": "農業區",
        "RevitalizationMethodName": "出租",
        "RevitalizartionMethodName": "出租"
      },
      "geometry": {
        "type": "MultiPolygon",
        "coordinates": [
          [
            [
              [
                121.54690980330264,
                23.909455567942523
              ],
              [
                121.54690724708391,
                23.909466622707324
              ],
              [
                121.54690635095854,
                23.909470497704106
              ],
              [
                121.5466676262963,
                23.909389386663907
              ],
              [
                121.54666904791705,
                23.90938668633189
              ],
              [
                121.54667156570652,
                23.909381901727453
              ],
              [
                121.54667457278566,
                23.909374355996718
              ],
              [
                121.54690980330264,
                23.909455567942523
              ]
            ]
          ]
        ]
      }
    },
    {
      "id": "193",
      "type": "Feature",
      "properties": {
        "LandUsageZoneName": "農業區",
        "RevitalizationMethodName": "出租",
        "RevitalizartionMethodName": "出租"
      },
      "geometry": {
        "type": "MultiPolygon",
        "coordinates": [
          [
            [
              [
                121.54653345894923,
                23.909477058765795
              ],
              [
                121.54657821407001,
                23.909341089280076
              ],
              [
                121.54662855929593,
                23.90935847070804
              ],
              [
                121.54660017596949,
                23.909411076703297
              ],
              [
                121.54656483062045,
                23.90948530487818
              ],
              [
                121.54653345894923,
                23.909477058765795
              ]
            ]
          ]
        ]
      }
    },
    {
      "id": "194",
      "type": "Feature",
      "properties": {
        "LandUsageZoneName": "農業區",
        "RevitalizationMethodName": "出租",
        "RevitalizartionMethodName": "出租"
      },
      "geometry": {
        "type": "MultiPolygon",
        "coordinates": [
          [
            [
              [
                121.5467033458356,
                23.90546782429911
              ],
              [
                121.54669745407197,
                23.905482552349113
              ],
              [
                121.54677941300982,
                23.905545521027786
              ],
              [
                121.54676566389291,
                23.905587737261744
              ],
              [
                121.54684664689029,
                23.905621806227177
              ],
              [
                121.54671532489787,
                23.905866879882463
              ],
              [
                121.54662360318477,
                23.905806212258515
              ],
              [
                121.54664660772784,
                23.905601379559712
              ],
              [
                121.5466783553493,
                23.905509148652566
              ],
              [
                121.54666467516579,
                23.90549349965007
              ],
              [
                121.54660039156303,
                23.905419962366548
              ],
              [
                121.5467033458356,
                23.90546782429911
              ]
            ]
          ]
        ]
      }
    },
    {
      "id": "195",
      "type": "Feature",
      "properties": {
        "LandUsageZoneName": "道路",
        "RevitalizationMethodName": "出租",
        "RevitalizartionMethodName": "出租"
      },
      "geometry": {
        "type": "MultiPolygon",
        "coordinates": [
          [
            [
              [
                121.55111376194034,
                23.89989400904952
              ],
              [
                121.55106652139297,
                23.89986576273988
              ],
              [
                121.55105179142859,
                23.899787313790327
              ],
              [
                121.55092429087705,
                23.899721160530824
              ],
              [
                121.5508675729071,
                23.899736876201587
              ],
              [
                121.55105729922529,
                23.899348943104282
              ],
              [
                121.55106771729758,
                23.89932764151046
              ],
              [
                121.55091407998425,
                23.899689386478176
              ],
              [
                121.55107188546526,
                23.899775828622115
              ],
              [
                121.55108837724869,
                23.89985287169836
              ],
              [
                121.55112365529386,
                23.899873791959642
              ],
              [
                121.55111376194034,
                23.89989400904952
              ]
            ]
          ]
        ]
      }
    },
    {
      "id": "196",
      "type": "Feature",
      "properties": {
        "LandUsageZoneName": "農業區",
        "RevitalizationMethodName": "出租",
        "RevitalizartionMethodName": "出租"
      },
      "geometry": {
        "type": "MultiPolygon",
        "coordinates": [
          [
            [
              [
                121.55700521532364,
                23.896850842693123
              ],
              [
                121.55694739228944,
                23.89682361167578
              ],
              [
                121.55692876418563,
                23.896814848354794
              ],
              [
                121.55692740368504,
                23.896804451398925
              ],
              [
                121.55686332117469,
                23.89676717521768
              ],
              [
                121.55681695150027,
                23.89675655292266
              ],
              [
                121.55679679276295,
                23.896752698096055
              ],
              [
                121.55666816728672,
                23.89669213381947
              ],
              [
                121.55675189336425,
                23.896606078495275
              ],
              [
                121.55700463302036,
                23.896384737568944
              ],
              [
                121.55712049209797,
                23.896319369458105
              ],
              [
                121.55717815168813,
                23.896280993304302
              ],
              [
                121.55719494073412,
                23.89625707678879
              ],
              [
                121.55745548013779,
                23.895713546507274
              ],
              [
                121.55751114634577,
                23.89559741616053
              ],
              [
                121.55762233251754,
                23.895365471965352
              ],
              [
                121.55770679012709,
                23.895189281886392
              ],
              [
                121.55782933450895,
                23.8949336302733
              ],
              [
                121.5579624294567,
                23.894655971735357
              ],
              [
                121.55810913111124,
                23.894349929421853
              ],
              [
                121.55812712388351,
                23.894357168940985
              ],
              [
                121.55798538629864,
                23.89465285458876
              ],
              [
                121.55785117205038,
                23.894932846793072
              ],
              [
                121.55771099063845,
                23.89522529401228
              ],
              [
                121.55753406450972,
                23.89559439854272
              ],
              [
                121.55747178918334,
                23.89572430464202
              ],
              [
                121.55720195412223,
                23.896287209619313
              ],
              [
                121.55712633104852,
                23.896338987281215
              ],
              [
                121.55701640872057,
                23.896400956900052
              ],
              [
                121.55676273671752,
                23.896631619572467
              ],
              [
                121.55669562374614,
                23.89669850854761
              ],
              [
                121.5567348672034,
                23.896707684876773
              ],
              [
                121.55679216934935,
                23.89672108480322
              ],
              [
                121.55691990893165,
                23.896776568623423
              ],
              [
                121.55696492869909,
                23.89680219362633
              ],
              [
                121.55700521532364,
                23.896850842693123
              ]
            ]
          ]
        ]
      }
    },
    {
      "id": "197",
      "type": "Feature",
      "properties": {
        "LandUsageZoneName": "農業區",
        "RevitalizationMethodName": "出租",
        "RevitalizartionMethodName": "出租"
      },
      "geometry": {
        "type": "MultiPolygon",
        "coordinates": [
          [
            [
              [
                121.55468108589692,
                23.8909183285963
              ],
              [
                121.55468798022645,
                23.890906346185574
              ],
              [
                121.55471992362901,
                23.890864689366747
              ],
              [
                121.55474422830058,
                23.890824290793365
              ],
              [
                121.55471789004604,
                23.890837561484982
              ],
              [
                121.55466589110014,
                23.89089956436313
              ],
              [
                121.5546620838666,
                23.89090955560659
              ],
              [
                121.55468108589692,
                23.8909183285963
              ]
            ]
          ]
        ]
      }
    },
    {
      "id": "198",
      "type": "Feature",
      "properties": {
        "LandUsageZoneName": "農業區",
        "RevitalizationMethodName": "出租",
        "RevitalizartionMethodName": "出租"
      },
      "geometry": {
        "type": "MultiPolygon",
        "coordinates": [
          [
            [
              [
                121.552354083664,
                23.888946997340998
              ],
              [
                121.55230076092657,
                23.889062747328957
              ],
              [
                121.55214589964486,
                23.889005352271017
              ],
              [
                121.55222354045829,
                23.88886495502365
              ],
              [
                121.55233329167832,
                23.888666473565983
              ],
              [
                121.55246114724406,
                23.88871458383558
              ],
              [
                121.5524049347024,
                23.88883659259811
              ],
              [
                121.552354083664,
                23.888946997340998
              ]
            ],
            [
              [
                121.55221690960887,
                23.888924101690677
              ],
              [
                121.55226560701306,
                23.888942262062887
              ],
              [
                121.5522910168148,
                23.888890979437413
              ],
              [
                121.55224409882427,
                23.88887281810412
              ],
              [
                121.55221690960887,
                23.888924101690677
              ]
            ]
          ]
        ]
      }
    },
    {
      "id": "199",
      "type": "Feature",
      "properties": {
        "LandUsageZoneName": "農業區",
        "RevitalizationMethodName": "出租",
        "RevitalizartionMethodName": "出租"
      },
      "geometry": {
        "type": "MultiPolygon",
        "coordinates": [
          [
            [
              [
                121.552354083664,
                23.888946997340998
              ],
              [
                121.55242251886995,
                23.88897680158268
              ],
              [
                121.5525320167427,
                23.889026223754733
              ],
              [
                121.55249133535898,
                23.889133368515914
              ],
              [
                121.55230076092657,
                23.889062747328957
              ],
              [
                121.552354083664,
                23.888946997340998
              ]
            ]
          ]
        ]
      }
    },
    {
      "id": "200",
      "type": "Feature",
      "properties": {
        "LandUsageZoneName": "農業區",
        "RevitalizationMethodName": "出租",
        "RevitalizartionMethodName": "出租"
      },
      "geometry": {
        "type": "MultiPolygon",
        "coordinates": [
          [
            [
              [
                121.55242251886995,
                23.88897680158268
              ],
              [
                121.552354083664,
                23.888946997340998
              ],
              [
                121.5524049347024,
                23.88883659259811
              ],
              [
                121.55247985829688,
                23.888879646775628
              ],
              [
                121.55242251886995,
                23.88897680158268
              ]
            ]
          ]
        ]
      }
    },
    {
      "id": "201",
      "type": "Feature",
      "properties": {
        "LandUsageZoneName": "農業區",
        "RevitalizationMethodName": "出租",
        "RevitalizartionMethodName": "出租"
      },
      "geometry": {
        "type": "MultiPolygon",
        "coordinates": [
          [
            [
              [
                121.5525320167427,
                23.889026223754733
              ],
              [
                121.55242251886995,
                23.88897680158268
              ],
              [
                121.55247985829688,
                23.888879646775628
              ],
              [
                121.5524049347024,
                23.88883659259811
              ],
              [
                121.55246114724406,
                23.88871458383558
              ],
              [
                121.55247397310967,
                23.888719404644227
              ],
              [
                121.5526240577055,
                23.888775877472494
              ],
              [
                121.55259661630632,
                23.888855832259406
              ],
              [
                121.5525320167427,
                23.889026223754733
              ]
            ]
          ]
        ]
      }
    },
    {
      "id": "202",
      "type": "Feature",
      "properties": {
        "LandUsageZoneName": "農業區",
        "RevitalizationMethodName": "出租",
        "RevitalizartionMethodName": "出租"
      },
      "geometry": {
        "type": "MultiPolygon",
        "coordinates": [
          [
            [
              [
                121.5520968786737,
                23.8885775243838
              ],
              [
                121.55233329167832,
                23.888666473565983
              ],
              [
                121.55222354045829,
                23.88886495502365
              ],
              [
                121.5519949932677,
                23.888778370259068
              ],
              [
                121.5520968786737,
                23.8885775243838
              ]
            ]
          ]
        ]
      }
    },
    {
      "id": "203",
      "type": "Feature",
      "properties": {
        "LandUsageZoneName": "農業區",
        "RevitalizationMethodName": "出租",
        "RevitalizartionMethodName": "出租"
      },
      "geometry": {
        "type": "MultiPolygon",
        "coordinates": [
          [
            [
              [
                121.55291079281959,
                23.888925656832235
              ],
              [
                121.55259661630632,
                23.888855832259406
              ],
              [
                121.5526240577055,
                23.888775877472494
              ],
              [
                121.55273112352222,
                23.888812931607948
              ],
              [
                121.55283903602599,
                23.88852812697779
              ],
              [
                121.55284071742744,
                23.888528637419768
              ],
              [
                121.55284925127681,
                23.888531228000158
              ],
              [
                121.55299235922817,
                23.888574669893
              ],
              [
                121.55291079281959,
                23.888925656832235
              ]
            ]
          ]
        ]
      }
    },
    {
      "id": "204",
      "type": "Feature",
      "properties": {
        "LandUsageZoneName": "農業區",
        "RevitalizationMethodName": "出租",
        "RevitalizartionMethodName": "出租"
      },
      "geometry": {
        "type": "MultiPolygon",
        "coordinates": [
          [
            [
              [
                121.54581374277197,
                23.921839003442596
              ],
              [
                121.54578696625076,
                23.921849493160597
              ],
              [
                121.54574712913946,
                23.92178132544232
              ],
              [
                121.54592962860188,
                23.921710193919296
              ],
              [
                121.54596013463474,
                23.92178123989516
              ],
              [
                121.5459178093563,
                23.921800701388683
              ],
              [
                121.54591679873815,
                23.92179862821759
              ],
              [
                121.54581374277197,
                23.921839003442596
              ]
            ]
          ]
        ]
      }
    },
    {
      "id": "205",
      "type": "Feature",
      "properties": {
        "LandUsageZoneName": "一般農業區",
        "RevitalizationMethodName": "出租",
        "RevitalizartionMethodName": "出租"
      },
      "geometry": {
        "type": "MultiPolygon",
        "coordinates": [
          [
            [
              [
                121.51489274590817,
                23.844243694812068
              ],
              [
                121.51479743938674,
                23.844448189532248
              ],
              [
                121.51471635854743,
                23.844398698749902
              ],
              [
                121.51467970672144,
                23.844332589693614
              ],
              [
                121.51475540335407,
                23.844300128554877
              ],
              [
                121.51475506407306,
                23.84423657996768
              ],
              [
                121.51489274590817,
                23.844243694812068
              ]
            ]
          ],
          [
            [
              [
                121.51494258602183,
                23.844557665947534
              ],
              [
                121.51488292536477,
                23.84455417224777
              ],
              [
                121.51489037811068,
                23.84450491843496
              ],
              [
                121.51488724882613,
                23.84450300831418
              ],
              [
                121.51488440393153,
                23.844501271512634
              ],
              [
                121.51494863398565,
                23.84435831380167
              ],
              [
                121.51494258602183,
                23.844557665947534
              ]
            ]
          ]
        ]
      }
    },
    {
      "id": "206",
      "type": "Feature",
      "properties": {
        "LandUsageZoneName": "住宅區",
        "RevitalizationMethodName": "出租",
        "RevitalizartionMethodName": "出租"
      },
      "geometry": {
        "type": "MultiPolygon",
        "coordinates": [
          [
            [
              [
                121.5297054292416,
                23.902014883611386
              ],
              [
                121.52959634867612,
                23.901984170911607
              ],
              [
                121.52956672217685,
                23.90198510362961
              ],
              [
                121.52956057148869,
                23.90198203674102
              ],
              [
                121.52959591924778,
                23.901912505783304
              ],
              [
                121.52961230239156,
                23.90189359591501
              ],
              [
                121.52968883445133,
                23.901937734600413
              ],
              [
                121.52971260262275,
                23.902018749688423
              ],
              [
                121.5297054292416,
                23.902014883611386
              ]
            ]
          ]
        ]
      }
    },
    {
      "id": "207",
      "type": "Feature",
      "properties": {
        "LandUsageZoneName": "住宅區",
        "RevitalizationMethodName": "出租",
        "RevitalizartionMethodName": "出租"
      },
      "geometry": {
        "type": "MultiPolygon",
        "coordinates": [
          [
            [
              [
                121.52988048919089,
                23.90204826738541
              ],
              [
                121.52987568872344,
                23.90205455576736
              ],
              [
                121.52987248974702,
                23.90204365381638
              ],
              [
                121.52988048919089,
                23.90204826738541
              ]
            ]
          ]
        ]
      }
    },
    {
      "id": "208",
      "type": "Feature",
      "properties": {
        "LandUsageZoneName": "道路",
        "RevitalizationMethodName": "出租",
        "RevitalizartionMethodName": "出租"
      },
      "geometry": {
        "type": "MultiPolygon",
        "coordinates": [
          [
            [
              [
                121.52984750913167,
                23.902091460424742
              ],
              [
                121.52971260262275,
                23.902018749688423
              ],
              [
                121.52968883445133,
                23.901937734600413
              ],
              [
                121.52987248974702,
                23.90204365381638
              ],
              [
                121.52987568872344,
                23.90205455576736
              ],
              [
                121.52984750913167,
                23.902091460424742
              ]
            ]
          ]
        ]
      }
    },
    {
      "id": "209",
      "type": "Feature",
      "properties": {
        "LandUsageZoneName": "住宅區",
        "RevitalizationMethodName": "出租",
        "RevitalizartionMethodName": "出租"
      },
      "geometry": {
        "type": "MultiPolygon",
        "coordinates": [
          [
            [
              [
                121.52995589264452,
                23.902211340987044
              ],
              [
                121.52993533690974,
                23.90219926722782
              ],
              [
                121.52994086747063,
                23.90216343744453
              ],
              [
                121.52989791730458,
                23.902130324609914
              ],
              [
                121.52987568872344,
                23.90205455576736
              ],
              [
                121.52988048919089,
                23.90204826738541
              ],
              [
                121.53004960576126,
                23.901828305573897
              ],
              [
                121.53013641851082,
                23.901891916693582
              ],
              [
                121.52995589264452,
                23.902211340987044
              ]
            ]
          ]
        ]
      }
    },
    {
      "id": "210",
      "type": "Feature",
      "properties": {
        "LandUsageZoneName": "道路",
        "RevitalizationMethodName": "出租",
        "RevitalizartionMethodName": "出租"
      },
      "geometry": {
        "type": "MultiPolygon",
        "coordinates": [
          [
            [
              [
                121.52984750913167,
                23.902091460424742
              ],
              [
                121.52987568872344,
                23.90205455576736
              ],
              [
                121.52989791730458,
                23.902130324609914
              ],
              [
                121.52984750913167,
                23.902091460424742
              ]
            ]
          ]
        ]
      }
    },
    {
      "id": "211",
      "type": "Feature",
      "properties": {
        "LandUsageZoneName": "住宅區",
        "RevitalizationMethodName": "出租",
        "RevitalizartionMethodName": "出租"
      },
      "geometry": {
        "type": "MultiPolygon",
        "coordinates": [
          [
            [
              [
                121.52923477411747,
                23.901583569602824
              ],
              [
                121.52907637829065,
                23.901375679099306
              ],
              [
                121.5292554260179,
                23.90136357765685
              ],
              [
                121.52943095601236,
                23.90150057309024
              ],
              [
                121.5295090508485,
                23.901398714099972
              ],
              [
                121.52949506412232,
                23.901280178701455
              ],
              [
                121.52935976318919,
                23.901198380866038
              ],
              [
                121.52940656784762,
                23.901185952383585
              ],
              [
                121.52941963727496,
                23.901183917311084
              ],
              [
                121.52943287015158,
                23.901184638360974
              ],
              [
                121.52944558769126,
                23.901188078140216
              ],
              [
                121.52945713706158,
                23.901194061016376
              ],
              [
                121.52946692577896,
                23.901202278416694
              ],
              [
                121.52947445322742,
                23.90121231129326
              ],
              [
                121.52947933231603,
                23.90122364268943
              ],
              [
                121.52952804433404,
                23.901389678871332
              ],
              [
                121.52947030779694,
                23.901485791888604
              ],
              [
                121.52957258848873,
                23.901541508025748
              ],
              [
                121.52960194770978,
                23.901641583078295
              ],
              [
                121.52960396799905,
                23.901653660211995
              ],
              [
                121.52960304634733,
                23.901665849508284
              ],
              [
                121.52959923139517,
                23.901677554857063
              ],
              [
                121.52959270739697,
                23.901688200448802
              ],
              [
                121.5295837953431,
                23.901697265082642
              ],
              [
                121.52957293243149,
                23.901704305713544
              ],
              [
                121.52956065053154,
                23.9017089746826
              ],
              [
                121.52942550229301,
                23.901744864216155
              ],
              [
                121.52923477411747,
                23.901583569602824
              ]
            ]
          ]
        ]
      }
    },
    {
      "id": "212",
      "type": "Feature",
      "properties": {
        "LandUsageZoneName": "住宅區",
        "RevitalizationMethodName": "出租",
        "RevitalizartionMethodName": "出租"
      },
      "geometry": {
        "type": "MultiPolygon",
        "coordinates": [
          [
            [
              [
                121.52959591924778,
                23.901912505783304
              ],
              [
                121.52955889620037,
                23.901857671102864
              ],
              [
                121.52949316500928,
                23.901802083770875
              ],
              [
                121.52958052347469,
                23.901778885265873
              ],
              [
                121.52959359394417,
                23.90177685107729
              ],
              [
                121.52960682688187,
                23.90177757211107
              ],
              [
                121.52961954350211,
                23.901781011877954
              ],
              [
                121.52963109292972,
                23.90178699383658
              ],
              [
                121.52964088170695,
                23.90179521212716
              ],
              [
                121.52964840920028,
                23.901805244090667
              ],
              [
                121.52965328833095,
                23.90181657638273
              ],
              [
                121.52965946515711,
                23.901837631613606
              ],
              [
                121.52961230239156,
                23.90189359591501
              ],
              [
                121.52959591924778,
                23.901912505783304
              ]
            ]
          ]
        ]
      }
    },
    {
      "id": "213",
      "type": "Feature",
      "properties": {
        "LandUsageZoneName": "住宅區",
        "RevitalizationMethodName": "出租",
        "RevitalizartionMethodName": "出租"
      },
      "geometry": {
        "type": "MultiPolygon",
        "coordinates": [
          [
            [
              [
                121.52972242597082,
                23.901532160358652
              ],
              [
                121.52980436744001,
                23.901643090037098
              ],
              [
                121.5297908998133,
                23.901642615429083
              ],
              [
                121.52977790782613,
                23.901639321998537
              ],
              [
                121.52976607868483,
                23.901633384355442
              ],
              [
                121.52975604025781,
                23.901625117270605
              ],
              [
                121.5297483236824,
                23.9016149577454
              ],
              [
                121.52974333971359,
                23.901603445228492
              ],
              [
                121.52972242597082,
                23.901532160358652
              ]
            ]
          ]
        ]
      }
    },
    {
      "id": "214",
      "type": "Feature",
      "properties": {
        "LandUsageZoneName": "住宅區",
        "RevitalizationMethodName": "出租",
        "RevitalizartionMethodName": "出租"
      },
      "geometry": {
        "type": "MultiPolygon",
        "coordinates": [
          [
            [
              [
                121.52931472635157,
                23.900975378819947
              ],
              [
                121.52940909094156,
                23.90110492981346
              ],
              [
                121.5293985398119,
                23.90111159012265
              ],
              [
                121.52938669215222,
                23.901116042682286
              ],
              [
                121.52934162396525,
                23.90112801009885
              ],
              [
                121.52931472635157,
                23.900975378819947
              ]
            ]
          ]
        ]
      }
    },
    {
      "id": "215",
      "type": "Feature",
      "properties": {
        "LandUsageZoneName": "道路",
        "RevitalizationMethodName": "出租",
        "RevitalizartionMethodName": "出租"
      },
      "geometry": {
        "type": "MultiPolygon",
        "coordinates": [
          [
            [
              [
                121.52981326236538,
                23.901655131748836
              ],
              [
                121.52965946515711,
                23.901837631613606
              ],
              [
                121.52965328833095,
                23.90181657638273
              ],
              [
                121.52964840920028,
                23.901805244090667
              ],
              [
                121.52964088170695,
                23.90179521212716
              ],
              [
                121.52963109292972,
                23.90178699383658
              ],
              [
                121.52961954350211,
                23.901781011877954
              ],
              [
                121.52960682688187,
                23.90177757211107
              ],
              [
                121.52959359394417,
                23.90177685107729
              ],
              [
                121.52958052347469,
                23.901778885265873
              ],
              [
                121.52949316500928,
                23.901802083770875
              ],
              [
                121.52942550229301,
                23.901744864216155
              ],
              [
                121.52956065053154,
                23.9017089746826
              ],
              [
                121.52957293243149,
                23.901704305713544
              ],
              [
                121.5295837953431,
                23.901697265082642
              ],
              [
                121.52959270739697,
                23.901688200448802
              ],
              [
                121.52959923139517,
                23.901677554857063
              ],
              [
                121.52960304634733,
                23.901665849508284
              ],
              [
                121.52960396799905,
                23.901653660211995
              ],
              [
                121.52960194770978,
                23.901641583078295
              ],
              [
                121.52957258848873,
                23.901541508025748
              ],
              [
                121.52966475467666,
                23.90159171485308
              ],
              [
                121.52972188380647,
                23.90153142723006
              ],
              [
                121.52972242597082,
                23.901532160358652
              ],
              [
                121.52974333971359,
                23.901603445228492
              ],
              [
                121.5297483236824,
                23.9016149577454
              ],
              [
                121.52975604025781,
                23.901625117270605
              ],
              [
                121.52976607868483,
                23.901633384355442
              ],
              [
                121.52977790782613,
                23.901639321998537
              ],
              [
                121.5297908998133,
                23.901642615429083
              ],
              [
                121.52980436744001,
                23.901643090037098
              ],
              [
                121.52981326236538,
                23.901655131748836
              ]
            ]
          ]
        ]
      }
    },
    {
      "id": "216",
      "type": "Feature",
      "properties": {
        "LandUsageZoneName": "道路",
        "RevitalizationMethodName": "出租",
        "RevitalizartionMethodName": "出租"
      },
      "geometry": {
        "type": "MultiPolygon",
        "coordinates": [
          [
            [
              [
                121.52956802292582,
                23.901323124327956
              ],
              [
                121.52952804433404,
                23.901389678871332
              ],
              [
                121.52947933231603,
                23.90122364268943
              ],
              [
                121.52947445322742,
                23.90121231129326
              ],
              [
                121.52946692577896,
                23.901202278416694
              ],
              [
                121.52945713706158,
                23.901194061016376
              ],
              [
                121.52944558769126,
                23.901188078140216
              ],
              [
                121.52943287015158,
                23.901184638360974
              ],
              [
                121.52941963727496,
                23.901183917311084
              ],
              [
                121.52940656784762,
                23.901185952383585
              ],
              [
                121.52935976318919,
                23.901198380866038
              ],
              [
                121.5293533411089,
                23.90119449864149
              ],
              [
                121.52934162396525,
                23.90112801009885
              ],
              [
                121.52938669215222,
                23.901116042682286
              ],
              [
                121.5293985398119,
                23.90111159012265
              ],
              [
                121.52940909094156,
                23.90110492981346
              ],
              [
                121.52956802292582,
                23.901323124327956
              ]
            ]
          ]
        ]
      }
    },
    {
      "id": "217",
      "type": "Feature",
      "properties": {
        "LandUsageZoneName": "機關",
        "RevitalizationMethodName": "出租",
        "RevitalizartionMethodName": "出租"
      },
      "geometry": {
        "type": "MultiPolygon",
        "coordinates": [
          [
            [
              [
                121.53121228025657,
                23.9006706038203
              ],
              [
                121.53122102282627,
                23.900671061215487
              ],
              [
                121.53123725059886,
                23.900671908111615
              ],
              [
                121.53148203758215,
                23.900789203555036
              ],
              [
                121.53147600247576,
                23.9008120056661
              ],
              [
                121.5314581970499,
                23.900878098523897
              ],
              [
                121.53145752662702,
                23.900880587545988
              ],
              [
                121.53131915760824,
                23.900773507894137
              ],
              [
                121.53132068745774,
                23.900772001014854
              ],
              [
                121.53132386747373,
                23.900768869458023
              ],
              [
                121.53119473688754,
                23.9007133682065
              ],
              [
                121.53120375336246,
                23.900670051773677
              ],
              [
                121.53121228025657,
                23.9006706038203
              ]
            ]
          ]
        ]
      }
    },
    {
      "id": "218",
      "type": "Feature",
      "properties": {
        "LandUsageZoneName": "道路",
        "RevitalizationMethodName": "出租",
        "RevitalizartionMethodName": "出租"
      },
      "geometry": {
        "type": "MultiPolygon",
        "coordinates": [
          [
            [
              [
                121.53105762520799,
                23.899947912783187
              ],
              [
                121.53105480305315,
                23.899955702286825
              ],
              [
                121.53091649394852,
                23.899879325720974
              ],
              [
                121.53097756235715,
                23.899832372251982
              ],
              [
                121.53098187797028,
                23.899898335426304
              ],
              [
                121.53105762520799,
                23.899947912783187
              ]
            ]
          ]
        ]
      }
    },
    {
      "id": "219",
      "type": "Feature",
      "properties": {
        "LandUsageZoneName": "住宅區",
        "RevitalizationMethodName": "出租",
        "RevitalizartionMethodName": "出租"
      },
      "geometry": {
        "type": "MultiPolygon",
        "coordinates": [
          [
            [
              [
                121.52656569984704,
                23.894329075820725
              ],
              [
                121.52651255491998,
                23.89404013760359
              ],
              [
                121.52663914292918,
                23.89400171744319
              ],
              [
                121.52687714871904,
                23.893896449898996
              ],
              [
                121.52689560456295,
                23.89393842778553
              ],
              [
                121.52690074409865,
                23.893948965603933
              ],
              [
                121.52694174730571,
                23.894032013438594
              ],
              [
                121.52695977446722,
                23.89406852364998
              ],
              [
                121.52656569984704,
                23.894329075820725
              ]
            ],
            [
              [
                121.52671371010904,
                23.89420759535674
              ],
              [
                121.52671361694038,
                23.894206656613495
              ],
              [
                121.52671334810373,
                23.894205747365906
              ],
              [
                121.52671291156875,
                23.894204895577978
              ],
              [
                121.52671232020069,
                23.89420412558515
              ],
              [
                121.52671159275702,
                23.894203461702702
              ],
              [
                121.52671075092307,
                23.894202923721164
              ],
              [
                121.52670982030129,
                23.89420252870883
              ],
              [
                121.52670882941844,
                23.8942022883063
              ],
              [
                121.52670780874692,
                23.89420220963282
              ],
              [
                121.52670678775887,
                23.894202295296292
              ],
              [
                121.52670579885432,
                23.894202543379922
              ],
              [
                121.52670487145782,
                23.89420294475352
              ],
              [
                121.52670403498304,
                23.89420348757812
              ],
              [
                121.52670331293675,
                23.894204156423154
              ],
              [
                121.52670272782173,
                23.894204930443884
              ],
              [
                121.52670229820167,
                23.8942057861002
              ],
              [
                121.52670203673705,
                23.89420669716337
              ],
              [
                121.52670195117445,
                23.89420763651854
              ],
              [
                121.52670204433936,
                23.894208574358863
              ],
              [
                121.52670231317595,
                23.894209483606463
              ],
              [
                121.5267027497145,
                23.894210336297355
              ],
              [
                121.52670334108257,
                23.89421110629022
              ],
              [
                121.52670406852621,
                23.894211770172706
              ],
              [
                121.52670491035657,
                23.894212307251355
              ],
              [
                121.52670584097838,
                23.89421270226371
              ],
              [
                121.52670683186133,
                23.89421294266626
              ],
              [
                121.52670785253292,
                23.89421302133975
              ],
              [
                121.52670887352106,
                23.894212935676265
              ],
              [
                121.52670986242934,
                23.894212688495543
              ],
              [
                121.52671078982588,
                23.894212287121913
              ],
              [
                121.52671162727908,
                23.89421174339099
              ],
              [
                121.52671234932538,
                23.894211074545915
              ],
              [
                121.52671293346198,
                23.89421030143144
              ],
              [
                121.52671336308197,
                23.894209445775097
              ],
              [
                121.52671362454652,
                23.894208534711915
              ],
              [
                121.52671371010904,
                23.89420759535674
              ]
            ]
          ]
        ]
      }
    },
    {
      "id": "220",
      "type": "Feature",
      "properties": {
        "LandUsageZoneName": "農業區",
        "RevitalizationMethodName": "出租",
        "RevitalizartionMethodName": "出租"
      },
      "geometry": {
        "type": "MultiPolygon",
        "coordinates": [
          [
            [
              [
                121.45970451501773,
                23.750735496843546
              ],
              [
                121.45979702294845,
                23.750777823642125
              ],
              [
                121.45964746202857,
                23.7509229690435
              ],
              [
                121.45951339290721,
                23.75085914870076
              ],
              [
                121.45948917410526,
                23.75084843025019
              ],
              [
                121.45942866414806,
                23.75078885176882
              ],
              [
                121.4593969799746,
                23.750733359287793
              ],
              [
                121.45932150732175,
                23.75054992006141
              ],
              [
                121.45919217182431,
                23.750238491707258
              ],
              [
                121.45922611368333,
                23.750216132709635
              ],
              [
                121.45916306758185,
                23.75015494533852
              ],
              [
                121.45905704077501,
                23.74991906208845
              ],
              [
                121.45910927352016,
                23.749786378401982
              ],
              [
                121.45952038290017,
                23.750167436883352
              ],
              [
                121.45964682987106,
                23.750287363205967
              ],
              [
                121.45952694923258,
                23.75055422148174
              ],
              [
                121.45973522557944,
                23.750636584749937
              ],
              [
                121.45970451501773,
                23.750735496843546
              ]
            ]
          ]
        ]
      }
    },
    {
      "id": "221",
      "type": "Feature",
      "properties": {
        "LandUsageZoneName": "農業區",
        "RevitalizationMethodName": "出租",
        "RevitalizartionMethodName": "出租"
      },
      "geometry": {
        "type": "MultiPolygon",
        "coordinates": [
          [
            [
              [
                121.45608894117501,
                23.752356742110333
              ],
              [
                121.45578614060467,
                23.751621933690156
              ],
              [
                121.45581957449,
                23.751611189093527
              ],
              [
                121.4560294910565,
                23.75209508499209
              ],
              [
                121.45613587350185,
                23.752340314059296
              ],
              [
                121.45608894117501,
                23.752356742110333
              ]
            ]
          ]
        ]
      }
    },
    {
      "id": "222",
      "type": "Feature",
      "properties": {
        "LandUsageZoneName": "農業區",
        "RevitalizationMethodName": "出租",
        "RevitalizartionMethodName": "出租"
      },
      "geometry": {
        "type": "MultiPolygon",
        "coordinates": [
          [
            [
              [
                121.45439688065412,
                23.75171712697647
              ],
              [
                121.45453214835851,
                23.75178896840434
              ],
              [
                121.45455538066948,
                23.75180099080833
              ],
              [
                121.45457083031704,
                23.75180778805346
              ],
              [
                121.45458967011774,
                23.751863990226482
              ],
              [
                121.45459155102394,
                23.751869742015035
              ],
              [
                121.45432417531727,
                23.75173765750673
              ],
              [
                121.45432151583876,
                23.751731432139575
              ],
              [
                121.45429204207637,
                23.7516624525954
              ],
              [
                121.45439688065412,
                23.75171712697647
              ]
            ]
          ],
          [
            [
              [
                121.45511110125727,
                23.752210007726564
              ],
              [
                121.45514581628927,
                23.752249710101477
              ],
              [
                121.45517307640756,
                23.752282250416467
              ],
              [
                121.45527177984988,
                23.75242498068512
              ],
              [
                121.4552972539058,
                23.75246182707244
              ],
              [
                121.45536338501829,
                23.75261170902507
              ],
              [
                121.45535832559719,
                23.752613559666084
              ],
              [
                121.4553579092031,
                23.752613711688596
              ],
              [
                121.45535577727144,
                23.752614491813656
              ],
              [
                121.45532467424717,
                23.752551982531156
              ],
              [
                121.45531455564519,
                23.75253346629558
              ],
              [
                121.45530332104794,
                23.75251223631816
              ],
              [
                121.4552593991307,
                23.752437791439398
              ],
              [
                121.45520906745098,
                23.752364755997593
              ],
              [
                121.45519220890323,
                23.75233817895028
              ],
              [
                121.45514661475215,
                23.752278476294425
              ],
              [
                121.45508994387372,
                23.75221132335187
              ],
              [
                121.45508322811175,
                23.75220514515951
              ],
              [
                121.45510175819253,
                23.752188247538225
              ],
              [
                121.45511110125727,
                23.752210007726564
              ]
            ]
          ]
        ]
      }
    },
    {
      "id": "223",
      "type": "Feature",
      "properties": {
        "LandUsageZoneName": "農業區",
        "RevitalizationMethodName": "出租",
        "RevitalizartionMethodName": "出租"
      },
      "geometry": {
        "type": "MultiPolygon",
        "coordinates": [
          [
            [
              [
                121.45371350878168,
                23.751109087986727
              ],
              [
                121.45380267424316,
                23.751158317849196
              ],
              [
                121.45389736246395,
                23.75118766614863
              ],
              [
                121.45376585570824,
                23.751234112715032
              ],
              [
                121.45371350878168,
                23.751109087986727
              ]
            ]
          ]
        ]
      }
    },
    {
      "id": "224",
      "type": "Feature",
      "properties": {
        "LandUsageZoneName": "住宅區",
        "RevitalizationMethodName": "出租",
        "RevitalizartionMethodName": "出租"
      },
      "geometry": {
        "type": "MultiPolygon",
        "coordinates": [
          [
            [
              [
                121.45234759361935,
                23.74814541622397
              ],
              [
                121.45234457220356,
                23.748146536620627
              ],
              [
                121.4523445534033,
                23.7481464897213
              ],
              [
                121.45231244879297,
                23.748067052042916
              ],
              [
                121.45231443033181,
                23.748066199259792
              ],
              [
                121.45234759361935,
                23.74814541622397
              ]
            ]
          ],
          [
            [
              [
                121.45230098619662,
                23.748034085710486
              ],
              [
                121.45229940822675,
                23.748034768457394
              ],
              [
                121.45227478959762,
                23.74797385673307
              ],
              [
                121.45226235255957,
                23.747943056760512
              ],
              [
                121.45226279330114,
                23.747942856817833
              ],
              [
                121.45230098619662,
                23.748034085710486
              ]
            ]
          ]
        ]
      }
    },
    {
      "id": "225",
      "type": "Feature",
      "properties": {
        "LandUsageZoneName": "住宅區",
        "RevitalizationMethodName": "出租",
        "RevitalizartionMethodName": "出租"
      },
      "geometry": {
        "type": "MultiPolygon",
        "coordinates": [
          [
            [
              [
                121.45242441452307,
                23.7483279467183
              ],
              [
                121.45244266042901,
                23.74837110304395
              ],
              [
                121.4524376369661,
                23.748373105182242
              ],
              [
                121.4524196236657,
                23.748329414520917
              ],
              [
                121.45241827531237,
                23.748326143402174
              ],
              [
                121.45242305953693,
                23.74832474334163
              ],
              [
                121.45242441452307,
                23.7483279467183
              ]
            ]
          ],
          [
            [
              [
                121.45240035899303,
                23.748271051577834
              ],
              [
                121.45239624367235,
                23.74827270251086
              ],
              [
                121.4523927709624,
                23.748263869907994
              ],
              [
                121.45239669952917,
                23.748262395600506
              ],
              [
                121.45240035899303,
                23.748271051577834
              ]
            ]
          ]
        ]
      }
    },
    {
      "id": "226",
      "type": "Feature",
      "properties": {
        "LandUsageZoneName": "住宅區",
        "RevitalizationMethodName": "出租",
        "RevitalizartionMethodName": "出租"
      },
      "geometry": {
        "type": "MultiPolygon",
        "coordinates": [
          [
            [
              [
                121.45224372278669,
                23.748477556489345
              ],
              [
                121.45227124054308,
                23.748466406481146
              ],
              [
                121.45228421551614,
                23.748492184373017
              ],
              [
                121.45228850070166,
                23.748490292756323
              ],
              [
                121.45229143739624,
                23.748496734967155
              ],
              [
                121.45229854465485,
                23.748523767095083
              ],
              [
                121.45225762977397,
                23.7485411425459
              ],
              [
                121.45214976404358,
                23.748586931618632
              ],
              [
                121.45214924042739,
                23.748585858618323
              ],
              [
                121.45212039487278,
                23.748527529990223
              ],
              [
                121.45215475511225,
                23.748513606836294
              ],
              [
                121.45215761499759,
                23.748520249733378
              ],
              [
                121.4522453964028,
                23.748482127834997
              ],
              [
                121.45224372278669,
                23.748477556489345
              ]
            ]
          ]
        ]
      }
    },
    {
      "id": "227",
      "type": "Feature",
      "properties": {
        "LandUsageZoneName": "住宅區",
        "RevitalizationMethodName": "出租",
        "RevitalizartionMethodName": "出租"
      },
      "geometry": {
        "type": "MultiPolygon",
        "coordinates": [
          [
            [
              [
                121.45229143739624,
                23.748496734967155
              ],
              [
                121.45233812474586,
                23.74847779853788
              ],
              [
                121.4523638072198,
                23.748529156438597
              ],
              [
                121.45230609908457,
                23.74855245937538
              ],
              [
                121.45229854465485,
                23.748523767095083
              ],
              [
                121.45229143739624,
                23.748496734967155
              ]
            ]
          ]
        ]
      }
    },
    {
      "id": "228",
      "type": "Feature",
      "properties": {
        "LandUsageZoneName": "住宅區",
        "RevitalizationMethodName": "出租",
        "RevitalizartionMethodName": "出租"
      },
      "geometry": {
        "type": "MultiPolygon",
        "coordinates": [
          [
            [
              [
                121.45256110347154,
                23.74943032253316
              ],
              [
                121.45253148126831,
                23.74944371811642
              ],
              [
                121.4525386163407,
                23.749455491793285
              ],
              [
                121.45252412893133,
                23.74946104683263
              ],
              [
                121.45249363122714,
                23.749393115542468
              ],
              [
                121.45253033142103,
                23.74937838542372
              ],
              [
                121.45255869762639,
                23.74942790601173
              ],
              [
                121.45255930857992,
                23.749428985978454
              ],
              [
                121.45260735156707,
                23.749407392576806
              ],
              [
                121.45260179999121,
                23.749349701049326
              ],
              [
                121.45260205077075,
                23.749349600085473
              ],
              [
                121.45260741806425,
                23.74934744613909
              ],
              [
                121.45264075033074,
                23.749334068570775
              ],
              [
                121.45264365488073,
                23.74933290336207
              ],
              [
                121.45266522172395,
                23.749376665751292
              ],
              [
                121.45270825859957,
                23.749360978847275
              ],
              [
                121.4526891911333,
                23.74931462665477
              ],
              [
                121.4526934171751,
                23.749312930241107
              ],
              [
                121.45276804002192,
                23.749282980522857
              ],
              [
                121.45270074434316,
                23.749393321695653
              ],
              [
                121.4526143705345,
                23.749426442706692
              ],
              [
                121.45260541173297,
                23.74941066700194
              ],
              [
                121.45260306881916,
                23.749411699634837
              ],
              [
                121.45256110347154,
                23.74943032253316
              ]
            ]
          ]
        ]
      }
    },
    {
      "id": "229",
      "type": "Feature",
      "properties": {
        "LandUsageZoneName": "道路",
        "RevitalizationMethodName": "出租",
        "RevitalizartionMethodName": "出租"
      },
      "geometry": {
        "type": "MultiPolygon",
        "coordinates": [
          [
            [
              [
                121.45312493366822,
                23.750053240792216
              ],
              [
                121.45316343922205,
                23.75007373362043
              ],
              [
                121.45317050250534,
                23.750090815121993
              ],
              [
                121.45314023573518,
                23.750098263056234
              ],
              [
                121.4530999728098,
                23.750162410557987
              ],
              [
                121.45308992415335,
                23.7501784225501
              ],
              [
                121.45306720036469,
                23.750145973292923
              ],
              [
                121.45312493366822,
                23.750053240792216
              ]
            ]
          ]
        ]
      }
    },
    {
      "id": "230",
      "type": "Feature",
      "properties": {
        "LandUsageZoneName": "道路",
        "RevitalizationMethodName": "出租",
        "RevitalizartionMethodName": "出租"
      },
      "geometry": {
        "type": "MultiPolygon",
        "coordinates": [
          [
            [
              [
                121.45307236404882,
                23.75006200019734
              ],
              [
                121.45305974488818,
                23.75001836966147
              ],
              [
                121.45312493366822,
                23.750053240792216
              ],
              [
                121.45306720036469,
                23.750145973292923
              ],
              [
                121.45304199364924,
                23.750110379952506
              ],
              [
                121.45307236404882,
                23.75006200019734
              ]
            ]
          ]
        ]
      }
    },
    {
      "id": "231",
      "type": "Feature",
      "properties": {
        "LandUsageZoneName": "住宅區",
        "RevitalizationMethodName": "出租",
        "RevitalizartionMethodName": "出租"
      },
      "geometry": {
        "type": "MultiPolygon",
        "coordinates": [
          [
            [
              [
                121.4529217016301,
                23.749944523217376
              ],
              [
                121.452973475234,
                23.749972228042836
              ],
              [
                121.45305974488818,
                23.75001836966147
              ],
              [
                121.45307236404882,
                23.75006200019734
              ],
              [
                121.45304199364924,
                23.750110379952506
              ],
              [
                121.4529217016301,
                23.749944523217376
              ]
            ]
          ]
        ]
      }
    },
    {
      "id": "232",
      "type": "Feature",
      "properties": {
        "LandUsageZoneName": "住宅區",
        "RevitalizationMethodName": "出租",
        "RevitalizartionMethodName": "出租"
      },
      "geometry": {
        "type": "MultiPolygon",
        "coordinates": [
          [
            [
              [
                121.45301654024728,
                23.750150925586674
              ],
              [
                121.45292221921524,
                23.75030120306574
              ],
              [
                121.45289336056744,
                23.75025915515372
              ],
              [
                121.45289329731396,
                23.75025901899092
              ],
              [
                121.45292309609718,
                23.75024700074947
              ],
              [
                121.45290732297082,
                23.75017496304405
              ],
              [
                121.45288396812444,
                23.750174751564018
              ],
              [
                121.45287355784663,
                23.7501551361962
              ],
              [
                121.45287573751526,
                23.750154267474727
              ],
              [
                121.45289101973138,
                23.75014818996352
              ],
              [
                121.45287181149841,
                23.750109692228133
              ],
              [
                121.45286108862017,
                23.750084497433306
              ],
              [
                121.45290210232776,
                23.750072323529967
              ],
              [
                121.45294460406649,
                23.75006267266203
              ],
              [
                121.45301654024728,
                23.750150925586674
              ]
            ]
          ]
        ]
      }
    },
    {
      "id": "233",
      "type": "Feature",
      "properties": {
        "LandUsageZoneName": "道路",
        "RevitalizationMethodName": "出租",
        "RevitalizartionMethodName": "出租"
      },
      "geometry": {
        "type": "MultiPolygon",
        "coordinates": [
          [
            [
              [
                121.45301654024728,
                23.750150925586674
              ],
              [
                121.45306756339254,
                23.75021403795044
              ],
              [
                121.4529698082646,
                23.750369788480267
              ],
              [
                121.45292221921524,
                23.75030120306574
              ],
              [
                121.45301654024728,
                23.750150925586674
              ]
            ]
          ]
        ]
      }
    },
    {
      "id": "234",
      "type": "Feature",
      "properties": {
        "LandUsageZoneName": "道路",
        "RevitalizationMethodName": "出租",
        "RevitalizartionMethodName": "出租"
      },
      "geometry": {
        "type": "MultiPolygon",
        "coordinates": [
          [
            [
              [
                121.4530780959515,
                23.750161531995715
              ],
              [
                121.45308992415335,
                23.7501784225501
              ],
              [
                121.45306756339254,
                23.75021403795044
              ],
              [
                121.45305407806826,
                23.750197358128908
              ],
              [
                121.4530780959515,
                23.750161531995715
              ]
            ]
          ]
        ]
      }
    },
    {
      "id": "235",
      "type": "Feature",
      "properties": {
        "LandUsageZoneName": "住宅區",
        "RevitalizationMethodName": "出租",
        "RevitalizartionMethodName": "出租"
      },
      "geometry": {
        "type": "MultiPolygon",
        "coordinates": [
          [
            [
              [
                121.45320401855841,
                23.750171884627846
              ],
              [
                121.45310353994995,
                23.750198220837156
              ],
              [
                121.45308992415335,
                23.7501784225501
              ],
              [
                121.4530999728098,
                23.750162410557987
              ],
              [
                121.45314023573518,
                23.750098263056234
              ],
              [
                121.45317050250534,
                23.750090815121993
              ],
              [
                121.45320401855841,
                23.750171884627846
              ]
            ]
          ]
        ]
      }
    },
    {
      "id": "236",
      "type": "Feature",
      "properties": {
        "LandUsageZoneName": "住宅區",
        "RevitalizationMethodName": "出租",
        "RevitalizartionMethodName": "出租"
      },
      "geometry": {
        "type": "MultiPolygon",
        "coordinates": [
          [
            [
              [
                121.45309790728447,
                23.750190029372508
              ],
              [
                121.45307636574708,
                23.75022510871826
              ],
              [
                121.45306756339254,
                23.75021403795044
              ],
              [
                121.45308992415335,
                23.7501784225501
              ],
              [
                121.45309790728447,
                23.750190029372508
              ]
            ]
          ]
        ]
      }
    },
    {
      "id": "237",
      "type": "Feature",
      "properties": {
        "LandUsageZoneName": "道路",
        "RevitalizationMethodName": "出租",
        "RevitalizartionMethodName": "出租"
      },
      "geometry": {
        "type": "MultiPolygon",
        "coordinates": [
          [
            [
              [
                121.45289798818763,
                23.75033980642586
              ],
              [
                121.45292221921524,
                23.75030120306574
              ],
              [
                121.4529698082646,
                23.750369788480267
              ],
              [
                121.45294657332312,
                23.750406803316523
              ],
              [
                121.45289798818763,
                23.75033980642586
              ]
            ]
          ]
        ]
      }
    },
    {
      "id": "238",
      "type": "Feature",
      "properties": {
        "LandUsageZoneName": "住宅區",
        "RevitalizationMethodName": "出租",
        "RevitalizartionMethodName": "出租"
      },
      "geometry": {
        "type": "MultiPolygon",
        "coordinates": [
          [
            [
              [
                121.45205078613871,
                23.750016163658383
              ],
              [
                121.45203357964894,
                23.750021796134064
              ],
              [
                121.45199288375207,
                23.75003511925959
              ],
              [
                121.45185556706785,
                23.750080696284197
              ],
              [
                121.4517118497133,
                23.75012778179283
              ],
              [
                121.45152509531975,
                23.750188663846963
              ],
              [
                121.45148856050926,
                23.750201385045532
              ],
              [
                121.45145429589074,
                23.750213315827775
              ],
              [
                121.45144601901406,
                23.750191867424984
              ],
              [
                121.45147980682115,
                23.750180490653957
              ],
              [
                121.45153738022124,
                23.750161105489063
              ],
              [
                121.45165518960555,
                23.75012241219327
              ],
              [
                121.45168847563502,
                23.750111470268024
              ],
              [
                121.45183746428492,
                23.750062545374714
              ],
              [
                121.45192175593662,
                23.75003591419202
              ],
              [
                121.45202495259757,
                23.750001233695645
              ],
              [
                121.4520430580592,
                23.74999514891345
              ],
              [
                121.45205078613871,
                23.750016163658383
              ]
            ]
          ]
        ]
      }
    },
    {
      "id": "239",
      "type": "Feature",
      "properties": {
        "LandUsageZoneName": "一般農業區",
        "RevitalizationMethodName": "出租",
        "RevitalizartionMethodName": "出租"
      },
      "geometry": {
        "type": "MultiPolygon",
        "coordinates": [
          [
            [
              [
                121.45108513466514,
                23.756071211386182
              ],
              [
                121.45094738231725,
                23.756219784092522
              ],
              [
                121.45094695812867,
                23.756220241329
              ],
              [
                121.45090769362908,
                23.756184336543686
              ],
              [
                121.45090779529355,
                23.756184231502786
              ],
              [
                121.45105424557138,
                23.75603201254203
              ],
              [
                121.45108513466514,
                23.756071211386182
              ]
            ]
          ]
        ]
      }
    },
    {
      "id": "240",
      "type": "Feature",
      "properties": {
        "LandUsageZoneName": "農業區",
        "RevitalizationMethodName": "出租",
        "RevitalizartionMethodName": "出租"
      },
      "geometry": {
        "type": "MultiPolygon",
        "coordinates": [
          [
            [
              [
                121.45040167935913,
                23.75530464156901
              ],
              [
                121.45023731799094,
                23.755268964834855
              ],
              [
                121.45026987424102,
                23.755210574385597
              ],
              [
                121.45040167935913,
                23.75530464156901
              ]
            ]
          ]
        ]
      }
    },
    {
      "id": "241",
      "type": "Feature",
      "properties": {
        "LandUsageZoneName": "鐵路",
        "RevitalizationMethodName": "出租",
        "RevitalizartionMethodName": "出租"
      },
      "geometry": {
        "type": "MultiPolygon",
        "coordinates": [
          [
            [
              [
                121.45009795075258,
                23.753162444706636
              ],
              [
                121.44986430773882,
                23.752697536749363
              ],
              [
                121.44986059382168,
                23.752690152253674
              ],
              [
                121.44981102872234,
                23.75259155699079
              ],
              [
                121.44974566994121,
                23.752461620509262
              ],
              [
                121.44975311338834,
                23.752458095331033
              ],
              [
                121.44985019782162,
                23.752648068093517
              ],
              [
                121.44993419328523,
                23.75281725645714
              ],
              [
                121.45022331702707,
                23.7534119036127
              ],
              [
                121.45009795075258,
                23.753162444706636
              ]
            ]
          ]
        ]
      }
    },
    {
      "id": "242",
      "type": "Feature",
      "properties": {
        "LandUsageZoneName": "綠地",
        "RevitalizationMethodName": "出租",
        "RevitalizartionMethodName": "出租"
      },
      "geometry": {
        "type": "MultiPolygon",
        "coordinates": [
          [
            [
              [
                121.44976422839879,
                23.752607839175088
              ],
              [
                121.44976101163539,
                23.75260895828471
              ],
              [
                121.44972735172504,
                23.752620668411794
              ],
              [
                121.44966654969001,
                23.752497861111923
              ],
              [
                121.44969711550114,
                23.75248386104559
              ],
              [
                121.44969972770262,
                23.752482664235398
              ],
              [
                121.44976422839879,
                23.752607839175088
              ]
            ]
          ]
        ]
      }
    },
    {
      "id": "243",
      "type": "Feature",
      "properties": {
        "LandUsageZoneName": "一般農業區",
        "RevitalizationMethodName": "出租",
        "RevitalizartionMethodName": "出租"
      },
      "geometry": {
        "type": "MultiPolygon",
        "coordinates": [
          [
            [
              [
                121.44600270416483,
                23.752890352895506
              ],
              [
                121.44599785522492,
                23.752892407598047
              ],
              [
                121.44598866230892,
                23.75287484430851
              ],
              [
                121.44600270416483,
                23.752890352895506
              ]
            ]
          ]
        ]
      }
    },
    {
      "id": "244",
      "type": "Feature",
      "properties": {
        "LandUsageZoneName": "住宅區",
        "RevitalizationMethodName": "出租",
        "RevitalizartionMethodName": "出租"
      },
      "geometry": {
        "type": "MultiPolygon",
        "coordinates": [
          [
            [
              [
                121.4503596002828,
                23.743367356954302
              ],
              [
                121.45035646899684,
                23.743368448736728
              ],
              [
                121.45035601047444,
                23.743368608995116
              ],
              [
                121.45023514459915,
                23.74308262690779
              ],
              [
                121.45023457693317,
                23.743081284040333
              ],
              [
                121.45021935970621,
                23.74304527912992
              ],
              [
                121.45020336021076,
                23.743007421797678
              ],
              [
                121.45020275100569,
                23.743005979724476
              ],
              [
                121.45020220015245,
                23.743004676538554
              ],
              [
                121.45020145645077,
                23.743002917011964
              ],
              [
                121.45019899195101,
                23.742997086494867
              ],
              [
                121.45016973836906,
                23.74292787062313
              ],
              [
                121.45017019689017,
                23.742927710365308
              ],
              [
                121.4501753924559,
                23.742925886588115
              ],
              [
                121.4503596002828,
                23.743367356954302
              ]
            ]
          ]
        ]
      }
    },
    {
      "id": "245",
      "type": "Feature",
      "properties": {
        "LandUsageZoneName": "住宅區",
        "RevitalizationMethodName": "出租",
        "RevitalizartionMethodName": "出租"
      },
      "geometry": {
        "type": "MultiPolygon",
        "coordinates": [
          [
            [
              [
                121.45055704017304,
                23.743853606450372
              ],
              [
                121.45055641706277,
                23.743853827687992
              ],
              [
                121.45055421560699,
                23.74385461065782
              ],
              [
                121.45052617862537,
                23.74386457807796
              ],
              [
                121.45035135540833,
                23.74344747341626
              ],
              [
                121.45037870518938,
                23.743437937843627
              ],
              [
                121.45038080185817,
                23.743437206650835
              ],
              [
                121.45038170323045,
                23.743436892500377
              ],
              [
                121.45055704017304,
                23.743853606450372
              ]
            ]
          ]
        ]
      }
    },
    {
      "id": "246",
      "type": "Feature",
      "properties": {
        "LandUsageZoneName": "住宅區",
        "RevitalizationMethodName": "出租",
        "RevitalizartionMethodName": "出租"
      },
      "geometry": {
        "type": "MultiPolygon",
        "coordinates": [
          [
            [
              [
                121.45109031190098,
                23.745155026964042
              ],
              [
                121.45107311745411,
                23.74516113606131
              ],
              [
                121.4510045376497,
                23.74499807943616
              ],
              [
                121.4509651344768,
                23.744904384980096
              ],
              [
                121.45092940069219,
                23.74481942054502
              ],
              [
                121.45092602806412,
                23.74481139396205
              ],
              [
                121.45094301672655,
                23.744805357719173
              ],
              [
                121.45109031190098,
                23.745155026964042
              ]
            ]
          ]
        ]
      }
    },
    {
      "id": "247",
      "type": "Feature",
      "properties": {
        "LandUsageZoneName": "住宅區",
        "RevitalizationMethodName": "出租",
        "RevitalizartionMethodName": "出租"
      },
      "geometry": {
        "type": "MultiPolygon",
        "coordinates": [
          [
            [
              [
                121.4509297130701,
                23.744732645242024
              ],
              [
                121.45092931529582,
                23.744732786362583
              ],
              [
                121.45089795684505,
                23.744743933787845
              ],
              [
                121.4508156347507,
                23.74454957510469
              ],
              [
                121.45077386060503,
                23.744450939237044
              ],
              [
                121.45075154941969,
                23.744398252862585
              ],
              [
                121.45078696286956,
                23.74438564798899
              ],
              [
                121.45078736945881,
                23.74438550323122
              ],
              [
                121.4509297130701,
                23.744732645242024
              ]
            ]
          ]
        ]
      }
    },
    {
      "id": "248",
      "type": "Feature",
      "properties": {
        "LandUsageZoneName": "住宅區",
        "RevitalizationMethodName": "出租",
        "RevitalizartionMethodName": "出租"
      },
      "geometry": {
        "type": "MultiPolygon",
        "coordinates": [
          [
            [
              [
                121.45077722165158,
                23.744213045919338
              ],
              [
                121.45077484666112,
                23.744213856487455
              ],
              [
                121.4508103973724,
                23.74429985991615
              ],
              [
                121.45080204808578,
                23.74430283065297
              ],
              [
                121.45080064216718,
                23.744303330483
              ],
              [
                121.450800344327,
                23.74430343609597
              ],
              [
                121.45080028358437,
                23.744303457944362
              ],
              [
                121.45077533078079,
                23.744242510790663
              ],
              [
                121.45077520019893,
                23.744242191520506
              ],
              [
                121.45077507456519,
                23.744241884877482
              ],
              [
                121.45076497633288,
                23.744217222643346
              ],
              [
                121.45073576386721,
                23.74414587125544
              ],
              [
                121.45072187583754,
                23.744111949287763
              ],
              [
                121.45063627751195,
                23.743902875324924
              ],
              [
                121.4506363186609,
                23.743902860757466
              ],
              [
                121.45063653713895,
                23.743902782465234
              ],
              [
                121.4506483331091,
                23.74389858900215
              ],
              [
                121.45067775650969,
                23.743968555543876
              ],
              [
                121.45071460745045,
                23.74405616700743
              ],
              [
                121.45074810656398,
                23.74414148837293
              ],
              [
                121.45074815849068,
                23.74414147016213
              ],
              [
                121.45077722165158,
                23.744213045919338
              ]
            ]
          ]
        ]
      }
    },
    {
      "id": "249",
      "type": "Feature",
      "properties": {
        "LandUsageZoneName": "農業區",
        "RevitalizationMethodName": "出租",
        "RevitalizartionMethodName": "出租"
      },
      "geometry": {
        "type": "MultiPolygon",
        "coordinates": [
          [
            [
              [
                121.45104909418811,
                23.7413618083335
              ],
              [
                121.45095632602143,
                23.74139415514492
              ],
              [
                121.45093314773044,
                23.74134019811345
              ],
              [
                121.4510154055657,
                23.741311315971394
              ],
              [
                121.45102715737465,
                23.741307187623622
              ],
              [
                121.45104909418811,
                23.7413618083335
              ]
            ]
          ]
        ]
      }
    },
    {
      "id": "250",
      "type": "Feature",
      "properties": {
        "LandUsageZoneName": "住宅區",
        "RevitalizationMethodName": "出租",
        "RevitalizartionMethodName": "出租"
      },
      "geometry": {
        "type": "MultiPolygon",
        "coordinates": [
          [
            [
              [
                121.45050635888443,
                23.741490107275283
              ],
              [
                121.45056350072609,
                23.74153111613607
              ],
              [
                121.45007321015058,
                23.741702076795015
              ],
              [
                121.45008553551634,
                23.741637893981515
              ],
              [
                121.45050635888443,
                23.741490107275283
              ]
            ]
          ]
        ]
      }
    },
    {
      "id": "251",
      "type": "Feature",
      "properties": {
        "LandUsageZoneName": "農業區",
        "RevitalizationMethodName": "出租",
        "RevitalizartionMethodName": "出租"
      },
      "geometry": {
        "type": "MultiPolygon",
        "coordinates": [
          [
            [
              [
                121.45095632602143,
                23.74139415514492
              ],
              [
                121.45087754550445,
                23.741421627512086
              ],
              [
                121.4508243001131,
                23.741378431248968
              ],
              [
                121.45093314773044,
                23.74134019811345
              ],
              [
                121.45095632602143,
                23.74139415514492
              ]
            ]
          ]
        ]
      }
    },
    {
      "id": "252",
      "type": "Feature",
      "properties": {
        "LandUsageZoneName": "住宅區",
        "RevitalizationMethodName": "出租",
        "RevitalizartionMethodName": "出租"
      },
      "geometry": {
        "type": "MultiPolygon",
        "coordinates": [
          [
            [
              [
                121.4498230328711,
                23.74178915589877
              ],
              [
                121.44980160932052,
                23.741737622576668
              ],
              [
                121.44998940432555,
                23.7416716649608
              ],
              [
                121.44997714611517,
                23.741735423176003
              ],
              [
                121.4498230328711,
                23.74178915589877
              ]
            ]
          ]
        ]
      }
    },
    {
      "id": "253",
      "type": "Feature",
      "properties": {
        "LandUsageZoneName": "一般農業區",
        "RevitalizationMethodName": "出租",
        "RevitalizartionMethodName": "出租"
      },
      "geometry": {
        "type": "MultiPolygon",
        "coordinates": [
          [
            [
              [
                121.44696157626042,
                23.80483993246563
              ],
              [
                121.44686400844816,
                23.804788809464853
              ],
              [
                121.44713929920724,
                23.8045542891479
              ],
              [
                121.44716043904084,
                23.80448859156358
              ],
              [
                121.44723506747624,
                23.804375098650688
              ],
              [
                121.44737610178832,
                23.80420594419475
              ],
              [
                121.44746965328186,
                23.80407595335574
              ],
              [
                121.44759800913491,
                23.80393303942988
              ],
              [
                121.44771266730669,
                23.80389396967437
              ],
              [
                121.44784348415736,
                23.80375338707675
              ],
              [
                121.44797524382805,
                23.803584475709187
              ],
              [
                121.44798503700108,
                23.803572744884644
              ],
              [
                121.44800968044997,
                23.803585926103292
              ],
              [
                121.44802294258791,
                23.80359301918763
              ],
              [
                121.44802760090265,
                23.803595510477496
              ],
              [
                121.44790183787036,
                23.803788564134937
              ],
              [
                121.4475120162896,
                23.8042007489725
              ],
              [
                121.44752650596517,
                23.80421007246618
              ],
              [
                121.44752161288578,
                23.80421582859543
              ],
              [
                121.44751206619685,
                23.8042270584347
              ],
              [
                121.44746532297478,
                23.804198425637857
              ],
              [
                121.4471873821482,
                23.80462163717281
              ],
              [
                121.44717253354676,
                23.804681763308405
              ],
              [
                121.4470949888186,
                23.80476906068111
              ],
              [
                121.4470709687234,
                23.80475883652032
              ],
              [
                121.44696157626042,
                23.80483993246563
              ]
            ]
          ]
        ]
      }
    },
    {
      "id": "254",
      "type": "Feature",
      "properties": {
        "LandUsageZoneName": "一般農業區",
        "RevitalizationMethodName": "出租",
        "RevitalizartionMethodName": "出租"
      },
      "geometry": {
        "type": "MultiPolygon",
        "coordinates": [
          [
            [
              [
                121.44481767659863,
                23.803711923065052
              ],
              [
                121.44484349683212,
                23.80388341508502
              ],
              [
                121.44483945602124,
                23.803895092106547
              ],
              [
                121.44482787780755,
                23.803928552252778
              ],
              [
                121.44481073690169,
                23.80397808581544
              ],
              [
                121.44475101213578,
                23.803598264332155
              ],
              [
                121.44463976879172,
                23.80289075269349
              ],
              [
                121.44460750818712,
                23.802693855357937
              ],
              [
                121.44445355399111,
                23.801711333836057
              ],
              [
                121.44454205885808,
                23.801759071333457
              ],
              [
                121.4446172093698,
                23.80269250907715
              ],
              [
                121.44478146133775,
                23.803577218797543
              ],
              [
                121.44483385715705,
                23.80355705809316
              ],
              [
                121.44484888794673,
                23.803529684792814
              ],
              [
                121.44485498667746,
                23.80351857883001
              ],
              [
                121.44486209974389,
                23.803505624287123
              ],
              [
                121.44481767659863,
                23.803711923065052
              ]
            ]
          ],
          [
            [
              [
                121.44555615806242,
                23.802275873433533
              ],
              [
                121.44554488074778,
                23.80229272819037
              ],
              [
                121.44544157728471,
                23.802527354257847
              ],
              [
                121.44530758491146,
                23.80273864598372
              ],
              [
                121.44518525888634,
                23.802943664460575
              ],
              [
                121.4450450310015,
                23.803188654447975
              ],
              [
                121.44503907847034,
                23.80318332608037
              ],
              [
                121.44552888942283,
                23.802291311567913
              ],
              [
                121.44551365018168,
                23.802283093464546
              ],
              [
                121.4455257192279,
                23.8022653063724
              ],
              [
                121.44555615806242,
                23.802275873433533
              ]
            ]
          ]
        ]
      }
    },
    {
      "id": "255",
      "type": "Feature",
      "properties": {
        "LandUsageZoneName": "一般農業區",
        "RevitalizationMethodName": "出租",
        "RevitalizartionMethodName": "出租"
      },
      "geometry": {
        "type": "MultiPolygon",
        "coordinates": [
          [
            [
              [
                121.44531045411652,
                23.800568856522844
              ],
              [
                121.44531504817063,
                23.800574422671
              ],
              [
                121.44496458201371,
                23.801063765894323
              ],
              [
                121.4449552480837,
                23.801058803039346
              ],
              [
                121.44487654186756,
                23.80101695553698
              ],
              [
                121.44480071791378,
                23.800975385021133
              ],
              [
                121.4452766530469,
                23.800527903577382
              ],
              [
                121.44531045411652,
                23.800568856522844
              ]
            ]
          ]
        ]
      }
    },
    {
      "id": "256",
      "type": "Feature",
      "properties": {
        "LandUsageZoneName": "一般農業區",
        "RevitalizationMethodName": "出租",
        "RevitalizartionMethodName": "出租"
      },
      "geometry": {
        "type": "MultiPolygon",
        "coordinates": [
          [
            [
              [
                121.44714786147075,
                23.799755971011567
              ],
              [
                121.44671952125722,
                23.80038478516476
              ],
              [
                121.44660999555914,
                23.80031683823908
              ],
              [
                121.44701102717521,
                23.799686034806765
              ],
              [
                121.44714786147075,
                23.799755971011567
              ]
            ]
          ]
        ]
      }
    },
    {
      "id": "257",
      "type": "Feature",
      "properties": {
        "LandUsageZoneName": "一般農業區",
        "RevitalizationMethodName": "出租",
        "RevitalizartionMethodName": "出租"
      },
      "geometry": {
        "type": "MultiPolygon",
        "coordinates": [
          [
            [
              [
                121.45072866525943,
                23.801818055336998
              ],
              [
                121.45058030398508,
                23.801920884566577
              ],
              [
                121.45050852770983,
                23.801992247570947
              ],
              [
                121.45050847781326,
                23.801992291961792
              ],
              [
                121.45047146671389,
                23.80193939975799
              ],
              [
                121.45082765186831,
                23.80171748317099
              ],
              [
                121.45072866525943,
                23.801818055336998
              ]
            ]
          ],
          [
            [
              [
                121.45033933595224,
                23.802166064161973
              ],
              [
                121.45022807723986,
                23.80228674557887
              ],
              [
                121.45019467193698,
                23.802235627041636
              ],
              [
                121.45028055309746,
                23.80213931932429
              ],
              [
                121.45029342499686,
                23.80212488493109
              ],
              [
                121.45033933595224,
                23.802166064161973
              ]
            ]
          ]
        ]
      }
    },
    {
      "id": "258",
      "type": "Feature",
      "properties": {
        "LandUsageZoneName": "一般農業區",
        "RevitalizationMethodName": "出租",
        "RevitalizartionMethodName": "出租"
      },
      "geometry": {
        "type": "MultiPolygon",
        "coordinates": [
          [
            [
              [
                121.45690050648098,
                23.801521384079443
              ],
              [
                121.45704664635458,
                23.80158180184471
              ],
              [
                121.45711650584971,
                23.801631230693943
              ],
              [
                121.45692966970144,
                23.80154301394579
              ],
              [
                121.45685713037129,
                23.801591555251992
              ],
              [
                121.45687133043354,
                23.801599901719577
              ],
              [
                121.45682573660527,
                23.80167854922978
              ],
              [
                121.45684954897932,
                23.80173315305166
              ],
              [
                121.45680260768582,
                23.801791316345287
              ],
              [
                121.45696726804307,
                23.80186629829584
              ],
              [
                121.45684029324505,
                23.802072260592794
              ],
              [
                121.45667448080542,
                23.802330258030892
              ],
              [
                121.45632479729015,
                23.802888546322002
              ],
              [
                121.45624707831672,
                23.803022224846202
              ],
              [
                121.4559116640216,
                23.803573119893187
              ],
              [
                121.45561660394483,
                23.804048804767838
              ],
              [
                121.45560946743153,
                23.804062334145787
              ],
              [
                121.45556530374859,
                23.804101282870256
              ],
              [
                121.45549845646971,
                23.804119431114867
              ],
              [
                121.45547620153145,
                23.804123045456137
              ],
              [
                121.45539269592786,
                23.8041033816593
              ],
              [
                121.45533316867423,
                23.804073371350547
              ],
              [
                121.4553736275511,
                23.804075193307078
              ],
              [
                121.45541840689462,
                23.804080515019848
              ],
              [
                121.4554707564218,
                23.804078464265075
              ],
              [
                121.45552732437793,
                23.804064725746
              ],
              [
                121.4555840170581,
                23.804041731483164
              ],
              [
                121.45562025277302,
                23.804000431377283
              ],
              [
                121.45566298300638,
                23.80392474536923
              ],
              [
                121.45581079043527,
                23.803714352166537
              ],
              [
                121.45652535179154,
                23.802546362689448
              ],
              [
                121.45668262368943,
                23.802298675422943
              ],
              [
                121.45691901337004,
                23.801882848014248
              ],
              [
                121.45673830432817,
                23.80179566936053
              ],
              [
                121.45676978313195,
                23.801741389448413
              ],
              [
                121.45677094232653,
                23.801696824860947
              ],
              [
                121.45674741527081,
                23.801670482880493
              ],
              [
                121.45679569337099,
                23.801615746899525
              ],
              [
                121.45676516423342,
                23.801587980912437
              ],
              [
                121.45677654370537,
                23.80158112986476
              ],
              [
                121.45679533866023,
                23.801573245545754
              ],
              [
                121.45690050648098,
                23.801521384079443
              ]
            ]
          ]
        ]
      }
    },
    {
      "id": "259",
      "type": "Feature",
      "properties": {
        "LandUsageZoneName": "一般農業區",
        "RevitalizationMethodName": "出租",
        "RevitalizartionMethodName": "出租"
      },
      "geometry": {
        "type": "MultiPolygon",
        "coordinates": [
          [
            [
              [
                121.45435174081355,
                23.80133452079152
              ],
              [
                121.45387657848273,
                23.801179932579267
              ],
              [
                121.4538765087222,
                23.80117990840449
              ],
              [
                121.45387801043806,
                23.801173197688865
              ],
              [
                121.45373786887436,
                23.80112699986934
              ],
              [
                121.45374183434303,
                23.801119595658776
              ],
              [
                121.45374199308284,
                23.80111924393976
              ],
              [
                121.45375358033806,
                23.801093635273677
              ],
              [
                121.45378693482213,
                23.801019920500906
              ],
              [
                121.45381935068642,
                23.800944111803652
              ],
              [
                121.45388469005138,
                23.800814353603883
              ],
              [
                121.45405334289369,
                23.800838869451603
              ],
              [
                121.45410188559656,
                23.80078096412248
              ],
              [
                121.45428527727569,
                23.80082377910858
              ],
              [
                121.45441597942222,
                23.8008542926966
              ],
              [
                121.45443277328341,
                23.80085821356082
              ],
              [
                121.45443519330551,
                23.800981207904726
              ],
              [
                121.45450065045779,
                23.80097573458751
              ],
              [
                121.4546526558321,
                23.800963023641852
              ],
              [
                121.45488916482061,
                23.80094324608228
              ],
              [
                121.45532647401261,
                23.800939473084366
              ],
              [
                121.45531076769561,
                23.80098038748435
              ],
              [
                121.45468923677906,
                23.801206579206237
              ],
              [
                121.45457180653631,
                23.80123625341019
              ],
              [
                121.45455857570349,
                23.801239597229067
              ],
              [
                121.454476629916,
                23.80126997948584
              ],
              [
                121.45439490208075,
                23.80123889644298
              ],
              [
                121.45435174081355,
                23.80133452079152
              ]
            ]
          ]
        ]
      }
    },
    {
      "id": "260",
      "type": "Feature",
      "properties": {
        "LandUsageZoneName": "一般農業區",
        "RevitalizationMethodName": "出租",
        "RevitalizartionMethodName": "出租"
      },
      "geometry": {
        "type": "MultiPolygon",
        "coordinates": [
          [
            [
              [
                121.45386726001198,
                23.80123148751204
              ],
              [
                121.45386706166572,
                23.80123258519421
              ],
              [
                121.45385799641709,
                23.801282738887387
              ],
              [
                121.4538005474778,
                23.8012663213525
              ],
              [
                121.45381537173232,
                23.80122418257057
              ],
              [
                121.45370300217687,
                23.8011905761063
              ],
              [
                121.45370331950035,
                23.80119011014783
              ],
              [
                121.45370378426432,
                23.801189429753848
              ],
              [
                121.45370507407551,
                23.801187539673727
              ],
              [
                121.4537070571229,
                23.8011846335289
              ],
              [
                121.45386726001198,
                23.80123148751204
              ]
            ]
          ]
        ]
      }
    },
    {
      "id": "261",
      "type": "Feature",
      "properties": {
        "LandUsageZoneName": "鄉村區",
        "RevitalizationMethodName": "出租",
        "RevitalizartionMethodName": "出租"
      },
      "geometry": {
        "type": "MultiPolygon",
        "coordinates": [
          [
            [
              [
                121.45337839476622,
                23.802271469981847
              ],
              [
                121.45336204648314,
                23.80231227861982
              ],
              [
                121.45330065213432,
                23.80229843058954
              ],
              [
                121.45330542189782,
                23.802286927289696
              ],
              [
                121.45332149252997,
                23.802256881875447
              ],
              [
                121.45337839476622,
                23.802271469981847
              ]
            ]
          ]
        ]
      }
    },
    {
      "id": "262",
      "type": "Feature",
      "properties": {
        "LandUsageZoneName": "一般農業區",
        "RevitalizationMethodName": "出租",
        "RevitalizartionMethodName": "出租"
      },
      "geometry": {
        "type": "MultiPolygon",
        "coordinates": [
          [
            [
              [
                121.45150175275438,
                23.801023341055632
              ],
              [
                121.45158631072509,
                23.801052071463403
              ],
              [
                121.45157745840218,
                23.801058181530173
              ],
              [
                121.45155769976249,
                23.801071819003116
              ],
              [
                121.45155309248098,
                23.80107499917458
              ],
              [
                121.45152425169826,
                23.801095264778027
              ],
              [
                121.4514560516057,
                23.801153317121685
              ],
              [
                121.45135487073185,
                23.801240577414376
              ],
              [
                121.45131512972235,
                23.801273001645814
              ],
              [
                121.45123058866902,
                23.801421641699264
              ],
              [
                121.45121363604815,
                23.801451588351032
              ],
              [
                121.45116152020131,
                23.801577278666272
              ],
              [
                121.45116077566004,
                23.80157907412606
              ],
              [
                121.45099700336625,
                23.8015166706267
              ],
              [
                121.4509999633209,
                23.80150989698263
              ],
              [
                121.45102036753417,
                23.801463205667428
              ],
              [
                121.45121547061638,
                23.80116731244653
              ],
              [
                121.45136443927588,
                23.80104468790555
              ],
              [
                121.45149290518596,
                23.800876081175915
              ],
              [
                121.4513597712509,
                23.800798526984618
              ],
              [
                121.4516120932095,
                23.800371427996673
              ],
              [
                121.45211805178944,
                23.799759570960187
              ],
              [
                121.45212044922329,
                23.79976609235261
              ],
              [
                121.4523820853941,
                23.79990458938515
              ],
              [
                121.45241707227407,
                23.79992521520827
              ],
              [
                121.45229760369709,
                23.80004142813396
              ],
              [
                121.45238451798811,
                23.800119631728062
              ],
              [
                121.45217276997414,
                23.800382788637737
              ],
              [
                121.45210460701146,
                23.80036064005692
              ],
              [
                121.45189697257698,
                23.800587684111466
              ],
              [
                121.45177461610578,
                23.800696043904495
              ],
              [
                121.45169445866352,
                23.800772874147636
              ],
              [
                121.45164050511147,
                23.80089051648699
              ],
              [
                121.45160843519739,
                23.800864645676995
              ],
              [
                121.45150175275438,
                23.801023341055632
              ]
            ]
          ],
          [
            [
              [
                121.45288629573969,
                23.800662830154472
              ],
              [
                121.45273626982974,
                23.800605576562667
              ],
              [
                121.45284237563116,
                23.800512639348312
              ],
              [
                121.45293057696476,
                23.80054862536789
              ],
              [
                121.45311221898227,
                23.800286386574307
              ],
              [
                121.45348462373154,
                23.79975237335012
              ],
              [
                121.45350477710004,
                23.799766338025005
              ],
              [
                121.45288629573969,
                23.800662830154472
              ]
            ]
          ],
          [
            [
              [
                121.45205895137956,
                23.800678504533106
              ],
              [
                121.45206805935034,
                23.800683611188635
              ],
              [
                121.45208018692546,
                23.8006904110802
              ],
              [
                121.4520806264433,
                23.800690657204086
              ],
              [
                121.45208204430965,
                23.800691452171403
              ],
              [
                121.45208555259542,
                23.800693419379545
              ],
              [
                121.45198403595249,
                23.80090719599062
              ],
              [
                121.45198024509882,
                23.800906099160493
              ],
              [
                121.45187132517619,
                23.800874598693007
              ],
              [
                121.45192368350504,
                23.800842252944925
              ],
              [
                121.45188959176002,
                23.80073065186011
              ],
              [
                121.45193219360686,
                23.800639651172084
              ],
              [
                121.45184484702405,
                23.80068077504506
              ],
              [
                121.45191976951554,
                23.80060046649642
              ],
              [
                121.45205895137956,
                23.800678504533106
              ]
            ]
          ],
          [
            [
              [
                121.45177200303671,
                23.80085815493244
              ],
              [
                121.45174678194938,
                23.800903783215045
              ],
              [
                121.45172190120557,
                23.80094879467692
              ],
              [
                121.45164864013681,
                23.80093467190408
              ],
              [
                121.45165480405173,
                23.80089522060173
              ],
              [
                121.45165536883589,
                23.80088855418492
              ],
              [
                121.45165828201347,
                23.800883308477157
              ],
              [
                121.45168035470823,
                23.800843574932173
              ],
              [
                121.45177200303671,
                23.80085815493244
              ]
            ]
          ],
          [
            [
              [
                121.45208592659873,
                23.801365781918932
              ],
              [
                121.45215994233796,
                23.801397684299882
              ],
              [
                121.45216084064322,
                23.801398071747034
              ],
              [
                121.45212325700503,
                23.801456634225023
              ],
              [
                121.45212259852744,
                23.801456355333322
              ],
              [
                121.45203389176478,
                23.801418775710534
              ],
              [
                121.45206586796594,
                23.80135313240092
              ],
              [
                121.45208592659873,
                23.801365781918932
              ]
            ]
          ],
          [
            [
              [
                121.45205095616892,
                23.801109244496864
              ],
              [
                121.45201743940491,
                23.80123958503614
              ],
              [
                121.45201632873143,
                23.801243904448597
              ],
              [
                121.45201593559304,
                23.80124543431511
              ],
              [
                121.451971202669,
                23.801214637096983
              ],
              [
                121.45201199237849,
                23.801122316151147
              ],
              [
                121.45206035070568,
                23.801092509465633
              ],
              [
                121.45205095616892,
                23.801109244496864
              ]
            ]
          ]
        ]
      }
    },
    {
      "id": "263",
      "type": "Feature",
      "properties": {
        "LandUsageZoneName": "一般農業區",
        "RevitalizationMethodName": "出租",
        "RevitalizartionMethodName": "出租"
      },
      "geometry": {
        "type": "MultiPolygon",
        "coordinates": [
          [
            [
              [
                121.45180640903533,
                23.800699431733968
              ],
              [
                121.45180800803271,
                23.800698119562725
              ],
              [
                121.45193219360686,
                23.800639651172084
              ],
              [
                121.45188959176002,
                23.80073065186011
              ],
              [
                121.45180640903533,
                23.800699431733968
              ]
            ]
          ]
        ]
      }
    },
    {
      "id": "264",
      "type": "Feature",
      "properties": {
        "LandUsageZoneName": "鄉村區",
        "RevitalizationMethodName": "出租",
        "RevitalizartionMethodName": "出租"
      },
      "geometry": {
        "type": "MultiPolygon",
        "coordinates": [
          [
            [
              [
                121.45155309248098,
                23.80107499917458
              ],
              [
                121.45154262673493,
                23.80134341723309
              ],
              [
                121.45146614617185,
                23.801339677027183
              ],
              [
                121.45146146206856,
                23.801242261120127
              ],
              [
                121.4514560516057,
                23.801153317121685
              ],
              [
                121.45152425169826,
                23.801095264778027
              ],
              [
                121.45155309248098,
                23.80107499917458
              ]
            ]
          ]
        ]
      }
    },
    {
      "id": "265",
      "type": "Feature",
      "properties": {
        "LandUsageZoneName": "鄉村區",
        "RevitalizationMethodName": "出租",
        "RevitalizartionMethodName": "出租"
      },
      "geometry": {
        "type": "MultiPolygon",
        "coordinates": [
          [
            [
              [
                121.45146146206856,
                23.801242261120127
              ],
              [
                121.45135487073185,
                23.801240577414376
              ],
              [
                121.4514560516057,
                23.801153317121685
              ],
              [
                121.45146146206856,
                23.801242261120127
              ]
            ]
          ]
        ]
      }
    },
    {
      "id": "266",
      "type": "Feature",
      "properties": {
        "LandUsageZoneName": "鄉村區",
        "RevitalizationMethodName": "出租",
        "RevitalizartionMethodName": "出租"
      },
      "geometry": {
        "type": "MultiPolygon",
        "coordinates": [
          [
            [
              [
                121.45146614617185,
                23.801339677027183
              ],
              [
                121.45136858990851,
                23.801337072962895
              ],
              [
                121.45135487073185,
                23.801240577414376
              ],
              [
                121.45146146206856,
                23.801242261120127
              ],
              [
                121.45146614617185,
                23.801339677027183
              ]
            ]
          ]
        ]
      }
    },
    {
      "id": "267",
      "type": "Feature",
      "properties": {
        "LandUsageZoneName": "鄉村區",
        "RevitalizationMethodName": "出租",
        "RevitalizartionMethodName": "出租"
      },
      "geometry": {
        "type": "MultiPolygon",
        "coordinates": [
          [
            [
              [
                121.45157479562397,
                23.801346221597374
              ],
              [
                121.45153750445948,
                23.80144574685852
              ],
              [
                121.45125716892116,
                23.801425925271733
              ],
              [
                121.45123058866902,
                23.801421641699264
              ],
              [
                121.45131512972235,
                23.801273001645814
              ],
              [
                121.45135487073185,
                23.801240577414376
              ],
              [
                121.45136858990851,
                23.801337072962895
              ],
              [
                121.45146614617185,
                23.801339677027183
              ],
              [
                121.45154262673493,
                23.80134341723309
              ],
              [
                121.45157479562397,
                23.801346221597374
              ]
            ]
          ]
        ]
      }
    },
    {
      "id": "268",
      "type": "Feature",
      "properties": {
        "LandUsageZoneName": "一般農業區",
        "RevitalizationMethodName": "出租",
        "RevitalizartionMethodName": "出租"
      },
      "geometry": {
        "type": "MultiPolygon",
        "coordinates": [
          [
            [
              [
                121.4502172953765,
                23.798961090768124
              ],
              [
                121.4499191799559,
                23.798801006198705
              ],
              [
                121.44991916351498,
                23.798800996296734
              ],
              [
                121.44991856075534,
                23.79880193679116
              ],
              [
                121.44960432738773,
                23.79929223743801
              ],
              [
                121.4496641643546,
                23.799322005315947
              ],
              [
                121.44978267126284,
                23.79939884516368
              ],
              [
                121.44984277905893,
                23.799467340241666
              ],
              [
                121.44988882973905,
                23.799497545523707
              ],
              [
                121.44995543127546,
                23.799505369634964
              ],
              [
                121.45006363560846,
                23.7995426895483
              ],
              [
                121.4501011514477,
                23.799596496008117
              ],
              [
                121.45111606270837,
                23.800131165018055
              ],
              [
                121.45190674331221,
                23.798925925022594
              ],
              [
                121.45193136990602,
                23.798884732896823
              ],
              [
                121.45068921594677,
                23.798228189710446
              ],
              [
                121.4502172953765,
                23.798961090768124
              ]
            ]
          ]
        ]
      }
    },
    {
      "id": "269",
      "type": "Feature",
      "properties": {
        "LandUsageZoneName": "一般農業區",
        "RevitalizationMethodName": "出租",
        "RevitalizartionMethodName": "出租"
      },
      "geometry": {
        "type": "MultiPolygon",
        "coordinates": [
          [
            [
              [
                121.44628486747735,
                23.797660774730172
              ],
              [
                121.44635140181657,
                23.7973993551051
              ],
              [
                121.4464217778997,
                23.797245665879235
              ],
              [
                121.44653280488168,
                23.79730861526815
              ],
              [
                121.4464565693493,
                23.797404577011584
              ],
              [
                121.44646429836796,
                23.797412058272805
              ],
              [
                121.44640026160418,
                23.7975226488135
              ],
              [
                121.44638391006436,
                23.79750754439507
              ],
              [
                121.44628486747735,
                23.797660774730172
              ]
            ]
          ]
        ]
      }
    },
    {
      "id": "270",
      "type": "Feature",
      "properties": {
        "LandUsageZoneName": "一般農業區",
        "RevitalizationMethodName": "出租",
        "RevitalizartionMethodName": "出租"
      },
      "geometry": {
        "type": "MultiPolygon",
        "coordinates": [
          [
            [
              [
                121.44729247439261,
                23.79588441099797
              ],
              [
                121.44735434901956,
                23.79594529904155
              ],
              [
                121.4473751818925,
                23.79600532181286
              ],
              [
                121.44718083406329,
                23.796307212902327
              ],
              [
                121.44742609738164,
                23.79644510682818
              ],
              [
                121.44776072016506,
                23.796622931986708
              ],
              [
                121.44802286504454,
                23.796760989963
              ],
              [
                121.44714293868957,
                23.796324819422964
              ],
              [
                121.4471586070233,
                23.79629658441989
              ],
              [
                121.44725732078089,
                23.7961186963594
              ],
              [
                121.44717780222534,
                23.79602061217874
              ],
              [
                121.44702644272907,
                23.795945888045722
              ],
              [
                121.44720351261948,
                23.795831312729412
              ],
              [
                121.44729247439261,
                23.79588441099797
              ]
            ]
          ]
        ]
      }
    },
    {
      "id": "271",
      "type": "Feature",
      "properties": {
        "LandUsageZoneName": "河川區",
        "RevitalizationMethodName": "出租",
        "RevitalizartionMethodName": "出租"
      },
      "geometry": {
        "type": "MultiPolygon",
        "coordinates": [
          [
            [
              [
                121.44859330754683,
                23.79456699999721
              ],
              [
                121.4488333237727,
                23.794273168714884
              ],
              [
                121.44928518937618,
                23.793646055307377
              ],
              [
                121.44946930437567,
                23.79323606152723
              ],
              [
                121.44953906179519,
                23.793277918385943
              ],
              [
                121.44962353631459,
                23.793313357417972
              ],
              [
                121.44978327059947,
                23.79333848196286
              ],
              [
                121.44990227473453,
                23.793336148583354
              ],
              [
                121.44995928192968,
                23.79332004509246
              ],
              [
                121.45005722667841,
                23.79327478291349
              ],
              [
                121.4500897248077,
                23.793237007490074
              ],
              [
                121.45006361298263,
                23.793274213482867
              ],
              [
                121.4500314369304,
                23.793320033363464
              ],
              [
                121.45008748940181,
                23.79336008788814
              ],
              [
                121.44984285453417,
                23.793349694671118
              ],
              [
                121.4495449174564,
                23.79333703639035
              ],
              [
                121.44948742445084,
                23.793334594279454
              ],
              [
                121.44937434794784,
                23.793456950009222
              ],
              [
                121.44925994760295,
                23.793716641182126
              ],
              [
                121.44915688209424,
                23.794019506066793
              ],
              [
                121.44882731710254,
                23.794381424376194
              ],
              [
                121.4489501615317,
                23.794456906943022
              ],
              [
                121.4492374509742,
                23.79459344504278
              ],
              [
                121.44923569305689,
                23.79459961107698
              ],
              [
                121.44893851002278,
                23.79446735200177
              ],
              [
                121.4487804866537,
                23.794369298322316
              ],
              [
                121.44868971869258,
                23.794464508815405
              ],
              [
                121.44871095971105,
                23.794491824901808
              ],
              [
                121.44865699803573,
                23.79455200174402
              ],
              [
                121.44869337642434,
                23.794632377086995
              ],
              [
                121.44859330754683,
                23.79456699999721
              ]
            ]
          ]
        ]
      }
    },
    {
      "id": "272",
      "type": "Feature",
      "properties": {
        "LandUsageZoneName": "一般農業區",
        "RevitalizationMethodName": "出租",
        "RevitalizartionMethodName": "出租"
      },
      "geometry": {
        "type": "MultiPolygon",
        "coordinates": [
          [
            [
              [
                121.45040378299421,
                23.798031943769846
              ],
              [
                121.45037033320052,
                23.79801031611836
              ],
              [
                121.45050767731797,
                23.797784427393736
              ],
              [
                121.45079135874774,
                23.79736556338146
              ],
              [
                121.45081231406085,
                23.797339104955558
              ],
              [
                121.45083639621002,
                23.79730307140569
              ],
              [
                121.4508596827747,
                23.797275083767616
              ],
              [
                121.45093501345465,
                23.797158745373498
              ],
              [
                121.45105424394733,
                23.796938145369708
              ],
              [
                121.45116401547192,
                23.796767688257873
              ],
              [
                121.45128405433503,
                23.796583882343388
              ],
              [
                121.4519268280469,
                23.795496352123102
              ],
              [
                121.45195543493465,
                23.795510687760228
              ],
              [
                121.45160061844638,
                23.79610644481376
              ],
              [
                121.45151619831017,
                23.79624360806809
              ],
              [
                121.45132578502212,
                23.796559687318297
              ],
              [
                121.45143401601135,
                23.796568400374483
              ],
              [
                121.45141104564443,
                23.796654321258323
              ],
              [
                121.4514481145636,
                23.796675432443667
              ],
              [
                121.45144240708426,
                23.796739026740557
              ],
              [
                121.45150499665678,
                23.796739195785374
              ],
              [
                121.45161832421546,
                23.7968084916206
              ],
              [
                121.45156760455838,
                23.796880958321047
              ],
              [
                121.45275801641954,
                23.7975501503079
              ],
              [
                121.4527145292598,
                23.797616871372174
              ],
              [
                121.45140985449603,
                23.796903190277558
              ],
              [
                121.4513000200679,
                23.79696446150182
              ],
              [
                121.4510979581016,
                23.796948356514783
              ],
              [
                121.45099608354319,
                23.797106717889207
              ],
              [
                121.45112489326812,
                23.797163697573136
              ],
              [
                121.45109644040343,
                23.79724492999933
              ],
              [
                121.45095423539223,
                23.797176557931063
              ],
              [
                121.4509027007675,
                23.79725756882383
              ],
              [
                121.45098686884457,
                23.797305721664674
              ],
              [
                121.45092375584963,
                23.79738997191794
              ],
              [
                121.45085105558609,
                23.797349216922065
              ],
              [
                121.45077216806456,
                23.797472006496893
              ],
              [
                121.45087736061356,
                23.797521389215476
              ],
              [
                121.45082261313893,
                23.797589948583497
              ],
              [
                121.45078326220538,
                23.797723774241113
              ],
              [
                121.45076368716262,
                23.79774727233119
              ],
              [
                121.45069410242401,
                23.79772499180874
              ],
              [
                121.45067668658174,
                23.797853832227045
              ],
              [
                121.45063774588132,
                23.79771118756286
              ],
              [
                121.45059885578642,
                23.797699851560903
              ],
              [
                121.45040378299421,
                23.798031943769846
              ]
            ]
          ]
        ]
      }
    },
    {
      "id": "273",
      "type": "Feature",
      "properties": {
        "LandUsageZoneName": "一般農業區",
        "RevitalizationMethodName": "出租",
        "RevitalizartionMethodName": "出租"
      },
      "geometry": {
        "type": "MultiPolygon",
        "coordinates": [
          [
            [
              [
                121.45227741395647,
                23.798311321261213
              ],
              [
                121.45223907599672,
                23.798380203238338
              ],
              [
                121.45218459807386,
                23.79835358102195
              ],
              [
                121.45180172677522,
                23.798142966824802
              ],
              [
                121.45112083578191,
                23.797813210424188
              ],
              [
                121.45078326220538,
                23.797723774241113
              ],
              [
                121.45082261313893,
                23.797589948583497
              ],
              [
                121.45087736061356,
                23.797521389215476
              ],
              [
                121.45089199538471,
                23.797505228572646
              ],
              [
                121.4508973389088,
                23.79743276826929
              ],
              [
                121.45092375584963,
                23.79738997191794
              ],
              [
                121.45098686884457,
                23.797305721664674
              ],
              [
                121.45135562067661,
                23.79757194756693
              ],
              [
                121.45125834371837,
                23.797777249708695
              ],
              [
                121.45227741395647,
                23.798311321261213
              ]
            ]
          ]
        ]
      }
    },
    {
      "id": "274",
      "type": "Feature",
      "properties": {
        "LandUsageZoneName": "一般農業區",
        "RevitalizationMethodName": "出租",
        "RevitalizartionMethodName": "出租"
      },
      "geometry": {
        "type": "MultiPolygon",
        "coordinates": [
          [
            [
              [
                121.45286410217257,
                23.799365940060316
              ],
              [
                121.45285253640664,
                23.799401153411623
              ],
              [
                121.45194202759976,
                23.79889730613434
              ],
              [
                121.45195492863103,
                23.79887356558726
              ],
              [
                121.45286410217257,
                23.799365940060316
              ]
            ]
          ]
        ]
      }
    },
    {
      "id": "275",
      "type": "Feature",
      "properties": {
        "LandUsageZoneName": "一般農業區",
        "RevitalizationMethodName": "出租",
        "RevitalizartionMethodName": "出租"
      },
      "geometry": {
        "type": "MultiPolygon",
        "coordinates": [
          [
            [
              [
                121.45355468945188,
                23.800552395884687
              ],
              [
                121.45355441708627,
                23.80055280843597
              ],
              [
                121.45354024730973,
                23.800574291822485
              ],
              [
                121.45353887474602,
                23.800576371766578
              ],
              [
                121.45353088246064,
                23.800588488628645
              ],
              [
                121.45352259189129,
                23.800601750419904
              ],
              [
                121.45350831297343,
                23.800624589470253
              ],
              [
                121.45350112032868,
                23.800636095384128
              ],
              [
                121.4535008236454,
                23.800636570311163
              ],
              [
                121.45345647405244,
                23.80061983783586
              ],
              [
                121.453457163146,
                23.800618759480013
              ],
              [
                121.45346446205797,
                23.80060733361945
              ],
              [
                121.4534805942302,
                23.800582080023737
              ],
              [
                121.4534989488656,
                23.80055334800541
              ],
              [
                121.45350075065097,
                23.800550526371268
              ],
              [
                121.4535180171685,
                23.80052496513952
              ],
              [
                121.45351903841352,
                23.80052345238536
              ],
              [
                121.45355468945188,
                23.800552395884687
              ]
            ]
          ]
        ]
      }
    },
    {
      "id": "276",
      "type": "Feature",
      "properties": {
        "LandUsageZoneName": "一般農業區",
        "RevitalizationMethodName": "出租",
        "RevitalizartionMethodName": "出租"
      },
      "geometry": {
        "type": "MultiPolygon",
        "coordinates": [
          [
            [
              [
                121.45574084549607,
                23.799291665324517
              ],
              [
                121.45540675793153,
                23.79950380753876
              ],
              [
                121.45539993850363,
                23.799496192218346
              ],
              [
                121.4553807050487,
                23.799475909761494
              ],
              [
                121.45552225129245,
                23.799390568396916
              ],
              [
                121.45564390665494,
                23.79927461202075
              ],
              [
                121.45558904291758,
                23.799208009004072
              ],
              [
                121.455277166006,
                23.79937534540002
              ],
              [
                121.45523255118074,
                23.799318203050145
              ],
              [
                121.45551803431204,
                23.79920561810846
              ],
              [
                121.45557981341503,
                23.799170030582584
              ],
              [
                121.45566196800849,
                23.799270305736403
              ],
              [
                121.45584978255904,
                23.799122613357863
              ],
              [
                121.4558708521417,
                23.799128275892567
              ],
              [
                121.45596904664806,
                23.799058340307287
              ],
              [
                121.45594532173409,
                23.799003239432636
              ],
              [
                121.45604151556422,
                23.79895338255856
              ],
              [
                121.4562474135321,
                23.798920099330793
              ],
              [
                121.45624182956576,
                23.798925963422718
              ],
              [
                121.45607568555111,
                23.798981390776216
              ],
              [
                121.45597312691633,
                23.79906082584321
              ],
              [
                121.4559022485071,
                23.799152526990483
              ],
              [
                121.45587473476131,
                23.79916383209501
              ],
              [
                121.45574084549607,
                23.799291665324517
              ]
            ]
          ],
          [
            [
              [
                121.45574702315116,
                23.79993193468836
              ],
              [
                121.45568982644383,
                23.799981531747385
              ],
              [
                121.45566987574655,
                23.79997032169988
              ],
              [
                121.4555513285991,
                23.799959050612753
              ],
              [
                121.45554543066405,
                23.799954823201116
              ],
              [
                121.45551304564803,
                23.799931611553518
              ],
              [
                121.45550437337629,
                23.799925395881402
              ],
              [
                121.45558420822243,
                23.79985506776868
              ],
              [
                121.4555905734365,
                23.799862717830926
              ],
              [
                121.45560872499213,
                23.7998845330715
              ],
              [
                121.45562465823367,
                23.79990368118973
              ],
              [
                121.45569354536983,
                23.79988295344175
              ],
              [
                121.45574702315116,
                23.79993193468836
              ]
            ]
          ],
          [
            [
              [
                121.45593580840897,
                23.79946686808625
              ],
              [
                121.45583222547167,
                23.799591218511214
              ],
              [
                121.45579645835663,
                23.79962695414175
              ],
              [
                121.4557873165883,
                23.79963608841916
              ],
              [
                121.45578095998734,
                23.799642439667277
              ],
              [
                121.4557318855947,
                23.79959935892208
              ],
              [
                121.45573935796067,
                23.799592999865737
              ],
              [
                121.45574954158795,
                23.799584332957103
              ],
              [
                121.45579013225863,
                23.799549789446598
              ],
              [
                121.45594849583732,
                23.799415016834825
              ],
              [
                121.45593580840897,
                23.79946686808625
              ]
            ]
          ],
          [
            [
              [
                121.4556260107729,
                23.799620686214393
              ],
              [
                121.45564460324138,
                23.79963612072366
              ],
              [
                121.45565319724896,
                23.799643254028737
              ],
              [
                121.45551115956343,
                23.79974559612549
              ],
              [
                121.4554758167613,
                23.7997710610437
              ],
              [
                121.4554357025836,
                23.799741059345315
              ],
              [
                121.4554314893722,
                23.79973816334021
              ],
              [
                121.45560764172424,
                23.799605437956266
              ],
              [
                121.4556260107729,
                23.799620686214393
              ]
            ]
          ],
          [
            [
              [
                121.45440886687263,
                23.80018660668508
              ],
              [
                121.45415249658573,
                23.800061849740754
              ],
              [
                121.45416871155045,
                23.800051435108163
              ],
              [
                121.45440886687263,
                23.80018660668508
              ]
            ]
          ],
          [
            [
              [
                121.45503127202271,
                23.800130937904694
              ],
              [
                121.45502012553423,
                23.8001254988253
              ],
              [
                121.4551506677681,
                23.800006616314857
              ],
              [
                121.45515851852821,
                23.800013927014156
              ],
              [
                121.45511627762734,
                23.800052337195876
              ],
              [
                121.4551080304017,
                23.80005122378873
              ],
              [
                121.45503127202271,
                23.800130937904694
              ]
            ]
          ]
        ]
      }
    },
    {
      "id": "277",
      "type": "Feature",
      "properties": {
        "LandUsageZoneName": "一般農業區",
        "RevitalizationMethodName": "出租",
        "RevitalizartionMethodName": "出租"
      },
      "geometry": {
        "type": "MultiPolygon",
        "coordinates": [
          [
            [
              [
                121.45566216334723,
                23.7981870667251
              ],
              [
                121.45566142762489,
                23.798188272546092
              ],
              [
                121.45565533011629,
                23.79819826918541
              ],
              [
                121.45564847444591,
                23.79820950963609
              ],
              [
                121.45533628229512,
                23.798040728443816
              ],
              [
                121.45554640112029,
                23.797715135824358
              ],
              [
                121.4556994485981,
                23.797797495506444
              ],
              [
                121.4555113547787,
                23.79787698328288
              ],
              [
                121.45566216334723,
                23.7981870667251
              ]
            ]
          ]
        ]
      }
    },
    {
      "id": "278",
      "type": "Feature",
      "properties": {
        "LandUsageZoneName": "一般農業區",
        "RevitalizationMethodName": "出租",
        "RevitalizartionMethodName": "出租"
      },
      "geometry": {
        "type": "MultiPolygon",
        "coordinates": [
          [
            [
              [
                121.45988010834182,
                23.797198894819967
              ],
              [
                121.45987788235223,
                23.797202423907905
              ],
              [
                121.459867776098,
                23.797218444576917
              ],
              [
                121.45980588291769,
                23.797170826205253
              ],
              [
                121.45967934069502,
                23.797357737066704
              ],
              [
                121.45965922339072,
                23.797342943268156
              ],
              [
                121.45965769346442,
                23.797341818220005
              ],
              [
                121.45965311549017,
                23.797338451166915
              ],
              [
                121.45964199277954,
                23.797330271858755
              ],
              [
                121.45961958704576,
                23.79731018448482
              ],
              [
                121.45967039409273,
                23.797322644820362
              ],
              [
                121.45979744411257,
                23.797130848331793
              ],
              [
                121.45988010834182,
                23.797198894819967
              ]
            ]
          ]
        ]
      }
    },
    {
      "id": "279",
      "type": "Feature",
      "properties": {
        "LandUsageZoneName": "一般農業區",
        "RevitalizationMethodName": "出租",
        "RevitalizartionMethodName": "出租"
      },
      "geometry": {
        "type": "MultiPolygon",
        "coordinates": [
          [
            [
              [
                121.45831902047806,
                23.79484986353855
              ],
              [
                121.45835622451337,
                23.794868485902505
              ],
              [
                121.45832256937247,
                23.794928334868562
              ],
              [
                121.45823133504821,
                23.795036970290962
              ],
              [
                121.45809150979089,
                23.795261473543984
              ],
              [
                121.45808420078649,
                23.79534315914527
              ],
              [
                121.45800971891568,
                23.795304790312723
              ],
              [
                121.45831902047806,
                23.79484986353855
              ]
            ]
          ]
        ]
      }
    },
    {
      "id": "280",
      "type": "Feature",
      "properties": {
        "LandUsageZoneName": "一般農業區",
        "RevitalizationMethodName": "出租",
        "RevitalizartionMethodName": "出租"
      },
      "geometry": {
        "type": "MultiPolygon",
        "coordinates": [
          [
            [
              [
                121.45885979987479,
                23.792983726047506
              ],
              [
                121.45880309485699,
                23.792987705127583
              ],
              [
                121.45868408310454,
                23.79291221905216
              ],
              [
                121.45873258143547,
                23.79284028939339
              ],
              [
                121.45889208730124,
                23.792937001069692
              ],
              [
                121.45885979987479,
                23.792983726047506
              ]
            ]
          ]
        ]
      }
    },
    {
      "id": "281",
      "type": "Feature",
      "properties": {
        "LandUsageZoneName": "一般農業區",
        "RevitalizationMethodName": "出租",
        "RevitalizartionMethodName": "出租"
      },
      "geometry": {
        "type": "MultiPolygon",
        "coordinates": [
          [
            [
              [
                121.45864329351548,
                23.788567689931956
              ],
              [
                121.45870609113847,
                23.788541588293153
              ],
              [
                121.4587117319361,
                23.788569129960642
              ],
              [
                121.45861990996508,
                23.788592852750334
              ],
              [
                121.45854044549768,
                23.78866510012635
              ],
              [
                121.45852033804279,
                23.788667516589822
              ],
              [
                121.45856160395147,
                23.78859865143274
              ],
              [
                121.45864329351548,
                23.788567689931956
              ]
            ]
          ]
        ]
      }
    },
    {
      "id": "282",
      "type": "Feature",
      "properties": {
        "LandUsageZoneName": "河川區",
        "RevitalizationMethodName": "出租",
        "RevitalizartionMethodName": "出租"
      },
      "geometry": {
        "type": "MultiPolygon",
        "coordinates": [
          [
            [
              [
                121.4592678549544,
                23.788080788316634
              ],
              [
                121.4592591519917,
                23.788053093246198
              ],
              [
                121.45929677642236,
                23.788031581078233
              ],
              [
                121.45930130262936,
                23.788060245715233
              ],
              [
                121.4592678549544,
                23.788080788316634
              ]
            ]
          ]
        ]
      }
    },
    {
      "id": "283",
      "type": "Feature",
      "properties": {
        "LandUsageZoneName": "一般農業區",
        "RevitalizationMethodName": "出租",
        "RevitalizartionMethodName": "出租"
      },
      "geometry": {
        "type": "MultiPolygon",
        "coordinates": [
          [
            [
              [
                121.4589823827851,
                23.791829592171798
              ],
              [
                121.45914942641711,
                23.791446618439835
              ],
              [
                121.45918455038787,
                23.791347142913132
              ],
              [
                121.45925102316197,
                23.791364047251758
              ],
              [
                121.45918919296092,
                23.79158205288147
              ],
              [
                121.45908721267955,
                23.791848811476378
              ],
              [
                121.45898658056683,
                23.7921027981003
              ],
              [
                121.45884118561254,
                23.79229367424165
              ],
              [
                121.45899753805716,
                23.79195930282387
              ],
              [
                121.4589823827851,
                23.791829592171798
              ]
            ]
          ]
        ]
      }
    },
    {
      "id": "284",
      "type": "Feature",
      "properties": {
        "LandUsageZoneName": "特定專用區",
        "RevitalizationMethodName": "出租",
        "RevitalizartionMethodName": "出租"
      },
      "geometry": {
        "type": "MultiPolygon",
        "coordinates": [
          [
            [
              [
                121.45875556376664,
                23.762422859122122
              ],
              [
                121.45867987069096,
                23.762427409082946
              ],
              [
                121.45866083083105,
                23.76238058361579
              ],
              [
                121.45866542215015,
                23.762363765786795
              ],
              [
                121.45873155981747,
                23.762359280325843
              ],
              [
                121.45875556376664,
                23.762422859122122
              ]
            ]
          ]
        ]
      }
    },
    {
      "id": "285",
      "type": "Feature",
      "properties": {
        "LandUsageZoneName": "特定專用區",
        "RevitalizationMethodName": "出租",
        "RevitalizartionMethodName": "出租"
      },
      "geometry": {
        "type": "MultiPolygon",
        "coordinates": [
          [
            [
              [
                121.45827225661857,
                23.76245265572026
              ],
              [
                121.45789757951732,
                23.762475862286067
              ],
              [
                121.45786886775305,
                23.762432171588433
              ],
              [
                121.45783225853882,
                23.762450212992338
              ],
              [
                121.45775910574453,
                23.76246860647418
              ],
              [
                121.4577348293255,
                23.762456018820455
              ],
              [
                121.45773517610971,
                23.76243455428882
              ],
              [
                121.45777605358491,
                23.762427904722003
              ],
              [
                121.45786622406085,
                23.762405614161388
              ],
              [
                121.45799134241055,
                23.762397428118316
              ],
              [
                121.45824468244399,
                23.76238085238586
              ],
              [
                121.45827225661857,
                23.76245265572026
              ]
            ]
          ]
        ]
      }
    },
    {
      "id": "286",
      "type": "Feature",
      "properties": {
        "LandUsageZoneName": "特定農業區",
        "RevitalizationMethodName": "出租",
        "RevitalizartionMethodName": "出租"
      },
      "geometry": {
        "type": "MultiPolygon",
        "coordinates": [
          [
            [
              [
                121.45811529459483,
                23.75966364186774
              ],
              [
                121.45808632653225,
                23.759591409180118
              ],
              [
                121.45801286250514,
                23.759408252557954
              ],
              [
                121.4576143710628,
                23.758414743486174
              ],
              [
                121.45767558380048,
                23.7583939474501
              ],
              [
                121.45826151765955,
                23.759761125903495
              ],
              [
                121.45829292228944,
                23.759898780269157
              ],
              [
                121.45828858170044,
                23.75998439435364
              ],
              [
                121.45827419867523,
                23.760059807616663
              ],
              [
                121.45811529459483,
                23.75966364186774
              ]
            ]
          ]
        ]
      }
    },
    {
      "id": "287",
      "type": "Feature",
      "properties": {
        "LandUsageZoneName": "特定農業區",
        "RevitalizationMethodName": "出租",
        "RevitalizartionMethodName": "出租"
      },
      "geometry": {
        "type": "MultiPolygon",
        "coordinates": [
          [
            [
              [
                121.45829714968225,
                23.760114251615043
              ],
              [
                121.45827419867523,
                23.760059807616663
              ],
              [
                121.45828858170044,
                23.75998439435364
              ],
              [
                121.45829292228944,
                23.759898780269157
              ],
              [
                121.45826151765955,
                23.759761125903495
              ],
              [
                121.45832983672115,
                23.759912088845795
              ],
              [
                121.45830531788279,
                23.760096312533413
              ],
              [
                121.45829714968225,
                23.760114251615043
              ]
            ]
          ]
        ]
      }
    },
    {
      "id": "288",
      "type": "Feature",
      "properties": {
        "LandUsageZoneName": "特定農業區",
        "RevitalizationMethodName": "出租",
        "RevitalizartionMethodName": "出租"
      },
      "geometry": {
        "type": "MultiPolygon",
        "coordinates": [
          [
            [
              [
                121.45829714968225,
                23.760114251615043
              ],
              [
                121.45830531788279,
                23.760096312533413
              ],
              [
                121.45832983672115,
                23.759912088845795
              ],
              [
                121.45844772702984,
                23.760180290287796
              ],
              [
                121.45833845104245,
                23.76021485498783
              ],
              [
                121.45829714968225,
                23.760114251615043
              ]
            ]
          ]
        ]
      }
    },
    {
      "id": "289",
      "type": "Feature",
      "properties": {
        "LandUsageZoneName": "特定農業區",
        "RevitalizationMethodName": "出租",
        "RevitalizartionMethodName": "出租"
      },
      "geometry": {
        "type": "MultiPolygon",
        "coordinates": [
          [
            [
              [
                121.45829714968225,
                23.760114251615043
              ],
              [
                121.45826462822872,
                23.76018440923782
              ],
              [
                121.45821599670893,
                23.76025423538812
              ],
              [
                121.45811953834368,
                23.760346344080844
              ],
              [
                121.45805006687641,
                23.760370677322392
              ],
              [
                121.45812642955798,
                23.760291495532414
              ],
              [
                121.45819999133198,
                23.760213739668885
              ],
              [
                121.45825530560698,
                23.760133220640068
              ],
              [
                121.45827419867523,
                23.760059807616663
              ],
              [
                121.45829714968225,
                23.760114251615043
              ]
            ]
          ]
        ]
      }
    },
    {
      "id": "290",
      "type": "Feature",
      "properties": {
        "LandUsageZoneName": "一般農業區",
        "RevitalizationMethodName": "出租",
        "RevitalizartionMethodName": "出租"
      },
      "geometry": {
        "type": "MultiPolygon",
        "coordinates": [
          [
            [
              [
                121.44611036225909,
                23.792045885899835
              ],
              [
                121.4462777497858,
                23.791824275228198
              ],
              [
                121.44625784537126,
                23.791952463321074
              ],
              [
                121.44625352096625,
                23.792068317028786
              ],
              [
                121.44611036225909,
                23.792045885899835
              ]
            ]
          ]
        ]
      }
    },
    {
      "id": "291",
      "type": "Feature",
      "properties": {
        "LandUsageZoneName": "河川區",
        "RevitalizationMethodName": "出租",
        "RevitalizartionMethodName": "出租"
      },
      "geometry": {
        "type": "MultiPolygon",
        "coordinates": [
          [
            [
              [
                121.45067899746866,
                23.79059095541782
              ],
              [
                121.45052568068388,
                23.790610425735423
              ],
              [
                121.45052494153362,
                23.79060978498293
              ],
              [
                121.45046041156,
                23.790546865208075
              ],
              [
                121.45042321864514,
                23.79048922020603
              ],
              [
                121.45056826096074,
                23.790466276968466
              ],
              [
                121.45067899746866,
                23.79059095541782
              ]
            ]
          ]
        ]
      }
    },
    {
      "id": "292",
      "type": "Feature",
      "properties": {
        "LandUsageZoneName": "鄉村區",
        "RevitalizationMethodName": "出租",
        "RevitalizartionMethodName": "出租"
      },
      "geometry": {
        "type": "MultiPolygon",
        "coordinates": [
          [
            [
              [
                121.4532690722567,
                23.783334401589013
              ],
              [
                121.4534579556478,
                23.783384602527757
              ],
              [
                121.45342337520357,
                23.78343210970472
              ],
              [
                121.45327287276305,
                23.783391918270343
              ],
              [
                121.4532690722567,
                23.783334401589013
              ]
            ]
          ]
        ]
      }
    },
    {
      "id": "293",
      "type": "Feature",
      "properties": {
        "LandUsageZoneName": "鄉村區",
        "RevitalizationMethodName": "出租",
        "RevitalizartionMethodName": "出租"
      },
      "geometry": {
        "type": "MultiPolygon",
        "coordinates": [
          [
            [
              [
                121.455004539818,
                23.782853620590217
              ],
              [
                121.45498229386988,
                23.78271413758411
              ],
              [
                121.45504203037477,
                23.782683630066263
              ],
              [
                121.45520509227896,
                23.782630858730986
              ],
              [
                121.4551718989466,
                23.782594603266176
              ],
              [
                121.45519036752115,
                23.782593492347893
              ],
              [
                121.45534132991843,
                23.782584414850827
              ],
              [
                121.45549820669912,
                23.78255945468051
              ],
              [
                121.45553551541805,
                23.782720207628994
              ],
              [
                121.45553971110971,
                23.782783288047636
              ],
              [
                121.45553407419621,
                23.782785035661743
              ],
              [
                121.45553590944812,
                23.78280006730487
              ],
              [
                121.455004539818,
                23.782853620590217
              ]
            ],
            [
              [
                121.4550892651305,
                23.782821135055055
              ],
              [
                121.45514645118448,
                23.782815350944208
              ],
              [
                121.45514370906895,
                23.782781078001587
              ],
              [
                121.45515715266211,
                23.782779916887378
              ],
              [
                121.45515278113163,
                23.7827319462704
              ],
              [
                121.455139877555,
                23.782733205118248
              ],
              [
                121.45513581314718,
                23.782682413638536
              ],
              [
                121.45507746785853,
                23.782687498655836
              ],
              [
                121.45508200126456,
                23.78273885310736
              ],
              [
                121.45505437750603,
                23.782741548610673
              ],
              [
                121.45505851562298,
                23.78278843545908
              ],
              [
                121.45508616793694,
                23.78278604778146
              ],
              [
                121.4550892651305,
                23.782821135055055
              ]
            ]
          ]
        ]
      }
    },
    {
      "id": "294",
      "type": "Feature",
      "properties": {
        "LandUsageZoneName": "鄉村區",
        "RevitalizationMethodName": "出租",
        "RevitalizartionMethodName": "出租"
      },
      "geometry": {
        "type": "MultiPolygon",
        "coordinates": [
          [
            [
              [
                121.45506446421453,
                23.782162141057967
              ],
              [
                121.45507729478096,
                23.782208426197396
              ],
              [
                121.45509889800374,
                23.782259947950678
              ],
              [
                121.45510186531381,
                23.782271255148974
              ],
              [
                121.45508212828449,
                23.782276374440517
              ],
              [
                121.45505339954356,
                23.78217581926298
              ],
              [
                121.45501544757357,
                23.78209673665692
              ],
              [
                121.455020031535,
                23.782093272921593
              ],
              [
                121.45506446421453,
                23.782162141057967
              ]
            ]
          ]
        ]
      }
    },
    {
      "id": "295",
      "type": "Feature",
      "properties": {
        "LandUsageZoneName": "一般農業區",
        "RevitalizationMethodName": "出租",
        "RevitalizartionMethodName": "出租"
      },
      "geometry": {
        "type": "MultiPolygon",
        "coordinates": [
          [
            [
              [
                121.4539240438348,
                23.781588823759222
              ],
              [
                121.45392095792542,
                23.781589389960793
              ],
              [
                121.45387292580374,
                23.781598205042798
              ],
              [
                121.45385597416904,
                23.781599275224284
              ],
              [
                121.45385576088445,
                23.781532176581
              ],
              [
                121.45382460960496,
                23.78152319787435
              ],
              [
                121.45381112014691,
                23.78151930963018
              ],
              [
                121.45391636593143,
                23.781515643927317
              ],
              [
                121.4539240438348,
                23.781588823759222
              ]
            ]
          ]
        ]
      }
    },
    {
      "id": "296",
      "type": "Feature",
      "properties": {
        "LandUsageZoneName": "鄉村區",
        "RevitalizationMethodName": "出租",
        "RevitalizartionMethodName": "出租"
      },
      "geometry": {
        "type": "MultiPolygon",
        "coordinates": [
          [
            [
              [
                121.454013385804,
                23.781815632175295
              ],
              [
                121.45406334983787,
                23.781815810308135
              ],
              [
                121.4540908202693,
                23.78187694145625
              ],
              [
                121.454013385804,
                23.781815632175295
              ]
            ]
          ]
        ]
      }
    },
    {
      "id": "297",
      "type": "Feature",
      "properties": {
        "LandUsageZoneName": "鄉村區",
        "RevitalizationMethodName": "出租",
        "RevitalizartionMethodName": "出租"
      },
      "geometry": {
        "type": "MultiPolygon",
        "coordinates": [
          [
            [
              [
                121.45425669236297,
                23.78189890120151
              ],
              [
                121.45435589724788,
                23.781632962654072
              ],
              [
                121.45438564492258,
                23.7816327532084
              ],
              [
                121.4544409800324,
                23.781632363701437
              ],
              [
                121.45441417275048,
                23.781798777628133
              ],
              [
                121.45440688945644,
                23.781806474259525
              ],
              [
                121.45440276713494,
                23.781803298928843
              ],
              [
                121.45435508373848,
                23.781799251313657
              ],
              [
                121.45429585197495,
                23.781794222733136
              ],
              [
                121.45425669236297,
                23.78189890120151
              ]
            ]
          ]
        ]
      }
    },
    {
      "id": "298",
      "type": "Feature",
      "properties": {
        "LandUsageZoneName": "鄉村區",
        "RevitalizationMethodName": "出租",
        "RevitalizartionMethodName": "出租"
      },
      "geometry": {
        "type": "MultiPolygon",
        "coordinates": [
          [
            [
              [
                121.45472528265125,
                23.781541576047985
              ],
              [
                121.45482471393284,
                23.78153401159843
              ],
              [
                121.454902144897,
                23.781484264925012
              ],
              [
                121.45494039794207,
                23.781502744244182
              ],
              [
                121.45519755517621,
                23.78146366449039
              ],
              [
                121.4553042416975,
                23.781483224151973
              ],
              [
                121.4554127215471,
                23.781471129558504
              ],
              [
                121.45558206478758,
                23.78148969153043
              ],
              [
                121.45558381518501,
                23.78150487422104
              ],
              [
                121.45541498504494,
                23.78166180180559
              ],
              [
                121.45524948231605,
                23.78179379758794
              ],
              [
                121.45524389548478,
                23.781773000739722
              ],
              [
                121.4552312705026,
                23.781726020626216
              ],
              [
                121.45520010558295,
                23.78161000939184
              ],
              [
                121.45518988635673,
                23.78157198861411
              ],
              [
                121.4547689957059,
                23.781605916226955
              ],
              [
                121.45470860922252,
                23.781610789497833
              ],
              [
                121.45472528265125,
                23.781541576047985
              ]
            ]
          ]
        ]
      }
    },
    {
      "id": "299",
      "type": "Feature",
      "properties": {
        "LandUsageZoneName": "鄉村區",
        "RevitalizationMethodName": "出租",
        "RevitalizartionMethodName": "出租"
      },
      "geometry": {
        "type": "MultiPolygon",
        "coordinates": [
          [
            [
              [
                121.45489977018983,
                23.781708144717793
              ],
              [
                121.45490566415477,
                23.781703580024665
              ],
              [
                121.45498470469938,
                23.78164236543833
              ],
              [
                121.45504842961702,
                23.781691723273184
              ],
              [
                121.45499970306555,
                23.78173979621284
              ],
              [
                121.45500326994186,
                23.781762964789284
              ],
              [
                121.45489977018983,
                23.781708144717793
              ]
            ]
          ]
        ]
      }
    },
    {
      "id": "300",
      "type": "Feature",
      "properties": {
        "LandUsageZoneName": "鄉村區",
        "RevitalizationMethodName": "出租",
        "RevitalizartionMethodName": "出租"
      },
      "geometry": {
        "type": "MultiPolygon",
        "coordinates": [
          [
            [
              [
                121.45518988635673,
                23.78157198861411
              ],
              [
                121.45520010558295,
                23.78161000939184
              ],
              [
                121.45504842961702,
                23.781691723273184
              ],
              [
                121.45498470469938,
                23.78164236543833
              ],
              [
                121.45484968077062,
                23.78174693825234
              ],
              [
                121.4547689957059,
                23.781605916226955
              ],
              [
                121.45518988635673,
                23.78157198861411
              ]
            ]
          ]
        ]
      }
    },
    {
      "id": "301",
      "type": "Feature",
      "properties": {
        "LandUsageZoneName": "鄉村區",
        "RevitalizationMethodName": "出租",
        "RevitalizartionMethodName": "出租"
      },
      "geometry": {
        "type": "MultiPolygon",
        "coordinates": [
          [
            [
              [
                121.45365835606202,
                23.78173446089094
              ],
              [
                121.45366905204541,
                23.78180254908144
              ],
              [
                121.45371721802462,
                23.7820763036661
              ],
              [
                121.45370922989277,
                23.78224170412226
              ],
              [
                121.45365835606202,
                23.78173446089094
              ]
            ]
          ]
        ]
      }
    },
    {
      "id": "302",
      "type": "Feature",
      "properties": {
        "LandUsageZoneName": "一般農業區",
        "RevitalizationMethodName": "出租",
        "RevitalizartionMethodName": "出租"
      },
      "geometry": {
        "type": "MultiPolygon",
        "coordinates": [
          [
            [
              [
                121.45276407546883,
                23.781510404031778
              ],
              [
                121.45276416078457,
                23.781510956395746
              ],
              [
                121.45286812026244,
                23.78143392571793
              ],
              [
                121.45298958394767,
                23.781395844449282
              ],
              [
                121.45301178122871,
                23.781351758908922
              ],
              [
                121.45309741464635,
                23.781336817301334
              ],
              [
                121.45310527010541,
                23.78136934701385
              ],
              [
                121.45311100139673,
                23.781405883994484
              ],
              [
                121.45277413030338,
                23.78157794517008
              ],
              [
                121.45276387231182,
                23.7815112407725
              ],
              [
                121.45276407546883,
                23.781510404031778
              ]
            ]
          ]
        ]
      }
    },
    {
      "id": "303",
      "type": "Feature",
      "properties": {
        "LandUsageZoneName": "一般農業區",
        "RevitalizationMethodName": "出租",
        "RevitalizartionMethodName": "出租"
      },
      "geometry": {
        "type": "MultiPolygon",
        "coordinates": [
          [
            [
              [
                121.45273522749149,
                23.78205239812251
              ],
              [
                121.45272135012671,
                23.782138253828283
              ],
              [
                121.45270806354061,
                23.7822204553095
              ],
              [
                121.45269455446194,
                23.782275242544525
              ],
              [
                121.45269460097887,
                23.782275357987555
              ],
              [
                121.45258376426054,
                23.782460358985094
              ],
              [
                121.45240331527634,
                23.782272384137652
              ],
              [
                121.45250507466699,
                23.782264238261206
              ],
              [
                121.45250496814019,
                23.782234025389865
              ],
              [
                121.45258835897285,
                23.78223377734469
              ],
              [
                121.45260697970662,
                23.782139155312883
              ],
              [
                121.45269769560564,
                23.782138440573974
              ],
              [
                121.4527067018191,
                23.78208788970502
              ],
              [
                121.45247881986664,
                23.782019729281124
              ],
              [
                121.45244229948774,
                23.782008805696158
              ],
              [
                121.4524422986972,
                23.78200857724852
              ],
              [
                121.45231686946731,
                23.781976398320673
              ],
              [
                121.45227286492327,
                23.782000515382364
              ],
              [
                121.45228806830393,
                23.78209566224289
              ],
              [
                121.45216995071698,
                23.782091192713402
              ],
              [
                121.45218857719145,
                23.781971762668885
              ],
              [
                121.45215409421209,
                23.781951012408197
              ],
              [
                121.45213293156733,
                23.78196554258094
              ],
              [
                121.4520408237411,
                23.78202878321382
              ],
              [
                121.45199774919806,
                23.78195579359549
              ],
              [
                121.45197147638186,
                23.781969760809595
              ],
              [
                121.45196460211066,
                23.781938856211262
              ],
              [
                121.45214378101521,
                23.7818543586103
              ],
              [
                121.45228949028062,
                23.78174370607057
              ],
              [
                121.45254267653442,
                23.781551434596913
              ],
              [
                121.45269404007455,
                23.781641781214574
              ],
              [
                121.45277848404616,
                23.781623594403705
              ],
              [
                121.45277879686533,
                23.781623540211434
              ],
              [
                121.45278570097621,
                23.781682562090012
              ],
              [
                121.45279150355701,
                23.781708822236403
              ],
              [
                121.45279195648273,
                23.781708991568347
              ],
              [
                121.45279121802128,
                23.781709104798647
              ],
              [
                121.45253814512661,
                23.78179235965879
              ],
              [
                121.45248366895918,
                23.78184278463662
              ],
              [
                121.45247692537816,
                23.781858750749493
              ],
              [
                121.45244753350984,
                23.781928339852403
              ],
              [
                121.45244217215448,
                23.78197257553063
              ],
              [
                121.45273522749149,
                23.78205239812251
              ]
            ]
          ],
          [
            [
              [
                121.4518345158057,
                23.78204256498258
              ],
              [
                121.4515964947678,
                23.782169084041215
              ],
              [
                121.45158174342292,
                23.78209472924807
              ],
              [
                121.45155830109684,
                23.78197651399842
              ],
              [
                121.45155755858515,
                23.781960397353373
              ],
              [
                121.45153896804709,
                23.781829290733018
              ],
              [
                121.45149659147408,
                23.781678153680303
              ],
              [
                121.4515258087573,
                23.781678066430807
              ],
              [
                121.45154620652633,
                23.781797487023063
              ],
              [
                121.45178297581481,
                23.78177345816182
              ],
              [
                121.4518345158057,
                23.78204256498258
              ]
            ]
          ]
        ]
      }
    },
    {
      "id": "304",
      "type": "Feature",
      "properties": {
        "LandUsageZoneName": "一般農業區",
        "RevitalizationMethodName": "出租",
        "RevitalizartionMethodName": "出租"
      },
      "geometry": {
        "type": "MultiPolygon",
        "coordinates": [
          [
            [
              [
                121.44759942589279,
                23.78126223440568
              ],
              [
                121.44764432690103,
                23.781495768030048
              ],
              [
                121.4474399880127,
                23.78133821329097
              ],
              [
                121.44720969373188,
                23.781245511246905
              ],
              [
                121.44712969071345,
                23.781135031342973
              ],
              [
                121.44716120158179,
                23.781096961384176
              ],
              [
                121.4471144314332,
                23.781088976469576
              ],
              [
                121.44717568382768,
                23.78097117887846
              ],
              [
                121.44721590392136,
                23.78089382819029
              ],
              [
                121.44695589115139,
                23.78080295003554
              ],
              [
                121.44685160262426,
                23.780766498518286
              ],
              [
                121.44692210569845,
                23.780718394877123
              ],
              [
                121.44724573374229,
                23.780718878126113
              ],
              [
                121.4472470569577,
                23.78071817810724
              ],
              [
                121.44733811045406,
                23.78071832156193
              ],
              [
                121.44732702287104,
                23.780833634304916
              ],
              [
                121.44732253834854,
                23.780880266469296
              ],
              [
                121.44757955679187,
                23.78096653491894
              ],
              [
                121.44758318596126,
                23.78101861101999
              ],
              [
                121.44760011438305,
                23.781261567827652
              ],
              [
                121.4476001555873,
                23.78126156590227
              ],
              [
                121.44759942589279,
                23.78126223440568
              ]
            ]
          ],
          [
            [
              [
                121.44712267370613,
                23.779983120389883
              ],
              [
                121.44706218390108,
                23.780032267851283
              ],
              [
                121.44707577152876,
                23.780008721621627
              ],
              [
                121.44708178890795,
                23.77999829481793
              ],
              [
                121.4470769233456,
                23.779973389782402
              ],
              [
                121.44707029213697,
                23.779939451179715
              ],
              [
                121.44702494469799,
                23.779948268096344
              ],
              [
                121.447119416288,
                23.77985920510498
              ],
              [
                121.44713093061776,
                23.7799234664789
              ],
              [
                121.44713451830161,
                23.779944534903436
              ],
              [
                121.44713947378925,
                23.77997364026969
              ],
              [
                121.44713955583777,
                23.779974392201897
              ],
              [
                121.44713872464543,
                23.77997435849037
              ],
              [
                121.44712267370613,
                23.779983120389883
              ]
            ]
          ],
          [
            [
              [
                121.4467648242835,
                23.780152680214517
              ],
              [
                121.44675419999592,
                23.780153591346743
              ],
              [
                121.44669748314776,
                23.78016869138823
              ],
              [
                121.4466707230217,
                23.780117622160414
              ],
              [
                121.44667030034618,
                23.780118261779432
              ],
              [
                121.44669028523082,
                23.780077119056834
              ],
              [
                121.44669881955299,
                23.78005954885382
              ],
              [
                121.44674334842146,
                23.780072180722094
              ],
              [
                121.44676560080816,
                23.780151933924486
              ],
              [
                121.44676620310914,
                23.780151887936427
              ],
              [
                121.4467648242835,
                23.780152680214517
              ]
            ]
          ]
        ]
      }
    },
    {
      "id": "305",
      "type": "Feature",
      "properties": {
        "LandUsageZoneName": "一般農業區",
        "RevitalizationMethodName": "出租",
        "RevitalizartionMethodName": "出租"
      },
      "geometry": {
        "type": "MultiPolygon",
        "coordinates": [
          [
            [
              [
                121.44768479036861,
                23.78171850601216
              ],
              [
                121.44655466736455,
                23.781839137158137
              ],
              [
                121.44712968482006,
                23.78113502955412
              ],
              [
                121.44720968781071,
                23.781245501331437
              ],
              [
                121.44743999088215,
                23.781338191611496
              ],
              [
                121.4476452820413,
                23.781496464155463
              ],
              [
                121.44768479036861,
                23.78171850601216
              ]
            ]
          ]
        ]
      }
    },
    {
      "id": "306",
      "type": "Feature",
      "properties": {
        "LandUsageZoneName": "一般農業區",
        "RevitalizationMethodName": "出租",
        "RevitalizartionMethodName": "出租"
      },
      "geometry": {
        "type": "MultiPolygon",
        "coordinates": [
          [
            [
              [
                121.44714537055303,
                23.780686309924018
              ],
              [
                121.44711130610463,
                23.780675717468405
              ],
              [
                121.44726634999233,
                23.780315310487822
              ],
              [
                121.44732984759355,
                23.78032219675021
              ],
              [
                121.44714537055303,
                23.780686309924018
              ]
            ]
          ]
        ]
      }
    },
    {
      "id": "307",
      "type": "Feature",
      "properties": {
        "LandUsageZoneName": "一般農業區",
        "RevitalizationMethodName": "出租",
        "RevitalizartionMethodName": "出租"
      },
      "geometry": {
        "type": "MultiPolygon",
        "coordinates": [
          [
            [
              [
                121.44726421633749,
                23.77924114051034
              ],
              [
                121.44735324362262,
                23.779201991896915
              ],
              [
                121.4473181156518,
                23.779270484238996
              ],
              [
                121.44707803401957,
                23.77933569642992
              ],
              [
                121.44712166353807,
                23.77930288276072
              ],
              [
                121.44715242678663,
                23.779269257552972
              ],
              [
                121.44719721123006,
                23.77923848121899
              ],
              [
                121.44726421633749,
                23.77924114051034
              ]
            ]
          ]
        ]
      }
    },
    {
      "id": "308",
      "type": "Feature",
      "properties": {
        "LandUsageZoneName": "一般農業區",
        "RevitalizationMethodName": "出租",
        "RevitalizartionMethodName": "出租"
      },
      "geometry": {
        "type": "MultiPolygon",
        "coordinates": [
          [
            [
              [
                121.44681763448202,
                23.77937591879675
              ],
              [
                121.44682962903109,
                23.7792852986317
              ],
              [
                121.4470903203279,
                23.779209932001905
              ],
              [
                121.44728174409083,
                23.779090159130536
              ],
              [
                121.4473601621824,
                23.779093336128486
              ],
              [
                121.44741310954103,
                23.779134105090783
              ],
              [
                121.44740709681334,
                23.779160498121957
              ],
              [
                121.44736878080845,
                23.779177602943705
              ],
              [
                121.44735324362262,
                23.779201991896915
              ],
              [
                121.44726421633749,
                23.77924114051034
              ],
              [
                121.44719721123006,
                23.77923848121899
              ],
              [
                121.44715242678663,
                23.779269257552972
              ],
              [
                121.44712166353807,
                23.77930288276072
              ],
              [
                121.44707803401957,
                23.77933569642992
              ],
              [
                121.44691375568678,
                23.779373988184737
              ],
              [
                121.44681763448202,
                23.77937591879675
              ]
            ]
          ]
        ]
      }
    },
    {
      "id": "309",
      "type": "Feature",
      "properties": {
        "LandUsageZoneName": "一般農業區",
        "RevitalizationMethodName": "出租",
        "RevitalizartionMethodName": "出租"
      },
      "geometry": {
        "type": "MultiPolygon",
        "coordinates": [
          [
            [
              [
                121.44839160370613,
                23.778975579254293
              ],
              [
                121.44833659971988,
                23.77900641179114
              ],
              [
                121.44833649861773,
                23.77900640034616
              ],
              [
                121.44798323170512,
                23.778937090134836
              ],
              [
                121.44789458022879,
                23.77891969886391
              ],
              [
                121.44789449884625,
                23.778919715353357
              ],
              [
                121.44787725558109,
                23.77892321650287
              ],
              [
                121.44787713697238,
                23.778923250256632
              ],
              [
                121.44766243907345,
                23.778964479203157
              ],
              [
                121.44766230471932,
                23.778964499457913
              ],
              [
                121.4476247194481,
                23.778971757196164
              ],
              [
                121.4476245831347,
                23.778971778359534
              ],
              [
                121.44761792523842,
                23.778973065423497
              ],
              [
                121.44761778795308,
                23.778973089298585
              ],
              [
                121.44761306801136,
                23.778908762207575
              ],
              [
                121.44758302356288,
                23.77892443357461
              ],
              [
                121.44779673630343,
                23.778449676013718
              ],
              [
                121.44797590706833,
                23.778664123387735
              ],
              [
                121.44818594956081,
                23.778745699027915
              ],
              [
                121.44845955425633,
                23.77858817969194
              ],
              [
                121.44861871614388,
                23.778417737795074
              ],
              [
                121.44865328927493,
                23.778418011170576
              ],
              [
                121.44857065409208,
                23.77851056407596
              ],
              [
                121.4485565917397,
                23.778526313809806
              ],
              [
                121.44853673403028,
                23.77854679656345
              ],
              [
                121.44841220886121,
                23.778677736011815
              ],
              [
                121.4485114719029,
                23.778713746905904
              ],
              [
                121.44838288753357,
                23.77882556429279
              ],
              [
                121.44838297978637,
                23.778825570345646
              ],
              [
                121.44835926826524,
                23.77885188839173
              ],
              [
                121.44853987218049,
                23.77884095538177
              ],
              [
                121.44853995659004,
                23.77884096326326
              ],
              [
                121.4485519911146,
                23.778841308451813
              ],
              [
                121.44875782768673,
                23.778821901601663
              ],
              [
                121.44875782581734,
                23.778821928696033
              ],
              [
                121.44875590147836,
                23.77885531690314
              ],
              [
                121.44874132755216,
                23.778857237425918
              ],
              [
                121.4487413325572,
                23.778857266306257
              ],
              [
                121.44855377143125,
                23.77888062379255
              ],
              [
                121.44854635573446,
                23.778881241291867
              ],
              [
                121.44848828256752,
                23.77888973351206
              ],
              [
                121.44839160370613,
                23.778975579254293
              ]
            ]
          ],
          [
            [
              [
                121.44753052731878,
                23.778848035069462
              ],
              [
                121.44752343365293,
                23.778789076660576
              ],
              [
                121.44752329838575,
                23.77878911678309
              ],
              [
                121.44735453830356,
                23.778846483581876
              ],
              [
                121.44731029675361,
                23.778725554837013
              ],
              [
                121.44747602475756,
                23.77866415520265
              ],
              [
                121.44750475184347,
                23.77850209175034
              ],
              [
                121.44753289178908,
                23.778471246172415
              ],
              [
                121.44752705711161,
                23.778327450539344
              ],
              [
                121.44762269959371,
                23.778249529144635
              ],
              [
                121.4476852237774,
                23.77848166996408
              ],
              [
                121.44753052731878,
                23.778848035069462
              ]
            ]
          ],
          [
            [
              [
                121.44951516947435,
                23.77772892061126
              ],
              [
                121.44951633328787,
                23.777759786888307
              ],
              [
                121.4495157180983,
                23.7777595051482
              ],
              [
                121.44932862283424,
                23.777699487828627
              ],
              [
                121.44930797524421,
                23.77766505916015
              ],
              [
                121.44950875813568,
                23.777574977417093
              ],
              [
                121.44950935678493,
                23.777574729164925
              ],
              [
                121.44951516947435,
                23.77772892061126
              ]
            ]
          ],
          [
            [
              [
                121.44938683212413,
                23.777561743582872
              ],
              [
                121.44938909197577,
                23.777561798407678
              ],
              [
                121.44936194088768,
                23.777572991116745
              ],
              [
                121.44924866652333,
                23.777624181126654
              ],
              [
                121.44921321156787,
                23.77764020354876
              ],
              [
                121.44920808365694,
                23.77763641788666
              ],
              [
                121.44909816075885,
                23.77755528024522
              ],
              [
                121.44909887798316,
                23.777554702970487
              ],
              [
                121.44938683212413,
                23.777561743582872
              ]
            ]
          ]
        ]
      }
    },
    {
      "id": "310",
      "type": "Feature",
      "properties": {
        "LandUsageZoneName": "一般農業區",
        "RevitalizationMethodName": "出租",
        "RevitalizartionMethodName": "出租"
      },
      "geometry": {
        "type": "MultiPolygon",
        "coordinates": [
          [
            [
              [
                121.44854092801592,
                23.776371031200178
              ],
              [
                121.4484439091566,
                23.776376347913608
              ],
              [
                121.44844262798256,
                23.776376417550683
              ],
              [
                121.44842622817983,
                23.776330496116724
              ],
              [
                121.44836094086278,
                23.776136724234345
              ],
              [
                121.44827182101794,
                23.775872217281744
              ],
              [
                121.44831762283677,
                23.775792307329027
              ],
              [
                121.4483336390588,
                23.775721211001677
              ],
              [
                121.44873157013288,
                23.776119406030592
              ],
              [
                121.4487037997407,
                23.77610845429635
              ],
              [
                121.44861947231297,
                23.77607451755429
              ],
              [
                121.44860229223109,
                23.776136657163313
              ],
              [
                121.44859631424488,
                23.776163917895087
              ],
              [
                121.44869999326903,
                23.77623900253092
              ],
              [
                121.44863057849308,
                23.77627854550792
              ],
              [
                121.44863215706906,
                23.776366031934415
              ],
              [
                121.44854092801592,
                23.776371031200178
              ]
            ]
          ]
        ]
      }
    },
    {
      "id": "311",
      "type": "Feature",
      "properties": {
        "LandUsageZoneName": "一般農業區",
        "RevitalizationMethodName": "出租",
        "RevitalizartionMethodName": "出租"
      },
      "geometry": {
        "type": "MultiPolygon",
        "coordinates": [
          [
            [
              [
                121.44899095642353,
                23.776833275885064
              ],
              [
                121.44865208969338,
                23.776857425486824
              ],
              [
                121.4485939267097,
                23.77672447843211
              ],
              [
                121.44853743612771,
                23.776595355066554
              ],
              [
                121.44844191871624,
                23.776377025500114
              ],
              [
                121.44844179906934,
                23.776376469620978
              ],
              [
                121.44844263081768,
                23.776376385938665
              ],
              [
                121.44844391199172,
                23.776376316301594
              ],
              [
                121.44854093085101,
                23.77637099958816
              ],
              [
                121.44854118499829,
                23.77637157855363
              ],
              [
                121.44863955931788,
                23.77663783276244
              ],
              [
                121.44864079388779,
                23.77663790592763
              ],
              [
                121.44875326862757,
                23.77677934374081
              ],
              [
                121.44898608219803,
                23.776780193899505
              ],
              [
                121.44899095642353,
                23.776833275885064
              ]
            ]
          ]
        ]
      }
    },
    {
      "id": "312",
      "type": "Feature",
      "properties": {
        "LandUsageZoneName": "一般農業區",
        "RevitalizationMethodName": "出租",
        "RevitalizartionMethodName": "出租"
      },
      "geometry": {
        "type": "MultiPolygon",
        "coordinates": [
          [
            [
              [
                121.45033375043782,
                23.777413221956948
              ],
              [
                121.45029343461617,
                23.777448823343757
              ],
              [
                121.45020715922361,
                23.777384381080385
              ],
              [
                121.45022820704337,
                23.777327812162596
              ],
              [
                121.45028751788472,
                23.777375812400997
              ],
              [
                121.45033375043782,
                23.777413221956948
              ]
            ]
          ]
        ]
      }
    },
    {
      "id": "313",
      "type": "Feature",
      "properties": {
        "LandUsageZoneName": "特定農業區",
        "RevitalizationMethodName": "出租",
        "RevitalizartionMethodName": "出租"
      },
      "geometry": {
        "type": "MultiPolygon",
        "coordinates": [
          [
            [
              [
                121.45537325349223,
                23.767322923548072
              ],
              [
                121.4553987397161,
                23.76723189267181
              ],
              [
                121.45554260089185,
                23.768145405176142
              ],
              [
                121.45543482293665,
                23.767752806528655
              ],
              [
                121.45535920671654,
                23.767543568513915
              ],
              [
                121.45537325349223,
                23.767322923548072
              ]
            ]
          ]
        ]
      }
    },
    {
      "id": "314",
      "type": "Feature",
      "properties": {
        "LandUsageZoneName": "特定農業區",
        "RevitalizationMethodName": "出租",
        "RevitalizartionMethodName": "出租"
      },
      "geometry": {
        "type": "MultiPolygon",
        "coordinates": [
          [
            [
              [
                121.45584290488641,
                23.77012087588028
              ],
              [
                121.45580510209336,
                23.77001105141171
              ],
              [
                121.4557277015695,
                23.76971545028484
              ],
              [
                121.45569363349733,
                23.769584882674398
              ],
              [
                121.45574153570055,
                23.769346584199468
              ],
              [
                121.45587559427616,
                23.770117282212833
              ],
              [
                121.45584290488641,
                23.77012087588028
              ]
            ]
          ]
        ]
      }
    },
    {
      "id": "315",
      "type": "Feature",
      "properties": {
        "LandUsageZoneName": "一般農業區",
        "RevitalizationMethodName": "出租",
        "RevitalizartionMethodName": "出租"
      },
      "geometry": {
        "type": "MultiPolygon",
        "coordinates": [
          [
            [
              [
                121.44092320431363,
                23.75443302566344
              ],
              [
                121.44092313687702,
                23.75443310080224
              ],
              [
                121.44089254223417,
                23.754531011182436
              ],
              [
                121.44102002433955,
                23.754566476285596
              ],
              [
                121.44096380041714,
                23.75459320297227
              ],
              [
                121.44091795660934,
                23.754614995096546
              ],
              [
                121.4409080137529,
                23.754623642300185
              ],
              [
                121.4407762403681,
                23.75452835233626
              ],
              [
                121.44055448492287,
                23.75439338323252
              ],
              [
                121.44022099728272,
                23.754414589025448
              ],
              [
                121.44015907893261,
                23.754430357867054
              ],
              [
                121.44014139960349,
                23.7544062664581
              ],
              [
                121.44014157795735,
                23.75440620996605
              ],
              [
                121.44012980151075,
                23.75439033139735
              ],
              [
                121.43989825262193,
                23.754037865009288
              ],
              [
                121.43991982991835,
                23.754031456617806
              ],
              [
                121.43992061099966,
                23.75403122413722
              ],
              [
                121.43992107259434,
                23.75403108737784
              ],
              [
                121.43992150674843,
                23.754030958823304
              ],
              [
                121.43994021746202,
                23.7540254028653
              ],
              [
                121.44013370609339,
                23.754220548649723
              ],
              [
                121.44020968757074,
                23.754381140978122
              ],
              [
                121.44049063314573,
                23.754363985817275
              ],
              [
                121.4405613958107,
                23.754374046325022
              ],
              [
                121.44068996755647,
                23.754428448360983
              ],
              [
                121.44077395363722,
                23.754334002123066
              ],
              [
                121.44077789903525,
                23.754338598717304
              ],
              [
                121.4409312301483,
                23.754251033851492
              ],
              [
                121.44104011475784,
                23.754146935927654
              ],
              [
                121.44108680713308,
                23.7541720767435
              ],
              [
                121.44110336653782,
                23.754151692819928
              ],
              [
                121.44111902518716,
                23.754132418505222
              ],
              [
                121.4411260543829,
                23.754123766061035
              ],
              [
                121.44113318713451,
                23.754114986002374
              ],
              [
                121.44113782865156,
                23.75410927321528
              ],
              [
                121.44118709013044,
                23.75414571995855
              ],
              [
                121.44143297380988,
                23.753973769789685
              ],
              [
                121.44143806971562,
                23.75398935581847
              ],
              [
                121.44144501723919,
                23.754010605393464
              ],
              [
                121.44144634864685,
                23.754015023426504
              ],
              [
                121.4414516355811,
                23.754032565641626
              ],
              [
                121.44146263704717,
                23.754069067413024
              ],
              [
                121.44146223428369,
                23.7540735590257
              ],
              [
                121.44145175894081,
                23.75407671502821
              ],
              [
                121.44124567062661,
                23.754200039619576
              ],
              [
                121.44119914370263,
                23.754254863459355
              ],
              [
                121.44112301436076,
                23.754356724345076
              ],
              [
                121.44092320431363,
                23.75443302566344
              ]
            ]
          ],
          [
            [
              [
                121.43833908345117,
                23.755654966844684
              ],
              [
                121.43820394705651,
                23.75571914485927
              ],
              [
                121.43806052525836,
                23.755761169338786
              ],
              [
                121.43796858673652,
                23.755826479805524
              ],
              [
                121.4379415536428,
                23.75574551499934
              ],
              [
                121.43793193154237,
                23.75571816516678
              ],
              [
                121.4383650906571,
                23.755635746522344
              ],
              [
                121.43833908345117,
                23.755654966844684
              ]
            ]
          ]
        ]
      }
    },
    {
      "id": "316",
      "type": "Feature",
      "properties": {
        "LandUsageZoneName": "一般農業區",
        "RevitalizationMethodName": "出租",
        "RevitalizartionMethodName": "出租"
      },
      "geometry": {
        "type": "MultiPolygon",
        "coordinates": [
          [
            [
              [
                121.4415030313222,
                23.754016220457775
              ],
              [
                121.44151020602175,
                23.75402890653087
              ],
              [
                121.44151113665943,
                23.754030551789313
              ],
              [
                121.44145669234042,
                23.75404934189387
              ],
              [
                121.44145409997229,
                23.75404074220448
              ],
              [
                121.44145268621574,
                23.75403604990437
              ],
              [
                121.44144501723919,
                23.754010605393464
              ],
              [
                121.44149088467273,
                23.753994744646928
              ],
              [
                121.4415030313222,
                23.754016220457775
              ]
            ]
          ]
        ]
      }
    },
    {
      "id": "317",
      "type": "Feature",
      "properties": {
        "LandUsageZoneName": "一般農業區",
        "RevitalizationMethodName": "出租",
        "RevitalizartionMethodName": "出租"
      },
      "geometry": {
        "type": "MultiPolygon",
        "coordinates": [
          [
            [
              [
                121.44174051419742,
                23.757562760303102
              ],
              [
                121.44184645905457,
                23.757467763122484
              ],
              [
                121.44204150908344,
                23.75762498082843
              ],
              [
                121.44200633112021,
                23.7576168283373
              ],
              [
                121.44196293961394,
                23.7575818450642
              ],
              [
                121.441852296504,
                23.757595733114492
              ],
              [
                121.44174051419742,
                23.757562760303102
              ]
            ]
          ]
        ]
      }
    },
    {
      "id": "318",
      "type": "Feature",
      "properties": {
        "LandUsageZoneName": "一般農業區",
        "RevitalizationMethodName": "出租",
        "RevitalizartionMethodName": "出租"
      },
      "geometry": {
        "type": "MultiPolygon",
        "coordinates": [
          [
            [
              [
                121.4428842401551,
                23.75790469085886
              ],
              [
                121.44290484149448,
                23.757997060500465
              ],
              [
                121.44279877316322,
                23.757953948911624
              ],
              [
                121.44264947796553,
                23.757886888872275
              ],
              [
                121.44246202088107,
                23.757776360740433
              ],
              [
                121.44247167937259,
                23.7577604589057
              ],
              [
                121.44248667095611,
                23.757769572068568
              ],
              [
                121.44269243407214,
                23.757874268727967
              ],
              [
                121.44281745575188,
                23.75781293305324
              ],
              [
                121.44276198265128,
                23.75763732029245
              ],
              [
                121.44276360376641,
                23.757582055816297
              ],
              [
                121.4428842401551,
                23.75790469085886
              ]
            ]
          ]
        ]
      }
    },
    {
      "id": "319",
      "type": "Feature",
      "properties": {
        "LandUsageZoneName": "一般農業區",
        "RevitalizationMethodName": "出租",
        "RevitalizartionMethodName": "出租"
      },
      "geometry": {
        "type": "MultiPolygon",
        "coordinates": [
          [
            [
              [
                121.44248667095611,
                23.757769572068568
              ],
              [
                121.44260243367772,
                23.757584068873406
              ],
              [
                121.44260705576183,
                23.757622206028508
              ],
              [
                121.44275109724033,
                23.757548607797325
              ],
              [
                121.44276378584973,
                23.75757585009895
              ],
              [
                121.44276198265128,
                23.75763732029245
              ],
              [
                121.44281745575188,
                23.75781293305324
              ],
              [
                121.44269243407214,
                23.757874268727967
              ],
              [
                121.44248667095611,
                23.757769572068568
              ]
            ]
          ]
        ]
      }
    },
    {
      "id": "320",
      "type": "Feature",
      "properties": {
        "LandUsageZoneName": "一般農業區",
        "RevitalizationMethodName": "出租",
        "RevitalizartionMethodName": "出租"
      },
      "geometry": {
        "type": "MultiPolygon",
        "coordinates": [
          [
            [
              [
                121.44629367584227,
                23.757848831905385
              ],
              [
                121.44629389965974,
                23.75784944888875
              ],
              [
                121.44629431362891,
                23.757850591752966
              ],
              [
                121.44629565257281,
                23.757854282828916
              ],
              [
                121.44628874080223,
                23.75785647352714
              ],
              [
                121.44628735860721,
                23.75785275729296
              ],
              [
                121.44628690216771,
                23.757851530575394
              ],
              [
                121.44628671404277,
                23.757851023650986
              ],
              [
                121.44628649424176,
                23.757850433745038
              ],
              [
                121.44629347875878,
                23.75784828708222
              ],
              [
                121.44629367584227,
                23.757848831905385
              ]
            ]
          ]
        ]
      }
    },
    {
      "id": "321",
      "type": "Feature",
      "properties": {
        "LandUsageZoneName": "一般農業區",
        "RevitalizationMethodName": "出租",
        "RevitalizartionMethodName": "出租"
      },
      "geometry": {
        "type": "MultiPolygon",
        "coordinates": [
          [
            [
              [
                121.44596666763994,
                23.759431691243293
              ],
              [
                121.44610761857395,
                23.759458752599045
              ],
              [
                121.44612657110478,
                23.759492911310524
              ],
              [
                121.44618693218038,
                23.759497856831373
              ],
              [
                121.4464232947773,
                23.759586694248316
              ],
              [
                121.44643080721578,
                23.759597499120407
              ],
              [
                121.44637729764676,
                23.75961583136239
              ],
              [
                121.44587456818472,
                23.75940065839937
              ],
              [
                121.44584721957841,
                23.759429467939665
              ],
              [
                121.4457585315315,
                23.75936999886313
              ],
              [
                121.445129607433,
                23.7592748676967
              ],
              [
                121.4450990857083,
                23.759205796440995
              ],
              [
                121.44533644630813,
                23.75914427954266
              ],
              [
                121.4454884252032,
                23.75920347338547
              ],
              [
                121.44561755847705,
                23.759249080100854
              ],
              [
                121.44572127287546,
                23.759311952539665
              ],
              [
                121.44574251624212,
                23.759327449383633
              ],
              [
                121.44588496150668,
                23.759381397004518
              ],
              [
                121.44596666763994,
                23.759431691243293
              ]
            ]
          ],
          [
            [
              [
                121.44631908942287,
                23.759635772702698
              ],
              [
                121.44629869370881,
                23.75964276008845
              ],
              [
                121.44592700340561,
                23.759468975479233
              ],
              [
                121.44587611584625,
                23.75952868749311
              ],
              [
                121.44584627808439,
                23.759519129906217
              ],
              [
                121.44591388309561,
                23.759448592737872
              ],
              [
                121.44631908942287,
                23.759635772702698
              ]
            ]
          ]
        ]
      }
    },
    {
      "id": "322",
      "type": "Feature",
      "properties": {
        "LandUsageZoneName": "一般農業區",
        "RevitalizationMethodName": "出租",
        "RevitalizartionMethodName": "出租"
      },
      "geometry": {
        "type": "MultiPolygon",
        "coordinates": [
          [
            [
              [
                121.44578184073957,
                23.759498336293156
              ],
              [
                121.44550128581297,
                23.75975776893942
              ],
              [
                121.44548425579619,
                23.759755756569465
              ],
              [
                121.44548471245902,
                23.759751860754157
              ],
              [
                121.44550773599588,
                23.759678443612408
              ],
              [
                121.44554910837762,
                23.75960886895566
              ],
              [
                121.445589848274,
                23.759560717208913
              ],
              [
                121.44572868734207,
                23.759478384172517
              ],
              [
                121.44578184073957,
                23.759498336293156
              ]
            ]
          ],
          [
            [
              [
                121.44544798258917,
                23.759797010283616
              ],
              [
                121.44544030718012,
                23.759828238064493
              ],
              [
                121.4453866983658,
                23.759875711719975
              ],
              [
                121.4453824428593,
                23.759867147602726
              ],
              [
                121.44535469324691,
                23.75979517621009
              ],
              [
                121.44536312477638,
                23.75978606444128
              ],
              [
                121.44544798258917,
                23.759797010283616
              ]
            ]
          ]
        ]
      }
    },
    {
      "id": "323",
      "type": "Feature",
      "properties": {
        "LandUsageZoneName": "一般農業區",
        "RevitalizationMethodName": "出租",
        "RevitalizartionMethodName": "出租"
      },
      "geometry": {
        "type": "MultiPolygon",
        "coordinates": [
          [
            [
              [
                121.44631161667074,
                23.757842690470035
              ],
              [
                121.44631377918319,
                23.757848536356498
              ],
              [
                121.44629565257281,
                23.757854282828916
              ],
              [
                121.44629347677825,
                23.757848281670146
              ],
              [
                121.44631161667074,
                23.757842690470035
              ]
            ]
          ]
        ]
      }
    },
    {
      "id": "324",
      "type": "Feature",
      "properties": {
        "LandUsageZoneName": "一般農業區",
        "RevitalizationMethodName": "出租",
        "RevitalizartionMethodName": "出租"
      },
      "geometry": {
        "type": "MultiPolygon",
        "coordinates": [
          [
            [
              [
                121.45082870944526,
                23.757157083619763
              ],
              [
                121.45085222004478,
                23.75717281694835
              ],
              [
                121.4508966713902,
                23.75720298359712
              ],
              [
                121.45093118130235,
                23.757226403379548
              ],
              [
                121.45098403209472,
                23.75726221612391
              ],
              [
                121.45104968189055,
                23.757306701510082
              ],
              [
                121.4510519188087,
                23.75730817404051
              ],
              [
                121.45108305768333,
                23.757328668082078
              ],
              [
                121.45109659718136,
                23.75733757876598
              ],
              [
                121.45109952926613,
                23.75733950887652
              ],
              [
                121.45096402611111,
                23.757516557318908
              ],
              [
                121.4509625847294,
                23.75751306884845
              ],
              [
                121.45095629883703,
                23.757497854136982
              ],
              [
                121.45093472461046,
                23.757445636200494
              ],
              [
                121.45092442423017,
                23.757420705537186
              ],
              [
                121.45089110534316,
                23.75735459450129
              ],
              [
                121.45084226846222,
                23.757257694209894
              ],
              [
                121.45079059968381,
                23.757155172161838
              ],
              [
                121.45082870944526,
                23.757157083619763
              ]
            ]
          ]
        ]
      }
    },
    {
      "id": "325",
      "type": "Feature",
      "properties": {
        "LandUsageZoneName": "一般農業區",
        "RevitalizationMethodName": "出租",
        "RevitalizartionMethodName": "出租"
      },
      "geometry": {
        "type": "MultiPolygon",
        "coordinates": [
          [
            [
              [
                121.45079059968381,
                23.757155172161838
              ],
              [
                121.45076146438961,
                23.75711280866739
              ],
              [
                121.45077267278971,
                23.75711997261839
              ],
              [
                121.45081255385493,
                23.757146259030073
              ],
              [
                121.45082870944526,
                23.757157083619763
              ],
              [
                121.45079059968381,
                23.757155172161838
              ]
            ]
          ]
        ]
      }
    },
    {
      "id": "326",
      "type": "Feature",
      "properties": {
        "LandUsageZoneName": "一般農業區",
        "RevitalizationMethodName": "出租",
        "RevitalizartionMethodName": "出租"
      },
      "geometry": {
        "type": "MultiPolygon",
        "coordinates": [
          [
            [
              [
                121.44743324671599,
                23.75653826843051
              ],
              [
                121.4473111421108,
                23.75651405040255
              ],
              [
                121.44746023707191,
                23.756352405578653
              ],
              [
                121.4476493445177,
                23.756282532495263
              ],
              [
                121.44770451585494,
                23.756432145186597
              ],
              [
                121.44760782848417,
                23.756452922666995
              ],
              [
                121.44750035454571,
                23.756426298435517
              ],
              [
                121.44743324671599,
                23.75653826843051
              ]
            ]
          ],
          [
            [
              [
                121.44815413805519,
                23.755693724910074
              ],
              [
                121.44831826450118,
                23.755718095773105
              ],
              [
                121.44838996984167,
                23.75577071945039
              ],
              [
                121.44839096647877,
                23.755773847147225
              ],
              [
                121.4480759141635,
                23.755875893429465
              ],
              [
                121.44806569737563,
                23.75587920263421
              ],
              [
                121.44805980855577,
                23.755679494092323
              ],
              [
                121.44815413805519,
                23.755693724910074
              ]
            ]
          ],
          [
            [
              [
                121.44834577479249,
                23.755632039886457
              ],
              [
                121.44830761969578,
                23.755641675092185
              ],
              [
                121.44819331699394,
                23.7556266733774
              ],
              [
                121.44832819635852,
                23.75557687893005
              ],
              [
                121.44834577479249,
                23.755632039886457
              ]
            ]
          ]
        ]
      }
    },
    {
      "id": "327",
      "type": "Feature",
      "properties": {
        "LandUsageZoneName": "一般農業區",
        "RevitalizationMethodName": "出租",
        "RevitalizartionMethodName": "出租"
      },
      "geometry": {
        "type": "MultiPolygon",
        "coordinates": [
          [
            [
              [
                121.44527840791226,
                23.756435732468706
              ],
              [
                121.44529619739261,
                23.756482042281185
              ],
              [
                121.44512083615194,
                23.756525861108187
              ],
              [
                121.44511923497616,
                23.75653678260202
              ],
              [
                121.44511912856119,
                23.756537511603614
              ],
              [
                121.44510189732638,
                23.756487447427922
              ],
              [
                121.44508575359181,
                23.75644013055741
              ],
              [
                121.44526052639034,
                23.75638918182656
              ],
              [
                121.44527840791226,
                23.756435732468706
              ]
            ]
          ]
        ]
      }
    },
    {
      "id": "328",
      "type": "Feature",
      "properties": {
        "LandUsageZoneName": "一般農業區",
        "RevitalizationMethodName": "出租",
        "RevitalizartionMethodName": "出租"
      },
      "geometry": {
        "type": "MultiPolygon",
        "coordinates": [
          [
            [
              [
                121.44277922207215,
                23.755997381657068
              ],
              [
                121.44279104639655,
                23.7560235067598
              ],
              [
                121.44262892228441,
                23.756072686386187
              ],
              [
                121.44262580910966,
                23.756072860547167
              ],
              [
                121.4427754592015,
                23.75598906707363
              ],
              [
                121.44277922207215,
                23.755997381657068
              ]
            ]
          ]
        ]
      }
    },
    {
      "id": "329",
      "type": "Feature",
      "properties": {
        "LandUsageZoneName": "河川區",
        "RevitalizationMethodName": "出租",
        "RevitalizartionMethodName": "出租"
      },
      "geometry": {
        "type": "MultiPolygon",
        "coordinates": [
          [
            [
              [
                121.44640131234685,
                23.75437766357348
              ],
              [
                121.44629750896385,
                23.754278989083293
              ],
              [
                121.44687276700171,
                23.754651110174855
              ],
              [
                121.44682189778474,
                23.754655745024927
              ],
              [
                121.44647450394142,
                23.754440515403676
              ],
              [
                121.44640131234685,
                23.75437766357348
              ]
            ]
          ]
        ]
      }
    },
    {
      "id": "330",
      "type": "Feature",
      "properties": {
        "LandUsageZoneName": "河川區",
        "RevitalizationMethodName": "出租",
        "RevitalizartionMethodName": "出租"
      },
      "geometry": {
        "type": "MultiPolygon",
        "coordinates": [
          [
            [
              [
                121.4470402432483,
                23.754601703863916
              ],
              [
                121.44694376465618,
                23.754648791896695
              ],
              [
                121.44689400647944,
                23.75465128352297
              ],
              [
                121.44700638457715,
                23.754517210874273
              ],
              [
                121.4470402432483,
                23.754601703863916
              ]
            ]
          ]
        ]
      }
    },
    {
      "id": "331",
      "type": "Feature",
      "properties": {
        "LandUsageZoneName": "一般農業區",
        "RevitalizationMethodName": "出租",
        "RevitalizartionMethodName": "出租"
      },
      "geometry": {
        "type": "MultiPolygon",
        "coordinates": [
          [
            [
              [
                121.43483890739871,
                23.751547254307074
              ],
              [
                121.43480271891333,
                23.751420281259836
              ],
              [
                121.43485678522137,
                23.751430368807608
              ],
              [
                121.43489598508842,
                23.75156906293786
              ],
              [
                121.43483890739871,
                23.751547254307074
              ]
            ]
          ]
        ]
      }
    },
    {
      "id": "332",
      "type": "Feature",
      "properties": {
        "LandUsageZoneName": "一般農業區",
        "RevitalizationMethodName": "出租",
        "RevitalizartionMethodName": "出租"
      },
      "geometry": {
        "type": "MultiPolygon",
        "coordinates": [
          [
            [
              [
                121.43957227611638,
                23.75076442552881
              ],
              [
                121.43967650139847,
                23.750807318955975
              ],
              [
                121.43967196703134,
                23.750808116536046
              ],
              [
                121.43966812937491,
                23.750809269709602
              ],
              [
                121.43963648833328,
                23.750818493253362
              ],
              [
                121.43960640830534,
                23.75079770217664
              ],
              [
                121.43959589813143,
                23.750792172492602
              ],
              [
                121.4394996592949,
                23.75072976571318
              ],
              [
                121.43947911583759,
                23.75073072349066
              ],
              [
                121.43936993693961,
                23.75067327731552
              ],
              [
                121.43946174464244,
                23.750646261310507
              ],
              [
                121.4394831310801,
                23.75068456764813
              ],
              [
                121.4395075144275,
                23.75072141167962
              ],
              [
                121.43957227611638,
                23.75076442552881
              ]
            ]
          ]
        ]
      }
    },
    {
      "id": "333",
      "type": "Feature",
      "properties": {
        "LandUsageZoneName": "一般農業區",
        "RevitalizationMethodName": "出租",
        "RevitalizartionMethodName": "出租"
      },
      "geometry": {
        "type": "MultiPolygon",
        "coordinates": [
          [
            [
              [
                121.43748235432295,
                23.746821625489968
              ],
              [
                121.43712856429823,
                23.746721855042043
              ],
              [
                121.43711084247067,
                23.746784769907002
              ],
              [
                121.43711509131889,
                23.74686746088028
              ],
              [
                121.43718432323747,
                23.747030892198957
              ],
              [
                121.43708760783231,
                23.747056421787917
              ],
              [
                121.43697604624838,
                23.746863104421443
              ],
              [
                121.4368712793072,
                23.746901000232274
              ],
              [
                121.43681439732042,
                23.74677852868683
              ],
              [
                121.43692109667806,
                23.746734758149657
              ],
              [
                121.43709514031606,
                23.74667394769823
              ],
              [
                121.43715278267834,
                23.74670676113304
              ],
              [
                121.43731739429886,
                23.746697356081153
              ],
              [
                121.43740072762186,
                23.74672128374874
              ],
              [
                121.43743301697059,
                23.746719324126623
              ],
              [
                121.43748235432295,
                23.746821625489968
              ]
            ]
          ]
        ]
      }
    },
    {
      "id": "334",
      "type": "Feature",
      "properties": {
        "LandUsageZoneName": "一般農業區",
        "RevitalizationMethodName": "出租",
        "RevitalizartionMethodName": "出租"
      },
      "geometry": {
        "type": "MultiPolygon",
        "coordinates": [
          [
            [
              [
                121.43337095939498,
                23.74876505749318
              ],
              [
                121.43367548330887,
                23.748143601250135
              ],
              [
                121.43374221431564,
                23.747988401175576
              ],
              [
                121.43375248752571,
                23.747998052181416
              ],
              [
                121.43380389460978,
                23.74806757202267
              ],
              [
                121.43355230185578,
                23.748655641729943
              ],
              [
                121.43350176406845,
                23.748783562731237
              ],
              [
                121.43337095939498,
                23.74876505749318
              ]
            ]
          ]
        ]
      }
    },
    {
      "id": "335",
      "type": "Feature",
      "properties": {
        "LandUsageZoneName": "一般農業區",
        "RevitalizationMethodName": "出租",
        "RevitalizartionMethodName": "出租"
      },
      "geometry": {
        "type": "MultiPolygon",
        "coordinates": [
          [
            [
              [
                121.43399838822491,
                23.75116452134615
              ],
              [
                121.43398861354818,
                23.751167441006558
              ],
              [
                121.43382912475467,
                23.751215081591692
              ],
              [
                121.4336766409789,
                23.751345627453688
              ],
              [
                121.43366079804267,
                23.75130416240796
              ],
              [
                121.43377552120263,
                23.751169921051652
              ],
              [
                121.43389983093826,
                23.751143033817137
              ],
              [
                121.43391062913811,
                23.75113045222496
              ],
              [
                121.43396660096727,
                23.751090115634508
              ],
              [
                121.4339778573744,
                23.75108200335251
              ],
              [
                121.43399838822491,
                23.75116452134615
              ]
            ]
          ]
        ]
      }
    },
    {
      "id": "336",
      "type": "Feature",
      "properties": {
        "LandUsageZoneName": "一般農業區",
        "RevitalizationMethodName": "出租",
        "RevitalizartionMethodName": "出租"
      },
      "geometry": {
        "type": "MultiPolygon",
        "coordinates": [
          [
            [
              [
                121.43377552120263,
                23.751169921051652
              ],
              [
                121.43381600586616,
                23.751122356371337
              ],
              [
                121.43391062913811,
                23.75113045222496
              ],
              [
                121.43389983093826,
                23.751143033817137
              ],
              [
                121.43377552120263,
                23.751169921051652
              ]
            ]
          ]
        ]
      }
    },
    {
      "id": "337",
      "type": "Feature",
      "properties": {
        "LandUsageZoneName": "一般農業區",
        "RevitalizationMethodName": "出租",
        "RevitalizartionMethodName": "出租"
      },
      "geometry": {
        "type": "MultiPolygon",
        "coordinates": [
          [
            [
              [
                121.43363982978987,
                23.751373876304392
              ],
              [
                121.433607922192,
                23.75135728798751
              ],
              [
                121.43366079804267,
                23.75130416240796
              ],
              [
                121.4336766409789,
                23.751345627453688
              ],
              [
                121.43363982978987,
                23.751373876304392
              ]
            ]
          ]
        ]
      }
    },
    {
      "id": "338",
      "type": "Feature",
      "properties": {
        "LandUsageZoneName": "一般農業區",
        "RevitalizationMethodName": "出租",
        "RevitalizartionMethodName": "出租"
      },
      "geometry": {
        "type": "MultiPolygon",
        "coordinates": [
          [
            [
              [
                121.43690468142516,
                23.745315916717534
              ],
              [
                121.43656682841832,
                23.74533300105107
              ],
              [
                121.43655074995787,
                23.745284488354233
              ],
              [
                121.43669166833205,
                23.745233361456435
              ],
              [
                121.43663544141519,
                23.74503934565405
              ],
              [
                121.43676059978218,
                23.74499529734812
              ],
              [
                121.43691147806538,
                23.744930597561897
              ],
              [
                121.43706128556222,
                23.74485077591192
              ],
              [
                121.43708536493283,
                23.744882311770912
              ],
              [
                121.43711255194141,
                23.744872112600696
              ],
              [
                121.43715033946951,
                23.744963756506188
              ],
              [
                121.4372114210154,
                23.745022069106728
              ],
              [
                121.43717741443957,
                23.745037542866623
              ],
              [
                121.43727125552083,
                23.745165201165182
              ],
              [
                121.43724041312959,
                23.745173532526284
              ],
              [
                121.43721006938587,
                23.745188428867376
              ],
              [
                121.4371984417282,
                23.745194136921036
              ],
              [
                121.43710240080772,
                23.744894043743127
              ],
              [
                121.4368268662858,
                23.744992979987305
              ],
              [
                121.43682465339923,
                23.74499360206636
              ],
              [
                121.43682376136104,
                23.74499378698716
              ],
              [
                121.43690468142516,
                23.745315916717534
              ]
            ]
          ]
        ]
      }
    },
    {
      "id": "339",
      "type": "Feature",
      "properties": {
        "LandUsageZoneName": "一般農業區",
        "RevitalizationMethodName": "出租",
        "RevitalizartionMethodName": "出租"
      },
      "geometry": {
        "type": "MultiPolygon",
        "coordinates": [
          [
            [
              [
                121.4361483438269,
                23.745533606939848
              ],
              [
                121.43610252357638,
                23.745554116252066
              ],
              [
                121.43598323583545,
                23.74552020311258
              ],
              [
                121.43596433347761,
                23.74547907197073
              ],
              [
                121.43582779487753,
                23.745434516200454
              ],
              [
                121.43580539093477,
                23.74543681783082
              ],
              [
                121.43580396317007,
                23.74543696452556
              ],
              [
                121.43579800005479,
                23.745409852510065
              ],
              [
                121.43579792768197,
                23.7454093280886
              ],
              [
                121.43579781007058,
                23.74540847421066
              ],
              [
                121.43590004381578,
                23.745388107502446
              ],
              [
                121.43597611264741,
                23.74538418176041
              ],
              [
                121.43606168520957,
                23.74534147370265
              ],
              [
                121.43613358063607,
                23.74529499365619
              ],
              [
                121.43622663279231,
                23.745265547090874
              ],
              [
                121.43622856915627,
                23.745380701890344
              ],
              [
                121.43612054605188,
                23.745425256750593
              ],
              [
                121.4361483438269,
                23.745533606939848
              ]
            ]
          ],
          [
            [
              [
                121.4368191205708,
                23.741094207239648
              ],
              [
                121.43682361781096,
                23.741104433312714
              ],
              [
                121.43683506550713,
                23.741130461591855
              ],
              [
                121.4366378843365,
                23.741196234771063
              ],
              [
                121.43669442978353,
                23.74134567285308
              ],
              [
                121.43659879818868,
                23.741374658323863
              ],
              [
                121.43648423475886,
                23.741194860921198
              ],
              [
                121.43647963561124,
                23.74118730972398
              ],
              [
                121.43681046808571,
                23.741074534293084
              ],
              [
                121.4368191205708,
                23.741094207239648
              ]
            ]
          ]
        ]
      }
    },
    {
      "id": "340",
      "type": "Feature",
      "properties": {
        "LandUsageZoneName": "一般農業區",
        "RevitalizationMethodName": "出租",
        "RevitalizartionMethodName": "出租"
      },
      "geometry": {
        "type": "MultiPolygon",
        "coordinates": [
          [
            [
              [
                121.43710114176805,
                23.74313429789934
              ],
              [
                121.43702787654797,
                23.74316167270768
              ],
              [
                121.43701850469334,
                23.74316517383172
              ],
              [
                121.43701422534306,
                23.743166772448113
              ],
              [
                121.43701326719366,
                23.74316713092705
              ],
              [
                121.43698170397272,
                23.743021881701917
              ],
              [
                121.43596386907868,
                23.743102654826547
              ],
              [
                121.43596354663796,
                23.74310244534387
              ],
              [
                121.43593032728737,
                23.743080834333043
              ],
              [
                121.43588629983844,
                23.74296480943121
              ],
              [
                121.43583680122302,
                23.742961508679652
              ],
              [
                121.43579878283757,
                23.742879626170435
              ],
              [
                121.43581614277541,
                23.742849418024274
              ],
              [
                121.43581133040149,
                23.742797537893694
              ],
              [
                121.43590346626546,
                23.742835184802974
              ],
              [
                121.43592700657541,
                23.74303506310979
              ],
              [
                121.43601162392173,
                23.74308009938969
              ],
              [
                121.4360637712691,
                23.743083455820756
              ],
              [
                121.4361342258462,
                23.743067139042843
              ],
              [
                121.43622585375903,
                23.74301402965894
              ],
              [
                121.43627055343029,
                23.743004873811532
              ],
              [
                121.43629542469986,
                23.743056390301682
              ],
              [
                121.4363990851513,
                23.743040557581054
              ],
              [
                121.4364235901999,
                23.742988025835075
              ],
              [
                121.43649894410811,
                23.74299075675949
              ],
              [
                121.43665199806932,
                23.743026163389693
              ],
              [
                121.43707915828843,
                23.742963509089808
              ],
              [
                121.43710114176805,
                23.74313429789934
              ]
            ]
          ]
        ]
      }
    },
    {
      "id": "341",
      "type": "Feature",
      "properties": {
        "LandUsageZoneName": "一般農業區",
        "RevitalizationMethodName": "出租",
        "RevitalizartionMethodName": "出租"
      },
      "geometry": {
        "type": "MultiPolygon",
        "coordinates": [
          [
            [
              [
                121.43775500050997,
                23.745492151751307
              ],
              [
                121.43749399968473,
                23.745587795528262
              ],
              [
                121.43749648907013,
                23.7455747992625
              ],
              [
                121.43750090322325,
                23.745485203139182
              ],
              [
                121.43748420558465,
                23.745422642087643
              ],
              [
                121.43742405149648,
                23.74529524437052
              ],
              [
                121.43759107905525,
                23.745223214867472
              ],
              [
                121.43764457762738,
                23.745372351397958
              ],
              [
                121.43767877504811,
                23.74535526970902
              ],
              [
                121.43775500050997,
                23.745492151751307
              ]
            ]
          ]
        ]
      }
    },
    {
      "id": "342",
      "type": "Feature",
      "properties": {
        "LandUsageZoneName": "一般農業區",
        "RevitalizationMethodName": "出租",
        "RevitalizartionMethodName": "出租"
      },
      "geometry": {
        "type": "MultiPolygon",
        "coordinates": [
          [
            [
              [
                121.4355234334845,
                23.740250430520938
              ],
              [
                121.43515266684298,
                23.740418577405045
              ],
              [
                121.43515027687727,
                23.74040278124474
              ],
              [
                121.43531698542813,
                23.740315337791746
              ],
              [
                121.43540222746991,
                23.74022132425241
              ],
              [
                121.43541463341742,
                23.740043494410447
              ],
              [
                121.43547032592318,
                23.74003959924896
              ],
              [
                121.43548825222656,
                23.739988052342426
              ],
              [
                121.43555801970582,
                23.73993666639834
              ],
              [
                121.43561011433091,
                23.739924546231876
              ],
              [
                121.43559792678514,
                23.739840514012098
              ],
              [
                121.43560050532975,
                23.739819494621557
              ],
              [
                121.43561392513004,
                23.739840468934574
              ],
              [
                121.43566253295562,
                23.739955880592955
              ],
              [
                121.43547209671844,
                23.740118470544903
              ],
              [
                121.4355234334845,
                23.740250430520938
              ]
            ]
          ]
        ]
      }
    },
    {
      "id": "343",
      "type": "Feature",
      "properties": {
        "LandUsageZoneName": "一般農業區",
        "RevitalizationMethodName": "出租",
        "RevitalizartionMethodName": "出租"
      },
      "geometry": {
        "type": "MultiPolygon",
        "coordinates": [
          [
            [
              [
                121.43515266684298,
                23.740418577405045
              ],
              [
                121.43492234927264,
                23.740524350256266
              ],
              [
                121.43491654593971,
                23.740499442789424
              ],
              [
                121.43489941856399,
                23.74042593499028
              ],
              [
                121.43508083672897,
                23.740369729309407
              ],
              [
                121.43515027687727,
                23.74040278124474
              ],
              [
                121.43515266684298,
                23.740418577405045
              ]
            ]
          ]
        ]
      }
    },
    {
      "id": "344",
      "type": "Feature",
      "properties": {
        "LandUsageZoneName": "一般農業區",
        "RevitalizationMethodName": "出租",
        "RevitalizartionMethodName": "出租"
      },
      "geometry": {
        "type": "MultiPolygon",
        "coordinates": [
          [
            [
              [
                121.43378156005292,
                23.73881609084899
              ],
              [
                121.43378970771481,
                23.738816199822264
              ],
              [
                121.43379901484478,
                23.738816324504203
              ],
              [
                121.4338081777758,
                23.738816446881273
              ],
              [
                121.43388465162175,
                23.73881747115915
              ],
              [
                121.43380822306439,
                23.738930847740537
              ],
              [
                121.43379421407657,
                23.738951629190876
              ],
              [
                121.43378255162904,
                23.738968929424402
              ],
              [
                121.43377706399119,
                23.738977069752774
              ],
              [
                121.43377668675942,
                23.738816025963658
              ],
              [
                121.43378156005292,
                23.73881609084899
              ]
            ]
          ]
        ]
      }
    },
    {
      "id": "345",
      "type": "Feature",
      "properties": {
        "LandUsageZoneName": "一般農業區",
        "RevitalizationMethodName": "出租",
        "RevitalizartionMethodName": "出租"
      },
      "geometry": {
        "type": "MultiPolygon",
        "coordinates": [
          [
            [
              [
                121.43296087135036,
                23.740925051947613
              ],
              [
                121.43303009741172,
                23.74093940130131
              ],
              [
                121.43309990339561,
                23.74097932473967
              ],
              [
                121.43319431219211,
                23.74102861525025
              ],
              [
                121.43319668848326,
                23.741032334248338
              ],
              [
                121.43304901738564,
                23.741057561608873
              ],
              [
                121.43296087135036,
                23.740925051947613
              ]
            ]
          ]
        ]
      }
    },
    {
      "id": "346",
      "type": "Feature",
      "properties": {
        "LandUsageZoneName": "一般農業區",
        "RevitalizationMethodName": "出租",
        "RevitalizartionMethodName": "出租"
      },
      "geometry": {
        "type": "MultiPolygon",
        "coordinates": [
          [
            [
              [
                121.43391165581116,
                23.736916018496405
              ],
              [
                121.43382749846138,
                23.736961087166737
              ],
              [
                121.43390004741048,
                23.73686427471378
              ],
              [
                121.43391165581116,
                23.736916018496405
              ]
            ]
          ]
        ]
      }
    },
    {
      "id": "347",
      "type": "Feature",
      "properties": {
        "LandUsageZoneName": "一般農業區",
        "RevitalizationMethodName": "出租",
        "RevitalizartionMethodName": "出租"
      },
      "geometry": {
        "type": "MultiPolygon",
        "coordinates": [
          [
            [
              [
                121.43391165581116,
                23.736916018496405
              ],
              [
                121.43394432566369,
                23.736912080151114
              ],
              [
                121.43398457849352,
                23.736961684756732
              ],
              [
                121.43396253353288,
                23.737046183454403
              ],
              [
                121.43381755367582,
                23.73707110597323
              ],
              [
                121.43382749846138,
                23.736961087166737
              ],
              [
                121.43391165581116,
                23.736916018496405
              ]
            ]
          ]
        ]
      }
    },
    {
      "id": "348",
      "type": "Feature",
      "properties": {
        "LandUsageZoneName": "特定農業區",
        "RevitalizationMethodName": "出租",
        "RevitalizartionMethodName": "出租"
      },
      "geometry": {
        "type": "MultiPolygon",
        "coordinates": [
          [
            [
              [
                121.4378217791441,
                23.731286854182457
              ],
              [
                121.43778008515783,
                23.731290204858283
              ],
              [
                121.43776870230678,
                23.731121282103803
              ],
              [
                121.43764432056953,
                23.730732950102293
              ],
              [
                121.43768840383872,
                23.730754902992533
              ],
              [
                121.43774887078399,
                23.73084846027799
              ],
              [
                121.43776428168157,
                23.73087255308034
              ],
              [
                121.43781926611625,
                23.731112994155495
              ],
              [
                121.4378217791441,
                23.731286854182457
              ]
            ]
          ]
        ]
      }
    },
    {
      "id": "349",
      "type": "Feature",
      "properties": {
        "LandUsageZoneName": "一般農業區",
        "RevitalizationMethodName": "出租",
        "RevitalizartionMethodName": "出租"
      },
      "geometry": {
        "type": "MultiPolygon",
        "coordinates": [
          [
            [
              [
                121.47653530997947,
                23.70066757095657
              ],
              [
                121.47666978907907,
                23.70069160937052
              ],
              [
                121.47679737008215,
                23.700695514588947
              ],
              [
                121.47702582383668,
                23.700736636373012
              ],
              [
                121.47703044782145,
                23.700736755762936
              ],
              [
                121.47704203520051,
                23.701571936197546
              ],
              [
                121.47703413663879,
                23.70155905707763
              ],
              [
                121.47702284269756,
                23.701540642370304
              ],
              [
                121.47690309608373,
                23.70142612629307
              ],
              [
                121.47687737114569,
                23.70140625890869
              ],
              [
                121.4765019009414,
                23.70113759827997
              ],
              [
                121.47625787691791,
                23.70084308659803
              ],
              [
                121.47631336169158,
                23.70062479404811
              ],
              [
                121.47653530997947,
                23.70066757095657
              ]
            ]
          ]
        ]
      }
    },
    {
      "id": "350",
      "type": "Feature",
      "properties": {
        "LandUsageZoneName": "一般農業區",
        "RevitalizationMethodName": "出租",
        "RevitalizartionMethodName": "出租"
      },
      "geometry": {
        "type": "MultiPolygon",
        "coordinates": [
          [
            [
              [
                121.47580314679756,
                23.699921784281745
              ],
              [
                121.47626085525067,
                23.70002943043279
              ],
              [
                121.47628473887164,
                23.700033793248256
              ],
              [
                121.47660270895457,
                23.70013072469622
              ],
              [
                121.47666995872085,
                23.700154813883707
              ],
              [
                121.47702464124345,
                23.700296571395032
              ],
              [
                121.47703044782145,
                23.700736755762936
              ],
              [
                121.47702582383668,
                23.700736636373012
              ],
              [
                121.47679737008215,
                23.700695514588947
              ],
              [
                121.47666978907907,
                23.70069160937052
              ],
              [
                121.47653530997947,
                23.70066757095657
              ],
              [
                121.47631336169158,
                23.70062479404811
              ],
              [
                121.47588526901441,
                23.700538179356265
              ],
              [
                121.47561174267678,
                23.700430798862232
              ],
              [
                121.47519637797795,
                23.70020406241955
              ],
              [
                121.47526582193763,
                23.700011988484167
              ],
              [
                121.47535544956754,
                23.69993532366872
              ],
              [
                121.47545335467994,
                23.699909110405027
              ],
              [
                121.47580314679756,
                23.699921784281745
              ]
            ]
          ]
        ]
      }
    },
    {
      "id": "351",
      "type": "Feature",
      "properties": {
        "LandUsageZoneName": "一般農業區",
        "RevitalizationMethodName": "出租",
        "RevitalizartionMethodName": "出租"
      },
      "geometry": {
        "type": "MultiPolygon",
        "coordinates": [
          [
            [
              [
                121.47535201293485,
                23.69979462322111
              ],
              [
                121.47522647893805,
                23.699843692386903
              ],
              [
                121.47510318175412,
                23.69988738822496
              ],
              [
                121.47505292341734,
                23.700024290330063
              ],
              [
                121.4750361397898,
                23.70011677093475
              ],
              [
                121.47462585769188,
                23.699942142283156
              ],
              [
                121.47455893178821,
                23.699913656443602
              ],
              [
                121.47448951873454,
                23.699878554899552
              ],
              [
                121.47448125483406,
                23.699874375993062
              ],
              [
                121.47483965668614,
                23.69978953088382
              ],
              [
                121.47502181319173,
                23.69973877400118
              ],
              [
                121.47529861987793,
                23.699757658775834
              ],
              [
                121.47539667715077,
                23.699761307262982
              ],
              [
                121.47543653596634,
                23.699762790331754
              ],
              [
                121.47545128908276,
                23.699763339174556
              ],
              [
                121.47546410427881,
                23.699763816312757
              ],
              [
                121.47535201293485,
                23.69979462322111
              ]
            ]
          ]
        ]
      }
    },
    {
      "id": "352",
      "type": "Feature",
      "properties": {
        "LandUsageZoneName": "一般農業區",
        "RevitalizationMethodName": "出租",
        "RevitalizartionMethodName": "出租"
      },
      "geometry": {
        "type": "MultiPolygon",
        "coordinates": [
          [
            [
              [
                121.44215405573652,
                23.7314758453593
              ],
              [
                121.44213522173122,
                23.731475276158903
              ],
              [
                121.44209848786775,
                23.73140504876844
              ],
              [
                121.44211459083907,
                23.73137526789578
              ],
              [
                121.44215405573652,
                23.7314758453593
              ]
            ]
          ]
        ]
      }
    },
    {
      "id": "353",
      "type": "Feature",
      "properties": {
        "LandUsageZoneName": "一般農業區",
        "RevitalizationMethodName": "出租",
        "RevitalizartionMethodName": "出租"
      },
      "geometry": {
        "type": "MultiPolygon",
        "coordinates": [
          [
            [
              [
                121.43913659909597,
                23.728146326039457
              ],
              [
                121.43912442240251,
                23.728156896486745
              ],
              [
                121.43909134841508,
                23.728123228281625
              ],
              [
                121.43910311531984,
                23.728112714984594
              ],
              [
                121.43913659909597,
                23.728146326039457
              ]
            ]
          ]
        ]
      }
    },
    {
      "id": "354",
      "type": "Feature",
      "properties": {
        "LandUsageZoneName": "一般農業區",
        "RevitalizationMethodName": "出租",
        "RevitalizartionMethodName": "出租"
      },
      "geometry": {
        "type": "MultiPolygon",
        "coordinates": [
          [
            [
              [
                121.43880965835719,
                23.727712277199775
              ],
              [
                121.4388527453034,
                23.727756212740562
              ],
              [
                121.43879616544228,
                23.727804600094114
              ],
              [
                121.43875537084135,
                23.727763651385843
              ],
              [
                121.43880965835719,
                23.727712277199775
              ]
            ]
          ]
        ]
      }
    },
    {
      "id": "355",
      "type": "Feature",
      "properties": {
        "LandUsageZoneName": "一般農業區",
        "RevitalizationMethodName": "出租",
        "RevitalizartionMethodName": "出租"
      },
      "geometry": {
        "type": "MultiPolygon",
        "coordinates": [
          [
            [
              [
                121.43677119068373,
                23.7255102546768
              ],
              [
                121.43676078759013,
                23.725540632947144
              ],
              [
                121.43658389733771,
                23.725380367188215
              ],
              [
                121.43657638443185,
                23.725371521207695
              ],
              [
                121.4364663261856,
                23.725302709299246
              ],
              [
                121.43634871653146,
                23.72522817571094
              ],
              [
                121.43616695573458,
                23.72512189384861
              ],
              [
                121.43602942607232,
                23.72506490675616
              ],
              [
                121.43604342618357,
                23.725033741835027
              ],
              [
                121.43618625131077,
                23.725117026593047
              ],
              [
                121.43626713024705,
                23.725162118664024
              ],
              [
                121.43632769185204,
                23.72519975527925
              ],
              [
                121.43658092287282,
                23.7253707318413
              ],
              [
                121.43665868388571,
                23.72542781494389
              ],
              [
                121.43677119068373,
                23.7255102546768
              ]
            ]
          ]
        ]
      }
    },
    {
      "id": "356",
      "type": "Feature",
      "properties": {
        "LandUsageZoneName": "一般農業區",
        "RevitalizationMethodName": "出租",
        "RevitalizartionMethodName": "出租"
      },
      "geometry": {
        "type": "MultiPolygon",
        "coordinates": [
          [
            [
              [
                121.43602942607232,
                23.72506490675616
              ],
              [
                121.43592899207815,
                23.725023291938566
              ],
              [
                121.43594941059598,
                23.724984487849913
              ],
              [
                121.43604342618357,
                23.725033741835027
              ],
              [
                121.43602942607232,
                23.72506490675616
              ]
            ]
          ]
        ]
      }
    },
    {
      "id": "357",
      "type": "Feature",
      "properties": {
        "LandUsageZoneName": "一般農業區",
        "RevitalizationMethodName": "出租",
        "RevitalizartionMethodName": "出租"
      },
      "geometry": {
        "type": "MultiPolygon",
        "coordinates": [
          [
            [
              [
                121.43592899207815,
                23.725023291938566
              ],
              [
                121.43588734920861,
                23.72500603611245
              ],
              [
                121.43590722493481,
                23.72496326951054
              ],
              [
                121.43594941059598,
                23.724984487849913
              ],
              [
                121.43592899207815,
                23.725023291938566
              ]
            ]
          ]
        ]
      }
    },
    {
      "id": "358",
      "type": "Feature",
      "properties": {
        "LandUsageZoneName": "一般農業區",
        "RevitalizationMethodName": "出租",
        "RevitalizartionMethodName": "出租"
      },
      "geometry": {
        "type": "MultiPolygon",
        "coordinates": [
          [
            [
              [
                121.43588734920861,
                23.72500603611245
              ],
              [
                121.43581193047957,
                23.724974789079027
              ],
              [
                121.43583286608296,
                23.724926303685365
              ],
              [
                121.43590722493481,
                23.72496326951054
              ],
              [
                121.43588734920861,
                23.72500603611245
              ]
            ]
          ]
        ]
      }
    },
    {
      "id": "359",
      "type": "Feature",
      "properties": {
        "LandUsageZoneName": "一般農業區",
        "RevitalizationMethodName": "出租",
        "RevitalizartionMethodName": "出租"
      },
      "geometry": {
        "type": "MultiPolygon",
        "coordinates": [
          [
            [
              [
                121.43581193047957,
                23.724974789079027
              ],
              [
                121.43577055281129,
                23.724957640830418
              ],
              [
                121.43579261143205,
                23.724907680433184
              ],
              [
                121.43583286608296,
                23.724926303685365
              ],
              [
                121.43581193047957,
                23.724974789079027
              ]
            ]
          ]
        ]
      }
    },
    {
      "id": "360",
      "type": "Feature",
      "properties": {
        "LandUsageZoneName": "一般農業區",
        "RevitalizationMethodName": "出租",
        "RevitalizartionMethodName": "出租"
      },
      "geometry": {
        "type": "MultiPolygon",
        "coordinates": [
          [
            [
              [
                121.43517562244031,
                23.72468016191852
              ],
              [
                121.43514346886204,
                23.724781687779352
              ],
              [
                121.43510381188804,
                23.7247714106439
              ],
              [
                121.43513614817675,
                23.724667893222758
              ],
              [
                121.43517562244031,
                23.72468016191852
              ]
            ]
          ]
        ]
      }
    },
    {
      "id": "361",
      "type": "Feature",
      "properties": {
        "LandUsageZoneName": "一般農業區",
        "RevitalizationMethodName": "出租",
        "RevitalizartionMethodName": "出租"
      },
      "geometry": {
        "type": "MultiPolygon",
        "coordinates": [
          [
            [
              [
                121.43478511982927,
                23.724546458962433
              ],
              [
                121.43479331318639,
                23.724549376009247
              ],
              [
                121.43473968171408,
                23.724699600772613
              ],
              [
                121.43473205350402,
                23.724700004170167
              ],
              [
                121.43478511982927,
                23.724546458962433
              ]
            ]
          ]
        ]
      }
    },
    {
      "id": "362",
      "type": "Feature",
      "properties": {
        "LandUsageZoneName": "一般農業區",
        "RevitalizationMethodName": "出租",
        "RevitalizartionMethodName": "出租"
      },
      "geometry": {
        "type": "MultiPolygon",
        "coordinates": [
          [
            [
              [
                121.43321338220223,
                23.72433228288075
              ],
              [
                121.43315918964976,
                23.7243339877651
              ],
              [
                121.43316439814588,
                23.724313367344955
              ],
              [
                121.43321338220223,
                23.72433228288075
              ]
            ]
          ]
        ]
      }
    },
    {
      "id": "363",
      "type": "Feature",
      "properties": {
        "LandUsageZoneName": "特定專用區",
        "RevitalizationMethodName": "出租",
        "RevitalizartionMethodName": "出租"
      },
      "geometry": {
        "type": "MultiPolygon",
        "coordinates": [
          [
            [
              [
                121.43401536533602,
                23.72445170656088
              ],
              [
                121.43402112876981,
                23.724451215425233
              ],
              [
                121.4340187397538,
                23.724467267949866
              ],
              [
                121.43401536533602,
                23.72445170656088
              ]
            ]
          ]
        ]
      }
    },
    {
      "id": "364",
      "type": "Feature",
      "properties": {
        "LandUsageZoneName": "鄉村區",
        "RevitalizationMethodName": "出租",
        "RevitalizartionMethodName": "出租"
      },
      "geometry": {
        "type": "MultiPolygon",
        "coordinates": [
          [
            [
              [
                121.41830691081664,
                23.714315453350597
              ],
              [
                121.41826943121325,
                23.714190357199616
              ],
              [
                121.4182528126093,
                23.714185598296755
              ],
              [
                121.41830011121667,
                23.71431750342694
              ],
              [
                121.41830691081664,
                23.714315453350597
              ]
            ]
          ]
        ]
      }
    },
    {
      "id": "365",
      "type": "Feature",
      "properties": {
        "LandUsageZoneName": "特定農業區",
        "RevitalizationMethodName": "出租",
        "RevitalizartionMethodName": "出租"
      },
      "geometry": {
        "type": "MultiPolygon",
        "coordinates": [
          [
            [
              [
                121.41710344889407,
                23.71510145514619
              ],
              [
                121.41708543794633,
                23.715136900316285
              ],
              [
                121.41711120545914,
                23.715184435689878
              ],
              [
                121.41706919729796,
                23.7153034616985
              ],
              [
                121.41701409314695,
                23.715294977788286
              ],
              [
                121.41691907376602,
                23.71531426857216
              ],
              [
                121.41695379610326,
                23.715220166285622
              ],
              [
                121.41689773361654,
                23.7152094545679
              ],
              [
                121.41679432196679,
                23.715235747883835
              ],
              [
                121.41673783146067,
                23.715179834335757
              ],
              [
                121.41689752075449,
                23.715071516690834
              ],
              [
                121.41689517386199,
                23.715033552918154
              ],
              [
                121.41650570592346,
                23.71511208611937
              ],
              [
                121.41654682141782,
                23.71524607624327
              ],
              [
                121.41638968507608,
                23.71525666670954
              ],
              [
                121.41631757457283,
                23.715235586667863
              ],
              [
                121.41613661868864,
                23.71524684596111
              ],
              [
                121.41613344103487,
                23.71519425621491
              ],
              [
                121.41541155295648,
                23.715324003177862
              ],
              [
                121.41545337762292,
                23.715471671767883
              ],
              [
                121.41545720361718,
                23.715487526765173
              ],
              [
                121.41553380685721,
                23.71549654945463
              ],
              [
                121.41554615939064,
                23.715591075819827
              ],
              [
                121.41587083295919,
                23.715574347231446
              ],
              [
                121.41623619201468,
                23.715556190170222
              ],
              [
                121.41628592095041,
                23.715564381807603
              ],
              [
                121.41638504831721,
                23.715560060708686
              ],
              [
                121.41648004899969,
                23.715553330681928
              ],
              [
                121.41660082987698,
                23.715545673356896
              ],
              [
                121.41694093771716,
                23.715494380236375
              ],
              [
                121.41709092566428,
                23.715440872022896
              ],
              [
                121.41737364350527,
                23.715300888957408
              ],
              [
                121.41741581288437,
                23.71533122350887
              ],
              [
                121.41775518063882,
                23.715217200940508
              ],
              [
                121.41787457363672,
                23.71522039110035
              ],
              [
                121.41803870224963,
                23.715182085997395
              ],
              [
                121.41805006580029,
                23.71519653901049
              ],
              [
                121.41817296313982,
                23.71516381719245
              ],
              [
                121.4183332783294,
                23.715086080144847
              ],
              [
                121.41831269126043,
                23.715036309654987
              ],
              [
                121.41816932136031,
                23.715085873217745
              ],
              [
                121.4179221627079,
                23.715123346273273
              ],
              [
                121.41772818039152,
                23.715149117297393
              ],
              [
                121.4177302078528,
                23.715108261240463
              ],
              [
                121.41769775206109,
                23.715085494569482
              ],
              [
                121.41767377440694,
                23.715104250879108
              ],
              [
                121.41754741088953,
                23.715101774665076
              ],
              [
                121.41750464674145,
                23.71498624607147
              ],
              [
                121.41764351678077,
                23.714940225900783
              ],
              [
                121.41778396261238,
                23.71490248163108
              ],
              [
                121.4178599295675,
                23.714905780028854
              ],
              [
                121.41785751047799,
                23.714876024509817
              ],
              [
                121.41785123536013,
                23.714830305778534
              ],
              [
                121.41738666341004,
                23.714926706186052
              ],
              [
                121.41742619615682,
                23.715031507161004
              ],
              [
                121.41737245789189,
                23.71504541346975
              ],
              [
                121.41731609384483,
                23.71502621475224
              ],
              [
                121.41710344889407,
                23.71510145514619
              ]
            ],
            [
              [
                121.41717112416531,
                23.715282111475165
              ],
              [
                121.41718698719774,
                23.715302123775608
              ],
              [
                121.41708436119417,
                23.71536268306408
              ],
              [
                121.4170552709132,
                23.71539593677813
              ],
              [
                121.41682314136293,
                23.715432022141815
              ],
              [
                121.41677632617593,
                23.715414883376344
              ],
              [
                121.41678589083055,
                23.715366331739663
              ],
              [
                121.41701126357431,
                23.71533655837921
              ],
              [
                121.41710139871734,
                23.71531410223425
              ],
              [
                121.41717112416531,
                23.715282111475165
              ]
            ],
            [
              [
                121.41666163131558,
                23.715507602743838
              ],
              [
                121.41562039410715,
                23.715570649783047
              ],
              [
                121.41561106536575,
                23.715523566637376
              ],
              [
                121.41576136098796,
                23.71548649302473
              ],
              [
                121.41609722546946,
                23.715454681299327
              ],
              [
                121.41614625049105,
                23.715469764574213
              ],
              [
                121.41647101789142,
                23.715451824491492
              ],
              [
                121.4165855127584,
                23.71548137763661
              ],
              [
                121.4166299568261,
                23.715493041786925
              ],
              [
                121.41666163131558,
                23.715507602743838
              ]
            ]
          ]
        ]
      }
    },
    {
      "id": "366",
      "type": "Feature",
      "properties": {
        "LandUsageZoneName": "特定農業區",
        "RevitalizationMethodName": "出租",
        "RevitalizartionMethodName": "出租"
      },
      "geometry": {
        "type": "MultiPolygon",
        "coordinates": [
          [
            [
              [
                121.4112731645737,
                23.71140859614388
              ],
              [
                121.411288176921,
                23.711407951249196
              ],
              [
                121.41128960247968,
                23.7113934456688
              ],
              [
                121.41127301914612,
                23.711393489745223
              ],
              [
                121.4112731645737,
                23.71140859614388
              ]
            ]
          ]
        ]
      }
    },
    {
      "id": "367",
      "type": "Feature",
      "properties": {
        "LandUsageZoneName": "特定農業區",
        "RevitalizationMethodName": "出租",
        "RevitalizartionMethodName": "出租"
      },
      "geometry": {
        "type": "MultiPolygon",
        "coordinates": [
          [
            [
              [
                121.4165723507779,
                23.71297365266929
              ],
              [
                121.41656132227193,
                23.713049153027548
              ],
              [
                121.41652604011755,
                23.713059523865837
              ],
              [
                121.41655634710577,
                23.71309267808723
              ],
              [
                121.41658998385266,
                23.713069401835604
              ],
              [
                121.4165838430145,
                23.71303182751108
              ],
              [
                121.41659801747471,
                23.7130081675175
              ],
              [
                121.41658493507637,
                23.712927928243605
              ],
              [
                121.4166677727198,
                23.712856225681424
              ],
              [
                121.41667401024684,
                23.712788386416157
              ],
              [
                121.41664074720812,
                23.712770588045586
              ],
              [
                121.4166349701988,
                23.712795074229444
              ],
              [
                121.41665276983076,
                23.712825926113318
              ],
              [
                121.4165510178163,
                23.712914122766136
              ],
              [
                121.4165723507779,
                23.71297365266929
              ]
            ]
          ],
          [
            [
              [
                121.41627122105106,
                23.713290296719762
              ],
              [
                121.41625785837277,
                23.71331947167815
              ],
              [
                121.4162054303416,
                23.71337214780807
              ],
              [
                121.41616031078946,
                23.713385353277666
              ],
              [
                121.41619701271983,
                23.71340514710405
              ],
              [
                121.41627915589537,
                23.71336167362089
              ],
              [
                121.41631490881427,
                23.7133141983211
              ],
              [
                121.4164079642292,
                23.71322038163204
              ],
              [
                121.41644480794129,
                23.713189075652558
              ],
              [
                121.41648308421655,
                23.713152138467002
              ],
              [
                121.41646122768788,
                23.713130331751024
              ],
              [
                121.41645097274245,
                23.713141535475923
              ],
              [
                121.41639561801622,
                23.713183573469223
              ],
              [
                121.41637704772296,
                23.71320653192304
              ],
              [
                121.41627122105106,
                23.713290296719762
              ]
            ]
          ]
        ]
      }
    },
    {
      "id": "368",
      "type": "Feature",
      "properties": {
        "LandUsageZoneName": "特定農業區",
        "RevitalizationMethodName": "出租",
        "RevitalizartionMethodName": "出租"
      },
      "geometry": {
        "type": "MultiPolygon",
        "coordinates": [
          [
            [
              [
                121.41646122768788,
                23.713130331751024
              ],
              [
                121.41648308421655,
                23.713152138467002
              ],
              [
                121.41651518332095,
                23.7131211630889
              ],
              [
                121.41655634710577,
                23.71309267808723
              ],
              [
                121.41652604011755,
                23.713059523865837
              ],
              [
                121.41646122768788,
                23.713130331751024
              ]
            ]
          ]
        ]
      }
    },
    {
      "id": "369",
      "type": "Feature",
      "properties": {
        "LandUsageZoneName": "特定農業區",
        "RevitalizationMethodName": "出租",
        "RevitalizartionMethodName": "出租"
      },
      "geometry": {
        "type": "MultiPolygon",
        "coordinates": [
          [
            [
              [
                121.4165510178163,
                23.712914122766136
              ],
              [
                121.41612028500376,
                23.71334723798478
              ],
              [
                121.41616031078946,
                23.713385353277666
              ],
              [
                121.4162054303416,
                23.71337214780807
              ],
              [
                121.41625785837277,
                23.71331947167815
              ],
              [
                121.41627122105106,
                23.713290296719762
              ],
              [
                121.41637704772296,
                23.71320653192304
              ],
              [
                121.41639561801622,
                23.713183573469223
              ],
              [
                121.41645097274245,
                23.713141535475923
              ],
              [
                121.41652604011755,
                23.713059523865837
              ],
              [
                121.41656132227193,
                23.713049153027548
              ],
              [
                121.4165723507779,
                23.71297365266929
              ],
              [
                121.4165510178163,
                23.712914122766136
              ]
            ]
          ]
        ]
      }
    },
    {
      "id": "370",
      "type": "Feature",
      "properties": {
        "LandUsageZoneName": "特定農業區",
        "RevitalizationMethodName": "出租",
        "RevitalizartionMethodName": "出租"
      },
      "geometry": {
        "type": "MultiPolygon",
        "coordinates": [
          [
            [
              [
                121.41437956746759,
                23.713273847313374
              ],
              [
                121.414414215108,
                23.713189831992324
              ],
              [
                121.41437414597367,
                23.713215430297538
              ],
              [
                121.41437956746759,
                23.713273847313374
              ]
            ]
          ]
        ]
      }
    },
    {
      "id": "371",
      "type": "Feature",
      "properties": {
        "LandUsageZoneName": "特定農業區",
        "RevitalizationMethodName": "出租",
        "RevitalizartionMethodName": "出租"
      },
      "geometry": {
        "type": "MultiPolygon",
        "coordinates": [
          [
            [
              [
                121.41573085216672,
                23.711359305521665
              ],
              [
                121.41577829245155,
                23.71143462527108
              ],
              [
                121.41578926475161,
                23.711439373431883
              ],
              [
                121.41578964420681,
                23.711439350740857
              ],
              [
                121.41578958471909,
                23.71143914682826
              ],
              [
                121.41576891712835,
                23.711372761427107
              ],
              [
                121.41573731195045,
                23.711268317903112
              ],
              [
                121.41570916336704,
                23.71129528413584
              ],
              [
                121.41573085216672,
                23.711359305521665
              ]
            ]
          ]
        ]
      }
    },
    {
      "id": "372",
      "type": "Feature",
      "properties": {
        "LandUsageZoneName": "特定農業區",
        "RevitalizationMethodName": "出租",
        "RevitalizartionMethodName": "出租"
      },
      "geometry": {
        "type": "MultiPolygon",
        "coordinates": [
          [
            [
              [
                121.41617756652617,
                23.711368412186278
              ],
              [
                121.41618565784479,
                23.711356245404847
              ],
              [
                121.41633988531794,
                23.711246335723384
              ],
              [
                121.41628059257594,
                23.711156613067303
              ],
              [
                121.41599139453827,
                23.711338157443127
              ],
              [
                121.41600209349701,
                23.71134732097064
              ],
              [
                121.41611147262299,
                23.711277100461512
              ],
              [
                121.41617000231054,
                23.711379800990773
              ],
              [
                121.41617756652617,
                23.711368412186278
              ]
            ]
          ]
        ]
      }
    },
    {
      "id": "373",
      "type": "Feature",
      "properties": {
        "LandUsageZoneName": "鄉村區",
        "RevitalizationMethodName": "出租",
        "RevitalizartionMethodName": "出租"
      },
      "geometry": {
        "type": "MultiPolygon",
        "coordinates": [
          [
            [
              [
                121.42006180780689,
                23.712766521654867
              ],
              [
                121.42008664716363,
                23.712716971192688
              ],
              [
                121.42004690205391,
                23.712748421352405
              ],
              [
                121.42006180780689,
                23.712766521654867
              ]
            ]
          ]
        ]
      }
    },
    {
      "id": "374",
      "type": "Feature",
      "properties": {
        "LandUsageZoneName": "特定農業區",
        "RevitalizationMethodName": "出租",
        "RevitalizartionMethodName": "出租"
      },
      "geometry": {
        "type": "MultiPolygon",
        "coordinates": [
          [
            [
              [
                121.41878795197476,
                23.709337946236197
              ],
              [
                121.41884464763835,
                23.709374177288282
              ],
              [
                121.41884556393465,
                23.70934786752149
              ],
              [
                121.41886359518456,
                23.709309956956652
              ],
              [
                121.41883353570003,
                23.70929095302634
              ],
              [
                121.41878795197476,
                23.709337946236197
              ]
            ]
          ]
        ]
      }
    },
    {
      "id": "375",
      "type": "Feature",
      "properties": {
        "LandUsageZoneName": "鄉村區",
        "RevitalizationMethodName": "出租",
        "RevitalizartionMethodName": "出租"
      },
      "geometry": {
        "type": "MultiPolygon",
        "coordinates": [
          [
            [
              [
                121.41881371524717,
                23.708888176663994
              ],
              [
                121.41880716242797,
                23.708746246646832
              ],
              [
                121.41878927622449,
                23.70874969926865
              ],
              [
                121.4187787861427,
                23.708882781098882
              ],
              [
                121.41880215621057,
                23.708926006500906
              ],
              [
                121.41881503198523,
                23.708916652947895
              ],
              [
                121.41881371524717,
                23.708888176663994
              ]
            ]
          ]
        ]
      }
    },
    {
      "id": "376",
      "type": "Feature",
      "properties": {
        "LandUsageZoneName": "特定專用區",
        "RevitalizationMethodName": "出租",
        "RevitalizartionMethodName": "出租"
      },
      "geometry": {
        "type": "MultiPolygon",
        "coordinates": [
          [
            [
              [
                121.4192576789731,
                23.706854411673106
              ],
              [
                121.41928140319109,
                23.706850790580372
              ],
              [
                121.41931530770624,
                23.706848739265855
              ],
              [
                121.41928446762311,
                23.706847685071555
              ],
              [
                121.41924978250799,
                23.706844826306092
              ],
              [
                121.4191549062632,
                23.706863928397855
              ],
              [
                121.41916764661859,
                23.70687426456787
              ],
              [
                121.41918254484368,
                23.70686877114573
              ],
              [
                121.4192576789731,
                23.706854411673106
              ]
            ]
          ],
          [
            [
              [
                121.41941135707658,
                23.707078548174216
              ],
              [
                121.41952616579138,
                23.707024329347988
              ],
              [
                121.41937794436278,
                23.706895140516902
              ],
              [
                121.41936961991894,
                23.706887884187264
              ],
              [
                121.41921522091309,
                23.706912858918212
              ],
              [
                121.41926372928611,
                23.706952212834413
              ],
              [
                121.41938135901607,
                23.707052238197292
              ],
              [
                121.41941135707658,
                23.707078548174216
              ]
            ]
          ]
        ]
      }
    },
    {
      "id": "377",
      "type": "Feature",
      "properties": {
        "LandUsageZoneName": "特定專用區",
        "RevitalizationMethodName": "出租",
        "RevitalizartionMethodName": "出租"
      },
      "geometry": {
        "type": "MultiPolygon",
        "coordinates": [
          [
            [
              [
                121.4203176291808,
                23.707154368439387
              ],
              [
                121.42041584379221,
                23.707191638361557
              ],
              [
                121.42045307471463,
                23.707067766354594
              ],
              [
                121.42041816699044,
                23.707090336249472
              ],
              [
                121.42038017590906,
                23.70711469337382
              ],
              [
                121.42033409055198,
                23.70714397563074
              ],
              [
                121.4203176291808,
                23.707154368439387
              ]
            ]
          ]
        ]
      }
    },
    {
      "id": "378",
      "type": "Feature",
      "properties": {
        "LandUsageZoneName": "特定專用區",
        "RevitalizationMethodName": "出租",
        "RevitalizartionMethodName": "出租"
      },
      "geometry": {
        "type": "MultiPolygon",
        "coordinates": [
          [
            [
              [
                121.42162486480782,
                23.706844982913903
              ],
              [
                121.42164625358913,
                23.70686259226146
              ],
              [
                121.42166674382142,
                23.706852346356467
              ],
              [
                121.4217141313153,
                23.7068228308022
              ],
              [
                121.42175220347401,
                23.70680122540168
              ],
              [
                121.42179571256737,
                23.70677602036122
              ],
              [
                121.42181588400864,
                23.706763622611874
              ],
              [
                121.42181111934516,
                23.70673901777655
              ],
              [
                121.42176920081111,
                23.70676175787833
              ],
              [
                121.42172102648506,
                23.706788408646077
              ],
              [
                121.42168529385219,
                23.706811441589593
              ],
              [
                121.42162486480782,
                23.706844982913903
              ]
            ]
          ],
          [
            [
              [
                121.42058047545902,
                23.707258571081436
              ],
              [
                121.42054969179559,
                23.707004367784826
              ],
              [
                121.42050227920004,
                23.70703564024429
              ],
              [
                121.42045307471463,
                23.707067766354594
              ],
              [
                121.42041584379221,
                23.707191638361557
              ],
              [
                121.42058047545902,
                23.707258571081436
              ]
            ]
          ]
        ]
      }
    },
    {
      "id": "379",
      "type": "Feature",
      "properties": {
        "LandUsageZoneName": "一般農業區",
        "RevitalizationMethodName": "待規劃土地",
        "RevitalizartionMethodName": "待規劃土地"
      },
      "geometry": {
        "type": "MultiPolygon",
        "coordinates": [
          [
            [
              [
                121.42103544843678,
                23.706204291071444
              ],
              [
                121.42090789805529,
                23.706176439890893
              ],
              [
                121.4208727792602,
                23.706203426012287
              ],
              [
                121.42083934234802,
                23.706228908612843
              ],
              [
                121.4207792168798,
                23.70627422990675
              ],
              [
                121.42076022083813,
                23.706288345398093
              ],
              [
                121.42085283409435,
                23.706272006169524
              ],
              [
                121.42103544843678,
                23.706204291071444
              ]
            ]
          ]
        ]
      }
    },
    {
      "id": "380",
      "type": "Feature",
      "properties": {
        "LandUsageZoneName": "一般農業區",
        "RevitalizationMethodName": "出租",
        "RevitalizartionMethodName": "出租"
      },
      "geometry": {
        "type": "MultiPolygon",
        "coordinates": [
          [
            [
              [
                121.41880341530882,
                23.705983819393396
              ],
              [
                121.41867671505582,
                23.70595296437897
              ],
              [
                121.41868882067298,
                23.70603118261487
              ],
              [
                121.41882382870048,
                23.70610831612503
              ],
              [
                121.41880341530882,
                23.705983819393396
              ]
            ]
          ]
        ]
      }
    },
    {
      "id": "381",
      "type": "Feature",
      "properties": {
        "LandUsageZoneName": "一般農業區",
        "RevitalizationMethodName": "出租",
        "RevitalizartionMethodName": "出租"
      },
      "geometry": {
        "type": "MultiPolygon",
        "coordinates": [
          [
            [
              [
                121.41867671505582,
                23.70595296437897
              ],
              [
                121.41849646592966,
                23.705909926640373
              ],
              [
                121.41868882067298,
                23.70603118261487
              ],
              [
                121.41867671505582,
                23.70595296437897
              ]
            ]
          ]
        ]
      }
    },
    {
      "id": "382",
      "type": "Feature",
      "properties": {
        "LandUsageZoneName": "特定農業區",
        "RevitalizationMethodName": "出租",
        "RevitalizartionMethodName": "出租"
      },
      "geometry": {
        "type": "MultiPolygon",
        "coordinates": [
          [
            [
              [
                121.41524297348481,
                23.706256105968606
              ],
              [
                121.41448288136324,
                23.705258292348503
              ],
              [
                121.4141338825128,
                23.70550272588027
              ],
              [
                121.41452128709484,
                23.705973789118143
              ],
              [
                121.41505799960869,
                23.70615179371234
              ],
              [
                121.41515345480347,
                23.706284650813334
              ],
              [
                121.4151903289744,
                23.70629199603034
              ],
              [
                121.41524297348481,
                23.706256105968606
              ]
            ]
          ]
        ]
      }
    },
    {
      "id": "383",
      "type": "Feature",
      "properties": {
        "LandUsageZoneName": "特定專用區",
        "RevitalizationMethodName": "出租",
        "RevitalizartionMethodName": "出租"
      },
      "geometry": {
        "type": "MultiPolygon",
        "coordinates": [
          [
            [
              [
                121.47127839909426,
                23.70847510678758
              ],
              [
                121.47128505108614,
                23.708517740179357
              ],
              [
                121.47128596899198,
                23.708523474862808
              ],
              [
                121.4705652267539,
                23.70883990752536
              ],
              [
                121.47060969352601,
                23.708846592447593
              ],
              [
                121.47082760792543,
                23.70888994854766
              ],
              [
                121.47107158230234,
                23.708810830885593
              ],
              [
                121.47122365896801,
                23.708599206273863
              ],
              [
                121.47127258782736,
                23.708630768722447
              ],
              [
                121.47133711027848,
                23.70846742699975
              ],
              [
                121.47134193875584,
                23.70846679556422
              ],
              [
                121.47133703874073,
                23.70844915108103
              ],
              [
                121.47131649283556,
                23.708402457808763
              ],
              [
                121.47129618248016,
                23.70830066541662
              ],
              [
                121.47125286419812,
                23.70831144968468
              ],
              [
                121.47127839909426,
                23.70847510678758
              ]
            ]
          ],
          [
            [
              [
                121.47144350823837,
                23.7090067049109
              ],
              [
                121.4715178638142,
                23.708794525769903
              ],
              [
                121.47135907617913,
                23.708989899563992
              ],
              [
                121.47144350823837,
                23.7090067049109
              ]
            ]
          ]
        ]
      }
    },
    {
      "id": "384",
      "type": "Feature",
      "properties": {
        "LandUsageZoneName": "特定專用區",
        "RevitalizationMethodName": "出租",
        "RevitalizartionMethodName": "出租"
      },
      "geometry": {
        "type": "MultiPolygon",
        "coordinates": [
          [
            [
              [
                121.4703573184039,
                23.70655037217587
              ],
              [
                121.47035492511277,
                23.706528891437102
              ],
              [
                121.47027322268957,
                23.706565917752464
              ],
              [
                121.47006745903435,
                23.70661957437633
              ],
              [
                121.46986450641232,
                23.70664219609282
              ],
              [
                121.46967861424363,
                23.70664486427695
              ],
              [
                121.46936917367297,
                23.706665000238672
              ],
              [
                121.46925832300774,
                23.706682005244236
              ],
              [
                121.46925933856139,
                23.706719186533928
              ],
              [
                121.46963709812307,
                23.706698202377677
              ],
              [
                121.46983886288191,
                23.706710791423454
              ],
              [
                121.46994512417496,
                23.70672394112739
              ],
              [
                121.47013431808351,
                23.706679337625793
              ],
              [
                121.47024828256808,
                23.706633707366652
              ],
              [
                121.4703573184039,
                23.70655037217587
              ]
            ]
          ]
        ]
      }
    },
    {
      "id": "385",
      "type": "Feature",
      "properties": {
        "LandUsageZoneName": "特定專用區",
        "RevitalizationMethodName": "出租",
        "RevitalizartionMethodName": "出租"
      },
      "geometry": {
        "type": "MultiPolygon",
        "coordinates": [
          [
            [
              [
                121.46898399467825,
                23.706799609078576
              ],
              [
                121.46907628651776,
                23.706774057909698
              ],
              [
                121.46913706983045,
                23.70675722919242
              ],
              [
                121.4692459357387,
                23.706719931490067
              ],
              [
                121.46925933856139,
                23.706719186533928
              ],
              [
                121.46925832300774,
                23.706682005244236
              ],
              [
                121.46924880604436,
                23.706439387577436
              ],
              [
                121.46896452111122,
                23.706380400314956
              ],
              [
                121.46888866515324,
                23.706404297039857
              ],
              [
                121.46872843151296,
                23.706548228489165
              ],
              [
                121.46864117802913,
                23.7067554628521
              ],
              [
                121.46848369737603,
                23.706813702737662
              ],
              [
                121.46874561651478,
                23.706823871732382
              ],
              [
                121.46898399467825,
                23.706799609078576
              ]
            ]
          ]
        ]
      }
    },
    {
      "id": "386",
      "type": "Feature",
      "properties": {
        "LandUsageZoneName": "特定專用區",
        "RevitalizationMethodName": "出租",
        "RevitalizartionMethodName": "出租"
      },
      "geometry": {
        "type": "MultiPolygon",
        "coordinates": [
          [
            [
              [
                121.47341733018341,
                23.702368521923482
              ],
              [
                121.47321292402846,
                23.702365140491075
              ],
              [
                121.4730268422859,
                23.70237090226564
              ],
              [
                121.47277502908399,
                23.70239417456988
              ],
              [
                121.47221547260074,
                23.70253085980027
              ],
              [
                121.47202155747162,
                23.70255927725578
              ],
              [
                121.4722992436552,
                23.702713907476834
              ],
              [
                121.47244908894372,
                23.702777841988908
              ],
              [
                121.47265236149228,
                23.702894042460183
              ],
              [
                121.47275535863336,
                23.702947820426168
              ],
              [
                121.47285266743253,
                23.702974970811766
              ],
              [
                121.47308404693777,
                23.703019268791802
              ],
              [
                121.47338333693924,
                23.703050867934255
              ],
              [
                121.47340588135509,
                23.703030725923536
              ],
              [
                121.47342371532571,
                23.70301479171751
              ],
              [
                121.473456650248,
                23.702985366070845
              ],
              [
                121.47346680154055,
                23.70293695379939
              ],
              [
                121.47358471420712,
                23.702842602751367
              ],
              [
                121.47364682447892,
                23.702817526803038
              ],
              [
                121.4734742379437,
                23.70247958584227
              ],
              [
                121.47346234533488,
                23.702456299364982
              ],
              [
                121.47343196201409,
                23.70239680519848
              ],
              [
                121.47341733018341,
                23.702368521923482
              ]
            ]
          ]
        ]
      }
    },
    {
      "id": "387",
      "type": "Feature",
      "properties": {
        "LandUsageZoneName": "特定專用區",
        "RevitalizationMethodName": "出租",
        "RevitalizartionMethodName": "出租"
      },
      "geometry": {
        "type": "MultiPolygon",
        "coordinates": [
          [
            [
              [
                121.47204375431713,
                23.702517440797077
              ],
              [
                121.4728819254175,
                23.70232374310726
              ],
              [
                121.47339315122123,
                23.702321793045083
              ],
              [
                121.47318895735219,
                23.701927135213843
              ],
              [
                121.47312073533139,
                23.70178738764474
              ],
              [
                121.47289490043049,
                23.701324781876043
              ],
              [
                121.47288536431863,
                23.70132650227564
              ],
              [
                121.47276351456152,
                23.701495504477
              ],
              [
                121.47153117748309,
                23.701755736363875
              ],
              [
                121.47135381812943,
                23.70179318824151
              ],
              [
                121.47134988416224,
                23.70174329025247
              ],
              [
                121.47125675875463,
                23.702014604445562
              ],
              [
                121.47125449369297,
                23.70202120303676
              ],
              [
                121.4712498597402,
                23.702034705739667
              ],
              [
                121.47124901640416,
                23.70203716168194
              ],
              [
                121.47125269831658,
                23.702044999104245
              ],
              [
                121.47141663870363,
                23.702393957240073
              ],
              [
                121.47145098662234,
                23.702467069195702
              ],
              [
                121.47155391628115,
                23.702582260198245
              ],
              [
                121.47190050665093,
                23.70251746674074
              ],
              [
                121.47204375431713,
                23.702517440797077
              ]
            ]
          ]
        ]
      }
    },
    {
      "id": "388",
      "type": "Feature",
      "properties": {
        "LandUsageZoneName": "特定專用區",
        "RevitalizationMethodName": "出租",
        "RevitalizartionMethodName": "出租"
      },
      "geometry": {
        "type": "MultiPolygon",
        "coordinates": [
          [
            [
              [
                121.47436019309447,
                23.703101466784293
              ],
              [
                121.47423391372888,
                23.703007926643743
              ],
              [
                121.47403240949753,
                23.70288570996835
              ],
              [
                121.47402893735715,
                23.702883604036632
              ],
              [
                121.47399790037662,
                23.702864779122464
              ],
              [
                121.47364682447892,
                23.702817526803038
              ],
              [
                121.47358471420712,
                23.702842602751367
              ],
              [
                121.47346680154055,
                23.70293695379939
              ],
              [
                121.473456650248,
                23.702985366070845
              ],
              [
                121.47348801956252,
                23.703035978290018
              ],
              [
                121.47349033751556,
                23.703039717628414
              ],
              [
                121.47418437676002,
                23.703155876794693
              ],
              [
                121.47425632121677,
                23.70317054998201
              ],
              [
                121.47429823243796,
                23.70319154567382
              ],
              [
                121.47436019309447,
                23.703101466784293
              ]
            ]
          ]
        ]
      }
    },
    {
      "id": "389",
      "type": "Feature",
      "properties": {
        "LandUsageZoneName": "特定專用區",
        "RevitalizationMethodName": "出租",
        "RevitalizartionMethodName": "出租"
      },
      "geometry": {
        "type": "MultiPolygon",
        "coordinates": [
          [
            [
              [
                121.47701917371897,
                23.701542929165328
              ],
              [
                121.47689942710616,
                23.701428413085274
              ],
              [
                121.47687370216818,
                23.701408545700282
              ],
              [
                121.47649823196464,
                23.701139885062727
              ],
              [
                121.47625420794492,
                23.700845373375028
              ],
              [
                121.47623409258188,
                23.700887748513537
              ],
              [
                121.47604311322017,
                23.700864362067957
              ],
              [
                121.47586138669433,
                23.700796556854254
              ],
              [
                121.47563826582629,
                23.700694854650624
              ],
              [
                121.47557870163675,
                23.700667704711226
              ],
              [
                121.4753624757876,
                23.70058846491478
              ],
              [
                121.47520836542384,
                23.70060832851854
              ],
              [
                121.4751850153953,
                23.700611338470406
              ],
              [
                121.47517754765713,
                23.700612300485357
              ],
              [
                121.47512864716477,
                23.700618603439796
              ],
              [
                121.47512254183229,
                23.70061939060861
              ],
              [
                121.47510767496598,
                23.700621306294796
              ],
              [
                121.47509900752978,
                23.70062242368745
              ],
              [
                121.47508669590869,
                23.700624010973936
              ],
              [
                121.47509072904114,
                23.70068602462778
              ],
              [
                121.47510661075066,
                23.700772940187758
              ],
              [
                121.47511831642653,
                23.70085317844536
              ],
              [
                121.47512790552999,
                23.700883451840188
              ],
              [
                121.4751784913188,
                23.70099132358077
              ],
              [
                121.47520292087283,
                23.701074389703614
              ],
              [
                121.47522338321119,
                23.701136682496085
              ],
              [
                121.47524072277602,
                23.70119611884068
              ],
              [
                121.47525182160022,
                23.701251989546225
              ],
              [
                121.4752488639158,
                23.701295002652554
              ],
              [
                121.47524442787791,
                23.701359522761503
              ],
              [
                121.47523532383903,
                23.701424774161158
              ],
              [
                121.47520947186044,
                23.701594002692
              ],
              [
                121.47519872074923,
                23.701634172786978
              ],
              [
                121.47519183211239,
                23.7016664471783
              ],
              [
                121.47517943297504,
                23.701681536876535
              ],
              [
                121.47513449823163,
                23.701739729568466
              ],
              [
                121.4751135685834,
                23.70176344625106
              ],
              [
                121.47506469346682,
                23.701808034205712
              ],
              [
                121.47496026244407,
                23.701898357477802
              ],
              [
                121.4746042507981,
                23.702135120564385
              ],
              [
                121.47450782739877,
                23.70218136931707
              ],
              [
                121.47449166377272,
                23.702196249273136
              ],
              [
                121.47450278149289,
                23.702201806391827
              ],
              [
                121.47488645192034,
                23.70232906843104
              ],
              [
                121.47528670480713,
                23.70237657780779
              ],
              [
                121.47540824779102,
                23.70240917474475
              ],
              [
                121.47570765598269,
                23.702604301691757
              ],
              [
                121.47582435152015,
                23.702660275775216
              ],
              [
                121.47603415623877,
                23.70270550161287
              ],
              [
                121.47618366338821,
                23.70272224424006
              ],
              [
                121.4764389519352,
                23.702717635462207
              ],
              [
                121.47695985713301,
                23.702695007297944
              ],
              [
                121.4772047261014,
                23.702678961629523
              ],
              [
                121.4774540300547,
                23.70270865996469
              ],
              [
                121.47750261644164,
                23.702244709700828
              ],
              [
                121.47750238051592,
                23.702238890778315
              ],
              [
                121.47717978156334,
                23.702232720562098
              ],
              [
                121.47718020627362,
                23.70220658726107
              ],
              [
                121.47721806318354,
                23.701647854510288
              ],
              [
                121.47709167839984,
                23.701661166532883
              ],
              [
                121.47701917371897,
                23.701542929165328
              ]
            ],
            [
              [
                121.47514193218016,
                23.702087506124915
              ],
              [
                121.4750968139388,
                23.701998069835284
              ],
              [
                121.47511619444805,
                23.701953006243944
              ],
              [
                121.47525128922031,
                23.70187054751408
              ],
              [
                121.47535265323427,
                23.701937688234032
              ],
              [
                121.4756369048544,
                23.70212740523343
              ],
              [
                121.47557206596768,
                23.702292315497306
              ],
              [
                121.4755096744315,
                23.702285599448857
              ],
              [
                121.47538381192965,
                23.702228638333658
              ],
              [
                121.47521191273592,
                23.702140033860925
              ],
              [
                121.47515873140398,
                23.702101405466706
              ],
              [
                121.47514193218016,
                23.702087506124915
              ]
            ]
          ]
        ]
      }
    },
    {
      "id": "390",
      "type": "Feature",
      "properties": {
        "LandUsageZoneName": "特定專用區",
        "RevitalizationMethodName": "出租",
        "RevitalizartionMethodName": "出租"
      },
      "geometry": {
        "type": "MultiPolygon",
        "coordinates": [
          [
            [
              [
                121.47441470223431,
                23.702223413598073
              ],
              [
                121.47431281270296,
                23.702249299817282
              ],
              [
                121.47420729168775,
                23.702269697095254
              ],
              [
                121.47410393353394,
                23.702283212450737
              ],
              [
                121.47341751550496,
                23.702368517744777
              ],
              [
                121.47342765215947,
                23.702388366565717
              ],
              [
                121.47343196201409,
                23.70239680519848
              ],
              [
                121.47346234533488,
                23.702456299364982
              ],
              [
                121.4734742379437,
                23.70247958584227
              ],
              [
                121.47364682447892,
                23.702817526803038
              ],
              [
                121.47399790037662,
                23.702864779122464
              ],
              [
                121.47402893735715,
                23.702883604036632
              ],
              [
                121.47403240949753,
                23.70288570996835
              ],
              [
                121.47423391372888,
                23.703007926643743
              ],
              [
                121.47436019309447,
                23.703101466784293
              ],
              [
                121.47455506763144,
                23.702818158069814
              ],
              [
                121.47456198866387,
                23.702822716721776
              ],
              [
                121.47525857482529,
                23.70284451268158
              ],
              [
                121.47531490993224,
                23.702828111490994
              ],
              [
                121.47538185518796,
                23.702821415337862
              ],
              [
                121.47550098831871,
                23.702677565426843
              ],
              [
                121.47557251197279,
                23.702687640463758
              ],
              [
                121.47576536155258,
                23.702687640159905
              ],
              [
                121.47579781808967,
                23.702687639719773
              ],
              [
                121.4757683495333,
                23.702678452270746
              ],
              [
                121.4756770706749,
                23.702638714925502
              ],
              [
                121.47566602523581,
                23.702633373480644
              ],
              [
                121.47560687504057,
                23.702599211627533
              ],
              [
                121.47551164572431,
                23.702543061270188
              ],
              [
                121.47541154088096,
                23.70248393970105
              ],
              [
                121.47535194336521,
                23.702445365397264
              ],
              [
                121.47525452397016,
                23.702411260429734
              ],
              [
                121.47507621526174,
                23.70239389014742
              ],
              [
                121.47485814745538,
                23.70235943912842
              ],
              [
                121.47441470223431,
                23.702223413598073
              ]
            ]
          ]
        ]
      }
    },
    {
      "id": "391",
      "type": "Feature",
      "properties": {
        "LandUsageZoneName": "特定專用區",
        "RevitalizationMethodName": "出租",
        "RevitalizartionMethodName": "出租"
      },
      "geometry": {
        "type": "MultiPolygon",
        "coordinates": [
          [
            [
              [
                121.47512274382487,
                23.700941749993063
              ],
              [
                121.47509213534144,
                23.700859709633324
              ],
              [
                121.47507892092078,
                23.700792854433363
              ],
              [
                121.4750643400134,
                23.700706891125424
              ],
              [
                121.47505335621518,
                23.700628307599406
              ],
              [
                121.47503974295671,
                23.70063006231473
              ],
              [
                121.47485232205068,
                23.700633310167998
              ],
              [
                121.47477125078588,
                23.700634714649635
              ],
              [
                121.47488858945313,
                23.70095983087833
              ],
              [
                121.47440762971775,
                23.700910540606433
              ],
              [
                121.47391489333296,
                23.700883001363568
              ],
              [
                121.47356414450114,
                23.700957531588465
              ],
              [
                121.47355754369859,
                23.700671788276548
              ],
              [
                121.47352481095737,
                23.700690769554367
              ],
              [
                121.4732074057435,
                23.700874861997704
              ],
              [
                121.47288536431863,
                23.70132650227564
              ],
              [
                121.47312073533139,
                23.70178738764474
              ],
              [
                121.47324086920449,
                23.702022623792097
              ],
              [
                121.47325239928949,
                23.702045200758352
              ],
              [
                121.47339365033014,
                23.702321786100775
              ],
              [
                121.47405876830453,
                23.702247649091408
              ],
              [
                121.47437052178755,
                23.702178439250478
              ],
              [
                121.47444025525465,
                23.702170552069866
              ],
              [
                121.47455276789496,
                23.702124920425373
              ],
              [
                121.47473531903182,
                23.702024017016086
              ],
              [
                121.47486731556417,
                23.701934020180705
              ],
              [
                121.47500701713676,
                23.70182249802904
              ],
              [
                121.47512469167529,
                23.70171821025258
              ],
              [
                121.47516726726725,
                23.701653573073237
              ],
              [
                121.47519275356026,
                23.701526872024832
              ],
              [
                121.47522069173887,
                23.701360742409875
              ],
              [
                121.47522162143403,
                23.701259202198454
              ],
              [
                121.47519913195272,
                23.701138620681675
              ],
              [
                121.47514283511667,
                23.700996641374903
              ],
              [
                121.47512274382487,
                23.700941749993063
              ]
            ]
          ]
        ]
      }
    },
    {
      "id": "392",
      "type": "Feature",
      "properties": {
        "LandUsageZoneName": "特定專用區",
        "RevitalizationMethodName": "出租",
        "RevitalizartionMethodName": "出租"
      },
      "geometry": {
        "type": "MultiPolygon",
        "coordinates": [
          [
            [
              [
                121.47557206596768,
                23.702292315497306
              ],
              [
                121.4756369048544,
                23.70212740523343
              ],
              [
                121.47535265323427,
                23.701937688234032
              ],
              [
                121.4752951173977,
                23.702020739648187
              ],
              [
                121.47523666776243,
                23.70204101926312
              ],
              [
                121.47515873140398,
                23.702101405466706
              ],
              [
                121.47521191273592,
                23.702140033860925
              ],
              [
                121.47538381192965,
                23.702228638333658
              ],
              [
                121.4755096744315,
                23.702285599448857
              ],
              [
                121.47557206596768,
                23.702292315497306
              ]
            ]
          ]
        ]
      }
    },
    {
      "id": "393",
      "type": "Feature",
      "properties": {
        "LandUsageZoneName": "特定專用區",
        "RevitalizationMethodName": "出租",
        "RevitalizartionMethodName": "出租"
      },
      "geometry": {
        "type": "MultiPolygon",
        "coordinates": [
          [
            [
              [
                121.47514193218016,
                23.702087506124915
              ],
              [
                121.47515873140398,
                23.702101405466706
              ],
              [
                121.47523666776243,
                23.70204101926312
              ],
              [
                121.4752951173977,
                23.702020739648187
              ],
              [
                121.47535265323427,
                23.701937688234032
              ],
              [
                121.47525128922031,
                23.70187054751408
              ],
              [
                121.47511619444805,
                23.701953006243944
              ],
              [
                121.4750968139388,
                23.701998069835284
              ],
              [
                121.47514193218016,
                23.702087506124915
              ]
            ]
          ]
        ]
      }
    },
    {
      "id": "394",
      "type": "Feature",
      "properties": {
        "LandUsageZoneName": "特定專用區",
        "RevitalizationMethodName": "出租",
        "RevitalizartionMethodName": "出租"
      },
      "geometry": {
        "type": "MultiPolygon",
        "coordinates": [
          [
            [
              [
                121.47505335621518,
                23.700628307599406
              ],
              [
                121.47502694553431,
                23.70036790386883
              ],
              [
                121.47503595364027,
                23.700276134290945
              ],
              [
                121.47506047948015,
                23.700134169646816
              ],
              [
                121.47503817185776,
                23.70012199200256
              ],
              [
                121.47503394398326,
                23.700119684339494
              ],
              [
                121.47489470986412,
                23.70006041879726
              ],
              [
                121.47455527258374,
                23.69991593412097
              ],
              [
                121.47445824148012,
                23.699866866082534
              ],
              [
                121.47442508666612,
                23.699850100184666
              ],
              [
                121.4743250947267,
                23.699799534978318
              ],
              [
                121.47429124441179,
                23.699782417217357
              ],
              [
                121.47412379320282,
                23.699696517580392
              ],
              [
                121.47401668046903,
                23.699798031748156
              ],
              [
                121.47408115867495,
                23.699841734980428
              ],
              [
                121.47422471187477,
                23.699939035656687
              ],
              [
                121.47432046261873,
                23.70000393505606
              ],
              [
                121.47441065243447,
                23.700165137133823
              ],
              [
                121.47441190557703,
                23.700167289590034
              ],
              [
                121.47441368167632,
                23.700170337997548
              ],
              [
                121.47451769697597,
                23.700304074378924
              ],
              [
                121.47452354403129,
                23.700308610141846
              ],
              [
                121.47452416747885,
                23.70030909312655
              ],
              [
                121.47468271930052,
                23.700433361589734
              ],
              [
                121.47477237247884,
                23.700565281708943
              ],
              [
                121.47485232205068,
                23.700633310167998
              ],
              [
                121.47503974295671,
                23.70063006231473
              ],
              [
                121.47505335621518,
                23.700628307599406
              ]
            ]
          ]
        ]
      }
    },
    {
      "id": "395",
      "type": "Feature",
      "properties": {
        "LandUsageZoneName": "特定專用區",
        "RevitalizationMethodName": "出租",
        "RevitalizartionMethodName": "出租"
      },
      "geometry": {
        "type": "MultiPolygon",
        "coordinates": [
          [
            [
              [
                121.47507899241528,
                23.700350687906646
              ],
              [
                121.47507970887473,
                23.700406127272082
              ],
              [
                121.47508669590869,
                23.700624010973936
              ],
              [
                121.47509875955414,
                23.700622456052557
              ],
              [
                121.47509900752978,
                23.70062242368745
              ],
              [
                121.4751060626258,
                23.700621514412187
              ],
              [
                121.47510617730288,
                23.700621499612673
              ],
              [
                121.47510671050367,
                23.700621431156204
              ],
              [
                121.47510767496598,
                23.700621306294796
              ],
              [
                121.47510800037581,
                23.700621264662267
              ],
              [
                121.4751096685869,
                23.70062105005256
              ],
              [
                121.47512254183229,
                23.70061939060861
              ],
              [
                121.47512864716477,
                23.700618603439796
              ],
              [
                121.47517106790873,
                23.700613135759962
              ],
              [
                121.47517527861736,
                23.700612592789803
              ],
              [
                121.47517712423382,
                23.700612355060493
              ],
              [
                121.47517754765713,
                23.700612300485357
              ],
              [
                121.4751850153953,
                23.700611338470406
              ],
              [
                121.47520836542384,
                23.70060832851854
              ],
              [
                121.4753624757876,
                23.70058846491478
              ],
              [
                121.47557870163675,
                23.700667704711226
              ],
              [
                121.47563826582629,
                23.700694854650624
              ],
              [
                121.47586138669433,
                23.700796556854254
              ],
              [
                121.47604311322017,
                23.700864362067957
              ],
              [
                121.47623409258188,
                23.700887748513537
              ],
              [
                121.47625420794492,
                23.700845373375028
              ],
              [
                121.47630969272561,
                23.70062708082637
              ],
              [
                121.4758816000432,
                23.700540466124494
              ],
              [
                121.47560807370361,
                23.700433085624013
              ],
              [
                121.47542238150447,
                23.70033172228414
              ],
              [
                121.47534604961288,
                23.700290054299675
              ],
              [
                121.47524658281027,
                23.700235757911383
              ],
              [
                121.47519650751588,
                23.700208423375642
              ],
              [
                121.4751961626423,
                23.700208234810273
              ],
              [
                121.4751961213758,
                23.700208212362668
              ],
              [
                121.47518550009052,
                23.700202414479076
              ],
              [
                121.47512656621988,
                23.70017024370765
              ],
              [
                121.47511937204897,
                23.700166317093473
              ],
              [
                121.47510992490864,
                23.700161160322608
              ],
              [
                121.4750972894831,
                23.700233658075742
              ],
              [
                121.47507899241528,
                23.700350687906646
              ]
            ]
          ]
        ]
      }
    },
    {
      "id": "396",
      "type": "Feature",
      "properties": {
        "LandUsageZoneName": "特定專用區",
        "RevitalizationMethodName": "出租",
        "RevitalizartionMethodName": "出租"
      },
      "geometry": {
        "type": "MultiPolygon",
        "coordinates": [
          [
            [
              [
                121.47354551490977,
                23.700150828341634
              ],
              [
                121.47365154582401,
                23.70015586759213
              ],
              [
                121.47387036139273,
                23.70024670506684
              ],
              [
                121.47397206340722,
                23.70029665311083
              ],
              [
                121.47407172728549,
                23.700292699907653
              ],
              [
                121.47427342637458,
                23.700335885221048
              ],
              [
                121.47452416747885,
                23.70030909312655
              ],
              [
                121.47451769697597,
                23.700304074378924
              ],
              [
                121.47441368167632,
                23.700170337997548
              ],
              [
                121.47427411588819,
                23.700038218430254
              ],
              [
                121.47393144375816,
                23.700035069132664
              ],
              [
                121.47363415845581,
                23.70007669403605
              ],
              [
                121.47354342359334,
                23.7000604020987
              ],
              [
                121.47354551490977,
                23.700150828341634
              ]
            ]
          ]
        ]
      }
    },
    {
      "id": "397",
      "type": "Feature",
      "properties": {
        "LandUsageZoneName": "特定專用區",
        "RevitalizationMethodName": "出租",
        "RevitalizartionMethodName": "出租"
      },
      "geometry": {
        "type": "MultiPolygon",
        "coordinates": [
          [
            [
              [
                121.47130542714547,
                23.70095273186915
              ],
              [
                121.47314763526802,
                23.700909521077634
              ],
              [
                121.47320740574675,
                23.700874862900662
              ],
              [
                121.47352481095737,
                23.700690769554367
              ],
              [
                121.4735189739009,
                23.70035847569104
              ],
              [
                121.47130029558488,
                23.700424833897088
              ],
              [
                121.47131285846453,
                23.70077476053884
              ],
              [
                121.471302834385,
                23.70091339727126
              ],
              [
                121.47130542714547,
                23.70095273186915
              ]
            ]
          ]
        ]
      }
    },
    {
      "id": "398",
      "type": "Feature",
      "properties": {
        "LandUsageZoneName": "特定專用區",
        "RevitalizationMethodName": "出租",
        "RevitalizartionMethodName": "出租"
      },
      "geometry": {
        "type": "MultiPolygon",
        "coordinates": [
          [
            [
              [
                121.47009928836913,
                23.700012481204734
              ],
              [
                121.47009316456723,
                23.699866557811355
              ],
              [
                121.46959810339035,
                23.699884106258313
              ],
              [
                121.46959905586938,
                23.699907766661482
              ],
              [
                121.47007428811435,
                23.700226365604856
              ],
              [
                121.47010924714536,
                23.700249801731186
              ],
              [
                121.47010896299129,
                23.70024301856375
              ],
              [
                121.47009928836913,
                23.700012481204734
              ]
            ]
          ]
        ]
      }
    },
    {
      "id": "399",
      "type": "Feature",
      "properties": {
        "LandUsageZoneName": "特定專用區",
        "RevitalizationMethodName": "出租",
        "RevitalizartionMethodName": "出租"
      },
      "geometry": {
        "type": "MultiPolygon",
        "coordinates": [
          [
            [
              [
                121.46472685432926,
                23.70239329704187
              ],
              [
                121.46431185620501,
                23.70239454248095
              ],
              [
                121.46437007995935,
                23.702423514863334
              ],
              [
                121.46462664262998,
                23.702502053005574
              ],
              [
                121.46484456370978,
                23.702534745474065
              ],
              [
                121.46485688378633,
                23.70258833600659
              ],
              [
                121.46490760199187,
                23.702576313202318
              ],
              [
                121.46486545720853,
                23.70248946186616
              ],
              [
                121.46472750679176,
                23.702396165632358
              ],
              [
                121.46472685432926,
                23.70239329704187
              ]
            ]
          ]
        ]
      }
    },
    {
      "id": "400",
      "type": "Feature",
      "properties": {
        "LandUsageZoneName": "特定專用區",
        "RevitalizationMethodName": "出租",
        "RevitalizartionMethodName": "出租"
      },
      "geometry": {
        "type": "MultiPolygon",
        "coordinates": [
          [
            [
              [
                121.4600045087475,
                23.7025029379609
              ],
              [
                121.4597193814288,
                23.70249777307818
              ],
              [
                121.45971923071028,
                23.702511855387872
              ],
              [
                121.45971971911065,
                23.7025118701908
              ],
              [
                121.45971793428028,
                23.70254851451931
              ],
              [
                121.45971884380533,
                23.7025480946445
              ],
              [
                121.46000401299938,
                23.70253831700763
              ],
              [
                121.46000423732092,
                23.702520342666354
              ],
              [
                121.4600045087475,
                23.7025029379609
              ]
            ]
          ]
        ]
      }
    },
    {
      "id": "401",
      "type": "Feature",
      "properties": {
        "LandUsageZoneName": "特定專用區",
        "RevitalizationMethodName": "出租",
        "RevitalizartionMethodName": "出租"
      },
      "geometry": {
        "type": "MultiPolygon",
        "coordinates": [
          [
            [
              [
                121.45971143717475,
                23.70229193149498
              ],
              [
                121.45966054962392,
                23.702283153123467
              ],
              [
                121.45884489651154,
                23.702142442042692
              ],
              [
                121.45868489069524,
                23.702158847431757
              ],
              [
                121.45869202252534,
                23.70239447877169
              ],
              [
                121.45871816682327,
                23.702395887586437
              ],
              [
                121.45970678279602,
                23.70244916463829
              ],
              [
                121.46065065982317,
                23.7024683919007
              ],
              [
                121.46064003603479,
                23.70237095211766
              ],
              [
                121.46061080018282,
                23.70237103912096
              ],
              [
                121.45971143717475,
                23.70229193149498
              ]
            ]
          ],
          [
            [
              [
                121.45900749568743,
                23.7026275544254
              ],
              [
                121.45938333538949,
                23.702637988446433
              ],
              [
                121.45953938627983,
                23.702630942550222
              ],
              [
                121.45971793428028,
                23.70254851451931
              ],
              [
                121.45971971911065,
                23.7025118701908
              ],
              [
                121.45971923071028,
                23.702511855387872
              ],
              [
                121.4597193814288,
                23.70249777307818
              ],
              [
                121.4597033149215,
                23.70249748218116
              ],
              [
                121.45893873411087,
                23.70248860928825
              ],
              [
                121.45869465212913,
                23.702481338785244
              ],
              [
                121.45869478629712,
                23.702485777402764
              ],
              [
                121.4586971632797,
                23.702564327200722
              ],
              [
                121.45886118745943,
                23.702577168913542
              ],
              [
                121.45900749568743,
                23.7026275544254
              ]
            ]
          ],
          [
            [
              [
                121.46000401299938,
                23.70253831700763
              ],
              [
                121.46008354457999,
                23.702574790084252
              ],
              [
                121.46014197266398,
                23.702601584586514
              ],
              [
                121.4603763253058,
                23.702633485041744
              ],
              [
                121.46037567575696,
                23.70271388767214
              ],
              [
                121.46045319969427,
                23.70282456018846
              ],
              [
                121.46069300896214,
                23.702865952227697
              ],
              [
                121.46089106934114,
                23.702847583061867
              ],
              [
                121.4610643901629,
                23.70278975067826
              ],
              [
                121.46104219988044,
                23.70253606427838
              ],
              [
                121.46097352393416,
                23.702532653319714
              ],
              [
                121.46097192357972,
                23.70253265808584
              ],
              [
                121.46055308741717,
                23.70251287464585
              ],
              [
                121.4600045087475,
                23.7025029379609
              ],
              [
                121.46000423732092,
                23.702520342666354
              ],
              [
                121.46000401299938,
                23.70253831700763
              ]
            ]
          ]
        ]
      }
    },
    {
      "id": "402",
      "type": "Feature",
      "properties": {
        "LandUsageZoneName": "特定專用區",
        "RevitalizationMethodName": "出租",
        "RevitalizartionMethodName": "出租"
      },
      "geometry": {
        "type": "MultiPolygon",
        "coordinates": [
          [
            [
              [
                121.46674034479237,
                23.704051843464132
              ],
              [
                121.46639281053112,
                23.703964699610122
              ],
              [
                121.46623624051475,
                23.703998452171888
              ],
              [
                121.46630497222884,
                23.704040771490337
              ],
              [
                121.46630549113834,
                23.704041091385065
              ],
              [
                121.46640804404004,
                23.70401999777042
              ],
              [
                121.46694573542675,
                23.704154794851785
              ],
              [
                121.4671886574545,
                23.704215694141574
              ],
              [
                121.46719381387412,
                23.70421714410049
              ],
              [
                121.46719379662815,
                23.704216982520542
              ],
              [
                121.46719341739679,
                23.704213478327834
              ],
              [
                121.4671932440304,
                23.704211883299564
              ],
              [
                121.46719030350597,
                23.704184722650044
              ],
              [
                121.46718807175505,
                23.704164110020088
              ],
              [
                121.46718233582615,
                23.704162671742868
              ],
              [
                121.4671305995972,
                23.704149698683796
              ],
              [
                121.46710239599162,
                23.704142626846416
              ],
              [
                121.4670129924949,
                23.70412020946108
              ],
              [
                121.46692773000413,
                23.704098830590617
              ],
              [
                121.46682496041386,
                23.704073060951842
              ],
              [
                121.46674034479237,
                23.704051843464132
              ]
            ]
          ]
        ]
      }
    },
    {
      "id": "403",
      "type": "Feature",
      "properties": {
        "LandUsageZoneName": "特定專用區",
        "RevitalizationMethodName": "出租",
        "RevitalizartionMethodName": "出租"
      },
      "geometry": {
        "type": "MultiPolygon",
        "coordinates": [
          [
            [
              [
                121.45862031353755,
                23.702772401238462
              ],
              [
                121.4586267120559,
                23.70272889510252
              ],
              [
                121.45897984658104,
                23.70272414616193
              ],
              [
                121.4591275871344,
                23.70275222387875
              ],
              [
                121.45912685501274,
                23.702657874411333
              ],
              [
                121.45979077177248,
                23.702707499508957
              ],
              [
                121.45992655706854,
                23.702676349867087
              ],
              [
                121.46037262653257,
                23.70271403218742
              ],
              [
                121.46037567575696,
                23.70271388767214
              ],
              [
                121.4603763253058,
                23.702633485041744
              ],
              [
                121.46014197266398,
                23.702601584586514
              ],
              [
                121.46008354457999,
                23.702574790084252
              ],
              [
                121.46000401299938,
                23.70253831700763
              ],
              [
                121.45971884380533,
                23.7025480946445
              ],
              [
                121.45953938627983,
                23.702630942550222
              ],
              [
                121.45938333538949,
                23.702637988446433
              ],
              [
                121.45900749568743,
                23.7026275544254
              ],
              [
                121.45886118745943,
                23.702577168913542
              ],
              [
                121.4586971632797,
                23.702564327200722
              ],
              [
                121.45857930198262,
                23.70257735327193
              ],
              [
                121.45858001065754,
                23.702780169734257
              ],
              [
                121.45862031353755,
                23.702772401238462
              ]
            ]
          ]
        ]
      }
    },
    {
      "id": "404",
      "type": "Feature",
      "properties": {
        "LandUsageZoneName": "特定專用區",
        "RevitalizationMethodName": "出租",
        "RevitalizartionMethodName": "出租"
      },
      "geometry": {
        "type": "MultiPolygon",
        "coordinates": [
          [
            [
              [
                121.46036904975111,
                23.702812584246804
              ],
              [
                121.46045319969427,
                23.70282456018846
              ],
              [
                121.46037567575696,
                23.70271388767214
              ],
              [
                121.46037262653257,
                23.70271403218742
              ],
              [
                121.46036904975111,
                23.702812584246804
              ]
            ]
          ]
        ]
      }
    },
    {
      "id": "405",
      "type": "Feature",
      "properties": {
        "LandUsageZoneName": "特定專用區",
        "RevitalizationMethodName": "出租",
        "RevitalizartionMethodName": "出租"
      },
      "geometry": {
        "type": "MultiPolygon",
        "coordinates": [
          [
            [
              [
                121.459157638681,
                23.703555359788428
              ],
              [
                121.45921825674357,
                23.703573741459483
              ],
              [
                121.45924007981841,
                23.703580521244135
              ],
              [
                121.45950935207847,
                23.703695844356528
              ],
              [
                121.4595476203168,
                23.703703181168244
              ],
              [
                121.45955453544826,
                23.703704506968933
              ],
              [
                121.45955346075822,
                23.70339760506494
              ],
              [
                121.45915035336981,
                23.703407022063868
              ],
              [
                121.459157638681,
                23.703555359788428
              ]
            ]
          ]
        ]
      }
    },
    {
      "id": "406",
      "type": "Feature",
      "properties": {
        "LandUsageZoneName": "特定專用區",
        "RevitalizationMethodName": "出租",
        "RevitalizartionMethodName": "出租"
      },
      "geometry": {
        "type": "MultiPolygon",
        "coordinates": [
          [
            [
              [
                121.4586976905689,
                23.703270721353167
              ],
              [
                121.45914913177549,
                23.703382152398245
              ],
              [
                121.45956950023621,
                23.703380904817376
              ],
              [
                121.45957064425986,
                23.703707595163486
              ],
              [
                121.4598813189812,
                23.703767158016877
              ],
              [
                121.46006947041485,
                23.703791809857957
              ],
              [
                121.46030149158751,
                23.703832187209095
              ],
              [
                121.46069693452651,
                23.703776385343343
              ],
              [
                121.46113923055431,
                23.703794257285033
              ],
              [
                121.46111479878013,
                23.703366021258645
              ],
              [
                121.46109823970059,
                23.703176721735648
              ],
              [
                121.46105965907097,
                23.70319125804093
              ],
              [
                121.46091011041526,
                23.703204245734216
              ],
              [
                121.46045018902664,
                23.702981036266348
              ],
              [
                121.46036883197256,
                23.702951778148538
              ],
              [
                121.4603683503093,
                23.702973812116767
              ],
              [
                121.46022149475229,
                23.702926996274883
              ],
              [
                121.46000422227918,
                23.70288339648281
              ],
              [
                121.45912895127779,
                23.70289268629565
              ],
              [
                121.4591275871344,
                23.70275222387875
              ],
              [
                121.45897984658104,
                23.70272414616193
              ],
              [
                121.4586267120559,
                23.70272889510252
              ],
              [
                121.45862031353755,
                23.702772401238462
              ],
              [
                121.4586118823546,
                23.702820726242397
              ],
              [
                121.45862161826089,
                23.702884790413986
              ],
              [
                121.45877628749888,
                23.702869523293796
              ],
              [
                121.45885519560483,
                23.703253034807727
              ],
              [
                121.4586976905689,
                23.703270721353167
              ]
            ]
          ]
        ]
      }
    },
    {
      "id": "407",
      "type": "Feature",
      "properties": {
        "LandUsageZoneName": "特定專用區",
        "RevitalizationMethodName": "出租",
        "RevitalizartionMethodName": "出租"
      },
      "geometry": {
        "type": "MultiPolygon",
        "coordinates": [
          [
            [
              [
                121.4606787761926,
                23.704846838446347
              ],
              [
                121.46067922824565,
                23.704846832585964
              ],
              [
                121.46054653263853,
                23.704828184708983
              ],
              [
                121.4605517788842,
                23.704830374156924
              ],
              [
                121.46056093280453,
                23.704834193580623
              ],
              [
                121.460591704452,
                23.70484795360814
              ],
              [
                121.4606787761926,
                23.704846838446347
              ]
            ]
          ]
        ]
      }
    },
    {
      "id": "408",
      "type": "Feature",
      "properties": {
        "LandUsageZoneName": "特定專用區",
        "RevitalizationMethodName": "出租",
        "RevitalizartionMethodName": "出租"
      },
      "geometry": {
        "type": "MultiPolygon",
        "coordinates": [
          [
            [
              [
                121.46056093280453,
                23.704834193580623
              ],
              [
                121.4605517788842,
                23.704830374156924
              ],
              [
                121.46054653263853,
                23.704828184708983
              ],
              [
                121.46013774028299,
                23.704770522259246
              ],
              [
                121.46011670454062,
                23.704778601387414
              ],
              [
                121.45980738372072,
                23.70483327911785
              ],
              [
                121.45993191065871,
                23.704847486705155
              ],
              [
                121.4599516371418,
                23.704868747266143
              ],
              [
                121.46009967130679,
                23.704876334694266
              ],
              [
                121.46010130775983,
                23.70490116157516
              ],
              [
                121.46016837702973,
                23.704902154103202
              ],
              [
                121.46017121685537,
                23.704881431469182
              ],
              [
                121.46017708162195,
                23.70488242897303
              ],
              [
                121.46018891810706,
                23.704884441721482
              ],
              [
                121.46033688645164,
                23.704909599157823
              ],
              [
                121.46043674629914,
                23.704907243336212
              ],
              [
                121.46043411559857,
                23.704867375894906
              ],
              [
                121.46055664497416,
                23.70485026119168
              ],
              [
                121.46056093280453,
                23.704834193580623
              ]
            ]
          ]
        ]
      }
    },
    {
      "id": "409",
      "type": "Feature",
      "properties": {
        "LandUsageZoneName": "特定專用區",
        "RevitalizationMethodName": "出租",
        "RevitalizartionMethodName": "出租"
      },
      "geometry": {
        "type": "MultiPolygon",
        "coordinates": [
          [
            [
              [
                121.45995770866159,
                23.704877533205423
              ],
              [
                121.45996573219767,
                23.704936834659073
              ],
              [
                121.46004617445422,
                23.70494818071046
              ],
              [
                121.4603401348952,
                23.70495784434877
              ],
              [
                121.46033688645164,
                23.704909599157823
              ],
              [
                121.46017121685537,
                23.704881431469182
              ],
              [
                121.46016837702973,
                23.704902154103202
              ],
              [
                121.46010130775983,
                23.70490116157516
              ],
              [
                121.46009967130679,
                23.704876334694266
              ],
              [
                121.4599516371418,
                23.704868747266143
              ],
              [
                121.45995770866159,
                23.704877533205423
              ]
            ]
          ]
        ]
      }
    },
    {
      "id": "410",
      "type": "Feature",
      "properties": {
        "LandUsageZoneName": "特定專用區",
        "RevitalizationMethodName": "出租",
        "RevitalizartionMethodName": "出租"
      },
      "geometry": {
        "type": "MultiPolygon",
        "coordinates": [
          [
            [
              [
                121.45980738372072,
                23.70483327911785
              ],
              [
                121.45947364908592,
                23.70489227178067
              ],
              [
                121.45925741756176,
                23.70491160509183
              ],
              [
                121.45924776966606,
                23.70493167068276
              ],
              [
                121.4593055825779,
                23.704935706978873
              ],
              [
                121.46016976238103,
                23.704997991491513
              ],
              [
                121.46089869545672,
                23.704957590643346
              ],
              [
                121.46106369353774,
                23.70499273049773
              ],
              [
                121.46125240347439,
                23.705016692949105
              ],
              [
                121.46124879134183,
                23.704926451616434
              ],
              [
                121.46121726687554,
                23.70492731308849
              ],
              [
                121.46121677611745,
                23.704922723838894
              ],
              [
                121.4606787761926,
                23.704846838446347
              ],
              [
                121.460591704452,
                23.70484795360814
              ],
              [
                121.46056093280453,
                23.704834193580623
              ],
              [
                121.46055664497416,
                23.70485026119168
              ],
              [
                121.46043411559857,
                23.704867375894906
              ],
              [
                121.46043674629914,
                23.704907243336212
              ],
              [
                121.46033688645164,
                23.704909599157823
              ],
              [
                121.4603401348952,
                23.70495784434877
              ],
              [
                121.46004617445422,
                23.70494818071046
              ],
              [
                121.45996573219767,
                23.704936834659073
              ],
              [
                121.45995770866159,
                23.704877533205423
              ],
              [
                121.4599516371418,
                23.704868747266143
              ],
              [
                121.45993191065871,
                23.704847486705155
              ],
              [
                121.45980738372072,
                23.70483327911785
              ]
            ]
          ]
        ]
      }
    },
    {
      "id": "411",
      "type": "Feature",
      "properties": {
        "LandUsageZoneName": "特定專用區",
        "RevitalizationMethodName": "出租",
        "RevitalizartionMethodName": "出租"
      },
      "geometry": {
        "type": "MultiPolygon",
        "coordinates": [
          [
            [
              [
                121.46139079674674,
                23.70494298617196
              ],
              [
                121.46124879134183,
                23.704926451616434
              ],
              [
                121.46125240347439,
                23.705016692949105
              ],
              [
                121.46140368328159,
                23.705038084932283
              ],
              [
                121.46139079674674,
                23.70494298617196
              ]
            ]
          ]
        ]
      }
    },
    {
      "id": "412",
      "type": "Feature",
      "properties": {
        "LandUsageZoneName": "特定專用區",
        "RevitalizationMethodName": "出租",
        "RevitalizartionMethodName": "出租"
      },
      "geometry": {
        "type": "MultiPolygon",
        "coordinates": [
          [
            [
              [
                121.46125240347439,
                23.705016692949105
              ],
              [
                121.46124621852354,
                23.705290926052285
              ],
              [
                121.46124291436027,
                23.705461281645455
              ],
              [
                121.46159323587231,
                23.705454900655667
              ],
              [
                121.46156425092701,
                23.70508489483156
              ],
              [
                121.46146032444854,
                23.704971014835575
              ],
              [
                121.46138937291714,
                23.70493128789354
              ],
              [
                121.46139079674674,
                23.70494298617196
              ],
              [
                121.46140368328159,
                23.705038084932283
              ],
              [
                121.46125240347439,
                23.705016692949105
              ]
            ]
          ]
        ]
      }
    },
    {
      "id": "413",
      "type": "Feature",
      "properties": {
        "LandUsageZoneName": "特定專用區",
        "RevitalizationMethodName": "出租",
        "RevitalizartionMethodName": "出租"
      },
      "geometry": {
        "type": "MultiPolygon",
        "coordinates": [
          [
            [
              [
                121.45923598468399,
                23.705150612402388
              ],
              [
                121.4592450071828,
                23.705334326107774
              ],
              [
                121.45927308655656,
                23.705334242786034
              ],
              [
                121.45964074241279,
                23.705349344353895
              ],
              [
                121.4596004568277,
                23.705346298168305
              ],
              [
                121.4593071365326,
                23.705315239815313
              ],
              [
                121.45929591247659,
                23.705240814004075
              ],
              [
                121.45938016275849,
                23.705236211632634
              ],
              [
                121.46124621852354,
                23.705290926052285
              ],
              [
                121.46125240347439,
                23.705016692949105
              ],
              [
                121.46106369353774,
                23.70499273049773
              ],
              [
                121.46089869545672,
                23.704957590643346
              ],
              [
                121.46016976238103,
                23.704997991491513
              ],
              [
                121.4593055825779,
                23.704935706978873
              ],
              [
                121.45931626627291,
                23.705147133401496
              ],
              [
                121.45923598468399,
                23.705150612402388
              ]
            ]
          ]
        ]
      }
    },
    {
      "id": "414",
      "type": "Feature",
      "properties": {
        "LandUsageZoneName": "特定專用區",
        "RevitalizationMethodName": "出租",
        "RevitalizartionMethodName": "出租"
      },
      "geometry": {
        "type": "MultiPolygon",
        "coordinates": [
          [
            [
              [
                121.46630497222884,
                23.704040771490337
              ],
              [
                121.46623624051475,
                23.703998452171888
              ],
              [
                121.46537142497144,
                23.704184882840547
              ],
              [
                121.46536273977219,
                23.704267915576114
              ],
              [
                121.46542271896827,
                23.704253484518023
              ],
              [
                121.4661497491201,
                23.704078562514063
              ],
              [
                121.46630549113834,
                23.704041091385065
              ],
              [
                121.46630497222884,
                23.704040771490337
              ]
            ]
          ]
        ]
      }
    },
    {
      "id": "415",
      "type": "Feature",
      "properties": {
        "LandUsageZoneName": "特定專用區",
        "RevitalizationMethodName": "出租",
        "RevitalizartionMethodName": "出租"
      },
      "geometry": {
        "type": "MultiPolygon",
        "coordinates": [
          [
            [
              [
                121.46503698416068,
                23.70581495452514
              ],
              [
                121.46506438662523,
                23.705838015358456
              ],
              [
                121.46512427368995,
                23.705815640338393
              ],
              [
                121.46519037683119,
                23.70576803563263
              ],
              [
                121.46503698416068,
                23.70581495452514
              ]
            ]
          ]
        ]
      }
    },
    {
      "id": "416",
      "type": "Feature",
      "properties": {
        "LandUsageZoneName": "特定專用區",
        "RevitalizationMethodName": "出租",
        "RevitalizartionMethodName": "出租"
      },
      "geometry": {
        "type": "MultiPolygon",
        "coordinates": [
          [
            [
              [
                121.4641057508138,
                23.70688787917967
              ],
              [
                121.46412520637385,
                23.70700249647048
              ],
              [
                121.46436900567635,
                23.707138613239927
              ],
              [
                121.46453182960192,
                23.70732312547797
              ],
              [
                121.4647307040211,
                23.707496874213643
              ],
              [
                121.4648848085591,
                23.70770011278994
              ],
              [
                121.46495052320991,
                23.70775844600637
              ],
              [
                121.46506831325992,
                23.70782297963009
              ],
              [
                121.46508617280524,
                23.707826239865113
              ],
              [
                121.46507728768529,
                23.707707173615507
              ],
              [
                121.46489116659197,
                23.707640172479817
              ],
              [
                121.46486025642686,
                23.707194567447438
              ],
              [
                121.46459626846529,
                23.707115411038668
              ],
              [
                121.46432935692779,
                23.707002564032887
              ],
              [
                121.46417384476132,
                23.706927641405436
              ],
              [
                121.4641057508138,
                23.70688787917967
              ]
            ]
          ]
        ]
      }
    },
    {
      "id": "417",
      "type": "Feature",
      "properties": {
        "LandUsageZoneName": "特定專用區",
        "RevitalizationMethodName": "出租",
        "RevitalizartionMethodName": "出租"
      },
      "geometry": {
        "type": "MultiPolygon",
        "coordinates": [
          [
            [
              [
                121.46407283220566,
                23.706973255471183
              ],
              [
                121.46406277015018,
                23.706969769470287
              ],
              [
                121.46409692626703,
                23.707165789850684
              ],
              [
                121.464128778879,
                23.707181313033733
              ],
              [
                121.46415921910565,
                23.707202864171993
              ],
              [
                121.46448599479389,
                23.70743422023741
              ],
              [
                121.46469840238599,
                23.70769657313897
              ],
              [
                121.46488748863132,
                23.70784789504007
              ],
              [
                121.46491391485361,
                23.70786904361838
              ],
              [
                121.46492174214171,
                23.707871163758938
              ],
              [
                121.46522038025603,
                23.70785511082442
              ],
              [
                121.46512629273163,
                23.70783487089188
              ],
              [
                121.46508617280524,
                23.707826239865113
              ],
              [
                121.46506831325992,
                23.70782297963009
              ],
              [
                121.46495052320991,
                23.70775844600637
              ],
              [
                121.4648848085591,
                23.70770011278994
              ],
              [
                121.4647307040211,
                23.707496874213643
              ],
              [
                121.46453182960192,
                23.70732312547797
              ],
              [
                121.46436900567635,
                23.707138613239927
              ],
              [
                121.46412520637385,
                23.70700249647048
              ],
              [
                121.46407283220566,
                23.706973255471183
              ]
            ]
          ]
        ]
      }
    },
    {
      "id": "418",
      "type": "Feature",
      "properties": {
        "LandUsageZoneName": "特定專用區",
        "RevitalizationMethodName": "出租",
        "RevitalizartionMethodName": "出租"
      },
      "geometry": {
        "type": "MultiPolygon",
        "coordinates": [
          [
            [
              [
                121.45964074241279,
                23.705349344353895
              ],
              [
                121.46123840141291,
                23.70541495816274
              ],
              [
                121.46124366149057,
                23.70542274687732
              ],
              [
                121.46124381593582,
                23.705414793939017
              ],
              [
                121.46124621852354,
                23.705290926052285
              ],
              [
                121.45938016275849,
                23.705236211632634
              ],
              [
                121.45929591247659,
                23.705240814004075
              ],
              [
                121.4593071365326,
                23.705315239815313
              ],
              [
                121.4596004568277,
                23.705346298168305
              ],
              [
                121.45964074241279,
                23.705349344353895
              ]
            ]
          ]
        ]
      }
    },
    {
      "id": "419",
      "type": "Feature",
      "properties": {
        "LandUsageZoneName": "特定專用區",
        "RevitalizationMethodName": "出租",
        "RevitalizartionMethodName": "出租"
      },
      "geometry": {
        "type": "MultiPolygon",
        "coordinates": [
          [
            [
              [
                121.46112033576507,
                23.708131709695554
              ],
              [
                121.46105494173302,
                23.707892093196335
              ],
              [
                121.46032227450694,
                23.707917610646984
              ],
              [
                121.46033170035365,
                23.708013971279506
              ],
              [
                121.46037685007164,
                23.708209083936882
              ],
              [
                121.46039602949325,
                23.708236926913344
              ],
              [
                121.46043975935861,
                23.70830041119929
              ],
              [
                121.46044179972502,
                23.708303373198074
              ],
              [
                121.46044597387483,
                23.708303221721
              ],
              [
                121.46053482233658,
                23.708299987467843
              ],
              [
                121.46060652991159,
                23.708258517260543
              ],
              [
                121.46064794977453,
                23.708249192688964
              ],
              [
                121.46091369687834,
                23.70822612511155
              ],
              [
                121.46112033576507,
                23.708131709695554
              ]
            ]
          ]
        ]
      }
    },
    {
      "id": "420",
      "type": "Feature",
      "properties": {
        "LandUsageZoneName": "特定專用區",
        "RevitalizationMethodName": "出租",
        "RevitalizartionMethodName": "出租"
      },
      "geometry": {
        "type": "MultiPolygon",
        "coordinates": [
          [
            [
              [
                121.456966940651,
                23.707215178851683
              ],
              [
                121.45694097552727,
                23.707216212668488
              ],
              [
                121.4569545415725,
                23.707219213824896
              ],
              [
                121.456966940651,
                23.707215178851683
              ]
            ]
          ]
        ]
      }
    },
    {
      "id": "421",
      "type": "Feature",
      "properties": {
        "LandUsageZoneName": "特定專用區",
        "RevitalizationMethodName": "出租",
        "RevitalizartionMethodName": "出租"
      },
      "geometry": {
        "type": "MultiPolygon",
        "coordinates": [
          [
            [
              [
                121.4572466219198,
                23.707050115611864
              ],
              [
                121.45723525039857,
                23.706998655392155
              ],
              [
                121.45720210817665,
                23.70701439820831
              ],
              [
                121.45713210925607,
                23.707047648364057
              ],
              [
                121.45706936376595,
                23.70700448197421
              ],
              [
                121.4566980630303,
                23.70714088856423
              ],
              [
                121.45665405324432,
                23.707152729984983
              ],
              [
                121.45694097552727,
                23.707216212668488
              ],
              [
                121.456966940651,
                23.707215178851683
              ],
              [
                121.45702675360234,
                23.707195712928566
              ],
              [
                121.45726113601218,
                23.70711580281052
              ],
              [
                121.4572466219198,
                23.707050115611864
              ]
            ]
          ]
        ]
      }
    },
    {
      "id": "422",
      "type": "Feature",
      "properties": {
        "LandUsageZoneName": "特定專用區",
        "RevitalizationMethodName": "出租",
        "RevitalizartionMethodName": "出租"
      },
      "geometry": {
        "type": "MultiPolygon",
        "coordinates": [
          [
            [
              [
                121.46112033576507,
                23.708131709695554
              ],
              [
                121.46091369687834,
                23.70822612511155
              ],
              [
                121.46064794977453,
                23.708249192688964
              ],
              [
                121.46060652991159,
                23.708258517260543
              ],
              [
                121.46053482233658,
                23.708299987467843
              ],
              [
                121.46044597387483,
                23.708303221721
              ],
              [
                121.46044179972502,
                23.708303373198074
              ],
              [
                121.46052185313474,
                23.708419587699225
              ],
              [
                121.46058053608148,
                23.708486085810467
              ],
              [
                121.46061638432393,
                23.70851766982371
              ],
              [
                121.46060854051551,
                23.708517819586227
              ],
              [
                121.46061958653404,
                23.70853033711788
              ],
              [
                121.46063169196125,
                23.70854405425417
              ],
              [
                121.46069511976529,
                23.708545280403076
              ],
              [
                121.46071432979072,
                23.70849467032177
              ],
              [
                121.46080259085387,
                23.7084947578905
              ],
              [
                121.46116220360048,
                23.70849511156555
              ],
              [
                121.4612302481979,
                23.70849517876885
              ],
              [
                121.46114137448707,
                23.708204982788043
              ],
              [
                121.46112033576507,
                23.708131709695554
              ]
            ]
          ]
        ]
      }
    },
    {
      "id": "423",
      "type": "Feature",
      "properties": {
        "LandUsageZoneName": "特定專用區",
        "RevitalizationMethodName": "出租",
        "RevitalizartionMethodName": "出租"
      },
      "geometry": {
        "type": "MultiPolygon",
        "coordinates": [
          [
            [
              [
                121.45590809824047,
                23.705014530700904
              ],
              [
                121.45587373186896,
                23.705023030480614
              ],
              [
                121.45568662550612,
                23.705133021800833
              ],
              [
                121.45544602587215,
                23.705356312829196
              ],
              [
                121.45516583300989,
                23.70549084933894
              ],
              [
                121.45500864794901,
                23.705499934921107
              ],
              [
                121.45490426224956,
                23.705506652879027
              ],
              [
                121.45485855604439,
                23.705413735851018
              ],
              [
                121.45453861721931,
                23.705188788075294
              ],
              [
                121.45359469709855,
                23.705360395255685
              ],
              [
                121.4535037924664,
                23.70534928418847
              ],
              [
                121.4535102762503,
                23.705553522212888
              ],
              [
                121.45356463428782,
                23.70569340049593
              ],
              [
                121.4536543664173,
                23.705796446644193
              ],
              [
                121.45393171272502,
                23.705771045485342
              ],
              [
                121.45420974028988,
                23.70573001136913
              ],
              [
                121.45465936314416,
                23.70565571290043
              ],
              [
                121.45485146787895,
                23.705634948935604
              ],
              [
                121.45493762926482,
                23.705907086499106
              ],
              [
                121.45524375846148,
                23.705836747716916
              ],
              [
                121.45545456246472,
                23.70557531281524
              ],
              [
                121.45543665049722,
                23.705539842572012
              ],
              [
                121.45550702399822,
                23.70546996208048
              ],
              [
                121.4556316155755,
                23.705326212274663
              ],
              [
                121.45571797593159,
                23.705228852306295
              ],
              [
                121.45582852341222,
                23.705110255371572
              ],
              [
                121.45591112843502,
                23.705035706422436
              ],
              [
                121.45590809824047,
                23.705014530700904
              ]
            ]
          ]
        ]
      }
    },
    {
      "id": "424",
      "type": "Feature",
      "properties": {
        "LandUsageZoneName": "特定專用區",
        "RevitalizationMethodName": "出租",
        "RevitalizartionMethodName": "出租"
      },
      "geometry": {
        "type": "MultiPolygon",
        "coordinates": [
          [
            [
              [
                121.45643778258658,
                23.70501094053263
              ],
              [
                121.45634392089667,
                23.704843190311053
              ],
              [
                121.45618831053007,
                23.704922204981223
              ],
              [
                121.45623309901471,
                23.705035539632046
              ],
              [
                121.4562408495222,
                23.70505515102741
              ],
              [
                121.45633584737782,
                23.705295534898834
              ],
              [
                121.45658618591966,
                23.705302188315542
              ],
              [
                121.45646695159735,
                23.705063071622284
              ],
              [
                121.45645031164074,
                23.70503333252573
              ],
              [
                121.45643778258658,
                23.70501094053263
              ]
            ]
          ],
          [
            [
              [
                121.45571797593159,
                23.705228852306295
              ],
              [
                121.4556316155755,
                23.705326212274663
              ],
              [
                121.45550702399822,
                23.70546996208048
              ],
              [
                121.45543665049722,
                23.705539842572012
              ],
              [
                121.45545456246472,
                23.70557531281524
              ],
              [
                121.45556461744403,
                23.705480793483282
              ],
              [
                121.45625981814547,
                23.70529351425976
              ],
              [
                121.45631483128726,
                23.705294976520427
              ],
              [
                121.45622497948195,
                23.705058713985284
              ],
              [
                121.45617556708144,
                23.704928676223755
              ],
              [
                121.45609990807907,
                23.70496709315081
              ],
              [
                121.45590809824047,
                23.705014530700904
              ],
              [
                121.45591112843502,
                23.705035706422436
              ],
              [
                121.45582852341222,
                23.705110255371572
              ],
              [
                121.45571797593159,
                23.705228852306295
              ]
            ]
          ]
        ]
      }
    },
    {
      "id": "425",
      "type": "Feature",
      "properties": {
        "LandUsageZoneName": "特定專用區",
        "RevitalizationMethodName": "出租",
        "RevitalizartionMethodName": "出租"
      },
      "geometry": {
        "type": "MultiPolygon",
        "coordinates": [
          [
            [
              [
                121.45525113632905,
                23.705186755275626
              ],
              [
                121.45525097797112,
                23.70514110865262
              ],
              [
                121.45508163108066,
                23.705141606685107
              ],
              [
                121.45508212644285,
                23.705284447424603
              ],
              [
                121.45524923460509,
                23.705187810124002
              ],
              [
                121.45525113632905,
                23.705186755275626
              ]
            ]
          ]
        ]
      }
    },
    {
      "id": "426",
      "type": "Feature",
      "properties": {
        "LandUsageZoneName": "特定專用區",
        "RevitalizationMethodName": "出租",
        "RevitalizartionMethodName": "出租"
      },
      "geometry": {
        "type": "MultiPolygon",
        "coordinates": [
          [
            [
              [
                121.45589280756306,
                23.704907670068327
              ],
              [
                121.4558732887375,
                23.70477126487284
              ],
              [
                121.45552638417443,
                23.70496297700256
              ],
              [
                121.45536762535555,
                23.70505415594271
              ],
              [
                121.45500441687015,
                23.70512842184532
              ],
              [
                121.45473499287887,
                23.7051781882246
              ],
              [
                121.45463862701266,
                23.705095439348725
              ],
              [
                121.45435832479329,
                23.704860305687884
              ],
              [
                121.45434193640547,
                23.704848700930217
              ],
              [
                121.45414170819188,
                23.704909715538726
              ],
              [
                121.45423707198962,
                23.704976770388825
              ],
              [
                121.4543256043439,
                23.704957033402696
              ],
              [
                121.4546300245252,
                23.705172338322505
              ],
              [
                121.45453861721931,
                23.705188788075294
              ],
              [
                121.45485855604439,
                23.705413735851018
              ],
              [
                121.45508212644285,
                23.705284447424603
              ],
              [
                121.45508163108066,
                23.705141606685107
              ],
              [
                121.45525097797112,
                23.70514110865262
              ],
              [
                121.45525113632905,
                23.705186755275626
              ],
              [
                121.4552566633644,
                23.70518368877536
              ],
              [
                121.45552270431155,
                23.705105494120563
              ],
              [
                121.45568495114117,
                23.705034909692362
              ],
              [
                121.45589280756306,
                23.704907670068327
              ]
            ]
          ]
        ]
      }
    },
    {
      "id": "427",
      "type": "Feature",
      "properties": {
        "LandUsageZoneName": "特定專用區",
        "RevitalizationMethodName": "出租",
        "RevitalizartionMethodName": "出租"
      },
      "geometry": {
        "type": "MultiPolygon",
        "coordinates": [
          [
            [
              [
                121.45864386956505,
                23.70313200090499
              ],
              [
                121.45794075838207,
                23.703387283591102
              ],
              [
                121.45789529530279,
                23.703403789896562
              ],
              [
                121.45807019225126,
                23.703496581093717
              ],
              [
                121.45838454944375,
                23.703363932873586
              ],
              [
                121.45857122863252,
                23.703323901931135
              ],
              [
                121.45857374230677,
                23.70332399651971
              ],
              [
                121.45868262363152,
                23.703292151110617
              ],
              [
                121.45864386956505,
                23.70313200090499
              ]
            ]
          ]
        ]
      }
    },
    {
      "id": "428",
      "type": "Feature",
      "properties": {
        "LandUsageZoneName": "特定專用區",
        "RevitalizationMethodName": "出租",
        "RevitalizartionMethodName": "出租"
      },
      "geometry": {
        "type": "MultiPolygon",
        "coordinates": [
          [
            [
              [
                121.45681274999768,
                23.704204316529317
              ],
              [
                121.45679570479194,
                23.704151394832106
              ],
              [
                121.45624130783871,
                23.704389309182925
              ],
              [
                121.45562010152652,
                23.704882398856718
              ],
              [
                121.45551171006511,
                23.70494974558543
              ],
              [
                121.45533295403027,
                23.70501887043818
              ],
              [
                121.45486419934547,
                23.705101037783198
              ],
              [
                121.4548496911156,
                23.704983721020234
              ],
              [
                121.45524728073241,
                23.704898792283313
              ],
              [
                121.45542283862946,
                23.704846291643356
              ],
              [
                121.45556956078053,
                23.70474436567748
              ],
              [
                121.45555393275471,
                23.704725548571794
              ],
              [
                121.45547075257451,
                23.704755880439073
              ],
              [
                121.4554469485992,
                23.704715192996602
              ],
              [
                121.45526640200785,
                23.704739883223866
              ],
              [
                121.4549585024084,
                23.704719150664722
              ],
              [
                121.45477770948317,
                23.704760793463066
              ],
              [
                121.45453577643703,
                23.70478963267287
              ],
              [
                121.45434193640547,
                23.704848700930217
              ],
              [
                121.45435832479329,
                23.704860305687884
              ],
              [
                121.45463862701266,
                23.705095439348725
              ],
              [
                121.45473499287887,
                23.7051781882246
              ],
              [
                121.45500441687015,
                23.70512842184532
              ],
              [
                121.45536762535555,
                23.70505415594271
              ],
              [
                121.45552638417443,
                23.70496297700256
              ],
              [
                121.4558732887375,
                23.70477126487284
              ],
              [
                121.45589280756306,
                23.704907670068327
              ],
              [
                121.45591810227215,
                23.704892185422832
              ],
              [
                121.45604235384188,
                23.704744002692543
              ],
              [
                121.45612592879615,
                23.704689045284397
              ],
              [
                121.45621781956707,
                23.704628473917285
              ],
              [
                121.45630624863288,
                23.704536886552003
              ],
              [
                121.45648499907972,
                23.704359367730518
              ],
              [
                121.45668689117716,
                23.704243616010764
              ],
              [
                121.4567766611848,
                23.704213453671795
              ],
              [
                121.45681274999768,
                23.704204316529317
              ]
            ]
          ]
        ]
      }
    },
    {
      "id": "429",
      "type": "Feature",
      "properties": {
        "LandUsageZoneName": "特定專用區",
        "RevitalizationMethodName": "出租",
        "RevitalizartionMethodName": "出租"
      },
      "geometry": {
        "type": "MultiPolygon",
        "coordinates": [
          [
            [
              [
                121.45624130783871,
                23.704389309182925
              ],
              [
                121.45553982372134,
                23.70469034164585
              ],
              [
                121.4554469485992,
                23.704715192996602
              ],
              [
                121.45547075257451,
                23.704755880439073
              ],
              [
                121.45555393275471,
                23.704725548571794
              ],
              [
                121.45556956078053,
                23.70474436567748
              ],
              [
                121.45542283862946,
                23.704846291643356
              ],
              [
                121.45524728073241,
                23.704898792283313
              ],
              [
                121.4548496911156,
                23.704983721020234
              ],
              [
                121.45486419934547,
                23.705101037783198
              ],
              [
                121.45533295403027,
                23.70501887043818
              ],
              [
                121.45551171006511,
                23.70494974558543
              ],
              [
                121.45562010152652,
                23.704882398856718
              ],
              [
                121.45624130783871,
                23.704389309182925
              ]
            ]
          ]
        ]
      }
    },
    {
      "id": "430",
      "type": "Feature",
      "properties": {
        "LandUsageZoneName": "特定專用區",
        "RevitalizationMethodName": "出租",
        "RevitalizartionMethodName": "出租"
      },
      "geometry": {
        "type": "MultiPolygon",
        "coordinates": [
          [
            [
              [
                121.45453861721931,
                23.705188788075294
              ],
              [
                121.4546300245252,
                23.705172338322505
              ],
              [
                121.4543256043439,
                23.704957033402696
              ],
              [
                121.45423707198962,
                23.704976770388825
              ],
              [
                121.45453861721931,
                23.705188788075294
              ]
            ]
          ]
        ]
      }
    },
    {
      "id": "431",
      "type": "Feature",
      "properties": {
        "LandUsageZoneName": "特定專用區",
        "RevitalizationMethodName": "出租",
        "RevitalizartionMethodName": "出租"
      },
      "geometry": {
        "type": "MultiPolygon",
        "coordinates": [
          [
            [
              [
                121.45525115117746,
                23.705191035323736
              ],
              [
                121.45524923460509,
                23.705187810124002
              ],
              [
                121.45514736020543,
                23.70524672352866
              ],
              [
                121.45508212644285,
                23.705284447424603
              ],
              [
                121.45508253997775,
                23.70540369191321
              ],
              [
                121.45510879540795,
                23.70540361470992
              ],
              [
                121.45525188720639,
                23.70540319387456
              ],
              [
                121.45525115117746,
                23.705191035323736
              ]
            ]
          ]
        ]
      }
    },
    {
      "id": "432",
      "type": "Feature",
      "properties": {
        "LandUsageZoneName": "特定專用區",
        "RevitalizationMethodName": "出租",
        "RevitalizartionMethodName": "出租"
      },
      "geometry": {
        "type": "MultiPolygon",
        "coordinates": [
          [
            [
              [
                121.45525115117746,
                23.705191035323736
              ],
              [
                121.45525188720639,
                23.70540319387456
              ],
              [
                121.45510879540795,
                23.70540361470992
              ],
              [
                121.45508253997775,
                23.70540369191321
              ],
              [
                121.45508212644285,
                23.705284447424603
              ],
              [
                121.45485855604439,
                23.705413735851018
              ],
              [
                121.45490426224956,
                23.705506652879027
              ],
              [
                121.45500864794901,
                23.705499934921107
              ],
              [
                121.4550276960593,
                23.705469990515883
              ],
              [
                121.4552773046274,
                23.70540663528423
              ],
              [
                121.45532007776413,
                23.705307010868253
              ],
              [
                121.45525115117746,
                23.705191035323736
              ]
            ]
          ]
        ]
      }
    },
    {
      "id": "433",
      "type": "Feature",
      "properties": {
        "LandUsageZoneName": "特定專用區",
        "RevitalizationMethodName": "出租",
        "RevitalizartionMethodName": "出租"
      },
      "geometry": {
        "type": "MultiPolygon",
        "coordinates": [
          [
            [
              [
                121.45589280756306,
                23.704907670068327
              ],
              [
                121.45590809824047,
                23.705014530700904
              ],
              [
                121.45609990807907,
                23.70496709315081
              ],
              [
                121.45617556708144,
                23.704928676223755
              ],
              [
                121.45612804509692,
                23.704803615476422
              ],
              [
                121.45619471692197,
                23.70473768615796
              ],
              [
                121.45612592879615,
                23.704689045284397
              ],
              [
                121.45604235384188,
                23.704744002692543
              ],
              [
                121.45591810227215,
                23.704892185422832
              ],
              [
                121.45589280756306,
                23.704907670068327
              ]
            ]
          ]
        ]
      }
    },
    {
      "id": "434",
      "type": "Feature",
      "properties": {
        "LandUsageZoneName": "特定專用區",
        "RevitalizationMethodName": "出租",
        "RevitalizartionMethodName": "出租"
      },
      "geometry": {
        "type": "MultiPolygon",
        "coordinates": [
          [
            [
              [
                121.45590809824047,
                23.705014530700904
              ],
              [
                121.45589280756306,
                23.704907670068327
              ],
              [
                121.45588374319004,
                23.70491321844729
              ],
              [
                121.45568495114117,
                23.705034909692362
              ],
              [
                121.45552270431155,
                23.705105494120563
              ],
              [
                121.4552566633644,
                23.70518368877536
              ],
              [
                121.45525113632905,
                23.705186755275626
              ],
              [
                121.45524923460509,
                23.705187810124002
              ],
              [
                121.45532007776413,
                23.705307010868253
              ],
              [
                121.4552773046274,
                23.70540663528423
              ],
              [
                121.4550276960593,
                23.705469990515883
              ],
              [
                121.45500864794901,
                23.705499934921107
              ],
              [
                121.45516583300989,
                23.70549084933894
              ],
              [
                121.45544602587215,
                23.705356312829196
              ],
              [
                121.45568662550612,
                23.705133021800833
              ],
              [
                121.45587373186896,
                23.705023030480614
              ],
              [
                121.45590809824047,
                23.705014530700904
              ]
            ]
          ]
        ]
      }
    },
    {
      "id": "435",
      "type": "Feature",
      "properties": {
        "LandUsageZoneName": "特定專用區",
        "RevitalizationMethodName": "出租",
        "RevitalizartionMethodName": "出租"
      },
      "geometry": {
        "type": "MultiPolygon",
        "coordinates": [
          [
            [
              [
                121.45638636367028,
                23.70456031906173
              ],
              [
                121.45630624863288,
                23.704536886552003
              ],
              [
                121.45621781956707,
                23.704628473917285
              ],
              [
                121.45612592879615,
                23.704689045284397
              ],
              [
                121.45619471692197,
                23.70473768615796
              ],
              [
                121.45630543840183,
                23.704628196660636
              ],
              [
                121.45632156144809,
                23.704594474556245
              ],
              [
                121.45638636367028,
                23.70456031906173
              ]
            ]
          ]
        ]
      }
    },
    {
      "id": "436",
      "type": "Feature",
      "properties": {
        "LandUsageZoneName": "特定專用區",
        "RevitalizationMethodName": "出租",
        "RevitalizartionMethodName": "出租"
      },
      "geometry": {
        "type": "MultiPolygon",
        "coordinates": [
          [
            [
              [
                121.45845178040047,
                23.70532583941531
              ],
              [
                121.45840874665242,
                23.705309193261396
              ],
              [
                121.45823939073408,
                23.7052436838634
              ],
              [
                121.4579783000091,
                23.7051860253077
              ],
              [
                121.45768917038131,
                23.705099490891325
              ],
              [
                121.45762439335263,
                23.705064078220346
              ],
              [
                121.45741264860204,
                23.704997875141625
              ],
              [
                121.45703064120151,
                23.705009216278356
              ],
              [
                121.45690793565731,
                23.70499281939546
              ],
              [
                121.4565511343159,
                23.70498549272377
              ],
              [
                121.45655024545569,
                23.704935768629962
              ],
              [
                121.45674972996572,
                23.7049310354118
              ],
              [
                121.45660147542235,
                23.704713531322632
              ],
              [
                121.45651567021815,
                23.704854612087708
              ],
              [
                121.45640448426778,
                23.704868340118793
              ],
              [
                121.45634392089667,
                23.704843190311053
              ],
              [
                121.45643778258658,
                23.70501094053263
              ],
              [
                121.45645031164074,
                23.70503333252573
              ],
              [
                121.45646695159735,
                23.705063071622284
              ],
              [
                121.45691527693874,
                23.705042452198672
              ],
              [
                121.4571189343839,
                23.705061698170958
              ],
              [
                121.45743722866933,
                23.705058464207276
              ],
              [
                121.45751478191806,
                23.705076583380755
              ],
              [
                121.45795998353697,
                23.705237142613612
              ],
              [
                121.45857748244359,
                23.705433480604025
              ],
              [
                121.4586248620299,
                23.705428679970698
              ],
              [
                121.45845178040047,
                23.70532583941531
              ]
            ]
          ]
        ]
      }
    },
    {
      "id": "437",
      "type": "Feature",
      "properties": {
        "LandUsageZoneName": "特定專用區",
        "RevitalizationMethodName": "出租",
        "RevitalizartionMethodName": "出租"
      },
      "geometry": {
        "type": "MultiPolygon",
        "coordinates": [
          [
            [
              [
                121.45751814014461,
                23.705294433690934
              ],
              [
                121.45781883970676,
                23.705324191391288
              ],
              [
                121.45722263049862,
                23.70525630125356
              ],
              [
                121.45690169263464,
                23.70529635588411
              ],
              [
                121.45704428246871,
                23.705299391454663
              ],
              [
                121.45751814014461,
                23.705294433690934
              ]
            ]
          ],
          [
            [
              [
                121.45655758504991,
                23.705244831877426
              ],
              [
                121.45658618591966,
                23.705302188315542
              ],
              [
                121.45721519717634,
                23.705218003757093
              ],
              [
                121.4578054878705,
                23.705280785256758
              ],
              [
                121.45832460319276,
                23.70545390634829
              ],
              [
                121.45852791922977,
                23.705577837597943
              ],
              [
                121.45887623985597,
                23.70557680524917
              ],
              [
                121.45887602533028,
                23.705515457926797
              ],
              [
                121.45866673412209,
                23.705453559198595
              ],
              [
                121.4586248620299,
                23.705428679970698
              ],
              [
                121.45857748244359,
                23.705433480604025
              ],
              [
                121.45795998353697,
                23.705237142613612
              ],
              [
                121.45751478191806,
                23.705076583380755
              ],
              [
                121.45743722866933,
                23.705058464207276
              ],
              [
                121.4571189343839,
                23.705061698170958
              ],
              [
                121.45691527693874,
                23.705042452198672
              ],
              [
                121.45646695159735,
                23.705063071622284
              ],
              [
                121.45655758504991,
                23.705244831877426
              ]
            ]
          ]
        ]
      }
    },
    {
      "id": "438",
      "type": "Feature",
      "properties": {
        "LandUsageZoneName": "特定專用區",
        "RevitalizationMethodName": "出租",
        "RevitalizartionMethodName": "出租"
      },
      "geometry": {
        "type": "MultiPolygon",
        "coordinates": [
          [
            [
              [
                121.4592387988961,
                23.70491348614882
              ],
              [
                121.45922740473398,
                23.704914288386803
              ],
              [
                121.45922439119867,
                23.70491455828738
              ],
              [
                121.45923598468399,
                23.705150612402388
              ],
              [
                121.45931626627291,
                23.705147133401496
              ],
              [
                121.4593055825779,
                23.704935706978873
              ],
              [
                121.45924776966606,
                23.70493167068276
              ],
              [
                121.45924022674464,
                23.704931151280743
              ],
              [
                121.4592387988961,
                23.70491348614882
              ]
            ]
          ]
        ]
      }
    },
    {
      "id": "439",
      "type": "Feature",
      "properties": {
        "LandUsageZoneName": "特定專用區",
        "RevitalizationMethodName": "出租",
        "RevitalizartionMethodName": "出租"
      },
      "geometry": {
        "type": "MultiPolygon",
        "coordinates": [
          [
            [
              [
                121.45857374230677,
                23.70332399651971
              ],
              [
                121.45857122863252,
                23.703323901931135
              ],
              [
                121.45855184245774,
                23.703328058862816
              ],
              [
                121.45854889494294,
                23.703328690646398
              ],
              [
                121.45854515469689,
                23.703329492731402
              ],
              [
                121.45838454944375,
                23.703363932873586
              ],
              [
                121.45817321323655,
                23.70345310954844
              ],
              [
                121.45815121782125,
                23.70346239130149
              ],
              [
                121.45814801882455,
                23.70346374078236
              ],
              [
                121.45811231873722,
                23.703478805099973
              ],
              [
                121.45807019225126,
                23.703496581093717
              ],
              [
                121.45857374230677,
                23.70332399651971
              ]
            ]
          ]
        ]
      }
    },
    {
      "id": "440",
      "type": "Feature",
      "properties": {
        "LandUsageZoneName": "特定專用區",
        "RevitalizationMethodName": "出租",
        "RevitalizartionMethodName": "出租"
      },
      "geometry": {
        "type": "MultiPolygon",
        "coordinates": [
          [
            [
              [
                121.45682221652652,
                23.70420192009103
              ],
              [
                121.45681274999768,
                23.704204316529317
              ],
              [
                121.4567766611848,
                23.704213453671795
              ],
              [
                121.45668689117716,
                23.704243616010764
              ],
              [
                121.45648499907972,
                23.704359367730518
              ],
              [
                121.45630624863288,
                23.704536886552003
              ],
              [
                121.45638636367028,
                23.70456031906173
              ],
              [
                121.45639988272924,
                23.70456427304635
              ],
              [
                121.45648084262845,
                23.70452159997973
              ],
              [
                121.45686097462274,
                23.704321232889786
              ],
              [
                121.45682221652652,
                23.70420192009103
              ]
            ]
          ]
        ]
      }
    },
    {
      "id": "441",
      "type": "Feature",
      "properties": {
        "LandUsageZoneName": "特定專用區",
        "RevitalizationMethodName": "出租",
        "RevitalizartionMethodName": "出租"
      },
      "geometry": {
        "type": "MultiPolygon",
        "coordinates": [
          [
            [
              [
                121.44875559141268,
                23.701568549013523
              ],
              [
                121.44881060122155,
                23.70166786744909
              ],
              [
                121.44881173593525,
                23.701669916618666
              ],
              [
                121.44980260144708,
                23.70166704041328
              ],
              [
                121.44978772279067,
                23.701619027381735
              ],
              [
                121.44982410386332,
                23.701596511656163
              ],
              [
                121.45031238440875,
                23.701294318566124
              ],
              [
                121.45004833826488,
                23.70137528863507
              ],
              [
                121.44985341940672,
                23.701534742512592
              ],
              [
                121.4496565530784,
                23.70161248267242
              ],
              [
                121.44875559141268,
                23.701568549013523
              ]
            ]
          ]
        ]
      }
    },
    {
      "id": "442",
      "type": "Feature",
      "properties": {
        "LandUsageZoneName": "特定專用區",
        "RevitalizationMethodName": "出租",
        "RevitalizartionMethodName": "出租"
      },
      "geometry": {
        "type": "MultiPolygon",
        "coordinates": [
          [
            [
              [
                121.44785070175926,
                23.70188206371814
              ],
              [
                121.44774444608683,
                23.702207148270425
              ],
              [
                121.4474013547063,
                23.702604847493856
              ],
              [
                121.44731146130474,
                23.702709047728682
              ],
              [
                121.44731242526525,
                23.702875636403846
              ],
              [
                121.44746476825135,
                23.702767263597647
              ],
              [
                121.44763267003799,
                23.702542885740105
              ],
              [
                121.44775980625063,
                23.702332684936195
              ],
              [
                121.44785609046026,
                23.702274390302918
              ],
              [
                121.44793542810295,
                23.701974337264485
              ],
              [
                121.44803191045004,
                23.701862152464845
              ],
              [
                121.44844069617037,
                23.70183240763019
              ],
              [
                121.4485180055196,
                23.701894840994512
              ],
              [
                121.44860785981537,
                23.701900711795535
              ],
              [
                121.44862216382656,
                23.701876831827796
              ],
              [
                121.44862085236238,
                23.701863236841923
              ],
              [
                121.44861306502592,
                23.70178254257451
              ],
              [
                121.44838302776003,
                23.701614723201185
              ],
              [
                121.4481915459473,
                23.701618374957352
              ],
              [
                121.44809421977436,
                23.701649899634816
              ],
              [
                121.44801610558693,
                23.701733659868385
              ],
              [
                121.44795609118934,
                23.701831119976422
              ],
              [
                121.44793202431113,
                23.701905070953345
              ],
              [
                121.44785070175926,
                23.70188206371814
              ]
            ]
          ]
        ]
      }
    },
    {
      "id": "443",
      "type": "Feature",
      "properties": {
        "LandUsageZoneName": "特定專用區",
        "RevitalizationMethodName": "出租",
        "RevitalizartionMethodName": "出租"
      },
      "geometry": {
        "type": "MultiPolygon",
        "coordinates": [
          [
            [
              [
                121.44755576757176,
                23.70324675953858
              ],
              [
                121.44729574226281,
                23.703194244769037
              ],
              [
                121.44728666912012,
                23.703262608050103
              ],
              [
                121.44738149810006,
                23.703269070167803
              ],
              [
                121.44750454371372,
                23.70329396161275
              ],
              [
                121.44755576757176,
                23.70324675953858
              ]
            ]
          ]
        ]
      }
    },
    {
      "id": "444",
      "type": "Feature",
      "properties": {
        "LandUsageZoneName": "特定專用區",
        "RevitalizationMethodName": "待規劃土地",
        "RevitalizartionMethodName": "待規劃土地"
      },
      "geometry": {
        "type": "MultiPolygon",
        "coordinates": [
          [
            [
              [
                121.44875559141268,
                23.701568549013523
              ],
              [
                121.44871855543387,
                23.70150597193175
              ],
              [
                121.44866051501376,
                23.70133445773785
              ],
              [
                121.44864231113975,
                23.701281731672868
              ],
              [
                121.44843372581471,
                23.701403577506372
              ],
              [
                121.4483910316586,
                23.701416992964543
              ],
              [
                121.44796897372323,
                23.70154961667641
              ],
              [
                121.44787823809595,
                23.701804664189435
              ],
              [
                121.44785070175926,
                23.70188206371814
              ],
              [
                121.44793202431113,
                23.701905070953345
              ],
              [
                121.44795609118934,
                23.701831119976422
              ],
              [
                121.44801610558693,
                23.701733659868385
              ],
              [
                121.44809421977436,
                23.701649899634816
              ],
              [
                121.4481915459473,
                23.701618374957352
              ],
              [
                121.44838302776003,
                23.701614723201185
              ],
              [
                121.44861306502592,
                23.70178254257451
              ],
              [
                121.44864398205937,
                23.70177973230586
              ],
              [
                121.44864360834205,
                23.7016704040166
              ],
              [
                121.44881173593525,
                23.701669916618666
              ],
              [
                121.44881060122155,
                23.70166786744909
              ],
              [
                121.44875559141268,
                23.701568549013523
              ]
            ]
          ]
        ]
      }
    },
    {
      "id": "445",
      "type": "Feature",
      "properties": {
        "LandUsageZoneName": "一般農業區",
        "RevitalizationMethodName": "出租",
        "RevitalizartionMethodName": "出租"
      },
      "geometry": {
        "type": "MultiPolygon",
        "coordinates": [
          [
            [
              [
                121.43827324295079,
                23.707853099530958
              ],
              [
                121.4382593790169,
                23.707803971854876
              ],
              [
                121.43821439821826,
                23.70776643618069
              ],
              [
                121.43815076198037,
                23.707810139711103
              ],
              [
                121.4381995622419,
                23.707852016923812
              ],
              [
                121.43816103739901,
                23.70789179365375
              ],
              [
                121.43827324295079,
                23.707853099530958
              ]
            ]
          ]
        ]
      }
    },
    {
      "id": "446",
      "type": "Feature",
      "properties": {
        "LandUsageZoneName": "特定專用區",
        "RevitalizationMethodName": "出租",
        "RevitalizartionMethodName": "出租"
      },
      "geometry": {
        "type": "MultiPolygon",
        "coordinates": [
          [
            [
              [
                121.43795711090173,
                23.708306680673733
              ],
              [
                121.43795319965014,
                23.70830157820052
              ],
              [
                121.43791870768924,
                23.708327135160822
              ],
              [
                121.43783505785845,
                23.708389117210977
              ],
              [
                121.43783230555913,
                23.708390127298962
              ],
              [
                121.43777821486377,
                23.708431236516077
              ],
              [
                121.43777862257889,
                23.70843175186388
              ],
              [
                121.43795711090173,
                23.708306680673733
              ]
            ]
          ]
        ]
      }
    },
    {
      "id": "447",
      "type": "Feature",
      "properties": {
        "LandUsageZoneName": "特定專用區",
        "RevitalizationMethodName": "出租",
        "RevitalizartionMethodName": "出租"
      },
      "geometry": {
        "type": "MultiPolygon",
        "coordinates": [
          [
            [
              [
                121.4362806282324,
                23.709144341031283
              ],
              [
                121.4362536924384,
                23.709137353903994
              ],
              [
                121.43629565810784,
                23.709404182719595
              ],
              [
                121.4363105169032,
                23.70971252722552
              ],
              [
                121.43633913038549,
                23.709700531805726
              ],
              [
                121.43632102190433,
                23.709454507092225
              ],
              [
                121.4362806282324,
                23.709144341031283
              ]
            ]
          ]
        ]
      }
    },
    {
      "id": "448",
      "type": "Feature",
      "properties": {
        "LandUsageZoneName": "特定專用區",
        "RevitalizationMethodName": "出租",
        "RevitalizartionMethodName": "出租"
      },
      "geometry": {
        "type": "MultiPolygon",
        "coordinates": [
          [
            [
              [
                121.4380880480748,
                23.70851485372192
              ],
              [
                121.43803489068311,
                23.708410758552834
              ],
              [
                121.43799510398463,
                23.708436576125607
              ],
              [
                121.43802717990961,
                23.7085938222395
              ],
              [
                121.43803128649404,
                23.70861395596575
              ],
              [
                121.43811414897972,
                23.708572263156473
              ],
              [
                121.4380880480748,
                23.70851485372192
              ]
            ]
          ]
        ]
      }
    },
    {
      "id": "449",
      "type": "Feature",
      "properties": {
        "LandUsageZoneName": "一般農業區",
        "RevitalizationMethodName": "出租",
        "RevitalizartionMethodName": "出租"
      },
      "geometry": {
        "type": "MultiPolygon",
        "coordinates": [
          [
            [
              [
                121.43838082036974,
                23.707165920499936
              ],
              [
                121.43835830331014,
                23.707077501844523
              ],
              [
                121.43817250289231,
                23.707108187344677
              ],
              [
                121.43819215848997,
                23.707194320575883
              ],
              [
                121.43838082036974,
                23.707165920499936
              ]
            ]
          ]
        ]
      }
    },
    {
      "id": "450",
      "type": "Feature",
      "properties": {
        "LandUsageZoneName": "一般農業區",
        "RevitalizationMethodName": "出租",
        "RevitalizartionMethodName": "出租"
      },
      "geometry": {
        "type": "MultiPolygon",
        "coordinates": [
          [
            [
              [
                121.43808545135352,
                23.705519479014182
              ],
              [
                121.43787243164914,
                23.70555348285635
              ],
              [
                121.43793035433438,
                23.705655138359
              ],
              [
                121.438095911275,
                23.70561241061505
              ],
              [
                121.43808545135352,
                23.705519479014182
              ]
            ]
          ]
        ]
      }
    },
    {
      "id": "451",
      "type": "Feature",
      "properties": {
        "LandUsageZoneName": "特定專用區",
        "RevitalizationMethodName": "出租",
        "RevitalizartionMethodName": "出租"
      },
      "geometry": {
        "type": "MultiPolygon",
        "coordinates": [
          [
            [
              [
                121.43780982431888,
                23.705529951477004
              ],
              [
                121.43784745288103,
                23.70552356574541
              ],
              [
                121.43765868960365,
                23.70450059617428
              ],
              [
                121.4376162411638,
                23.704525114571894
              ],
              [
                121.43779927839769,
                23.705483781527885
              ],
              [
                121.43780982431888,
                23.705529951477004
              ]
            ]
          ],
          [
            [
              [
                121.43806262529769,
                23.706636730501177
              ],
              [
                121.43786393400276,
                23.70555484329968
              ],
              [
                121.43781700355893,
                23.705561384474503
              ],
              [
                121.43806262529769,
                23.706636730501177
              ]
            ]
          ]
        ]
      }
    },
    {
      "id": "452",
      "type": "Feature",
      "properties": {
        "LandUsageZoneName": "一般農業區",
        "RevitalizationMethodName": "出租",
        "RevitalizartionMethodName": "出租"
      },
      "geometry": {
        "type": "MultiPolygon",
        "coordinates": [
          [
            [
              [
                121.4381373426609,
                23.707195180092114
              ],
              [
                121.4381432888658,
                23.707232916607147
              ],
              [
                121.43819815407457,
                23.707224815096172
              ],
              [
                121.43819215848997,
                23.707194320575883
              ],
              [
                121.43817250289231,
                23.707108187344677
              ],
              [
                121.43814989161692,
                23.707111917436862
              ],
              [
                121.43806262529769,
                23.706636730501177
              ],
              [
                121.43779927839769,
                23.705483781527885
              ],
              [
                121.43777974501585,
                23.705487033310362
              ],
              [
                121.43779122517518,
                23.7055419287685
              ],
              [
                121.43779899651493,
                23.70556389421167
              ],
              [
                121.43781629880152,
                23.705647307187697
              ],
              [
                121.4381373426609,
                23.707195180092114
              ]
            ]
          ]
        ]
      }
    },
    {
      "id": "453",
      "type": "Feature",
      "properties": {
        "LandUsageZoneName": "一般農業區",
        "RevitalizationMethodName": "出租",
        "RevitalizartionMethodName": "出租"
      },
      "geometry": {
        "type": "MultiPolygon",
        "coordinates": [
          [
            [
              [
                121.43582945427578,
                23.706672210533604
              ],
              [
                121.43573877017019,
                23.705909353141916
              ],
              [
                121.43569444005007,
                23.705916746889137
              ],
              [
                121.43582945427578,
                23.706672210533604
              ]
            ]
          ]
        ]
      }
    },
    {
      "id": "454",
      "type": "Feature",
      "properties": {
        "LandUsageZoneName": "特定專用區",
        "RevitalizationMethodName": "出租",
        "RevitalizartionMethodName": "出租"
      },
      "geometry": {
        "type": "MultiPolygon",
        "coordinates": [
          [
            [
              [
                121.42797236213315,
                23.714115405766737
              ],
              [
                121.42798956169159,
                23.714262046345105
              ],
              [
                121.42797271377518,
                23.714337400991692
              ],
              [
                121.4279937865223,
                23.714333559241243
              ],
              [
                121.42802837956711,
                23.714121210442787
              ],
              [
                121.42797236213315,
                23.714115405766737
              ]
            ]
          ]
        ]
      }
    },
    {
      "id": "455",
      "type": "Feature",
      "properties": {
        "LandUsageZoneName": "特定專用區",
        "RevitalizationMethodName": "出租",
        "RevitalizartionMethodName": "出租"
      },
      "geometry": {
        "type": "MultiPolygon",
        "coordinates": [
          [
            [
              [
                121.42796353927731,
                23.714116486650155
              ],
              [
                121.4279648727554,
                23.71433883131947
              ],
              [
                121.42797271377518,
                23.714337400991692
              ],
              [
                121.42798956169159,
                23.714262046345105
              ],
              [
                121.42797236213315,
                23.714115405766737
              ],
              [
                121.42796353927731,
                23.714116486650155
              ]
            ]
          ]
        ]
      }
    },
    {
      "id": "456",
      "type": "Feature",
      "properties": {
        "LandUsageZoneName": "特定專用區",
        "RevitalizationMethodName": "出租",
        "RevitalizartionMethodName": "出租"
      },
      "geometry": {
        "type": "MultiPolygon",
        "coordinates": [
          [
            [
              [
                121.42969591010431,
                23.712726514016012
              ],
              [
                121.42946691441922,
                23.712875508429843
              ],
              [
                121.4292763682144,
                23.712969558218635
              ],
              [
                121.42887013131575,
                23.71321511983424
              ],
              [
                121.4285984835546,
                23.713472326230114
              ],
              [
                121.42861521155335,
                23.71348947252178
              ],
              [
                121.42875106859115,
                23.7133454690517
              ],
              [
                121.42889159510229,
                23.713225959240077
              ],
              [
                121.4289935819685,
                23.713167091548517
              ],
              [
                121.42900565129342,
                23.71316014130344
              ],
              [
                121.42916888149166,
                23.713049896016503
              ],
              [
                121.42917411693914,
                23.713046441163556
              ],
              [
                121.42929884156797,
                23.712998210448465
              ],
              [
                121.42954026503159,
                23.71284380908548
              ],
              [
                121.42963752312495,
                23.712781576976926
              ],
              [
                121.42969218427827,
                23.71273275488456
              ],
              [
                121.42969591010431,
                23.712726514016012
              ]
            ]
          ]
        ]
      }
    },
    {
      "id": "457",
      "type": "Feature",
      "properties": {
        "LandUsageZoneName": "一般農業區",
        "RevitalizationMethodName": "出租",
        "RevitalizartionMethodName": "出租"
      },
      "geometry": {
        "type": "MultiPolygon",
        "coordinates": [
          [
            [
              [
                121.42856074830028,
                23.711614859091004
              ],
              [
                121.42856838244174,
                23.711655822150266
              ],
              [
                121.42862632937202,
                23.71159155227131
              ],
              [
                121.42874545431494,
                23.71143266897348
              ],
              [
                121.42880198161492,
                23.71133977686716
              ],
              [
                121.42883955680375,
                23.711272310845477
              ],
              [
                121.42888562021498,
                23.711182472671158
              ],
              [
                121.4289449828005,
                23.711050988555446
              ],
              [
                121.4288501610855,
                23.71121624286351
              ],
              [
                121.42878311827526,
                23.711329336575307
              ],
              [
                121.42876767496323,
                23.711351113962206
              ],
              [
                121.4286838495337,
                23.711463324068877
              ],
              [
                121.4286040960464,
                23.711558203802266
              ],
              [
                121.42858225616722,
                23.71158674771883
              ],
              [
                121.42856074830028,
                23.711614859091004
              ]
            ]
          ]
        ]
      }
    },
    {
      "id": "458",
      "type": "Feature",
      "properties": {
        "LandUsageZoneName": "一般農業區",
        "RevitalizationMethodName": "出租",
        "RevitalizartionMethodName": "出租"
      },
      "geometry": {
        "type": "MultiPolygon",
        "coordinates": [
          [
            [
              [
                121.42856838244174,
                23.711655822150266
              ],
              [
                121.42857218953937,
                23.711676252237748
              ],
              [
                121.42864564130223,
                23.711604212656024
              ],
              [
                121.4287715569755,
                23.71144366711393
              ],
              [
                121.42883281147638,
                23.71135686600505
              ],
              [
                121.42880198161492,
                23.71133977686716
              ],
              [
                121.42874545431494,
                23.71143266897348
              ],
              [
                121.42862632937202,
                23.71159155227131
              ],
              [
                121.42856838244174,
                23.711655822150266
              ]
            ]
          ]
        ]
      }
    },
    {
      "id": "459",
      "type": "Feature",
      "properties": {
        "LandUsageZoneName": "一般農業區",
        "RevitalizationMethodName": "出租",
        "RevitalizartionMethodName": "出租"
      },
      "geometry": {
        "type": "MultiPolygon",
        "coordinates": [
          [
            [
              [
                121.4291915879194,
                23.710356972074937
              ],
              [
                121.42915336240925,
                23.71036250677264
              ],
              [
                121.4291434039117,
                23.710409073696457
              ],
              [
                121.42910886376627,
                23.710420899119075
              ],
              [
                121.4290887955674,
                23.710479810645477
              ],
              [
                121.42912891240009,
                23.710541896284756
              ],
              [
                121.4291915879194,
                23.710356972074937
              ]
            ]
          ]
        ]
      }
    },
    {
      "id": "460",
      "type": "Feature",
      "properties": {
        "LandUsageZoneName": "一般農業區",
        "RevitalizationMethodName": "出租",
        "RevitalizartionMethodName": "出租"
      },
      "geometry": {
        "type": "MultiPolygon",
        "coordinates": [
          [
            [
              [
                121.42884440834607,
                23.71134043585064
              ],
              [
                121.42891706583713,
                23.711216933314383
              ],
              [
                121.42899389405119,
                23.71107333702951
              ],
              [
                121.42901102002286,
                23.711041324254563
              ],
              [
                121.42902166134002,
                23.711017600702426
              ],
              [
                121.42904751789605,
                23.710944370023125
              ],
              [
                121.42905160676803,
                23.71092919774493
              ],
              [
                121.42905690677773,
                23.710909525295666
              ],
              [
                121.42910737949148,
                23.71076764543977
              ],
              [
                121.42917525853362,
                23.710583286520453
              ],
              [
                121.42918663049804,
                23.710552400342237
              ],
              [
                121.42919578797363,
                23.71052478004312
              ],
              [
                121.42923760308567,
                23.71037125411082
              ],
              [
                121.4292435423398,
                23.710349449764323
              ],
              [
                121.4291915879194,
                23.710356972074937
              ],
              [
                121.42917730680293,
                23.71039910654916
              ],
              [
                121.42912891240009,
                23.710541896284756
              ],
              [
                121.42909876021727,
                23.710639004507367
              ],
              [
                121.42904567346092,
                23.710803204109357
              ],
              [
                121.4289449828005,
                23.711050988555446
              ],
              [
                121.42888562021498,
                23.711182472671158
              ],
              [
                121.42883955680375,
                23.711272310845477
              ],
              [
                121.42880198161492,
                23.71133977686716
              ],
              [
                121.42883281147638,
                23.71135686600505
              ],
              [
                121.42884440834607,
                23.71134043585064
              ]
            ]
          ]
        ]
      }
    },
    {
      "id": "461",
      "type": "Feature",
      "properties": {
        "LandUsageZoneName": "一般農業區",
        "RevitalizationMethodName": "出租",
        "RevitalizartionMethodName": "出租"
      },
      "geometry": {
        "type": "MultiPolygon",
        "coordinates": [
          [
            [
              [
                121.42881044489633,
                23.71121974811179
              ],
              [
                121.42877071316079,
                23.711296511709406
              ],
              [
                121.42878311827526,
                23.711329336575307
              ],
              [
                121.4288501610855,
                23.71121624286351
              ],
              [
                121.42881044489633,
                23.71121974811179
              ]
            ]
          ]
        ]
      }
    },
    {
      "id": "462",
      "type": "Feature",
      "properties": {
        "LandUsageZoneName": "一般農業區",
        "RevitalizationMethodName": "出租",
        "RevitalizartionMethodName": "出租"
      },
      "geometry": {
        "type": "MultiPolygon",
        "coordinates": [
          [
            [
              [
                121.42876155212085,
                23.71122406436467
              ],
              [
                121.42875496440764,
                23.71125483792756
              ],
              [
                121.42877071316079,
                23.711296511709406
              ],
              [
                121.42881044489633,
                23.71121974811179
              ],
              [
                121.42876155212085,
                23.71122406436467
              ]
            ]
          ]
        ]
      }
    },
    {
      "id": "463",
      "type": "Feature",
      "properties": {
        "LandUsageZoneName": "一般農業區",
        "RevitalizationMethodName": "出租",
        "RevitalizartionMethodName": "出租"
      },
      "geometry": {
        "type": "MultiPolygon",
        "coordinates": [
          [
            [
              [
                121.42903593765412,
                23.710653996510203
              ],
              [
                121.4289847045085,
                23.710809260535115
              ],
              [
                121.42904567346092,
                23.710803204109357
              ],
              [
                121.42909876021727,
                23.710639004507367
              ],
              [
                121.42903593765412,
                23.710653996510203
              ]
            ]
          ]
        ]
      }
    },
    {
      "id": "464",
      "type": "Feature",
      "properties": {
        "LandUsageZoneName": "特定專用區",
        "RevitalizationMethodName": "出租",
        "RevitalizartionMethodName": "出租"
      },
      "geometry": {
        "type": "MultiPolygon",
        "coordinates": [
          [
            [
              [
                121.48401978315222,
                23.749366342508583
              ],
              [
                121.48403920022095,
                23.749534011111912
              ],
              [
                121.48416825540009,
                23.749869068391945
              ],
              [
                121.48406789846466,
                23.749793275426224
              ],
              [
                121.48388329741141,
                23.74923791583471
              ],
              [
                121.48399639267554,
                23.749232233309215
              ],
              [
                121.48401978315222,
                23.749366342508583
              ]
            ]
          ],
          [
            [
              [
                121.48416921939206,
                23.749518772645477
              ],
              [
                121.48417156193605,
                23.749525137532775
              ],
              [
                121.4841743860633,
                23.749532809308004
              ],
              [
                121.48430789844492,
                23.7498955338049
              ],
              [
                121.48421737444849,
                23.749906165432716
              ],
              [
                121.48409248469923,
                23.749524247506066
              ],
              [
                121.48416772904515,
                23.749514723903253
              ],
              [
                121.48416921939206,
                23.749518772645477
              ]
            ]
          ]
        ]
      }
    },
    {
      "id": "465",
      "type": "Feature",
      "properties": {
        "LandUsageZoneName": "特定專用區",
        "RevitalizationMethodName": "出租",
        "RevitalizartionMethodName": "出租"
      },
      "geometry": {
        "type": "MultiPolygon",
        "coordinates": [
          [
            [
              [
                121.40025978725124,
                23.587119767721322
              ],
              [
                121.40039751496633,
                23.587336173111307
              ],
              [
                121.3998891305885,
                23.58725242888062
              ],
              [
                121.40025978725124,
                23.587119767721322
              ]
            ]
          ]
        ]
      }
    },
    {
      "id": "466",
      "type": "Feature",
      "properties": {
        "LandUsageZoneName": "學校",
        "RevitalizationMethodName": "出租",
        "RevitalizartionMethodName": "出租"
      },
      "geometry": {
        "type": "MultiPolygon",
        "coordinates": [
          [
            [
              [
                121.37389351345853,
                23.500404639692373
              ],
              [
                121.37385090699858,
                23.500382139772203
              ],
              [
                121.3738629679437,
                23.50038494625963
              ],
              [
                121.37395603605462,
                23.50040657557005
              ],
              [
                121.37389351345853,
                23.500404639692373
              ]
            ]
          ]
        ]
      }
    },
    {
      "id": "467",
      "type": "Feature",
      "properties": {
        "LandUsageZoneName": "住宅區",
        "RevitalizationMethodName": "出租",
        "RevitalizartionMethodName": "出租"
      },
      "geometry": {
        "type": "MultiPolygon",
        "coordinates": [
          [
            [
              [
                121.37670475359334,
                23.493768761640418
              ],
              [
                121.37671149503626,
                23.49383784227144
              ],
              [
                121.37671377318728,
                23.493861212816633
              ],
              [
                121.37659063481351,
                23.49387123309018
              ],
              [
                121.37640841197272,
                23.493886041950184
              ],
              [
                121.37640617431879,
                23.49388622344094
              ],
              [
                121.37652366848593,
                23.493673922481786
              ],
              [
                121.37654914261772,
                23.49359829217134
              ],
              [
                121.37665929625486,
                23.493583102921203
              ],
              [
                121.37670475359334,
                23.493768761640418
              ]
            ]
          ]
        ]
      }
    },
    {
      "id": "468",
      "type": "Feature",
      "properties": {
        "LandUsageZoneName": "住宅區",
        "RevitalizationMethodName": "出租",
        "RevitalizartionMethodName": "出租"
      },
      "geometry": {
        "type": "MultiPolygon",
        "coordinates": [
          [
            [
              [
                121.37615712934186,
                23.493303761702606
              ],
              [
                121.37655916184956,
                23.493174835124545
              ],
              [
                121.37656124174126,
                23.493183228032333
              ],
              [
                121.37616009165073,
                23.493312603987636
              ],
              [
                121.37615712934186,
                23.493303761702606
              ]
            ]
          ]
        ]
      }
    },
    {
      "id": "469",
      "type": "Feature",
      "properties": {
        "LandUsageZoneName": "特定農業區",
        "RevitalizationMethodName": "出租",
        "RevitalizartionMethodName": "出租"
      },
      "geometry": {
        "type": "MultiPolygon",
        "coordinates": [
          [
            [
              [
                121.37085537705211,
                23.496839245038522
              ],
              [
                121.37085192979158,
                23.4968385976627
              ],
              [
                121.370728692466,
                23.49681545888785
              ],
              [
                121.37074104575814,
                23.496751406538745
              ],
              [
                121.37081353543391,
                23.49676441789555
              ],
              [
                121.3708339135716,
                23.49666404569552
              ],
              [
                121.37076054251453,
                23.496650946144378
              ],
              [
                121.37078245084369,
                23.496537567055874
              ],
              [
                121.37085222787498,
                23.49654797426768
              ],
              [
                121.37087373389966,
                23.496551182020703
              ],
              [
                121.37089405668138,
                23.496554212889535
              ],
              [
                121.37090843386638,
                23.49655635761422
              ],
              [
                121.37091131067515,
                23.496556786916926
              ],
              [
                121.37085537705211,
                23.496839245038522
              ]
            ]
          ]
        ]
      }
    },
    {
      "id": "470",
      "type": "Feature",
      "properties": {
        "LandUsageZoneName": "機關",
        "RevitalizationMethodName": "出租",
        "RevitalizartionMethodName": "出租"
      },
      "geometry": {
        "type": "MultiPolygon",
        "coordinates": [
          [
            [
              [
                121.37796289656187,
                23.49665920495125
              ],
              [
                121.37796907191854,
                23.496659272144836
              ],
              [
                121.37795589878196,
                23.496812272826467
              ],
              [
                121.37793121005532,
                23.496817497889026
              ],
              [
                121.37793782000989,
                23.49674884910497
              ],
              [
                121.3779550366353,
                23.496749252524765
              ],
              [
                121.37796289656187,
                23.49665920495125
              ]
            ]
          ]
        ]
      }
    },
    {
      "id": "471",
      "type": "Feature",
      "properties": {
        "LandUsageZoneName": "特定農業區",
        "RevitalizationMethodName": "出租",
        "RevitalizartionMethodName": "出租"
      },
      "geometry": {
        "type": "MultiPolygon",
        "coordinates": [
          [
            [
              [
                121.38607362252178,
                23.562967438429283
              ],
              [
                121.38650479270888,
                23.562292705920715
              ],
              [
                121.3865429930779,
                23.56245897874058
              ],
              [
                121.38620071819922,
                23.56294201050016
              ],
              [
                121.38607362252178,
                23.562967438429283
              ]
            ]
          ]
        ]
      }
    },
    {
      "id": "472",
      "type": "Feature",
      "properties": {
        "LandUsageZoneName": "特定農業區",
        "RevitalizationMethodName": "出租",
        "RevitalizartionMethodName": "出租"
      },
      "geometry": {
        "type": "MultiPolygon",
        "coordinates": [
          [
            [
              [
                121.38155364576981,
                23.582872292154903
              ],
              [
                121.38155888525624,
                23.58289529115996
              ],
              [
                121.38154478377527,
                23.582955230336424
              ],
              [
                121.38152756624866,
                23.583004837893956
              ],
              [
                121.38150043311899,
                23.583044049257207
              ],
              [
                121.38147894665512,
                23.5831285047559
              ],
              [
                121.38142300553967,
                23.583220693183094
              ],
              [
                121.38142142568702,
                23.583280863476407
              ],
              [
                121.38138531734583,
                23.583319825953122
              ],
              [
                121.38137045533522,
                23.58373032685942
              ],
              [
                121.38134317175033,
                23.583836215552342
              ],
              [
                121.38142617456805,
                23.58407320093145
              ],
              [
                121.38141141463198,
                23.58413250058029
              ],
              [
                121.38142298390704,
                23.58421334421196
              ],
              [
                121.38140885597902,
                23.584257417850303
              ],
              [
                121.3813759713244,
                23.584286412399262
              ],
              [
                121.38136125511264,
                23.58430999857151
              ],
              [
                121.38131902655421,
                23.584299302421112
              ],
              [
                121.38128515610369,
                23.58419733832957
              ],
              [
                121.38128048931391,
                23.584138573981825
              ],
              [
                121.38132293192633,
                23.584067386232793
              ],
              [
                121.38133947168464,
                23.584030666072994
              ],
              [
                121.38134214810331,
                23.583956659244862
              ],
              [
                121.381314278103,
                23.583890113865177
              ],
              [
                121.38133200600748,
                23.583817018239216
              ],
              [
                121.38134249707184,
                23.583629829168647
              ],
              [
                121.38135897063019,
                23.58359056272801
              ],
              [
                121.38135347212264,
                23.583423657995482
              ],
              [
                121.38136992098785,
                23.583318211266487
              ],
              [
                121.38140960607076,
                23.583282879074762
              ],
              [
                121.38141318090615,
                23.583190918535127
              ],
              [
                121.38144677900364,
                23.583144458343373
              ],
              [
                121.38153033824453,
                23.582875811461797
              ],
              [
                121.38155364576981,
                23.582872292154903
              ]
            ]
          ]
        ]
      }
    },
    {
      "id": "473",
      "type": "Feature",
      "properties": {
        "LandUsageZoneName": "特定農業區",
        "RevitalizationMethodName": "出租",
        "RevitalizartionMethodName": "出租"
      },
      "geometry": {
        "type": "MultiPolygon",
        "coordinates": [
          [
            [
              [
                121.38118871035762,
                23.58145632319142
              ],
              [
                121.38118588830588,
                23.581422242124766
              ],
              [
                121.38120769868782,
                23.58141944352089
              ],
              [
                121.38121436958363,
                23.58145640472269
              ],
              [
                121.38118871035762,
                23.58145632319142
              ]
            ]
          ]
        ]
      }
    }
  ]
}