省市縣市代碼,鄉鎮市區代碼,村里,鄰,街、路段,地區,巷,弄,號,橫座標,縱座標,完整地址
10015,1001502,北林里,2,大忠路,,,,１９５號,299773.85,2628931.04,花蓮縣鳳林鎮北林里大忠路１９５號
10015,1001502,北林里,9,大慶路,,,,１號,297557.46,2629075.148,花蓮縣鳳林鎮北林里大慶路１號
10015,1001502,北林里,9,大慶路,,,,２號,297602.76,2629092.37,花蓮縣鳳林鎮北林里大慶路２號
10015,1001502,北林里,9,大慶路,,,,３號,297533.073,2629092.004,花蓮縣鳳林鎮北林里大慶路３號
10015,1001502,北林里,9,大慶路,,,,４號,297585.79,2629111.779,花蓮縣鳳林鎮北林里大慶路４號
10015,1001502,北林里,9,大慶路,,,,５號,297506.334,2629095.701,花蓮縣鳳林鎮北林里大慶路５號
10015,1001502,北林里,9,大慶路,,,,６號,297508.27,2629117.14,花蓮縣鳳林鎮北林里大慶路６號
10015,1001502,北林里,9,大慶路,,,,６之３號,297557.735,2629106.644,花蓮縣鳳林鎮北林里大慶路６之３號
10015,1001502,北林里,9,大慶路,,,,６號之１,297553.89,2629098.43,花蓮縣鳳林鎮北林里大慶路６號之１
10015,1001502,北林里,9,大慶路,,,,６號之２,297556.1,2629102.203,花蓮縣鳳林鎮北林里大慶路６號之２
10015,1001502,北林里,9,大慶路,,,,６號之５,297561.1,2629115.04,花蓮縣鳳林鎮北林里大慶路６號之５
10015,1001502,北林里,9,大慶路,,,,６號之６,297563.077,2629119.576,花蓮縣鳳林鎮北林里大慶路６號之６
10015,1001502,北林里,9,大慶路,,,,６號之７,297564.835,2629124.15,花蓮縣鳳林鎮北林里大慶路６號之７
10015,1001502,北林里,9,大慶路,,,,６號之８,297566.402,2629128.235,花蓮縣鳳林鎮北林里大慶路６號之８
10015,1001502,北林里,9,大慶路,,,,６號之９,297567.965,2629132.503,花蓮縣鳳林鎮北林里大慶路６號之９
10015,1001502,北林里,9,大慶路,,,,６號之１０,297569.656,2629136.687,花蓮縣鳳林鎮北林里大慶路６號之１０
10015,1001502,北林里,9,大慶路,,,,６號之１１,297570.993,2629140.192,花蓮縣鳳林鎮北林里大慶路６號之１１
10015,1001502,北林里,9,大慶路,,,,６號之１２一樓,297572.3,2629143.95,花蓮縣鳳林鎮北林里大慶路６號之１２一樓
10015,1001502,北林里,9,大慶路,,,,６號之１２二樓,297572.3,2629143.95,花蓮縣鳳林鎮北林里大慶路６號之１２二樓
10015,1001502,北林里,9,大慶路,,,,６號之１３一樓,297574.049,2629147.974,花蓮縣鳳林鎮北林里大慶路６號之１３一樓
10015,1001502,北林里,9,大慶路,,,,６號之１３二樓,297574.049,2629147.974,花蓮縣鳳林鎮北林里大慶路６號之１３二樓
10015,1001502,北林里,9,大慶路,,,,６號之１５一樓,297576.938,2629156.527,花蓮縣鳳林鎮北林里大慶路６號之１５一樓
10015,1001502,北林里,9,大慶路,,,,６號之１５二樓,297576.938,2629156.527,花蓮縣鳳林鎮北林里大慶路６號之１５二樓
10015,1001502,北林里,9,大慶路,,,,６號之１６,297595.481,2629138.719,花蓮縣鳳林鎮北林里大慶路６號之１６
10015,1001502,北林里,9,大慶路,,,,７號,297475.503,2629099.086,花蓮縣鳳林鎮北林里大慶路７號
10015,1001502,北林里,9,大慶路,,,,１０號,297488.725,2629141.504,花蓮縣鳳林鎮北林里大慶路１０號
10015,1001502,北林里,9,大慶路,,,,１０號之１,297496.865,2629153.999,花蓮縣鳳林鎮北林里大慶路１０號之１
10015,1001502,北林里,9,大慶路,,,,１２號,297502.481,2629188.68,花蓮縣鳳林鎮北林里大慶路１２號
10015,1001502,北林里,3,大新路,,,,２號,298365.084,2629565.111,花蓮縣鳳林鎮北林里大新路２號
10015,1001502,北林里,3,大新路,,,,６號,298303.16,2629582.58,花蓮縣鳳林鎮北林里大新路６號
10015,1001502,北林里,3,大新路,,,,８之１號,298244,2629602.11,花蓮縣鳳林鎮北林里大新路８之１號
10015,1001502,北林里,3,大新路,,,,８號,298294.711,2629601.261,花蓮縣鳳林鎮北林里大新路８號
10015,1001502,北林里,3,大新路,,,,８之２號,298235.8,2629612.938,花蓮縣鳳林鎮北林里大新路８之２號
10015,1001502,北林里,3,大新路,,,,９號,298286.629,2629562.977,花蓮縣鳳林鎮北林里大新路９號
10015,1001502,北林里,3,大新路,,,,１０號,298206.269,2629624.38,花蓮縣鳳林鎮北林里大新路１０號
10015,1001502,北林里,3,大新路,,,,１０之１號,298181.68,2629630.21,花蓮縣鳳林鎮北林里大新路１０之１號
10015,1001502,北林里,3,大新路,,,,１１號,298242.518,2629576.804,花蓮縣鳳林鎮北林里大新路１１號
10015,1001502,北林里,3,大新路,,,,１２號,298163.838,2629638.047,花蓮縣鳳林鎮北林里大新路１２號
10015,1001502,北林里,3,大新路,,,,１３號,298187.091,2629601.764,花蓮縣鳳林鎮北林里大新路１３號
10015,1001502,北林里,4,大新路,,,,１４號,298137.384,2629661.289,花蓮縣鳳林鎮北林里大新路１４號
10015,1001502,北林里,4,大新路,,,,１５號,298111.215,2629617.097,花蓮縣鳳林鎮北林里大新路１５號
10015,1001502,北林里,4,大新路,,,,１６號,298103.429,2629667.962,花蓮縣鳳林鎮北林里大新路１６號
10015,1001502,北林里,4,大新路,,,,１８號,298073.8,2629669.443,花蓮縣鳳林鎮北林里大新路１８號
10015,1001502,北林里,4,大新路,,,,２０號,298037.495,2629680.39,花蓮縣鳳林鎮北林里大新路２０號
10015,1001502,北林里,3,大新路,,,,３５號,298544.231,2629467.094,花蓮縣鳳林鎮北林里大新路３５號
10015,1001502,北林里,2,大聖路,,,,１之６號,299300.812,2629074.25,花蓮縣鳳林鎮北林里大聖路１之６號
10015,1001502,北林里,1,大聖路,,,,２號,298265.506,2629410.206,花蓮縣鳳林鎮北林里大聖路２號
10015,1001502,北林里,1,大聖路,,,,３號,298745.15,2629216.208,花蓮縣鳳林鎮北林里大聖路３號
10015,1001502,北林里,1,大聖路,,,,３之９號,298391.75,2629311.28,花蓮縣鳳林鎮北林里大聖路３之９號
10015,1001502,北林里,1,大聖路,,,,３之１１號,298359.73,2629330.64,花蓮縣鳳林鎮北林里大聖路３之１１號
10015,1001502,北林里,1,大聖路,,,,３號之５,298515.248,2629301.286,花蓮縣鳳林鎮北林里大聖路３號之５
10015,1001502,北林里,1,大聖路,,,,５號,298156.285,2629402.035,花蓮縣鳳林鎮北林里大聖路５號
10015,1001502,北林里,1,大聖路,,,,７號,298119.245,2629427.267,花蓮縣鳳林鎮北林里大聖路７號
10015,1001502,北林里,1,大聖路,,,,７號之１,298117.147,2629418.629,花蓮縣鳳林鎮北林里大聖路７號之１
10015,1001502,北林里,1,大聖路,,,,８號,298136.614,2629446.449,花蓮縣鳳林鎮北林里大聖路８號
10015,1001502,北林里,1,大聖路,,,,９號,298085.878,2629432.976,花蓮縣鳳林鎮北林里大聖路９號
10015,1001502,北林里,1,大聖路,,,,１０號,298108.781,2629463.406,花蓮縣鳳林鎮北林里大聖路１０號
10015,1001502,北林里,7,大華路,,,,１２號,297708.897,2629179.563,花蓮縣鳳林鎮北林里大華路１２號
10015,1001502,北林里,8,大華路,,,,１４號,297598.49,2629205.099,花蓮縣鳳林鎮北林里大華路１４號
10015,1001502,北林里,8,大華路,,,,１５之２號,297620.57,2629179.04,花蓮縣鳳林鎮北林里大華路１５之２號
10015,1001502,北林里,8,大華路,,,,１５號,297585.117,2629181.16,花蓮縣鳳林鎮北林里大華路１５號
10015,1001502,北林里,8,大華路,,,,１５號之１,297601.049,2629183.091,花蓮縣鳳林鎮北林里大華路１５號之１
10015,1001502,北林里,8,大華路,,,,１６號,297585.82,2629207.95,花蓮縣鳳林鎮北林里大華路１６號
10015,1001502,北林里,8,大華路,,,,１７號,297537.639,2629186.476,花蓮縣鳳林鎮北林里大華路１７號
10015,1001502,北林里,8,大華路,,,,１８號,297553.03,2629224.12,花蓮縣鳳林鎮北林里大華路１８號
10015,1001502,北林里,8,大華路,,,,１９號,297529.623,2629161.677,花蓮縣鳳林鎮北林里大華路１９號
10015,1001502,北林里,2,大賢路,,,,５號,298313.735,2629450.813,花蓮縣鳳林鎮北林里大賢路５號
10015,1001502,北林里,2,大賢路,,,,５號之６,298415.182,2629411.691,花蓮縣鳳林鎮北林里大賢路５號之６
10015,1001502,北林里,2,大賢路,,,,６號,298259.189,2629494.808,花蓮縣鳳林鎮北林里大賢路６號
10015,1001502,北林里,2,大賢路,,,,７號,298248.316,2629477.467,花蓮縣鳳林鎮北林里大賢路７號
10015,1001502,北林里,2,大賢路,,,,９號,298220.44,2629492.78,花蓮縣鳳林鎮北林里大賢路９號
10015,1001502,北林里,2,大賢路,,,,１０號,298209.005,2629514.617,花蓮縣鳳林鎮北林里大賢路１０號
10015,1001502,北林里,2,大賢路,,,,１１號,298172.242,2629504.19,花蓮縣鳳林鎮北林里大賢路１１號
10015,1001502,北林里,2,大賢路,,,,１２號,298179.239,2629532.917,花蓮縣鳳林鎮北林里大賢路１２號
10015,1001502,北林里,2,大賢路,,,,１３號,298156.027,2629516.785,花蓮縣鳳林鎮北林里大賢路１３號
10015,1001502,北林里,4,大賢路,,,,１４號,298081.878,2629590.629,花蓮縣鳳林鎮北林里大賢路１４號
10015,1001502,北林里,4,大賢路,,,,１５號,298063.775,2629540.177,花蓮縣鳳林鎮北林里大賢路１５號
10015,1001502,北林里,4,大賢路,,,,１７號,298018.862,2629536.275,花蓮縣鳳林鎮北林里大賢路１７號
10015,1001502,北林里,14,平吉路,,,,６號,298257.572,2629991.09,花蓮縣鳳林鎮北林里平吉路６號
10015,1001502,北林里,14,平吉路,,,,９之１號,297843.4,2630024.93,花蓮縣鳳林鎮北林里平吉路９之１號
10015,1001502,北林里,14,平吉路,,,,９號,297873.29,2630017.08,花蓮縣鳳林鎮北林里平吉路９號
10015,1001502,北林里,14,平吉路,,,,１０號,297484.216,2630235.224,花蓮縣鳳林鎮北林里平吉路１０號
10015,1001502,北林里,14,平吉路,,,,１１之６號,297746.77,2630083.53,花蓮縣鳳林鎮北林里平吉路１１之６號
10015,1001502,北林里,14,平吉路,,,,１２號,297428.09,2630235.784,花蓮縣鳳林鎮北林里平吉路１２號
10015,1001502,北林里,14,平吉路,,,,１２之１號,297444.906,2630233,花蓮縣鳳林鎮北林里平吉路１２之１號
10015,1001502,北林里,3,平善路,,,,６之１８號,298605.313,2629687.5,花蓮縣鳳林鎮北林里平善路６之１８號
10015,1001502,北林里,15,平善路,,,,６之８號,298601.5,2629547.58,花蓮縣鳳林鎮北林里平善路６之８號
10015,1001502,北林里,3,平善路,,,,６號,299320.985,2629259.96,花蓮縣鳳林鎮北林里平善路６號
10015,1001502,北林里,3,平善路,,,,６號之６,298558.31,2629506.38,花蓮縣鳳林鎮北林里平善路６號之６
10015,1001502,北林里,3,平善路,,,,７號,298188.32,2629677.3,花蓮縣鳳林鎮北林里平善路７號
10015,1001502,北林里,3,平善路,,,,８號,298499.775,2629558.279,花蓮縣鳳林鎮北林里平善路８號
10015,1001502,北林里,15,平善路,,,,８之８號,298410.98,2629621.15,花蓮縣鳳林鎮北林里平善路８之８號
10015,1001502,北林里,3,平善路,,,,８號之１,298487.154,2629564.699,花蓮縣鳳林鎮北林里平善路８號之１
10015,1001502,北林里,14,平善路,,,,１０號,297924.926,2629804.328,花蓮縣鳳林鎮北林里平善路１０號
10015,1001502,北林里,14,平善路,,,,１２號,297891.638,2629819.157,花蓮縣鳳林鎮北林里平善路１２號
10015,1001502,北林里,14,平善路,,,,１４號,297767.38,2629867.453,花蓮縣鳳林鎮北林里平善路１４號
10015,1001502,北林里,13,平善路,,,,１５號,297699.824,2629865.755,花蓮縣鳳林鎮北林里平善路１５號
10015,1001502,北林里,14,平善路,,,,１６號,297741.631,2629867.341,花蓮縣鳳林鎮北林里平善路１６號
10015,1001502,北林里,13,平善路,,,,１７號,297651.196,2629862.166,花蓮縣鳳林鎮北林里平善路１７號
10015,1001502,北林里,13,平善路,,,,１９號,297612.111,2629856.052,花蓮縣鳳林鎮北林里平善路１９號
10015,1001502,北林里,14,平善路,,,,２０號,297580.948,2629946.42,花蓮縣鳳林鎮北林里平善路２０號
10015,1001502,北林里,13,平善路,,,,２１號,297593.971,2629882.798,花蓮縣鳳林鎮北林里平善路２１號
10015,1001502,北林里,14,平善路,,,,２６號,297465.275,2629974.186,花蓮縣鳳林鎮北林里平善路２６號
10015,1001502,北林里,13,平善路,,,,２７號,297333.194,2629982.137,花蓮縣鳳林鎮北林里平善路２７號
10015,1001502,北林里,14,平善路,,,,２８號,297415.805,2630031.739,花蓮縣鳳林鎮北林里平善路２８號
10015,1001502,北林里,13,平善路,,,,２９號,297303.755,2629960.829,花蓮縣鳳林鎮北林里平善路２９號
10015,1001502,北林里,13,平善路,,,,２９號之１,297316.008,2629985.317,花蓮縣鳳林鎮北林里平善路２９號之１
10015,1001502,北林里,3,平善路,,,,３３號,298375.946,2629592.899,花蓮縣鳳林鎮北林里平善路３３號
10015,1001502,北林里,10,平園路,,,,１號,297438.907,2629125.859,花蓮縣鳳林鎮北林里平園路１號
10015,1001502,北林里,9,平園路,,,,２號,297447.001,2629074.946,花蓮縣鳳林鎮北林里平園路２號
10015,1001502,北林里,10,平園路,,,,３號,297318.281,2629142.023,花蓮縣鳳林鎮北林里平園路３號
10015,1001502,北林里,10,平園路,,,,５號,297446.799,2629215.616,花蓮縣鳳林鎮北林里平園路５號
10015,1001502,北林里,9,平園路,,,,６號,297474.981,2629151.561,花蓮縣鳳林鎮北林里平園路６號
10015,1001502,北林里,10,平園路,,,,７號,297487.052,2629231.602,花蓮縣鳳林鎮北林里平園路７號
10015,1001502,北林里,10,平園路,,,,９號,297433.804,2629247.81,花蓮縣鳳林鎮北林里平園路９號
10015,1001502,北林里,10,平園路,,,,１１號,297396.246,2629242.997,花蓮縣鳳林鎮北林里平園路１１號
10015,1001502,北林里,10,平園路,,,,１１之１號,297397.729,2629255.565,花蓮縣鳳林鎮北林里平園路１１之１號
10015,1001502,北林里,10,平園路,,,,１３號,297463.035,2629343.445,花蓮縣鳳林鎮北林里平園路１３號
10015,1001502,北林里,10,平園路,,,,１５之１號,297426.041,2629350.119,花蓮縣鳳林鎮北林里平園路１５之１號
10015,1001502,北林里,10,平園路,,,,１５號,297407.274,2629355.626,花蓮縣鳳林鎮北林里平園路１５號
10015,1001502,北林里,10,平園路,,,,１５之２號,297399.906,2629356.75,花蓮縣鳳林鎮北林里平園路１５之２號
10015,1001502,北林里,11,平園路,,,,１６號,297618.197,2629518.899,花蓮縣鳳林鎮北林里平園路１６號
10015,1001502,北林里,11,平園路,,,,１６之１號,297606.35,2629502.44,花蓮縣鳳林鎮北林里平園路１６之１號
10015,1001502,北林里,11,平園路,,,,１６之２號,297604.56,2629507.8,花蓮縣鳳林鎮北林里平園路１６之２號
10015,1001502,北林里,11,平園路,,,,１６之１號,297606.379,2629502.468,花蓮縣鳳林鎮北林里平園路１６之１號
10015,1001502,北林里,10,平園路,,,,１７號,297468.223,2629370.594,花蓮縣鳳林鎮北林里平園路１７號
10015,1001502,北林里,11,平園路,,,,１８號,297629.299,2629534.817,花蓮縣鳳林鎮北林里平園路１８號
10015,1001502,北林里,10,平園路,,,,１９號,297480.652,2629375.176,花蓮縣鳳林鎮北林里平園路１９號
10015,1001502,北林里,10,平園路,,,,２５號,297552.702,2629436.031,花蓮縣鳳林鎮北林里平園路２５號
10015,1001502,北林里,13,平園路,,,,２６之１號,297695.875,2629687.25,花蓮縣鳳林鎮北林里平園路２６之１號
10015,1001502,北林里,13,平園路,,,,３０號,297702.444,2629760.742,花蓮縣鳳林鎮北林里平園路３０號
10015,1001502,北林里,13,平園路,,,,３２號,297726.143,2629803.379,花蓮縣鳳林鎮北林里平園路３２號
10015,1001502,北林里,13,平園路,,,,３３號,297650.506,2629722.532,花蓮縣鳳林鎮北林里平園路３３號
10015,1001502,北林里,13,平園路,,,,３５號,297678.363,2629783.126,花蓮縣鳳林鎮北林里平園路３５號
10015,1001502,北林里,13,平園路,,,,３７號,297680.671,2629799.537,花蓮縣鳳林鎮北林里平園路３７號
10015,1001502,北林里,14,平園路,,,,３８號,297757.59,2629889.68,花蓮縣鳳林鎮北林里平園路３８號
10015,1001502,北林里,13,平園路,,,,３９號,297636.888,2629840.674,花蓮縣鳳林鎮北林里平園路３９號
10015,1001502,北林里,13,平園路,,,,４１號,297646.784,2629840.357,花蓮縣鳳林鎮北林里平園路４１號
10015,1001502,北林里,13,平園路,,,,４３號,297718.28,2629859.17,花蓮縣鳳林鎮北林里平園路４３號
10015,1001502,北林里,14,平園路,,,,５０號,297819,2630038,花蓮縣鳳林鎮北林里平園路５０號
10015,1001502,北林里,10,平康路,,,,３號,297332.77,2629013.3,花蓮縣鳳林鎮北林里平康路３號
10015,1001502,北林里,10,平康路,,,,５號,297323.807,2629015.868,花蓮縣鳳林鎮北林里平康路５號
10015,1001502,北林里,10,平康路,,,,７號,297108.81,2629113.356,花蓮縣鳳林鎮北林里平康路７號
10015,1001502,北林里,10,平康路,,,,７號之１,297114.894,2629128.696,花蓮縣鳳林鎮北林里平康路７號之１
10015,1001502,北林里,10,平康路,,,,８號,297166.375,2629143.449,花蓮縣鳳林鎮北林里平康路８號
10015,1001502,北林里,10,平康路,,,,９號,297098.9,2629137.52,花蓮縣鳳林鎮北林里平康路９號
10015,1001502,北林里,10,平康路,,,,９之３號,297065.29,2629143.69,花蓮縣鳳林鎮北林里平康路９之３號
10015,1001502,北林里,10,平康路,,,,１０號,297012.19,2629232.249,花蓮縣鳳林鎮北林里平康路１０號
10015,1001502,北林里,5,平漢路,,,,９之１號,297762.71,2629580.6,花蓮縣鳳林鎮北林里平漢路９之１號
10015,1001502,北林里,12,平漢路,,,,１５號,297518.169,2629688.042,花蓮縣鳳林鎮北林里平漢路１５號
10015,1001502,北林里,12,平漢路,,,,１７號,297432.932,2629725.077,花蓮縣鳳林鎮北林里平漢路１７號
10015,1001502,北林里,12,平漢路,,,,１９之１號,297391.556,2629737.416,花蓮縣鳳林鎮北林里平漢路１９之１號
10015,1001502,北林里,12,平漢路,,,,１９號,297408.386,2629721.163,花蓮縣鳳林鎮北林里平漢路１９號
10015,1001502,北林里,12,平漢路,,,,２０號,297407.09,2629762.811,花蓮縣鳳林鎮北林里平漢路２０號
10015,1001502,北林里,12,平漢路,,,,２１號,297363.782,2629725.395,花蓮縣鳳林鎮北林里平漢路２１號
10015,1001502,北林里,12,平漢路,,,,２２號,297321.511,2629809.599,花蓮縣鳳林鎮北林里平漢路２２號
10015,1001502,北林里,12,平漢路,,,,２３號,297302.203,2629776.222,花蓮縣鳳林鎮北林里平漢路２３號
10015,1001502,北林里,12,平漢路,,,,２３之２號,297286.08,2629783.26,花蓮縣鳳林鎮北林里平漢路２３之２號
10015,1001502,北林里,15,平祥路,,,,１之９號,297942.73,2630237.08,花蓮縣鳳林鎮北林里平祥路１之９號
10015,1001502,北林里,15,平祥路,,,,５號,297646.928,2630347.279,花蓮縣鳳林鎮北林里平祥路５號
10015,1001502,北林里,15,平祥路,,,,５之１號,297628.846,2630368.991,花蓮縣鳳林鎮北林里平祥路５之１號
10015,1001502,北林里,15,平祥路,,,,５號之３,297622.166,2630347.116,花蓮縣鳳林鎮北林里平祥路５號之３
10015,1001502,北林里,15,平祥路,,,,６號,297563.034,2630441.296,花蓮縣鳳林鎮北林里平祥路６號
10015,1001502,北林里,15,平祥路,,,,８號,297515.953,2630450.33,花蓮縣鳳林鎮北林里平祥路８號
10015,1001502,北林里,15,平祥路,,,,９號,297502.442,2630410.201,花蓮縣鳳林鎮北林里平祥路９號
10015,1001502,北林里,15,平祥路,,,,９之３號,297493.46,2630404.22,花蓮縣鳳林鎮北林里平祥路９之３號
10015,1001502,北林里,15,平祥路,,,,９之１號,297484.322,2630391.62,花蓮縣鳳林鎮北林里平祥路９之１號
10015,1001502,北林里,15,平祥路,,,,１０號,297491.33,2630515.432,花蓮縣鳳林鎮北林里平祥路１０號
10015,1001502,北林里,6,平順路,,,,１１號,297872.789,2629322.06,花蓮縣鳳林鎮北林里平順路１１號
10015,1001502,北林里,6,平順路,,,,１２號,297981.55,2629322.837,花蓮縣鳳林鎮北林里平順路１２號
10015,1001502,北林里,6,平順路,,,,１３號,297842.512,2629324.922,花蓮縣鳳林鎮北林里平順路１３號
10015,1001502,北林里,6,平順路,,,,１４號,297952.931,2629316.446,花蓮縣鳳林鎮北林里平順路１４號
10015,1001502,北林里,6,平順路,,,,１５號,297796.989,2629329.876,花蓮縣鳳林鎮北林里平順路１５號
10015,1001502,北林里,6,平順路,,,,１５之３號,297815.14,2629330.47,花蓮縣鳳林鎮北林里平順路１５之３號
10015,1001502,北林里,6,平順路,,,,１５號之１,297800.329,2629344.777,花蓮縣鳳林鎮北林里平順路１５號之１
10015,1001502,北林里,6,平順路,,,,１５號之２,297821.421,2629324.448,花蓮縣鳳林鎮北林里平順路１５號之２
10015,1001502,北林里,6,平順路,,,,１６號,297936.773,2629325.021,花蓮縣鳳林鎮北林里平順路１６號
10015,1001502,北林里,6,平順路,,,,１７號,297809.531,2629309.943,花蓮縣鳳林鎮北林里平順路１７號
10015,1001502,北林里,6,平順路,,１８巷,,１號,297923.469,2629348.654,花蓮縣鳳林鎮北林里平順路１８巷１號
10015,1001502,北林里,6,平順路,,１８巷,,１之２號,297926.8,2629376.51,花蓮縣鳳林鎮北林里平順路１８巷１之２號
10015,1001502,北林里,6,平順路,,１８巷,,３號,297947.259,2629425.694,花蓮縣鳳林鎮北林里平順路１８巷３號
10015,1001502,北林里,6,平順路,,１８巷,,５號,297940.552,2629405.64,花蓮縣鳳林鎮北林里平順路１８巷５號
10015,1001502,北林里,6,平順路,,１８巷,,６號,297999,2629477.207,花蓮縣鳳林鎮北林里平順路１８巷６號
10015,1001502,北林里,6,平順路,,,,２０號,297873.976,2629369.277,花蓮縣鳳林鎮北林里平順路２０號
10015,1001502,北林里,6,平順路,,,,２０號之１,297864.475,2629365.142,花蓮縣鳳林鎮北林里平順路２０號之１
10015,1001502,北林里,6,平順路,,,,２０號之２,297886.676,2629372.59,花蓮縣鳳林鎮北林里平順路２０號之２
10015,1001502,北林里,7,平順路,,,,２１號,297685.793,2629389.799,花蓮縣鳳林鎮北林里平順路２１號
10015,1001502,北林里,6,平順路,,,,２２號,297882.445,2629409.119,花蓮縣鳳林鎮北林里平順路２２號
10015,1001502,北林里,7,平順路,,,,２３號,297683.673,2629380.974,花蓮縣鳳林鎮北林里平順路２３號
10015,1001502,北林里,6,平順路,,,,２４號,297889.632,2629417.459,花蓮縣鳳林鎮北林里平順路２４號
10015,1001502,北林里,7,平順路,,,,２５之１號,297648.249,2629397.582,花蓮縣鳳林鎮北林里平順路２５之１號
10015,1001502,北林里,6,平順路,,,,２６之１號,297889.984,2629437.291,花蓮縣鳳林鎮北林里平順路２６之１號
10015,1001502,北林里,6,平順路,,,,２６號,297875.959,2629439.839,花蓮縣鳳林鎮北林里平順路２６號
10015,1001502,北林里,6,平順路,,,,２８之１號,297848.619,2629421.218,花蓮縣鳳林鎮北林里平順路２８之１號
10015,1001502,北林里,6,平順路,,,,２８號,297849.873,2629351.934,花蓮縣鳳林鎮北林里平順路２８號
10015,1001502,北林里,11,平順路,,,,２９號,297477.024,2629465.508,花蓮縣鳳林鎮北林里平順路２９號
10015,1001502,北林里,11,平順路,,,,３１號,297477.024,2629465.508,花蓮縣鳳林鎮北林里平順路３１號
10015,1001502,北林里,6,平順路,,,,３２號,297772.969,2629381.669,花蓮縣鳳林鎮北林里平順路３２號
10015,1001502,北林里,11,平順路,,,,３３號,297374.682,2629493.754,花蓮縣鳳林鎮北林里平順路３３號
10015,1001502,北林里,5,平順路,,,,３４號,297745.252,2629386.835,花蓮縣鳳林鎮北林里平順路３４號
10015,1001502,北林里,11,平順路,,,,３５號,297298.724,2629536.318,花蓮縣鳳林鎮北林里平順路３５號
10015,1001502,北林里,5,平順路,,,,３６號,297738.072,2629389.227,花蓮縣鳳林鎮北林里平順路３６號
10015,1001502,北林里,11,平順路,,,,３７號,297255.843,2629509.612,花蓮縣鳳林鎮北林里平順路３７號
10015,1001502,北林里,5,平順路,,,,３８號,297729.129,2629392.877,花蓮縣鳳林鎮北林里平順路３８號
10015,1001502,北林里,11,平順路,,,,３９號,297258.873,2629518.959,花蓮縣鳳林鎮北林里平順路３９號
10015,1001502,北林里,11,平順路,,,,４０號,297661.09,2629417.613,花蓮縣鳳林鎮北林里平順路４０號
10015,1001502,北林里,11,平順路,,,,４２號,297655.701,2629419.064,花蓮縣鳳林鎮北林里平順路４２號
10015,1001502,北林里,11,平順路,,,,４３之１號,297186.712,2629576.8,花蓮縣鳳林鎮北林里平順路４３之１號
10015,1001502,北林里,11,平順路,,,,４３號,297207.33,2629571.865,花蓮縣鳳林鎮北林里平順路４３號
10015,1001502,北林里,11,平順路,,,,４５號,297137.442,2629578.092,花蓮縣鳳林鎮北林里平順路４５號
10015,1001502,北林里,11,平順路,,,,４６號,297654.383,2629427.66,花蓮縣鳳林鎮北林里平順路４６號
10015,1001502,北林里,11,平順路,,,,４８號,297591.203,2629451.605,花蓮縣鳳林鎮北林里平順路４８號
10015,1001502,北林里,11,平順路,,,,５０號,297568.366,2629460.907,花蓮縣鳳林鎮北林里平順路５０號
10015,1001502,北林里,11,平順路,,,,５２號,297483.99,2629492.828,花蓮縣鳳林鎮北林里平順路５２號
10015,1001502,北林里,11,平順路,,,,５４號,297398.474,2629520.547,花蓮縣鳳林鎮北林里平順路５４號
10015,1001502,北林里,11,平順路,,,,５６號,297391.844,2629523.86,花蓮縣鳳林鎮北林里平順路５６號
10015,1001502,北林里,11,平順路,,,,５８號,297277.058,2629570.166,花蓮縣鳳林鎮北林里平順路５８號
10015,1001502,北林里,11,平順路,,,,６２號,297160.276,2629635.852,花蓮縣鳳林鎮北林里平順路６２號
10015,1001502,北林里,11,平順路,,,,６４號,297185.546,2629689.469,花蓮縣鳳林鎮北林里平順路６４號
10015,1001502,北林里,1,復興路,,,,１４８號,298337.66,2629307.6,花蓮縣鳳林鎮北林里復興路１４８號
10015,1001502,北林里,1,復興路,,,,１５０號,298340.63,2629319.98,花蓮縣鳳林鎮北林里復興路１５０號
10015,1001502,北林里,1,復興路,,,,１５２號,298346.795,2629339.165,花蓮縣鳳林鎮北林里復興路１５２號
10015,1001502,北林里,1,復興路,,,,１５２之１號,298346.795,2629339.165,花蓮縣鳳林鎮北林里復興路１５２之１號
10015,1001502,北林里,1,復興路,,,,１５３號,298336.94,2629361.01,花蓮縣鳳林鎮北林里復興路１５３號
10015,1001502,北林里,2,復興路,,,,１５８號,298374.121,2629403.447,花蓮縣鳳林鎮北林里復興路１５８號
10015,1001502,北林里,2,復興路,,,,１６０號,298379.775,2629414.621,花蓮縣鳳林鎮北林里復興路１６０號
10015,1001502,北林里,3,復興路,,,,１６３號,298391.864,2629546.046,花蓮縣鳳林鎮北林里復興路１６３號
10015,1001502,北林里,3,復興路,,,,１６５號,298404.09,2629556.16,花蓮縣鳳林鎮北林里復興路１６５號
10015,1001502,北林里,3,復興路,,,,１７０號,298420.372,2629514.725,花蓮縣鳳林鎮北林里復興路１７０號
10015,1001502,北林里,11,民利路,,,,１號,297321.294,2629395.611,花蓮縣鳳林鎮北林里民利路１號
10015,1001502,北林里,11,民利路,,,,３之１號,297393.42,2629544.39,花蓮縣鳳林鎮北林里民利路３之１號
10015,1001502,北林里,12,民利路,,,,５號,297430.44,2629664.255,花蓮縣鳳林鎮北林里民利路５號
10015,1001502,北林里,12,民利路,,,,６之３號,297480.49,2629694.28,花蓮縣鳳林鎮北林里民利路６之３號
10015,1001502,北林里,13,民利路,,,,８號,297525.031,2629810.75,花蓮縣鳳林鎮北林里民利路８號
10015,1001502,北林里,13,民利路,,,,９號,297523.976,2629900.04,花蓮縣鳳林鎮北林里民利路９號
10015,1001502,北林里,13,民利路,,,,１１號,297521.069,2629915.227,花蓮縣鳳林鎮北林里民利路１１號
10015,1001502,北林里,13,民利路,,,,１２號,297558.791,2629903.456,花蓮縣鳳林鎮北林里民利路１２號
10015,1001502,北林里,14,民利路,,,,１６號,297625.618,2630084.962,花蓮縣鳳林鎮北林里民利路１６號
10015,1001502,北林里,14,民利路,,,,１７號,297608.539,2630126.635,花蓮縣鳳林鎮北林里民利路１７號
10015,1001502,北林里,14,民利路,,,,１９之１號,297640.5,2630188,花蓮縣鳳林鎮北林里民利路１９之１號
10015,1001502,北林里,14,民利路,,,,１９號,297625.627,2630157.701,花蓮縣鳳林鎮北林里民利路１９號
10015,1001502,北林里,14,民利路,,,,２１號,297600.168,2630219.376,花蓮縣鳳林鎮北林里民利路２１號
10015,1001502,北林里,15,民利路,,,,２２號,297693.824,2630258.365,花蓮縣鳳林鎮北林里民利路２２號
10015,1001502,北林里,6,民和路,,,,１號,298005.531,2629319.471,花蓮縣鳳林鎮北林里民和路１號
10015,1001502,北林里,1,民和路,,,,６之１號,298064,2629388.65,花蓮縣鳳林鎮北林里民和路６之１號
10015,1001502,北林里,4,民和路,,,,９號,298104.233,2629534.91,花蓮縣鳳林鎮北林里民和路９號
10015,1001502,北林里,2,民和路,,,,１０號,298115.831,2629512.983,花蓮縣鳳林鎮北林里民和路１０號
10015,1001502,北林里,4,民和路,,,,１１號,298105.962,2629562.203,花蓮縣鳳林鎮北林里民和路１１號
10015,1001502,北林里,2,民和路,,,,１２號,298127.905,2629546.055,花蓮縣鳳林鎮北林里民和路１２號
10015,1001502,北林里,4,民和路,,,,１３號,298137.116,2629614.07,花蓮縣鳳林鎮北林里民和路１３號
10015,1001502,北林里,4,民和路,,,,１４號,298145.697,2629592.111,花蓮縣鳳林鎮北林里民和路１４號
10015,1001502,北林里,4,民和路,,,,１７號,298153.03,2629645.51,花蓮縣鳳林鎮北林里民和路１７號
10015,1001502,北林里,4,民和路,,,,１９號,298164.513,2629681.33,花蓮縣鳳林鎮北林里民和路１９號
10015,1001502,北林里,15,民國街,,,,５６之１號,297544.28,2630391.13,花蓮縣鳳林鎮北林里民國街５６之１號
10015,1001502,北林里,1,民安路,,,,１號,298195.978,2629375.331,花蓮縣鳳林鎮北林里民安路１號
10015,1001502,北林里,1,民安路,,,,３號,298185.733,2629394.272,花蓮縣鳳林鎮北林里民安路３號
10015,1001502,北林里,1,民安路,,,,６號,298244.247,2629430.494,花蓮縣鳳林鎮北林里民安路６號
10015,1001502,北林里,2,民安路,,,,７號,298242.727,2629522.843,花蓮縣鳳林鎮北林里民安路７號
10015,1001502,北林里,3,民安路,,,,１１號,298287.686,2629618.278,花蓮縣鳳林鎮北林里民安路１１號
10015,1001502,北林里,8,民樂路,,,,１號,297643.47,2629158.65,花蓮縣鳳林鎮北林里民樂路１號
10015,1001502,北林里,8,民樂路,,,,２之１號,297692.04,2629140.85,花蓮縣鳳林鎮北林里民樂路２之１號
10015,1001502,北林里,8,民樂路,,,,２號,297664.75,2629131.44,花蓮縣鳳林鎮北林里民樂路２號
10015,1001502,北林里,8,民樂路,,,,３號,297630.13,2629166.06,花蓮縣鳳林鎮北林里民樂路３號
10015,1001502,北林里,8,民樂路,,,,５號,297642.07,2629199.47,花蓮縣鳳林鎮北林里民樂路５號
10015,1001502,北林里,7,民樂路,,,,６號,297684.621,2629172.029,花蓮縣鳳林鎮北林里民樂路６號
10015,1001502,北林里,8,民樂路,,,,７之１號,297659.497,2629193.655,花蓮縣鳳林鎮北林里民樂路７之１號
10015,1001502,北林里,8,民樂路,,,,７號,297631.487,2629188.628,花蓮縣鳳林鎮北林里民樂路７號
10015,1001502,北林里,7,民樂路,,,,８號,297678.705,2629174.014,花蓮縣鳳林鎮北林里民樂路８號
10015,1001502,北林里,8,民樂路,,,,９號,297643.424,2629182.162,花蓮縣鳳林鎮北林里民樂路９號
10015,1001502,北林里,7,民樂路,,,,１０號,297694.69,2629210.525,花蓮縣鳳林鎮北林里民樂路１０號
10015,1001502,北林里,8,民樂路,,,,１１號,297620.551,2629222.673,花蓮縣鳳林鎮北林里民樂路１１號
10015,1001502,北林里,7,民樂路,,,,１２號,297707.656,2629206.05,花蓮縣鳳林鎮北林里民樂路１２號
10015,1001502,北林里,7,民樂路,,,,１３號,297657.378,2629223.342,花蓮縣鳳林鎮北林里民樂路１３號
10015,1001502,北林里,7,民樂路,,,,１４號,297725.879,2629238.315,花蓮縣鳳林鎮北林里民樂路１４號
10015,1001502,北林里,7,民樂路,,,,１４之１號,297711.281,2629251.5,花蓮縣鳳林鎮北林里民樂路１４之１號
10015,1001502,北林里,7,民樂路,,,,１５號,297674.232,2629242.577,花蓮縣鳳林鎮北林里民樂路１５號
10015,1001502,北林里,7,民樂路,,,,１７號,297659.06,2629252.164,花蓮縣鳳林鎮北林里民樂路１７號
10015,1001502,北林里,7,民樂路,,,,１９號,297692.626,2629267.409,花蓮縣鳳林鎮北林里民樂路１９號
10015,1001502,北林里,7,民樂路,,,,２１號,297687.863,2629300.423,花蓮縣鳳林鎮北林里民樂路２１號
10015,1001502,北林里,7,民樂路,,,,２１之１號,297677,2629293,花蓮縣鳳林鎮北林里民樂路２１之１號
10015,1001502,北林里,7,民樂路,,,,２３號,297647.803,2629307.019,花蓮縣鳳林鎮北林里民樂路２３號
10015,1001502,北林里,7,民樂路,,,,２５號,297693.779,2629320.306,花蓮縣鳳林鎮北林里民樂路２５號
10015,1001502,北林里,7,民樂路,,,,２７號,297713.089,2629338.257,花蓮縣鳳林鎮北林里民樂路２７號
10015,1001502,北林里,7,民樂路,,,,２９號,297738.577,2629370.948,花蓮縣鳳林鎮北林里民樂路２９號
10015,1001502,北林里,5,民樂路,,,,３０號,297842.772,2629524.295,花蓮縣鳳林鎮北林里民樂路３０號
10015,1001502,北林里,5,民樂路,,,,３１號,297731.746,2629447.888,花蓮縣鳳林鎮北林里民樂路３１號
10015,1001502,北林里,5,民樂路,,,,３２號,297844.051,2629597.017,花蓮縣鳳林鎮北林里民樂路３２號
10015,1001502,北林里,5,民樂路,,,,３３號,297759.462,2629473.819,花蓮縣鳳林鎮北林里民樂路３３號
10015,1001502,北林里,5,民樂路,,,,３４號,297885.22,2629695.05,花蓮縣鳳林鎮北林里民樂路３４號
10015,1001502,北林里,5,民樂路,,,,３５號,297723.926,2629521.245,花蓮縣鳳林鎮北林里民樂路３５號
10015,1001502,北林里,5,民樂路,,,,３６號,297890.24,2629706.89,花蓮縣鳳林鎮北林里民樂路３６號
10015,1001502,北林里,5,民樂路,,,,３８號,297892.3,2629722.73,花蓮縣鳳林鎮北林里民樂路３８號
10015,1001502,北林里,5,民樂路,,,,３９號,297781.023,2629569.953,花蓮縣鳳林鎮北林里民樂路３９號
10015,1001502,北林里,5,民樂路,,,,４０號,297905.11,2629735.82,花蓮縣鳳林鎮北林里民樂路４０號
10015,1001502,北林里,5,民樂路,,,,４１號,297808.126,2629579.435,花蓮縣鳳林鎮北林里民樂路４１號
10015,1001502,北林里,14,民樂路,,,,５３號,297890.952,2629788.961,花蓮縣鳳林鎮北林里民樂路５３號
10015,1001502,南平里,6,兆豐路,,,,１號,296707.78,2630643.39,花蓮縣鳳林鎮南平里兆豐路１號
10015,1001502,南平里,6,兆豐路,,,,２號,296689.48,2630458.38,花蓮縣鳳林鎮南平里兆豐路２號
10015,1001502,南平里,6,兆豐路,,,,６號,296697.14,2630478.52,花蓮縣鳳林鎮南平里兆豐路６號
10015,1001502,南平里,7,兆豐路,,,,２８號,296807.14,2630770.65,花蓮縣鳳林鎮南平里兆豐路２８號
10015,1001502,南平里,11,八德路,,,,５６號,296571.547,2631115.11,花蓮縣鳳林鎮南平里八德路５６號
10015,1001502,南平里,11,八德路,,,,５７號,296478.557,2631028.994,花蓮縣鳳林鎮南平里八德路５７號
10015,1001502,南平里,11,八德路,,,,５９號,296491.836,2631006.701,花蓮縣鳳林鎮南平里八德路５９號
10015,1001502,南平里,11,八德路,,,,６１號,296467.017,2631030.384,花蓮縣鳳林鎮南平里八德路６１號
10015,1001502,南平里,11,八德路,,,,６２號,296572.94,2631116.099,花蓮縣鳳林鎮南平里八德路６２號
10015,1001502,南平里,12,八德路,,,,６３號,296431.334,2631042.546,花蓮縣鳳林鎮南平里八德路６３號
10015,1001502,南平里,12,八德路,,,,６７號,296322.872,2631055.707,花蓮縣鳳林鎮南平里八德路６７號
10015,1001502,南平里,12,八德路,,,,６７之１號,296269.46,2631054.72,花蓮縣鳳林鎮南平里八德路６７之１號
10015,1001502,南平里,12,八德路,,,,７５號,296309.362,2631058.042,花蓮縣鳳林鎮南平里八德路７５號
10015,1001502,南平里,14,八德路,,,,７７號,296235.25,2631063.24,花蓮縣鳳林鎮南平里八德路７７號
10015,1001502,南平里,15,八德路,,,,８８號,296302.167,2631112.035,花蓮縣鳳林鎮南平里八德路８８號
10015,1001502,南平里,15,八德路,,,,８８之６號,296271.12,2631077.93,花蓮縣鳳林鎮南平里八德路８８之６號
10015,1001502,南平里,15,八德路,,,,９０號,296254.72,2631220.71,花蓮縣鳳林鎮南平里八德路９０號
10015,1001502,南平里,15,八德路,,,,９２號,296250.73,2631163.98,花蓮縣鳳林鎮南平里八德路９２號
10015,1001502,南平里,15,八德路,,,,９６號,296200.73,2631087.22,花蓮縣鳳林鎮南平里八德路９６號
10015,1001502,南平里,15,八德路,,,,９８號,296185.03,2631089.84,花蓮縣鳳林鎮南平里八德路９８號
10015,1001502,南平里,16,八德路,,,,１２１之１號,295760.39,2631089.77,花蓮縣鳳林鎮南平里八德路１２１之１號
10015,1001502,南平里,10,四維路,,,,１號,296705.857,2630787.72,花蓮縣鳳林鎮南平里四維路１號
10015,1001502,南平里,10,四維路,,,,３號,296698.514,2630790.544,花蓮縣鳳林鎮南平里四維路３號
10015,1001502,南平里,10,四維路,,,,５號,296689.591,2630794.542,花蓮縣鳳林鎮南平里四維路５號
10015,1001502,南平里,10,四維路,,,,５號之１,296679.252,2630789.191,花蓮縣鳳林鎮南平里四維路５號之１
10015,1001502,南平里,11,四維路,,,,７號,296615.507,2630791.479,花蓮縣鳳林鎮南平里四維路７號
10015,1001502,南平里,11,四維路,,,,７號之１,296616.634,2630782.732,花蓮縣鳳林鎮南平里四維路７號之１
10015,1001502,南平里,11,四維路,,,,９號,296601.101,2630807.706,花蓮縣鳳林鎮南平里四維路９號
10015,1001502,南平里,11,四維路,,,,１１號,296581.94,2630806.408,花蓮縣鳳林鎮南平里四維路１１號
10015,1001502,南平里,11,四維路,,,,１２號,296592.424,2630838.242,花蓮縣鳳林鎮南平里四維路１２號
10015,1001502,南平里,11,四維路,,,,１４號,296555.915,2630839.279,花蓮縣鳳林鎮南平里四維路１４號
10015,1001502,南平里,13,四維路,,,,２１號,296375.979,2630949.628,花蓮縣鳳林鎮南平里四維路２１號
10015,1001502,南平里,13,四維路,,,,２３號,296355.007,2630950.405,花蓮縣鳳林鎮南平里四維路２３號
10015,1001502,南平里,13,四維路,,,,２７號,296315.006,2630946.487,花蓮縣鳳林鎮南平里四維路２７號
10015,1001502,南平里,13,四維路,,,,２９號,296280.392,2630928.154,花蓮縣鳳林鎮南平里四維路２９號
10015,1001502,南平里,13,四維路,,,,３１號,296275.235,2630953.73,花蓮縣鳳林鎮南平里四維路３１號
10015,1001502,南平里,13,四維路,,,,３３號,296325.099,2630985.025,花蓮縣鳳林鎮南平里四維路３３號
10015,1001502,南平里,13,四維路,,,,３５號,296314.304,2630985.641,花蓮縣鳳林鎮南平里四維路３５號
10015,1001502,南平里,13,四維路,,,,３７號,296304.043,2630995.369,花蓮縣鳳林鎮南平里四維路３７號
10015,1001502,南平里,13,四維路,,,,３９之１號,296273.82,2630971.89,花蓮縣鳳林鎮南平里四維路３９之１號
10015,1001502,南平里,13,四維路,,,,３９號,296297.848,2630995.864,花蓮縣鳳林鎮南平里四維路３９號
10015,1001502,南平里,12,四維路,,,,４０號,296394.562,2630979.532,花蓮縣鳳林鎮南平里四維路４０號
10015,1001502,南平里,13,四維路,,,,４１號,296256.27,2631043.456,花蓮縣鳳林鎮南平里四維路４１號
10015,1001502,南平里,12,四維路,,,,４２號,296437.47,2631034.486,花蓮縣鳳林鎮南平里四維路４２號
10015,1001502,南平里,13,四維路,,,,４３號,296271.819,2631034.841,花蓮縣鳳林鎮南平里四維路４３號
10015,1001502,南平里,13,四維路,,,,４５號,296255.395,2631025.463,花蓮縣鳳林鎮南平里四維路４５號
10015,1001502,南平里,12,四維路,,,,４６號,296441.167,2631025.127,花蓮縣鳳林鎮南平里四維路４６號
10015,1001502,南平里,13,四維路,,,,４７號,296261.237,2631013.178,花蓮縣鳳林鎮南平里四維路４７號
10015,1001502,南平里,12,四維路,,,,４８號,296437.768,2631015.167,花蓮縣鳳林鎮南平里四維路４８號
10015,1001502,南平里,13,四維路,,,,４９號,296260.577,2631003.754,花蓮縣鳳林鎮南平里四維路４９號
10015,1001502,南平里,13,四維路,,,,５３號,296248.644,2630994.941,花蓮縣鳳林鎮南平里四維路５３號
10015,1001502,南平里,12,四維路,,,,５４號,296415.034,2631015.533,花蓮縣鳳林鎮南平里四維路５４號
10015,1001502,南平里,14,四維路,,,,５５號,296249.189,2630974.941,花蓮縣鳳林鎮南平里四維路５５號
10015,1001502,南平里,12,四維路,,,,５６號,296399.741,2631006.412,花蓮縣鳳林鎮南平里四維路５６號
10015,1001502,南平里,14,四維路,,,,５７號,296248.107,2630959.088,花蓮縣鳳林鎮南平里四維路５７號
10015,1001502,南平里,12,四維路,,,,５８號,296380.62,2631014.422,花蓮縣鳳林鎮南平里四維路５８號
10015,1001502,南平里,14,四維路,,,,５９號,296246.82,2630938.599,花蓮縣鳳林鎮南平里四維路５９號
10015,1001502,南平里,12,四維路,,,,６０號,296377.784,2631005.922,花蓮縣鳳林鎮南平里四維路６０號
10015,1001502,南平里,14,四維路,,,,６１號,296250.733,2630926.601,花蓮縣鳳林鎮南平里四維路６１號
10015,1001502,南平里,12,四維路,,,,６２號,296364.336,2630985.834,花蓮縣鳳林鎮南平里四維路６２號
10015,1001502,南平里,14,四維路,,,,６３號,296239.067,2630917.414,花蓮縣鳳林鎮南平里四維路６３號
10015,1001502,南平里,14,四維路,,,,６３號之１,296182.465,2630765.971,花蓮縣鳳林鎮南平里四維路６３號之１
10015,1001502,南平里,14,四維路,,,,６３號之６,296240.142,2630813.132,花蓮縣鳳林鎮南平里四維路６３號之６
10015,1001502,南平里,12,四維路,,,,６４號,296361.378,2631001.478,花蓮縣鳳林鎮南平里四維路６４號
10015,1001502,南平里,14,四維路,,,,６５號,296187.909,2630914.006,花蓮縣鳳林鎮南平里四維路６５號
10015,1001502,南平里,12,四維路,,,,６６號,296350.514,2631039.366,花蓮縣鳳林鎮南平里四維路６６號
10015,1001502,南平里,14,四維路,,,,６７號,296201.571,2630950.667,花蓮縣鳳林鎮南平里四維路６７號
10015,1001502,南平里,12,四維路,,,,６８號,296337.177,2631008.64,花蓮縣鳳林鎮南平里四維路６８號
10015,1001502,南平里,14,四維路,,,,６９號,296214.862,2630968.434,花蓮縣鳳林鎮南平里四維路６９號
10015,1001502,南平里,14,四維路,,,,７１號,296209.414,2630991.804,花蓮縣鳳林鎮南平里四維路７１號
10015,1001502,南平里,14,四維路,,,,７３號,296212.151,2631004.016,花蓮縣鳳林鎮南平里四維路７３號
10015,1001502,南平里,14,四維路,,,,７５號,296211.567,2631018.708,花蓮縣鳳林鎮南平里四維路７５號
10015,1001502,南平里,14,四維路,,,,７５之１號,296233.96,2631042.03,花蓮縣鳳林鎮南平里四維路７５之１號
10015,1001502,南平里,14,四維路,,,,７７號,296209.169,2631030.263,花蓮縣鳳林鎮南平里四維路７７號
10015,1001502,南平里,14,四維路,,,,７９號,296202.394,2631029.196,花蓮縣鳳林鎮南平里四維路７９號
10015,1001502,南平里,14,四維路,,,,８１號,296208.781,2631044.635,花蓮縣鳳林鎮南平里四維路８１號
10015,1001502,南平里,14,四維路,,,,８３號,296208.435,2631059.212,花蓮縣鳳林鎮南平里四維路８３號
10015,1001502,南平里,15,平利路,,,,１號,295591.771,2632275.507,花蓮縣鳳林鎮南平里平利路１號
10015,1001502,南平里,15,平利路,,,,２號,295536.333,2632260.712,花蓮縣鳳林鎮南平里平利路２號
10015,1001502,南平里,15,平利路,,,,３號,295511.807,2632269.881,花蓮縣鳳林鎮南平里平利路３號
10015,1001502,南平里,15,平利路,,,,６號,295546.292,2632178.005,花蓮縣鳳林鎮南平里平利路６號
10015,1001502,南平里,15,平利路,,,,８之１號,295505.56,2632328.19,花蓮縣鳳林鎮南平里平利路８之１號
10015,1001502,南平里,16,平勤路,,,,２號,295674.036,2631125.102,花蓮縣鳳林鎮南平里平勤路２號
10015,1001502,南平里,16,平勤路,,,,１２之１號,295514.312,2630976.114,花蓮縣鳳林鎮南平里平勤路１２之１號
10015,1001502,南平里,16,平勤路,,,,３２之１號,295430.61,2630842.72,花蓮縣鳳林鎮南平里平勤路３２之１號
10015,1001502,南平里,5,平吉路,,,,１９號,297296.783,2630184.327,花蓮縣鳳林鎮南平里平吉路１９號
10015,1001502,南平里,5,平吉路,,,,２１之１號,297264.81,2630198.13,花蓮縣鳳林鎮南平里平吉路２１之１號
10015,1001502,南平里,5,平吉路,,,,２１號,297273.043,2630221.662,花蓮縣鳳林鎮南平里平吉路２１號
10015,1001502,南平里,5,平吉路,,,,２２號,297253.94,2630295.05,花蓮縣鳳林鎮南平里平吉路２２號
10015,1001502,南平里,5,平吉路,,,,２３號,297231.552,2630212.58,花蓮縣鳳林鎮南平里平吉路２３號
10015,1001502,南平里,5,平吉路,,,,２５號,297268.79,2630263.299,花蓮縣鳳林鎮南平里平吉路２５號
10015,1001502,南平里,5,平吉路,,,,２７號,297252.03,2630230.34,花蓮縣鳳林鎮南平里平吉路２７號
10015,1001502,南平里,5,平吉路,,,,２９號,297241.14,2630214.8,花蓮縣鳳林鎮南平里平吉路２９號
10015,1001502,南平里,5,平吉路,,,,３１號,297231.7,2630238.76,花蓮縣鳳林鎮南平里平吉路３１號
10015,1001502,南平里,5,平吉路,,,,３３號,297223.97,2630222.16,花蓮縣鳳林鎮南平里平吉路３３號
10015,1001502,南平里,5,平吉路,,,,４２號,297085.31,2630384.96,花蓮縣鳳林鎮南平里平吉路４２號
10015,1001502,南平里,5,平吉路,,,,４６號,297008.599,2630453.098,花蓮縣鳳林鎮南平里平吉路４６號
10015,1001502,南平里,6,平吉路,,,,５１之１號,296805,2630440,花蓮縣鳳林鎮南平里平吉路５１之１號
10015,1001502,南平里,6,平吉路,,,,５５號,296754.6,2630428.45,花蓮縣鳳林鎮南平里平吉路５５號
10015,1001502,南平里,6,平吉路,,,,５７號,296713.147,2630472.104,花蓮縣鳳林鎮南平里平吉路５７號
10015,1001502,南平里,6,平吉路,,,,５９號,296728.237,2630443.74,花蓮縣鳳林鎮南平里平吉路５９號
10015,1001502,南平里,6,平吉路,,,,６１號,296689.037,2630479.662,花蓮縣鳳林鎮南平里平吉路６１號
10015,1001502,南平里,6,平吉路,,,,６３號,296717.518,2630453.277,花蓮縣鳳林鎮南平里平吉路６３號
10015,1001502,南平里,17,平和路,,,,３號,296210.67,2628719.563,花蓮縣鳳林鎮南平里平和路３號
10015,1001502,南平里,17,平和路,,,,９號,296168.801,2628876.517,花蓮縣鳳林鎮南平里平和路９號
10015,1001502,南平里,17,平和路,,,,１５之８號,296206.52,2629220.92,花蓮縣鳳林鎮南平里平和路１５之８號
10015,1001502,南平里,17,平和路,,,,１５號,296081.344,2629163.671,花蓮縣鳳林鎮南平里平和路１５號
10015,1001502,南平里,17,平和路,,,,１９號,296168.484,2629269.872,花蓮縣鳳林鎮南平里平和路１９號
10015,1001502,南平里,17,平和路,,,,１９號之１,296164.036,2629249.318,花蓮縣鳳林鎮南平里平和路１９號之１
10015,1001502,南平里,17,平和路,,,,２０號,296306.45,2629265.33,花蓮縣鳳林鎮南平里平和路２０號
10015,1001502,南平里,17,平和路,,,,２１號,296212.706,2629342.091,花蓮縣鳳林鎮南平里平和路２１號
10015,1001502,南平里,17,平和路,,,,２２號,296272,2629317.75,花蓮縣鳳林鎮南平里平和路２２號
10015,1001502,南平里,17,平和路,,,,３１號,296140.834,2629537.048,花蓮縣鳳林鎮南平里平和路３１號
10015,1001502,南平里,17,平和路,,,,３２號,296411.74,2629957.14,花蓮縣鳳林鎮南平里平和路３２號
10015,1001502,南平里,17,平和路,,,,３３號,296074.532,2629765.559,花蓮縣鳳林鎮南平里平和路３３號
10015,1001502,南平里,17,平和路,,,,３５號,296173.768,2629805.89,花蓮縣鳳林鎮南平里平和路３５號
10015,1001502,南平里,11,平和路,,,,３６之１號,296492.88,2630660.33,花蓮縣鳳林鎮南平里平和路３６之１號
10015,1001502,南平里,11,平和路,,,,３６號,296438.512,2630725.338,花蓮縣鳳林鎮南平里平和路３６號
10015,1001502,南平里,17,平和路,,,,３７號,296160.828,2629958.792,花蓮縣鳳林鎮南平里平和路３７號
10015,1001502,南平里,17,平和路,,,,３７之１號,296244.7,2629957.96,花蓮縣鳳林鎮南平里平和路３７之１號
10015,1001502,南平里,11,平和路,,,,３８號,296447.057,2630744.879,花蓮縣鳳林鎮南平里平和路３８號
10015,1001502,南平里,11,平和路,,,,３８號之１,296450.732,2630761.303,花蓮縣鳳林鎮南平里平和路３８號之１
10015,1001502,南平里,11,平和路,,,,８０之１號,296510.384,2630941.484,花蓮縣鳳林鎮南平里平和路８０之１號
10015,1001502,南平里,11,平和路,,,,８４號,296456.095,2630994.643,花蓮縣鳳林鎮南平里平和路８４號
10015,1001502,南平里,3,平善路,,,,３９號,297204.649,2630035.789,花蓮縣鳳林鎮南平里平善路３９號
10015,1001502,南平里,3,平善路,,,,４１號,297121.252,2629933.434,花蓮縣鳳林鎮南平里平善路４１號
10015,1001502,南平里,3,平善路,,,,４３號,297126.057,2629958.11,花蓮縣鳳林鎮南平里平善路４３號
10015,1001502,南平里,4,平善路,,,,５５號,296808.419,2630139.005,花蓮縣鳳林鎮南平里平善路５５號
10015,1001502,南平里,4,平善路,,,,５７號,296817.081,2630060.716,花蓮縣鳳林鎮南平里平善路５７號
10015,1001502,南平里,5,平善路,,,,５８號,297242.593,2630061.468,花蓮縣鳳林鎮南平里平善路５８號
10015,1001502,南平里,5,平善路,,,,６０號,297175.821,2630097.989,花蓮縣鳳林鎮南平里平善路６０號
10015,1001502,南平里,4,平善路,,,,７１號,296644.595,2630260.691,花蓮縣鳳林鎮南平里平善路７１號
10015,1001502,南平里,5,平善路,,,,７２號,296949.165,2630267.434,花蓮縣鳳林鎮南平里平善路７２號
10015,1001502,南平里,5,平善路,,,,７４號,296945.096,2630271.11,花蓮縣鳳林鎮南平里平善路７４號
10015,1001502,南平里,5,平善路,,,,７６號,296941.233,2630285.884,花蓮縣鳳林鎮南平里平善路７６號
10015,1001502,南平里,5,平善路,,,,９０號,296764.792,2630296.14,花蓮縣鳳林鎮南平里平善路９０號
10015,1001502,南平里,1,平安路,,,,１號,296707.29,2629352.95,花蓮縣鳳林鎮南平里平安路１號
10015,1001502,南平里,2,平安路,,,,８號,296782.531,2629418.475,花蓮縣鳳林鎮南平里平安路８號
10015,1001502,南平里,2,平安路,,,,１１號,296787.385,2629557.443,花蓮縣鳳林鎮南平里平安路１１號
10015,1001502,南平里,2,平安路,,,,１４號,296878.393,2629688.154,花蓮縣鳳林鎮南平里平安路１４號
10015,1001502,南平里,3,平安路,,,,３３號,296934.094,2629947.415,花蓮縣鳳林鎮南平里平安路３３號
10015,1001502,南平里,4,平安路,,,,３５號,296899.457,2630030.122,花蓮縣鳳林鎮南平里平安路３５號
10015,1001502,南平里,3,平安路,,,,３６號,296978.256,2629948.782,花蓮縣鳳林鎮南平里平安路３６號
10015,1001502,南平里,3,平安路,,,,４６之１號,297010.651,2630033.155,花蓮縣鳳林鎮南平里平安路４６之１號
10015,1001502,南平里,3,平安路,,,,４８之１號,297014.25,2630064.49,花蓮縣鳳林鎮南平里平安路４８之１號
10015,1001502,南平里,4,平安路,,,,４９號,296951.406,2630049.451,花蓮縣鳳林鎮南平里平安路４９號
10015,1001502,南平里,4,平安路,,,,５１號,296979.086,2630085.274,花蓮縣鳳林鎮南平里平安路５１號
10015,1001502,南平里,4,平安路,,,,５３號,296992.174,2630121.928,花蓮縣鳳林鎮南平里平安路５３號
10015,1001502,南平里,5,平安路,,,,５９號,297019.608,2630216.853,花蓮縣鳳林鎮南平里平安路５９號
10015,1001502,南平里,8,平安路,,,,６４號,297214.3,2630584.046,花蓮縣鳳林鎮南平里平安路６４號
10015,1001502,南平里,8,平安路,,,,１６８號,297217.22,2630592.58,花蓮縣鳳林鎮南平里平安路１６８號
10015,1001502,南平里,1,平康路,,,,１７號,296807.356,2629234.852,花蓮縣鳳林鎮南平里平康路１７號
10015,1001502,南平里,1,平康路,,,,１９號,296754.856,2629253.523,花蓮縣鳳林鎮南平里平康路１９號
10015,1001502,南平里,1,平康路,,,,２１號,296730.592,2629226.656,花蓮縣鳳林鎮南平里平康路２１號
10015,1001502,南平里,1,平康路,,,,２３號,296734.854,2629256.145,花蓮縣鳳林鎮南平里平康路２３號
10015,1001502,南平里,1,平康路,,,,２５號,296711.563,2629243.524,花蓮縣鳳林鎮南平里平康路２５號
10015,1001502,南平里,2,平康路,,,,２６號,296847.41,2629287.14,花蓮縣鳳林鎮南平里平康路２６號
10015,1001502,南平里,1,平康路,,,,２７號,296692.896,2629278.547,花蓮縣鳳林鎮南平里平康路２７號
10015,1001502,南平里,1,平康路,,,,２９號,296674.43,2629268.011,花蓮縣鳳林鎮南平里平康路２９號
10015,1001502,南平里,1,平康路,,,,３１號,296699.062,2629270.788,花蓮縣鳳林鎮南平里平康路３１號
10015,1001502,南平里,1,平康路,,,,３５號,296544.012,2629334.617,花蓮縣鳳林鎮南平里平康路３５號
10015,1001502,南平里,1,平康路,,,,４５號,296651.494,2629217.669,花蓮縣鳳林鎮南平里平康路４５號
10015,1001502,南平里,8,平心路,,,,５１號,297127.867,2631058.203,花蓮縣鳳林鎮南平里平心路５１號
10015,1001502,南平里,16,平樂路,,,,１號,295908.249,2630434.406,花蓮縣鳳林鎮南平里平樂路１號
10015,1001502,南平里,16,平樂路,,,,３號,295857.141,2630417.447,花蓮縣鳳林鎮南平里平樂路３號
10015,1001502,南平里,16,平樂路,,,,５號,295847.407,2630405.542,花蓮縣鳳林鎮南平里平樂路５號
10015,1001502,南平里,16,平樂路,,,,７號,295832.891,2630397.598,花蓮縣鳳林鎮南平里平樂路７號
10015,1001502,南平里,16,平樂路,,,,１１號,295753.414,2630251.778,花蓮縣鳳林鎮南平里平樂路１１號
10015,1001502,南平里,16,平樂路,,,,１３號,295737.67,2630341.892,花蓮縣鳳林鎮南平里平樂路１３號
10015,1001502,南平里,16,平樂路,,,,１５之１號,295732.57,2630394.3,花蓮縣鳳林鎮南平里平樂路１５之１號
10015,1001502,南平里,16,平樂路,,,,１５號,295772.493,2630423.33,花蓮縣鳳林鎮南平里平樂路１５號
10015,1001502,南平里,16,平樂路,,,,１７號,295798.74,2630492.371,花蓮縣鳳林鎮南平里平樂路１７號
10015,1001502,南平里,16,平樂路,,,,１９號,295513.223,2630747.814,花蓮縣鳳林鎮南平里平樂路１９號
10015,1001502,南平里,16,平樂路,,,,２０號,295842.72,2630599.03,花蓮縣鳳林鎮南平里平樂路２０號
10015,1001502,南平里,16,平樂路,,,,２１號,295503.99,2630773.77,花蓮縣鳳林鎮南平里平樂路２１號
10015,1001502,南平里,16,平樂路,,,,２２之６號,295776.66,2630656.45,花蓮縣鳳林鎮南平里平樂路２２之６號
10015,1001502,南平里,16,平樂路,,,,２２之５號,295757.43,2630686.84,花蓮縣鳳林鎮南平里平樂路２２之５號
10015,1001502,南平里,16,平樂路,,,,２２號,295849.153,2630611.091,花蓮縣鳳林鎮南平里平樂路２２號
10015,1001502,南平里,16,平樂路,,,,２３號,295809.648,2630562.214,花蓮縣鳳林鎮南平里平樂路２３號
10015,1001502,南平里,16,平樂路,,,,２５號,295674.308,2630736.154,花蓮縣鳳林鎮南平里平樂路２５號
10015,1001502,南平里,16,平樂路,,,,２７號,295869.947,2630707.706,花蓮縣鳳林鎮南平里平樂路２７號
10015,1001502,南平里,16,平樂路,,,,２７之６號,295807.87,2630726.68,花蓮縣鳳林鎮南平里平樂路２７之６號
10015,1001502,南平里,14,平樂路,,,,３８之３號,296177.98,2630563.13,花蓮縣鳳林鎮南平里平樂路３８之３號
10015,1001502,南平里,13,平樂路,,,,３８號,296245.805,2630619.7,花蓮縣鳳林鎮南平里平樂路３８號
10015,1001502,南平里,3,平漢路,,,,２６號,297187.531,2629874,花蓮縣鳳林鎮南平里平漢路２６號
10015,1001502,南平里,3,平漢路,,,,２９號,297042.688,2629845.75,花蓮縣鳳林鎮南平里平漢路２９號
10015,1001502,南平里,3,平漢路,,,,２９之１號,297082.278,2629858.292,花蓮縣鳳林鎮南平里平漢路２９之１號
10015,1001502,南平里,3,平漢路,,,,３０號,297026.175,2629929.233,花蓮縣鳳林鎮南平里平漢路３０號
10015,1001502,南平里,3,平漢路,,,,３１號,297130.582,2629782.112,花蓮縣鳳林鎮南平里平漢路３１號
10015,1001502,南平里,4,平漢路,,,,４６號,296830.516,2629983.546,花蓮縣鳳林鎮南平里平漢路４６號
10015,1001502,南平里,4,平漢路,,,,４８號,296739.231,2630058.793,花蓮縣鳳林鎮南平里平漢路４８號
10015,1001502,南平里,4,平漢路,,,,５０號,296667.381,2630039.01,花蓮縣鳳林鎮南平里平漢路５０號
10015,1001502,南平里,4,平漢路,,,,５１號,296641.49,2629995.708,花蓮縣鳳林鎮南平里平漢路５１號
10015,1001502,南平里,4,平漢路,,,,５７號,296606.445,2630034.742,花蓮縣鳳林鎮南平里平漢路５７號
10015,1001502,南平里,15,平生路,,,,１１號,296227.354,2631260.015,花蓮縣鳳林鎮南平里平生路１１號
10015,1001502,南平里,15,平生路,,,,１２之１號,296293.8,2631253.87,花蓮縣鳳林鎮南平里平生路１２之１號
10015,1001502,南平里,15,平生路,,,,１０１之１號,295723.23,2631868.07,花蓮縣鳳林鎮南平里平生路１０１之１號
10015,1001502,南平里,1,平盛街,,,,２０號,296647.875,2629091.5,花蓮縣鳳林鎮南平里平盛街２０號
10015,1001502,南平里,1,平盛街,,,,２１之１號,296639.967,2629053.709,花蓮縣鳳林鎮南平里平盛街２１之１號
10015,1001502,南平里,8,平祥路,,,,１６號,297218.24,2630551.33,花蓮縣鳳林鎮南平里平祥路１６號
10015,1001502,南平里,5,平祥路,,,,１７號,297358.306,2630440.116,花蓮縣鳳林鎮南平里平祥路１７號
10015,1001502,南平里,5,平祥路,,,,１９號,297347.301,2630409.906,花蓮縣鳳林鎮南平里平祥路１９號
10015,1001502,南平里,7,平祥路,,,,２０號,296832.364,2630692.143,花蓮縣鳳林鎮南平里平祥路２０號
10015,1001502,南平里,7,平祥路,,,,２２號,296812.223,2630712.429,花蓮縣鳳林鎮南平里平祥路２２號
10015,1001502,南平里,7,平祥路,,,,２２號之１,296789.85,2630722.274,花蓮縣鳳林鎮南平里平祥路２２號之１
10015,1001502,南平里,7,平祥路,,,,２４號,296824.679,2630773.886,花蓮縣鳳林鎮南平里平祥路２４號
10015,1001502,南平里,8,平祥路,,,,２５號,297291.32,2630496.554,花蓮縣鳳林鎮南平里平祥路２５號
10015,1001502,南平里,8,平祥路,,,,２５之１號,297277.607,2630474.277,花蓮縣鳳林鎮南平里平祥路２５之１號
10015,1001502,南平里,7,平祥路,,,,２６號,296790.262,2630788.042,花蓮縣鳳林鎮南平里平祥路２６號
10015,1001502,南平里,7,平祥路,,,,２８號,296766.38,2630789.722,花蓮縣鳳林鎮南平里平祥路２８號
10015,1001502,南平里,8,平祥路,,,,２９號,297233.914,2630515.332,花蓮縣鳳林鎮南平里平祥路２９號
10015,1001502,南平里,7,平祥路,,,,３０號,296755.715,2630739.032,花蓮縣鳳林鎮南平里平祥路３０號
10015,1001502,南平里,8,平祥路,,,,３１號,297211.855,2630521.795,花蓮縣鳳林鎮南平里平祥路３１號
10015,1001502,南平里,5,平祥路,,,,５１號,297060.037,2630565.064,花蓮縣鳳林鎮南平里平祥路５１號
10015,1001502,南平里,5,平祥路,,,,５３號,297103.18,2630539.299,花蓮縣鳳林鎮南平里平祥路５３號
10015,1001502,南平里,6,平祥路,,,,６１號,296842.531,2630551.585,花蓮縣鳳林鎮南平里平祥路６１號
10015,1001502,南平里,8,平等路,,,,５號,297171.31,2630739.295,花蓮縣鳳林鎮南平里平等路５號
10015,1001502,南平里,8,平等路,,,,７號,297125.595,2630725.65,花蓮縣鳳林鎮南平里平等路７號
10015,1001502,南平里,8,平等路,,,,９號,297084.928,2630695.266,花蓮縣鳳林鎮南平里平等路９號
10015,1001502,南平里,8,平等路,,,,１１號,297027.824,2630706.961,花蓮縣鳳林鎮南平里平等路１１號
10015,1001502,南平里,8,平等路,,,,１３號,297067.438,2630812.99,花蓮縣鳳林鎮南平里平等路１３號
10015,1001502,南平里,8,平等路,,,,２２號,297015.44,2630858.04,花蓮縣鳳林鎮南平里平等路２２號
10015,1001502,南平里,8,平等路,,,,２６號,296933.194,2630897.93,花蓮縣鳳林鎮南平里平等路２６號
10015,1001502,南平里,8,平等路,,,,３０號,296967.374,2631003.074,花蓮縣鳳林鎮南平里平等路３０號
10015,1001502,南平里,8,平等路,,,,３２號,296972.32,2631023.1,花蓮縣鳳林鎮南平里平等路３２號
10015,1001502,南平里,8,平等路,,,,３８號,296989.38,2631042.49,花蓮縣鳳林鎮南平里平等路３８號
10015,1001502,南平里,8,平等路,,,,３８之１號,296992.21,2631045.73,花蓮縣鳳林鎮南平里平等路３８之１號
10015,1001502,南平里,8,平等路,,,,７０號,296879.74,2630910.935,花蓮縣鳳林鎮南平里平等路７０號
10015,1001502,南平里,8,平等路,,,,７２號,296903.099,2630929.602,花蓮縣鳳林鎮南平里平等路７２號
10015,1001502,南平里,2,平順路,,,,４９號,297114.375,2629600.667,花蓮縣鳳林鎮南平里平順路４９號
10015,1001502,南平里,2,平順路,,,,７４號,296901.271,2629721.45,花蓮縣鳳林鎮南平里平順路７４號
10015,1001502,南平里,2,平順路,,,,７６號,296848.089,2629736.841,花蓮縣鳳林鎮南平里平順路７６號
10015,1001502,南平里,2,平順路,,,,８１號,296782.87,2629726.48,花蓮縣鳳林鎮南平里平順路８１號
10015,1001502,南平里,3,平順路,,,,８２號,296803.267,2629755.106,花蓮縣鳳林鎮南平里平順路８２號
10015,1001502,南平里,2,平順路,,,,８３號,296774.235,2629711.233,花蓮縣鳳林鎮南平里平順路８３號
10015,1001502,南平里,3,平順路,,,,８４號,296809.826,2629852.836,花蓮縣鳳林鎮南平里平順路８４號
10015,1001502,南平里,2,平順路,,,,８７號,296716.899,2629749.502,花蓮縣鳳林鎮南平里平順路８７號
10015,1001502,南平里,2,平順路,,,,８９號,296697.822,2629621.079,花蓮縣鳳林鎮南平里平順路８９號
10015,1001502,南平里,2,平順路,,,,９１號,296685.75,2629729.576,花蓮縣鳳林鎮南平里平順路９１號
10015,1001502,南平里,2,平順路,,,,９３號,296690.343,2629741.158,花蓮縣鳳林鎮南平里平順路９３號
10015,1001502,南平里,4,平順路,,,,９６號,296703.118,2629863.662,花蓮縣鳳林鎮南平里平順路９６號
10015,1001502,南平里,4,平順路,,,,９８號,296716.828,2629871.265,花蓮縣鳳林鎮南平里平順路９８號
10015,1001502,南平里,5,民國街,,,,５３號,297371.239,2630336.593,花蓮縣鳳林鎮南平里民國街５３號
10015,1001502,南平里,17,自強路,,,,１號,296355.524,2628749.705,花蓮縣鳳林鎮南平里自強路１號
10015,1001502,南平里,17,自強路,,,,２號,296422.291,2628715.953,花蓮縣鳳林鎮南平里自強路２號
10015,1001502,南平里,1,自強路,,,,２４號,296467.181,2629096.779,花蓮縣鳳林鎮南平里自強路２４號
10015,1001502,南平里,1,自強路,,,,２４號之６,296552.86,2629204.578,花蓮縣鳳林鎮南平里自強路２４號之６
10015,1001502,南平里,1,自強路,,,,２６號,296554.792,2629204.955,花蓮縣鳳林鎮南平里自強路２６號
10015,1001502,南平里,1,自強路,,,,３６號,296490.56,2629193.99,花蓮縣鳳林鎮南平里自強路３６號
10015,1001502,南平里,1,自強路,,,,６８號,296497.23,2629313.817,花蓮縣鳳林鎮南平里自強路６８號
10015,1001502,南平里,1,自強路,,,,７０號,296474.3,2629131.42,花蓮縣鳳林鎮南平里自強路７０號
10015,1001502,南平里,4,自強路,,,,１２０號,296582.066,2629939.84,花蓮縣鳳林鎮南平里自強路１２０號
10015,1001502,南平里,4,自強路,,,,１２２號,296582.645,2629944.135,花蓮縣鳳林鎮南平里自強路１２２號
10015,1001502,南平里,4,自強路,,,,１２４號,296583.367,2629948.183,花蓮縣鳳林鎮南平里自強路１２４號
10015,1001502,南平里,4,自強路,,,,１２６號,296583.863,2629952.395,花蓮縣鳳林鎮南平里自強路１２６號
10015,1001502,南平里,4,自強路,,,,１２８號,296584.359,2629956.938,花蓮縣鳳林鎮南平里自強路１２８號
10015,1001502,南平里,4,自強路,,,,１３０號,296584.713,2629960.85,花蓮縣鳳林鎮南平里自強路１３０號
10015,1001502,南平里,4,自強路,,,,１３２號,296585.524,2629965.676,花蓮縣鳳林鎮南平里自強路１３２號
10015,1001502,南平里,4,自強路,,,,１３４號,296585.989,2629970.248,花蓮縣鳳林鎮南平里自強路１３４號
10015,1001502,南平里,4,自強路,,,,１３６號,296586.886,2629975.21,花蓮縣鳳林鎮南平里自強路１３６號
10015,1001502,南平里,4,自強路,,,,１３８號,296587.565,2629979.751,花蓮縣鳳林鎮南平里自強路１３８號
10015,1001502,南平里,4,自強路,,,,１４０號,296588.426,2629984.375,花蓮縣鳳林鎮南平里自強路１４０號
10015,1001502,南平里,4,自強路,,,,１４２號,296588.974,2629988.676,花蓮縣鳳林鎮南平里自強路１４２號
10015,1001502,南平里,4,自強路,,,,１４４號,296588.984,2629991.821,花蓮縣鳳林鎮南平里自強路１４４號
10015,1001502,南平里,4,自強路,,,,１４６號,296589.914,2629997.625,花蓮縣鳳林鎮南平里自強路１４６號
10015,1001502,南平里,4,自強路,,,,１４８號,296590.758,2630002.24,花蓮縣鳳林鎮南平里自強路１４８號
10015,1001502,南平里,4,自強路,,,,１５０號,296591.28,2630006.275,花蓮縣鳳林鎮南平里自強路１５０號
10015,1001502,南平里,4,自強路,,,,１５２號,296591.749,2630010.894,花蓮縣鳳林鎮南平里自強路１５２號
10015,1001502,南平里,4,自強路,,,,１５４號,296592.401,2630015.276,花蓮縣鳳林鎮南平里自強路１５４號
10015,1001502,南平里,4,自強路,,,,１５６號,296593.263,2630019.817,花蓮縣鳳林鎮南平里自強路１５６號
10015,1001502,南平里,4,自強路,,,,１５８號,296593.576,2630023.985,花蓮縣鳳林鎮南平里自強路１５８號
10015,1001502,南平里,4,自強路,,,,１６６號,296600.712,2630059.281,花蓮縣鳳林鎮南平里自強路１６６號
10015,1001502,南平里,4,自強路,,,,１６８號,296609.367,2630067.373,花蓮縣鳳林鎮南平里自強路１６８號
10015,1001502,南平里,10,自強路,,,,１７５號,296684.604,2630692.454,花蓮縣鳳林鎮南平里自強路１７５號
10015,1001502,南平里,10,自強路,,,,１７７號,296687.267,2630702.87,花蓮縣鳳林鎮南平里自強路１７７號
10015,1001502,南平里,10,自強路,,,,１７７號之１,296706.592,2630746.448,花蓮縣鳳林鎮南平里自強路１７７號之１
10015,1001502,南平里,10,自強路,,,,１７９號,296708.989,2630759.079,花蓮縣鳳林鎮南平里自強路１７９號
10015,1001502,南平里,10,自強路,,,,１８１號,296710.088,2630767.138,花蓮縣鳳林鎮南平里自強路１８１號
10015,1001502,南平里,10,自強路,,,,１８３號,296710.886,2630773.175,花蓮縣鳳林鎮南平里自強路１８３號
10015,1001502,南平里,10,自強路,,,,１８５號,296712.055,2630780.449,花蓮縣鳳林鎮南平里自強路１８５號
10015,1001502,南平里,4,自強路,,,,１８６號,296628.855,2630161.161,花蓮縣鳳林鎮南平里自強路１８６號
10015,1001502,南平里,10,自強路,,,,１８７號,296712.784,2630786.598,花蓮縣鳳林鎮南平里自強路１８７號
10015,1001502,南平里,4,自強路,,,,１８８號,296627.579,2630181.455,花蓮縣鳳林鎮南平里自強路１８８號
10015,1001502,南平里,10,自強路,,,,１８９號,296713.599,2630797.976,花蓮縣鳳林鎮南平里自強路１８９號
10015,1001502,南平里,4,自強路,,,,１９０號,296660.219,2630175.642,花蓮縣鳳林鎮南平里自強路１９０號
10015,1001502,南平里,10,自強路,,,,１９１號,296714.668,2630806.726,花蓮縣鳳林鎮南平里自強路１９１號
10015,1001502,南平里,10,自強路,,,,１９３號,296716.108,2630815.253,花蓮縣鳳林鎮南平里自強路１９３號
10015,1001502,南平里,10,自強路,,,,１９５號,296719.038,2630829.974,花蓮縣鳳林鎮南平里自強路１９５號
10015,1001502,南平里,10,自強路,,,,１９７號,296719.498,2630835.558,花蓮縣鳳林鎮南平里自強路１９７號
10015,1001502,南平里,10,自強路,,,,１９９號,296720.358,2630839.509,花蓮縣鳳林鎮南平里自強路１９９號
10015,1001502,南平里,10,自強路,,,,２０１號,296705.542,2630846.188,花蓮縣鳳林鎮南平里自強路２０１號
10015,1001502,南平里,10,自強路,,,,２０３號,296707.204,2630859.144,花蓮縣鳳林鎮南平里自強路２０３號
10015,1001502,南平里,10,自強路,,,,２０５號,296718.017,2630866.021,花蓮縣鳳林鎮南平里自強路２０５號
10015,1001502,南平里,10,自強路,,,,２１５號,296733.292,2630939.418,花蓮縣鳳林鎮南平里自強路２１５號
10015,1001502,南平里,10,自強路,,,,２１７號,296734.917,2630947.668,花蓮縣鳳林鎮南平里自強路２１７號
10015,1001502,南平里,10,自強路,,,,２１９號,296735.254,2630952.986,花蓮縣鳳林鎮南平里自強路２１９號
10015,1001502,南平里,9,自強路,,,,２２１號,296735.763,2630958.325,花蓮縣鳳林鎮南平里自強路２２１號
10015,1001502,南平里,9,自強路,,,,２２３號,296736.603,2630964.426,花蓮縣鳳林鎮南平里自強路２２３號
10015,1001502,南平里,9,自強路,,,,２２５號,296736.827,2630969.644,花蓮縣鳳林鎮南平里自強路２２５號
10015,1001502,南平里,9,自強路,,,,２２７號,296729.601,2630973.675,花蓮縣鳳林鎮南平里自強路２２７號
10015,1001502,南平里,9,自強路,,,,２２９號,296722.935,2630975.186,花蓮縣鳳林鎮南平里自強路２２９號
10015,1001502,南平里,6,自強路,,,,２３０號,296671.996,2630415.931,花蓮縣鳳林鎮南平里自強路２３０號
10015,1001502,南平里,9,自強路,,,,２３１號,296714.869,2630976.082,花蓮縣鳳林鎮南平里自強路２３１號
10015,1001502,南平里,6,自強路,,,,２３２號,296705.271,2630392.185,花蓮縣鳳林鎮南平里自強路２３２號
10015,1001502,南平里,9,自強路,,,,２３３號,296698.835,2630995.125,花蓮縣鳳林鎮南平里自強路２３３號
10015,1001502,南平里,9,自強路,,,,２３５號,296697.53,2630904.336,花蓮縣鳳林鎮南平里自強路２３５號
10015,1001502,南平里,9,自強路,,,,２３７號,296696.995,2630899.974,花蓮縣鳳林鎮南平里自強路２３７號
10015,1001502,南平里,9,自強路,,,,２３９號,296696.015,2630896.147,花蓮縣鳳林鎮南平里自強路２３９號
10015,1001502,南平里,9,自強路,,,,２４１號,296694.59,2630891.786,花蓮縣鳳林鎮南平里自強路２４１號
10015,1001502,南平里,9,自強路,,,,２４３號,296721.765,2630994.807,花蓮縣鳳林鎮南平里自強路２４３號
10015,1001502,南平里,9,自強路,,,,２４５號,296731.883,2630995.253,花蓮縣鳳林鎮南平里自強路２４５號
10015,1001502,南平里,9,自強路,,,,２４７號,296703.596,2631011.48,花蓮縣鳳林鎮南平里自強路２４７號
10015,1001502,南平里,7,自強路,,,,３００號,296727.856,2630743.878,花蓮縣鳳林鎮南平里自強路３００號
10015,1001502,南平里,7,自強路,,,,３０２號,296728.754,2630749.601,花蓮縣鳳林鎮南平里自強路３０２號
10015,1001502,南平里,7,自強路,,,,３０４號,296728.685,2630768.003,花蓮縣鳳林鎮南平里自強路３０４號
10015,1001502,南平里,7,自強路,,,,３０６號,296732.36,2630778.884,花蓮縣鳳林鎮南平里自強路３０６號
10015,1001502,南平里,7,自強路,,,,３０８號,296734.144,2630790.812,花蓮縣鳳林鎮南平里自強路３０８號
10015,1001502,南平里,7,自強路,,,,３１０號,296735.276,2630797.21,花蓮縣鳳林鎮南平里自強路３１０號
10015,1001502,南平里,7,自強路,,,,３１２號,296736.094,2630802.686,花蓮縣鳳林鎮南平里自強路３１２號
10015,1001502,南平里,7,自強路,,,,３１４之１號,296737.338,2630810.974,花蓮縣鳳林鎮南平里自強路３１４之１號
10015,1001502,南平里,7,自強路,,,,３１６號,296735.193,2630822.627,花蓮縣鳳林鎮南平里自強路３１６號
10015,1001502,南平里,7,自強路,,,,３１８號,296734.992,2630829.48,花蓮縣鳳林鎮南平里自強路３１８號
10015,1001502,南平里,7,自強路,,,,３２０號,296735.438,2630833.958,花蓮縣鳳林鎮南平里自強路３２０號
10015,1001502,南平里,7,自強路,,,,３２２號,296738.709,2630838.099,花蓮縣鳳林鎮南平里自強路３２２號
10015,1001502,南平里,14,自強路,,,,３２６號,296775.358,2630809.245,花蓮縣鳳林鎮南平里自強路３２６號
10015,1001502,南平里,7,自強路,,,,３２６號,296775.358,2630809.245,花蓮縣鳳林鎮南平里自強路３２６號
10015,1001502,南平里,7,自強路,,,,３４０號,296747.991,2630892.083,花蓮縣鳳林鎮南平里自強路３４０號
10015,1001502,南平里,7,自強路,,,,３４２號,296749.239,2630897.395,花蓮縣鳳林鎮南平里自強路３４２號
10015,1001502,南平里,7,自強路,,,,３４４號,296750.133,2630902.6,花蓮縣鳳林鎮南平里自強路３４４號
10015,1001502,南平里,7,自強路,,,,３４６號,296750.293,2630907.208,花蓮縣鳳林鎮南平里自強路３４６號
10015,1001502,南平里,7,自強路,,,,３４８號,296750.687,2630913.633,花蓮縣鳳林鎮南平里自強路３４８號
10015,1001502,南平里,7,自強路,,,,３５０號,296752.006,2630920.497,花蓮縣鳳林鎮南平里自強路３５０號
10015,1001502,南平里,7,自強路,,,,３５２號,296752.281,2630927.551,花蓮縣鳳林鎮南平里自強路３５２號
10015,1001502,南平里,7,自強路,,,,３５４號,296755.61,2630930.63,花蓮縣鳳林鎮南平里自強路３５４號
10015,1001502,南平里,7,自強路,,,,３５６號,296752.636,2630942.294,花蓮縣鳳林鎮南平里自強路３５６號
10015,1001502,南平里,7,自強路,,,,３６８號,296756.601,2630979.923,花蓮縣鳳林鎮南平里自強路３６８號
10015,1001502,南平里,7,自強路,,,,３６８之２號,296776.219,2631015.75,花蓮縣鳳林鎮南平里自強路３６８之２號
10015,1001502,南平里,7,自強路,,,,３７０號,296779.025,2631025.242,花蓮縣鳳林鎮南平里自強路３７０號
10015,1001502,南平里,7,自強路,,,,３７０號之１,296779.025,2631025.242,花蓮縣鳳林鎮南平里自強路３７０號之１
10015,1001502,南平里,7,自強路,,,,３７２號,296792.757,2631067.757,花蓮縣鳳林鎮南平里自強路３７２號
10015,1001502,南平里,7,自強路,,,,３７８號,296824.735,2631083.367,花蓮縣鳳林鎮南平里自強路３７８號
10015,1001502,南平里,7,自強路,,,,３８０號,296791.185,2631120.706,花蓮縣鳳林鎮南平里自強路３８０號
10015,1001502,南平里,7,自強路,,,,３８６號,296762.347,2631089.794,花蓮縣鳳林鎮南平里自強路３８６號
10015,1001502,南平里,7,自強路,,,,３９６號,296765.356,2631195.661,花蓮縣鳳林鎮南平里自強路３９６號
10015,1001502,南平里,7,自強路,,,,５９０之２號,296779.969,2631297.729,花蓮縣鳳林鎮南平里自強路５９０之２號
10015,1001502,南平里,7,自強路,,,,５９０號,296780.817,2631300.717,花蓮縣鳳林鎮南平里自強路５９０號
10015,1001502,南平里,1,農園路,,,,５之６號,296564.037,2628623.683,花蓮縣鳳林鎮南平里農園路５之６號
10015,1001502,大榮里,14,中和路,,,,１號,297313.526,2626659.523,花蓮縣鳳林鎮大榮里中和路１號
10015,1001502,大榮里,13,中和路,,,,２號,297319.108,2626676.172,花蓮縣鳳林鎮大榮里中和路２號
10015,1001502,大榮里,14,中和路,,,,３號,297295.1,2626664.34,花蓮縣鳳林鎮大榮里中和路３號
10015,1001502,大榮里,14,中和路,,,,５號,297288.084,2626668.678,花蓮縣鳳林鎮大榮里中和路５號
10015,1001502,大榮里,13,中和路,,,,６號,297311.07,2626679.198,花蓮縣鳳林鎮大榮里中和路６號
10015,1001502,大榮里,14,中和路,,,,７號,297282.504,2626671.055,花蓮縣鳳林鎮大榮里中和路７號
10015,1001502,大榮里,13,中和路,,,,８號,297307.05,2626680.712,花蓮縣鳳林鎮大榮里中和路８號
10015,1001502,大榮里,14,中和路,,,,９號,297277.732,2626672.724,花蓮縣鳳林鎮大榮里中和路９號
10015,1001502,大榮里,13,中和路,,,,１０號,297303.03,2626682.225,花蓮縣鳳林鎮大榮里中和路１０號
10015,1001502,大榮里,13,中和路,,,,１０之９號,297304.884,2626717.489,花蓮縣鳳林鎮大榮里中和路１０之９號
10015,1001502,大榮里,13,中和路,,,,１０之７號,297311.02,2626710.087,花蓮縣鳳林鎮大榮里中和路１０之７號
10015,1001502,大榮里,13,中和路,,,,１０號之５,297315.756,2626701.758,花蓮縣鳳林鎮大榮里中和路１０號之５
10015,1001502,大榮里,13,中和路,,,,１０號之６,297313.577,2626705.26,花蓮縣鳳林鎮大榮里中和路１０號之６
10015,1001502,大榮里,14,中和路,,,,１１號,297272.962,2626674.392,花蓮縣鳳林鎮大榮里中和路１１號
10015,1001502,大榮里,13,中和路,,,,１２號,297274.928,2626692.758,花蓮縣鳳林鎮大榮里中和路１２號
10015,1001502,大榮里,14,中和路,,,,１３號,297268.191,2626676.061,花蓮縣鳳林鎮大榮里中和路１３號
10015,1001502,大榮里,13,中和路,,,,１６號,297276.623,2626725.57,花蓮縣鳳林鎮大榮里中和路１６號
10015,1001502,大榮里,14,中和路,,,,１７號,297262.498,2626678.854,花蓮縣鳳林鎮大榮里中和路１７號
10015,1001502,大榮里,14,中和路,,１９巷,,１號,297281.421,2626647.961,花蓮縣鳳林鎮大榮里中和路１９巷１號
10015,1001502,大榮里,14,中和路,,１９巷,,２號,297238.551,2626636.056,花蓮縣鳳林鎮大榮里中和路１９巷２號
10015,1001502,大榮里,14,中和路,,１９巷,,３號,297284.607,2626649.275,花蓮縣鳳林鎮大榮里中和路１９巷３號
10015,1001502,大榮里,14,中和路,,１９巷,,４號,297315.87,2626677.37,花蓮縣鳳林鎮大榮里中和路１９巷４號
10015,1001502,大榮里,14,中和路,,１９巷,,５號,297258.46,2626654.755,花蓮縣鳳林鎮大榮里中和路１９巷５號
10015,1001502,大榮里,14,中和路,,１９巷,,７號,297255.614,2626643.661,花蓮縣鳳林鎮大榮里中和路１９巷７號
10015,1001502,大榮里,14,中和路,,１９巷,,８號,297088.722,2626562.201,花蓮縣鳳林鎮大榮里中和路１９巷８號
10015,1001502,大榮里,14,中和路,,１９巷,,１０號,297217.803,2626606.069,花蓮縣鳳林鎮大榮里中和路１９巷１０號
10015,1001502,大榮里,14,中和路,,１９巷,,１１號,297260.205,2626631.152,花蓮縣鳳林鎮大榮里中和路１９巷１１號
10015,1001502,大榮里,14,中和路,,１９巷,,１２號,297236.334,2626591.974,花蓮縣鳳林鎮大榮里中和路１９巷１２號
10015,1001502,大榮里,14,中和路,,１９巷,,１３號,297271.519,2626644.171,花蓮縣鳳林鎮大榮里中和路１９巷１３號
10015,1001502,大榮里,14,中和路,,１９巷,,１４號,297236.679,2626617.555,花蓮縣鳳林鎮大榮里中和路１９巷１４號
10015,1001502,大榮里,14,中和路,,１９巷,,１７號,297287.318,2626643.088,花蓮縣鳳林鎮大榮里中和路１９巷１７號
10015,1001502,大榮里,14,中和路,,１９巷,,１８號,297256.261,2626594.379,花蓮縣鳳林鎮大榮里中和路１９巷１８號
10015,1001502,大榮里,14,中和路,,１９巷,,２０號,297263.291,2626606.373,花蓮縣鳳林鎮大榮里中和路１９巷２０號
10015,1001502,大榮里,14,中和路,,１９巷,,２２號,297284.596,2626593.581,花蓮縣鳳林鎮大榮里中和路１９巷２２號
10015,1001502,大榮里,14,中和路,,１９巷,,２４號,297289.023,2626607.219,花蓮縣鳳林鎮大榮里中和路１９巷２４號
10015,1001502,大榮里,14,中和路,,１９巷,,２６號,297271.879,2626621.47,花蓮縣鳳林鎮大榮里中和路１９巷２６號
10015,1001502,大榮里,14,中和路,,１９巷,,２８號,297293.828,2626626.611,花蓮縣鳳林鎮大榮里中和路１９巷２８號
10015,1001502,大榮里,13,中和路,,,,２０號,297297.761,2626730.157,花蓮縣鳳林鎮大榮里中和路２０號
10015,1001502,大榮里,14,中和路,,,,２１號,297227.27,2626667.239,花蓮縣鳳林鎮大榮里中和路２１號
10015,1001502,大榮里,14,中和路,,,,２１號之１,297231.904,2626691.152,花蓮縣鳳林鎮大榮里中和路２１號之１
10015,1001502,大榮里,13,中和路,,,,２２號,297271.28,2626694.312,花蓮縣鳳林鎮大榮里中和路２２號
10015,1001502,大榮里,14,中和路,,２３巷,,２號,297205.357,2626674.648,花蓮縣鳳林鎮大榮里中和路２３巷２號
10015,1001502,大榮里,13,中和路,,,,２４號,297262.896,2626696.184,花蓮縣鳳林鎮大榮里中和路２４號
10015,1001502,大榮里,13,中和路,,,,２６號,297257.765,2626697.895,花蓮縣鳳林鎮大榮里中和路２６號
10015,1001502,大榮里,13,中和路,,,,２７號,297156.326,2626719.047,花蓮縣鳳林鎮大榮里中和路２７號
10015,1001502,大榮里,13,中和路,,,,２８號,297253.324,2626701.951,花蓮縣鳳林鎮大榮里中和路２８號
10015,1001502,大榮里,13,中和路,,,,２９號,297121.597,2626730.188,花蓮縣鳳林鎮大榮里中和路２９號
10015,1001502,大榮里,13,中和路,,,,３０號,297249.108,2626703.713,花蓮縣鳳林鎮大榮里中和路３０號
10015,1001502,大榮里,13,中和路,,,,３２號,297240.456,2626706.238,花蓮縣鳳林鎮大榮里中和路３２號
10015,1001502,大榮里,13,中和路,,,,３５號,297023.669,2626737,花蓮縣鳳林鎮大榮里中和路３５號
10015,1001502,大榮里,13,中和路,,,,３６號,297168.075,2626755.674,花蓮縣鳳林鎮大榮里中和路３６號
10015,1001502,大榮里,13,中和路,,,,４２號,297162.144,2626860.323,花蓮縣鳳林鎮大榮里中和路４２號
10015,1001502,大榮里,13,中和路,,,,４６之１號,296956.669,2626835.339,花蓮縣鳳林鎮大榮里中和路４６之１號
10015,1001502,大榮里,13,中和路,,,,４６號,296959.008,2626855.339,花蓮縣鳳林鎮大榮里中和路４６號
10015,1001502,大榮里,18,中和路,,,,５０號,296695.488,2626945.359,花蓮縣鳳林鎮大榮里中和路５０號
10015,1001502,大榮里,18,中和路,,,,５２號,296630.719,2626943.602,花蓮縣鳳林鎮大榮里中和路５２號
10015,1001502,大榮里,15,中和路,,,,５３號,296634.15,2626955.64,花蓮縣鳳林鎮大榮里中和路５３號
10015,1001502,大榮里,18,中和路,,,,５４號,296643.405,2626940.185,花蓮縣鳳林鎮大榮里中和路５４號
10015,1001502,大榮里,18,中和路,,,,５６號,296659.611,2626974.347,花蓮縣鳳林鎮大榮里中和路５６號
10015,1001502,大榮里,18,中和路,,,,５６號之１,296665.253,2626953.394,花蓮縣鳳林鎮大榮里中和路５６號之１
10015,1001502,大榮里,18,中和路,,,,６１號,296648.504,2626913.234,花蓮縣鳳林鎮大榮里中和路６１號
10015,1001502,大榮里,19,中和路,,,,６６號,296467.293,2627034.031,花蓮縣鳳林鎮大榮里中和路６６號
10015,1001502,大榮里,19,中和路,,,,７１號,296292.302,2627021.708,花蓮縣鳳林鎮大榮里中和路７１號
10015,1001502,大榮里,19,中和路,,,,７１號之１,299447.531,2628510,花蓮縣鳳林鎮大榮里中和路７１號之１
10015,1001502,大榮里,19,中和路,,,,７２號,296474.598,2627115.121,花蓮縣鳳林鎮大榮里中和路７２號
10015,1001502,大榮里,19,中和路,,,,７２號之６,296456.198,2627277.768,花蓮縣鳳林鎮大榮里中和路７２號之６
10015,1001502,大榮里,19,中和路,,,,８０號之１,296391.516,2627046.82,花蓮縣鳳林鎮大榮里中和路８０號之１
10015,1001502,大榮里,19,中和路,,,,８０號,296374.064,2627051.931,花蓮縣鳳林鎮大榮里中和路８０號
10015,1001502,大榮里,19,信義路,,,,１０６之１號,296126.93,2626783.41,花蓮縣鳳林鎮大榮里信義路１０６之１號
10015,1001502,大榮里,19,信義路,,,,１９８號,296186.72,2626940.01,花蓮縣鳳林鎮大榮里信義路１９８號
10015,1001502,大榮里,19,信義路,,,,２００號,296213.568,2626998.966,花蓮縣鳳林鎮大榮里信義路２００號
10015,1001502,大榮里,19,信義路,,,,２１２號,296239.267,2627047.391,花蓮縣鳳林鎮大榮里信義路２１２號
10015,1001502,大榮里,19,信義路,,,,２１６號,296246.43,2627095.063,花蓮縣鳳林鎮大榮里信義路２１６號
10015,1001502,大榮里,19,信義路,,,,２４６號,296296.865,2627327.972,花蓮縣鳳林鎮大榮里信義路２４６號
10015,1001502,大榮里,19,公正東街,,,,１３號,296356.165,2626702.331,花蓮縣鳳林鎮大榮里公正東街１３號
10015,1001502,大榮里,19,公正東街,,,,４２號,296235.304,2626818.217,花蓮縣鳳林鎮大榮里公正東街４２號
10015,1001502,大榮里,19,公正東街,,,,５３之１號,296221.215,2626767.615,花蓮縣鳳林鎮大榮里公正東街５３之１號
10015,1001502,大榮里,19,公正東街,,,,６５號,296224.179,2626735.922,花蓮縣鳳林鎮大榮里公正東街６５號
10015,1001502,大榮里,19,公正東街,,,,６９之６號,296317.788,2626729.251,花蓮縣鳳林鎮大榮里公正東街６９之６號
10015,1001502,大榮里,19,公正街,,,,２號,296393.434,2626733.763,花蓮縣鳳林鎮大榮里公正街２號
10015,1001502,大榮里,13,大仁路,,,,５號,296931.41,2627039.33,花蓮縣鳳林鎮大榮里大仁路５號
10015,1001502,大榮里,20,大仁路,,,,７號,296842.545,2627071.083,花蓮縣鳳林鎮大榮里大仁路７號
10015,1001502,大榮里,12,大仁路,,,,９號,296905.875,2627103.75,花蓮縣鳳林鎮大榮里大仁路９號
10015,1001502,大榮里,12,大仁路,,,,１０號,297677.062,2626981.25,花蓮縣鳳林鎮大榮里大仁路１０號
10015,1001502,大榮里,20,大仁路,,,,１１號,296724.3,2627120.515,花蓮縣鳳林鎮大榮里大仁路１１號
10015,1001502,大榮里,20,大仁路,,,,１２號,296772.505,2627389.464,花蓮縣鳳林鎮大榮里大仁路１２號
10015,1001502,大榮里,20,大仁路,,,,１３號,296646.664,2627193.545,花蓮縣鳳林鎮大榮里大仁路１３號
10015,1001502,大榮里,12,大仁路,,,,１５號,297002.56,2627257.963,花蓮縣鳳林鎮大榮里大仁路１５號
10015,1001502,大榮里,20,大仁路,,,,１６號,296698.804,2627041.029,花蓮縣鳳林鎮大榮里大仁路１６號
10015,1001502,大榮里,12,大仁路,,,,１７號,297006.017,2627256.812,花蓮縣鳳林鎮大榮里大仁路１７號
10015,1001502,大榮里,12,大仁路,,,,１９號,297009.474,2627255.66,花蓮縣鳳林鎮大榮里大仁路１９號
10015,1001502,大榮里,20,大仁路,,,,２０號,296694.179,2627401.671,花蓮縣鳳林鎮大榮里大仁路２０號
10015,1001502,大榮里,20,大仁路,,,,２０號之１,296705.313,2627430.44,花蓮縣鳳林鎮大榮里大仁路２０號之１
10015,1001502,大榮里,20,大仁路,,,,２０號之２,296706.974,2627434.859,花蓮縣鳳林鎮大榮里大仁路２０號之２
10015,1001502,大榮里,20,大仁路,,,,２０號之３,296717.909,2627455.509,花蓮縣鳳林鎮大榮里大仁路２０號之３
10015,1001502,大榮里,12,大仁路,,,,２１號,297012.931,2627254.509,花蓮縣鳳林鎮大榮里大仁路２１號
10015,1001502,大榮里,12,大仁路,,２３巷,,１號,297017.623,2627231.67,花蓮縣鳳林鎮大榮里大仁路２３巷１號
10015,1001502,大榮里,12,大仁路,,２３巷,,２號,297006.834,2627236.073,花蓮縣鳳林鎮大榮里大仁路２３巷２號
10015,1001502,大榮里,12,大仁路,,２３巷,,３號,297016.167,2627227.836,花蓮縣鳳林鎮大榮里大仁路２３巷３號
10015,1001502,大榮里,12,大仁路,,２３巷,,４號,297005.387,2627232.277,花蓮縣鳳林鎮大榮里大仁路２３巷４號
10015,1001502,大榮里,12,大仁路,,２３巷,,５號,297014.711,2627224.002,花蓮縣鳳林鎮大榮里大仁路２３巷５號
10015,1001502,大榮里,12,大仁路,,２３巷,,６號,297003.939,2627228.48,花蓮縣鳳林鎮大榮里大仁路２３巷６號
10015,1001502,大榮里,12,大仁路,,２３巷,,７號,297013.254,2627220.168,花蓮縣鳳林鎮大榮里大仁路２３巷７號
10015,1001502,大榮里,12,大仁路,,２３巷,,８號,297002.491,2627224.683,花蓮縣鳳林鎮大榮里大仁路２３巷８號
10015,1001502,大榮里,12,大仁路,,２３巷,,９號,297011.798,2627216.334,花蓮縣鳳林鎮大榮里大仁路２３巷９號
10015,1001502,大榮里,12,大仁路,,２３巷,,１０號,297001.044,2627220.886,花蓮縣鳳林鎮大榮里大仁路２３巷１０號
10015,1001502,大榮里,12,大仁路,,２３巷,,１１號,297010.342,2627212.499,花蓮縣鳳林鎮大榮里大仁路２３巷１１號
10015,1001502,大榮里,12,大仁路,,２３巷,,１２號,296999.596,2627217.089,花蓮縣鳳林鎮大榮里大仁路２３巷１２號
10015,1001502,大榮里,12,大仁路,,２３巷,,１３號,297008.886,2627208.665,花蓮縣鳳林鎮大榮里大仁路２３巷１３號
10015,1001502,大榮里,12,大仁路,,２３巷,,１４號,296998.149,2627213.292,花蓮縣鳳林鎮大榮里大仁路２３巷１４號
10015,1001502,大榮里,12,大仁路,,２３巷,,１５號,297007.429,2627204.831,花蓮縣鳳林鎮大榮里大仁路２３巷１５號
10015,1001502,大榮里,12,大仁路,,２３巷,,１６號,296996.701,2627209.495,花蓮縣鳳林鎮大榮里大仁路２３巷１６號
10015,1001502,大榮里,12,大仁路,,２３巷,,１７號,297005.973,2627200.997,花蓮縣鳳林鎮大榮里大仁路２３巷１７號
10015,1001502,大榮里,12,大仁路,,２３巷,,１８號,296995.253,2627205.698,花蓮縣鳳林鎮大榮里大仁路２３巷１８號
10015,1001502,大榮里,12,大仁路,,２３巷,,１９號,297004.517,2627197.163,花蓮縣鳳林鎮大榮里大仁路２３巷１９號
10015,1001502,大榮里,12,大仁路,,２３巷,,２０號,296993.806,2627201.901,花蓮縣鳳林鎮大榮里大仁路２３巷２０號
10015,1001502,大榮里,12,大仁路,,２３巷,,２１號,297003.06,2627193.329,花蓮縣鳳林鎮大榮里大仁路２３巷２１號
10015,1001502,大榮里,12,大仁路,,２３巷,,２２號,296992.358,2627198.104,花蓮縣鳳林鎮大榮里大仁路２３巷２２號
10015,1001502,大榮里,12,大仁路,,２３巷,,２３號,297001.604,2627189.495,花蓮縣鳳林鎮大榮里大仁路２３巷２３號
10015,1001502,大榮里,12,大仁路,,２３巷,,２４號,296990.91,2627194.307,花蓮縣鳳林鎮大榮里大仁路２３巷２４號
10015,1001502,大榮里,12,大仁路,,２３巷,,２５號,297000.148,2627185.661,花蓮縣鳳林鎮大榮里大仁路２３巷２５號
10015,1001502,大榮里,12,大仁路,,２３巷,,２６號,296989.463,2627190.511,花蓮縣鳳林鎮大榮里大仁路２３巷２６號
10015,1001502,大榮里,12,大仁路,,２３巷,,２７號,296998.691,2627181.827,花蓮縣鳳林鎮大榮里大仁路２３巷２７號
10015,1001502,大榮里,12,大仁路,,２３巷,,２８號,296988,2627182,花蓮縣鳳林鎮大榮里大仁路２３巷２８號
10015,1001502,大榮里,12,大仁路,,２３巷,,２９號,296997.235,2627177.992,花蓮縣鳳林鎮大榮里大仁路２３巷２９號
10015,1001502,大榮里,12,大仁路,,２３巷,,３０號,296986.568,2627182.917,花蓮縣鳳林鎮大榮里大仁路２３巷３０號
10015,1001502,大榮里,12,大仁路,,２３巷,,３１號,296995.779,2627174.158,花蓮縣鳳林鎮大榮里大仁路２３巷３１號
10015,1001502,大榮里,12,大仁路,,２３巷,,３２號,296985.125,2627179,花蓮縣鳳林鎮大榮里大仁路２３巷３２號
10015,1001502,大榮里,12,大仁路,,２３巷,,３３號,296994.323,2627170.324,花蓮縣鳳林鎮大榮里大仁路２３巷３３號
10015,1001502,大榮里,12,大仁路,,２３巷,,３４號,296983.672,2627175.323,花蓮縣鳳林鎮大榮里大仁路２３巷３４號
10015,1001502,大榮里,12,大仁路,,２３巷,,３５號,296992.866,2627166.49,花蓮縣鳳林鎮大榮里大仁路２３巷３５號
10015,1001502,大榮里,12,大仁路,,２３巷,,３６號,296982.225,2627171.526,花蓮縣鳳林鎮大榮里大仁路２３巷３６號
10015,1001502,大榮里,12,大仁路,,２３巷,,３７號,296991.41,2627162.656,花蓮縣鳳林鎮大榮里大仁路２３巷３７號
10015,1001502,大榮里,12,大仁路,,２３巷,,３８號,296980.777,2627167.729,花蓮縣鳳林鎮大榮里大仁路２３巷３８號
10015,1001502,大榮里,12,大仁路,,２３巷,,３９號,296989.954,2627158.822,花蓮縣鳳林鎮大榮里大仁路２３巷３９號
10015,1001502,大榮里,12,大仁路,,２３巷,,４０號,296979.329,2627163.932,花蓮縣鳳林鎮大榮里大仁路２３巷４０號
10015,1001502,大榮里,12,大仁路,,,,２５號,297023.631,2627249.772,花蓮縣鳳林鎮大榮里大仁路２５號
10015,1001502,大榮里,12,大仁路,,,,２７號,297027.05,2627248.679,花蓮縣鳳林鎮大榮里大仁路２７號
10015,1001502,大榮里,12,大仁路,,,,２９號,297030.468,2627247.587,花蓮縣鳳林鎮大榮里大仁路２９號
10015,1001502,大榮里,20,大仁路,,,,３０號,296628.352,2627446.803,花蓮縣鳳林鎮大榮里大仁路３０號
10015,1001502,大榮里,12,大仁路,,,,３１號,297033.886,2627246.493,花蓮縣鳳林鎮大榮里大仁路３１號
10015,1001502,大榮里,12,大仁路,,,,３６號,297954.9,2621244.11,花蓮縣鳳林鎮大榮里大仁路３６號
10015,1001502,大榮里,20,大忠路,,,,１號,297080.214,2627661.595,花蓮縣鳳林鎮大榮里大忠路１號
10015,1001502,大榮里,20,大忠路,,,,３之７號,297085.68,2627850.4,花蓮縣鳳林鎮大榮里大忠路３之７號
10015,1001502,大榮里,20,大忠路,,,,３號,297176.03,2627799.9,花蓮縣鳳林鎮大榮里大忠路３號
10015,1001502,大榮里,20,大忠路,,,,５號,297267.691,2627898.636,花蓮縣鳳林鎮大榮里大忠路５號
10015,1001502,大榮里,10,大忠路,,,,６號,297608.918,2627740.23,花蓮縣鳳林鎮大榮里大忠路６號
10015,1001502,大榮里,10,大忠路,,,,１０號,297649.641,2627729.653,花蓮縣鳳林鎮大榮里大忠路１０號
10015,1001502,大榮里,9,大忠路,,,,１４號,297872.108,2627628.319,花蓮縣鳳林鎮大榮里大忠路１４號
10015,1001502,大榮里,10,大忠路,,,,１５號,297607.037,2627774.939,花蓮縣鳳林鎮大榮里大忠路１５號
10015,1001502,大榮里,8,大忠路,,１６巷,,１號,297900.497,2627599.829,花蓮縣鳳林鎮大榮里大忠路１６巷１號
10015,1001502,大榮里,8,大忠路,,１６巷,,２號,297889.897,2627539.203,花蓮縣鳳林鎮大榮里大忠路１６巷２號
10015,1001502,大榮里,8,大忠路,,１６巷,,３號,297924.862,2627574.106,花蓮縣鳳林鎮大榮里大忠路１６巷３號
10015,1001502,大榮里,8,大忠路,,１６巷,,５號,297939.749,2627568.956,花蓮縣鳳林鎮大榮里大忠路１６巷５號
10015,1001502,大榮里,8,大忠路,,１６巷,,６號,297907.318,2627541.273,花蓮縣鳳林鎮大榮里大忠路１６巷６號
10015,1001502,大榮里,8,大忠路,,１６巷,,６號之１,297915.743,2627556.243,花蓮縣鳳林鎮大榮里大忠路１６巷６號之１
10015,1001502,大榮里,8,大忠路,,１６巷,,７號,297950.002,2627559.546,花蓮縣鳳林鎮大榮里大忠路１６巷７號
10015,1001502,大榮里,8,大忠路,,１６巷,,９號,297937.401,2627583.537,花蓮縣鳳林鎮大榮里大忠路１６巷９號
10015,1001502,大榮里,8,大忠路,,１６巷,,１１號,297948.414,2627542.869,花蓮縣鳳林鎮大榮里大忠路１６巷１１號
10015,1001502,大榮里,5,大忠路,,,,１７之１號,297765.406,2627713.75,花蓮縣鳳林鎮大榮里大忠路１７之１號
10015,1001502,大榮里,8,大忠路,,,,１８號,297912.457,2627630.385,花蓮縣鳳林鎮大榮里大忠路１８號
10015,1001502,大榮里,8,大忠路,,,,１８號之１,297897.654,2627636.275,花蓮縣鳳林鎮大榮里大忠路１８號之１
10015,1001502,大榮里,5,大忠路,,,,２１號,297804.906,2627708.75,花蓮縣鳳林鎮大榮里大忠路２１號
10015,1001502,大榮里,8,大忠路,,,,２２號,297922.624,2627610.994,花蓮縣鳳林鎮大榮里大忠路２２號
10015,1001502,大榮里,8,大忠路,,,,２４號,297971.708,2627605.462,花蓮縣鳳林鎮大榮里大忠路２４號
10015,1001502,大榮里,7,大忠路,,,,２５號,297903.059,2627651.205,花蓮縣鳳林鎮大榮里大忠路２５號
10015,1001502,大榮里,7,大忠路,,,,２５號之１,297907.68,2627649.384,花蓮縣鳳林鎮大榮里大忠路２５號之１
10015,1001502,大榮里,7,大忠路,,,,２５號之２,297912.373,2627647.285,花蓮縣鳳林鎮大榮里大忠路２５號之２
10015,1001502,大榮里,7,大忠路,,,,２５號之３,297918.728,2627645.231,花蓮縣鳳林鎮大榮里大忠路２５號之３
10015,1001502,大榮里,7,大忠路,,,,２７號,297927.769,2627643.144,花蓮縣鳳林鎮大榮里大忠路２７號
10015,1001502,大榮里,8,大忠路,,,,２８號,297974.073,2627576.319,花蓮縣鳳林鎮大榮里大忠路２８號
10015,1001502,大榮里,8,大忠路,,,,２８之２號,297978.156,2627581.5,花蓮縣鳳林鎮大榮里大忠路２８之２號
10015,1001502,大榮里,8,大忠路,,,,２８號之１,297983.335,2627600.701,花蓮縣鳳林鎮大榮里大忠路２８號之１
10015,1001502,大榮里,8,大忠路,,３０巷,,５號,297993.663,2627561.523,花蓮縣鳳林鎮大榮里大忠路３０巷５號
10015,1001502,大榮里,8,大忠路,,３０巷,,７號,297990.205,2627553.578,花蓮縣鳳林鎮大榮里大忠路３０巷７號
10015,1001502,大榮里,8,大忠路,,３０巷,,９號,297997.999,2627548.615,花蓮縣鳳林鎮大榮里大忠路３０巷９號
10015,1001502,大榮里,8,大忠路,,３０巷,,１１號,298023.343,2627532.979,花蓮縣鳳林鎮大榮里大忠路３０巷１１號
10015,1001502,大榮里,8,大忠路,,３０巷,,１１之１號,298035.82,2627507.79,花蓮縣鳳林鎮大榮里大忠路３０巷１１之１號
10015,1001502,大榮里,8,大忠路,,３０巷,,１３號,298010.23,2627503,花蓮縣鳳林鎮大榮里大忠路３０巷１３號
10015,1001502,大榮里,8,大忠路,,３０巷,,１５號,297984.321,2627534.756,花蓮縣鳳林鎮大榮里大忠路３０巷１５號
10015,1001502,大榮里,7,大忠路,,３１巷,,５號,297951.698,2627642.285,花蓮縣鳳林鎮大榮里大忠路３１巷５號
10015,1001502,大榮里,7,大忠路,,３１巷,,６號,297988.504,2627643.375,花蓮縣鳳林鎮大榮里大忠路３１巷６號
10015,1001502,大榮里,7,大忠路,,３１巷,,９號,297956.233,2627650.973,花蓮縣鳳林鎮大榮里大忠路３１巷９號
10015,1001502,大榮里,6,大忠路,,３１巷,,１０號,297995.514,2627664.12,花蓮縣鳳林鎮大榮里大忠路３１巷１０號
10015,1001502,大榮里,6,大忠路,,３１巷,,１１號,297962.127,2627669.366,花蓮縣鳳林鎮大榮里大忠路３１巷１１號
10015,1001502,大榮里,6,大忠路,,３１巷,,１２號,297991.132,2627680.488,花蓮縣鳳林鎮大榮里大忠路３１巷１２號
10015,1001502,大榮里,6,大忠路,,３１巷,,１３號,297965.335,2627678.34,花蓮縣鳳林鎮大榮里大忠路３１巷１３號
10015,1001502,大榮里,6,大忠路,,３１巷,,１４號,297994.741,2627688.156,花蓮縣鳳林鎮大榮里大忠路３１巷１４號
10015,1001502,大榮里,6,大忠路,,３１巷,,１５號,297923.682,2627692.551,花蓮縣鳳林鎮大榮里大忠路３１巷１５號
10015,1001502,大榮里,6,大忠路,,３１巷,,１５號之１,297943.841,2627685.518,花蓮縣鳳林鎮大榮里大忠路３１巷１５號之１
10015,1001502,大榮里,6,大忠路,,３１巷,,１６號,297997.972,2627696.419,花蓮縣鳳林鎮大榮里大忠路３１巷１６號
10015,1001502,大榮里,6,大忠路,,３１巷,,１９號,297978.171,2627689.316,花蓮縣鳳林鎮大榮里大忠路３１巷１９號
10015,1001502,大榮里,6,大忠路,,３１巷,,２０號,298007.811,2627716.935,花蓮縣鳳林鎮大榮里大忠路３１巷２０號
10015,1001502,大榮里,6,大忠路,,３１巷,,２１號,297979.994,2627720.175,花蓮縣鳳林鎮大榮里大忠路３１巷２１號
10015,1001502,大榮里,8,大忠路,,,,３２號,297993.469,2627583.104,花蓮縣鳳林鎮大榮里大忠路３２號
10015,1001502,大榮里,8,大忠路,,,,３４號,298019.862,2627590.373,花蓮縣鳳林鎮大榮里大忠路３４號
10015,1001502,大榮里,7,大忠路,,３５巷,,１號,297995.434,2627629.42,花蓮縣鳳林鎮大榮里大忠路３５巷１號
10015,1001502,大榮里,7,大忠路,,３５巷,,２號,298017.958,2627613.024,花蓮縣鳳林鎮大榮里大忠路３５巷２號
10015,1001502,大榮里,7,大忠路,,３５巷,,２之１號,298022.211,2627621.949,花蓮縣鳳林鎮大榮里大忠路３５巷２之１號
10015,1001502,大榮里,7,大忠路,,３５巷,,２之２號,298033.65,2627607.42,花蓮縣鳳林鎮大榮里大忠路３５巷２之２號
10015,1001502,大榮里,7,大忠路,,３５巷,,３號,297991.952,2627618.863,花蓮縣鳳林鎮大榮里大忠路３５巷３號
10015,1001502,大榮里,7,大忠路,,３５巷,,４號,298024.993,2627627.257,花蓮縣鳳林鎮大榮里大忠路３５巷４號
10015,1001502,大榮里,7,大忠路,,３５巷,,５號,298002.451,2627642.042,花蓮縣鳳林鎮大榮里大忠路３５巷５號
10015,1001502,大榮里,7,大忠路,,３５巷,,６號,298027.523,2627632.65,花蓮縣鳳林鎮大榮里大忠路３５巷６號
10015,1001502,大榮里,6,大忠路,,３５巷,,７號,298004.289,2627655.466,花蓮縣鳳林鎮大榮里大忠路３５巷７號
10015,1001502,大榮里,6,大忠路,,３５巷,,８號,298026.075,2627644.701,花蓮縣鳳林鎮大榮里大忠路３５巷８號
10015,1001502,大榮里,6,大忠路,,３５巷,,９號,298010.563,2627666.578,花蓮縣鳳林鎮大榮里大忠路３５巷９號
10015,1001502,大榮里,6,大忠路,,３５巷,,１１號,298012.448,2627671.153,花蓮縣鳳林鎮大榮里大忠路３５巷１１號
10015,1001502,大榮里,6,大忠路,,３５巷,,１２號,298033.51,2627658.874,花蓮縣鳳林鎮大榮里大忠路３５巷１２號
10015,1001502,大榮里,6,大忠路,,３５巷,,１３號,298019.543,2627682.825,花蓮縣鳳林鎮大榮里大忠路３５巷１３號
10015,1001502,大榮里,6,大忠路,,３５巷,,１５號,298022.157,2627692.692,花蓮縣鳳林鎮大榮里大忠路３５巷１５號
10015,1001502,大榮里,6,大忠路,,３５巷,,１８號,298048.837,2627692.582,花蓮縣鳳林鎮大榮里大忠路３５巷１８號
10015,1001502,大榮里,6,大忠路,,３５巷,,１８號之１,298020.56,2627700.49,花蓮縣鳳林鎮大榮里大忠路３５巷１８號之１
10015,1001502,大榮里,6,大忠路,,３５巷,,１９號,298024.937,2627705.512,花蓮縣鳳林鎮大榮里大忠路３５巷１９號
10015,1001502,大榮里,1,大忠路,,,,３５號,299428.299,2628035.407,花蓮縣鳳林鎮大榮里大忠路３５號
10015,1001502,大榮里,8,大忠路,,,,３６號,298040.973,2627582.455,花蓮縣鳳林鎮大榮里大忠路３６號
10015,1001502,大榮里,7,大忠路,,,,３７號,298172.123,2627567.985,花蓮縣鳳林鎮大榮里大忠路３７號
10015,1001502,大榮里,7,大忠路,,,,３７之１號,298098.16,2627580.82,花蓮縣鳳林鎮大榮里大忠路３７之１號
10015,1001502,大榮里,7,大忠路,,,,３８之３號,298609.84,2627385.54,花蓮縣鳳林鎮大榮里大忠路３８之３號
10015,1001502,大榮里,8,大忠路,,,,３８之１號,298698.88,2627335.597,花蓮縣鳳林鎮大榮里大忠路３８之１號
10015,1001502,大榮里,8,大忠路,,,,３８之１２號,298100.875,2627431.25,花蓮縣鳳林鎮大榮里大忠路３８之１２號
10015,1001502,大榮里,8,大忠路,,,,３８之１０號,298085.814,2627436.959,花蓮縣鳳林鎮大榮里大忠路３８之１０號
10015,1001502,大榮里,8,大忠路,,,,３８號,298059.82,2627569.265,花蓮縣鳳林鎮大榮里大忠路３８號
10015,1001502,大榮里,7,大忠路,,,,３９號,298229.337,2627549.025,花蓮縣鳳林鎮大榮里大忠路３９號
10015,1001502,大榮里,1,大忠路,,,,４０號,299372.24,2627543.743,花蓮縣鳳林鎮大榮里大忠路４０號
10015,1001502,大榮里,7,大忠路,,４１巷,,５號,298059.738,2627613.55,花蓮縣鳳林鎮大榮里大忠路４１巷５號
10015,1001502,大榮里,6,大忠路,,４１巷,,７號,298067.162,2627629.094,花蓮縣鳳林鎮大榮里大忠路４１巷７號
10015,1001502,大榮里,6,大忠路,,４１巷,,９號,298076.993,2627647.583,花蓮縣鳳林鎮大榮里大忠路４１巷９號
10015,1001502,大榮里,6,大忠路,,４１巷,,１１號,298059.467,2627658.312,花蓮縣鳳林鎮大榮里大忠路４１巷１１號
10015,1001502,大榮里,6,大忠路,,４１巷,,１３號,298080.921,2627672.568,花蓮縣鳳林鎮大榮里大忠路４１巷１３號
10015,1001502,大榮里,6,大忠路,,４１巷,,１５號,298075.722,2627666.781,花蓮縣鳳林鎮大榮里大忠路４１巷１５號
10015,1001502,大榮里,1,大忠路,,,,４２號,299458.562,2627758.25,花蓮縣鳳林鎮大榮里大忠路４２號
10015,1001502,大榮里,7,大忠路,,,,４２之６號,298499.47,2627599.4,花蓮縣鳳林鎮大榮里大忠路４２之６號
10015,1001502,大榮里,1,大忠路,,,,４６號,299580.65,2627852.843,花蓮縣鳳林鎮大榮里大忠路４６號
10015,1001502,大榮里,7,大忠路,,,,４７號,298578.967,2627975.437,花蓮縣鳳林鎮大榮里大忠路４７號
10015,1001502,大榮里,1,大忠路,,,,４８號,298893.801,2627803.577,花蓮縣鳳林鎮大榮里大忠路４８號
10015,1001502,大榮里,1,大忠路,,,,４８號之１,298886,2627812,花蓮縣鳳林鎮大榮里大忠路４８號之１
10015,1001502,大榮里,1,大忠路,,,,４９之１號,298793.063,2627838.769,花蓮縣鳳林鎮大榮里大忠路４９之１號
10015,1001502,大榮里,1,大忠路,,,,５５號,299031.266,2628038.123,花蓮縣鳳林鎮大榮里大忠路５５號
10015,1001502,大榮里,1,大忠路,,,,５７號,299022.844,2628050.25,花蓮縣鳳林鎮大榮里大忠路５７號
10015,1001502,大榮里,1,大忠路,,,,５８號,299248.04,2627429.34,花蓮縣鳳林鎮大榮里大忠路５８號
10015,1001502,大榮里,1,大忠路,,,,５９號,299036.25,2628061,花蓮縣鳳林鎮大榮里大忠路５９號
10015,1001502,大榮里,1,大忠路,,,,６１號,299015.437,2628054.75,花蓮縣鳳林鎮大榮里大忠路６１號
10015,1001502,大榮里,1,大忠路,,,,６５號,299010.062,2628036.75,花蓮縣鳳林鎮大榮里大忠路６５號
10015,1001502,大榮里,1,大忠路,,,,６９之１號,299353.323,2628302.257,花蓮縣鳳林鎮大榮里大忠路６９之１號
10015,1001502,大榮里,1,大忠路,,,,６９號之７,299447.531,2628510,花蓮縣鳳林鎮大榮里大忠路６９號之７
10015,1001502,大榮里,1,大忠路,,,,７０號,299898.033,2628546.627,花蓮縣鳳林鎮大榮里大忠路７０號
10015,1001502,大榮里,1,大忠路,,,,７５之１號,299400.4,2628766.1,花蓮縣鳳林鎮大榮里大忠路７５之１號
10015,1001502,大榮里,1,大忠路,,,,８０號,300099.804,2629397.366,花蓮縣鳳林鎮大榮里大忠路８０號
10015,1001502,大榮里,3,大智路,,,,２之１號,297730.709,2627965.607,花蓮縣鳳林鎮大榮里大智路２之１號
10015,1001502,大榮里,5,大智路,,,,３號,297863.111,2627861.171,花蓮縣鳳林鎮大榮里大智路３號
10015,1001502,大榮里,3,大智路,,,,３號之１,297863,2627861,花蓮縣鳳林鎮大榮里大智路３號之１
10015,1001502,大榮里,5,大智路,,,,５號,297859.699,2627892.392,花蓮縣鳳林鎮大榮里大智路５號
10015,1001502,大榮里,4,大智路,,,,６號,297840.461,2627913.66,花蓮縣鳳林鎮大榮里大智路６號
10015,1001502,大榮里,4,大智路,,,,７號,297822.971,2627905.082,花蓮縣鳳林鎮大榮里大智路７號
10015,1001502,大榮里,4,大智路,,,,８號,297833.4,2627915.812,花蓮縣鳳林鎮大榮里大智路８號
10015,1001502,大榮里,4,大智路,,,,１０號,297841.344,2627934.449,花蓮縣鳳林鎮大榮里大智路１０號
10015,1001502,大榮里,4,大智路,,,,１２號,297849.567,2627931.443,花蓮縣鳳林鎮大榮里大智路１２號
10015,1001502,大榮里,4,大智路,,１８巷,,２號,297740.409,2627952.857,花蓮縣鳳林鎮大榮里大智路１８巷２號
10015,1001502,大榮里,4,大智路,,１８巷,,２號之１,297749.797,2627964.16,花蓮縣鳳林鎮大榮里大智路１８巷２號之１
10015,1001502,大榮里,4,大智路,,１８巷,,４號,297748.376,2627975.294,花蓮縣鳳林鎮大榮里大智路１８巷４號
10015,1001502,大榮里,3,大智路,,１８巷,,６號,297753.662,2627986.984,花蓮縣鳳林鎮大榮里大智路１８巷６號
10015,1001502,大榮里,3,大智路,,１８巷,,８號,297758.256,2627996.73,花蓮縣鳳林鎮大榮里大智路１８巷８號
10015,1001502,大榮里,3,大智路,,１８巷,,１２號,297770.363,2628026.342,花蓮縣鳳林鎮大榮里大智路１８巷１２號
10015,1001502,大榮里,3,大智路,,１８巷,,１４號,297775.202,2628036.146,花蓮縣鳳林鎮大榮里大智路１８巷１４號
10015,1001502,大榮里,3,大智路,,１８巷,,１６號,297778.697,2628049.98,花蓮縣鳳林鎮大榮里大智路１８巷１６號
10015,1001502,大榮里,4,大智路,,２４巷,,１號,297681.843,2627973.982,花蓮縣鳳林鎮大榮里大智路２４巷１號
10015,1001502,大榮里,4,大智路,,２４巷,,２號,297712.311,2627960.833,花蓮縣鳳林鎮大榮里大智路２４巷２號
10015,1001502,大榮里,3,大智路,,２４巷,,３號,297703.509,2628016.641,花蓮縣鳳林鎮大榮里大智路２４巷３號
10015,1001502,大榮里,3,大智路,,２４巷,,３號之１,297700.001,2628008.665,花蓮縣鳳林鎮大榮里大智路２４巷３號之１
10015,1001502,大榮里,4,大智路,,２４巷,,４號,297714.941,2627972.312,花蓮縣鳳林鎮大榮里大智路２４巷４號
10015,1001502,大榮里,3,大智路,,２４巷,,５號,297720.727,2628045.438,花蓮縣鳳林鎮大榮里大智路２４巷５號
10015,1001502,大榮里,3,大智路,,２４巷,,６號,297737.281,2628014.12,花蓮縣鳳林鎮大榮里大智路２４巷６號
10015,1001502,大榮里,3,大智路,,２４巷,,７號,297723.952,2628052.96,花蓮縣鳳林鎮大榮里大智路２４巷７號
10015,1001502,大榮里,3,大智路,,２４巷,,９號,297712.508,2628056.076,花蓮縣鳳林鎮大榮里大智路２４巷９號
10015,1001502,大榮里,4,大智路,,,,３０號,297658.968,2627989.079,花蓮縣鳳林鎮大榮里大智路３０號
10015,1001502,大榮里,4,大智路,,,,３２號,297639.729,2627991.43,花蓮縣鳳林鎮大榮里大智路３２號
10015,1001502,大榮里,12,大智路,,,,３３之１號,297606.28,2627976.31,花蓮縣鳳林鎮大榮里大智路３３之１號
10015,1001502,大榮里,19,大榮一路,,,,２號,296402.812,2626551.794,花蓮縣鳳林鎮大榮里大榮一路２號
10015,1001502,大榮里,19,大榮一路,,,,３號,296387.635,2626568.505,花蓮縣鳳林鎮大榮里大榮一路３號
10015,1001502,大榮里,19,大榮一路,,,,４號,296405.195,2626557.561,花蓮縣鳳林鎮大榮里大榮一路４號
10015,1001502,大榮里,19,大榮一路,,,,５號,296395.724,2626593.313,花蓮縣鳳林鎮大榮里大榮一路５號
10015,1001502,大榮里,19,大榮一路,,,,５之１號,296392.44,2626583.947,花蓮縣鳳林鎮大榮里大榮一路５之１號
10015,1001502,大榮里,19,大榮一路,,,,６號,296408.825,2626565.814,花蓮縣鳳林鎮大榮里大榮一路６號
10015,1001502,大榮里,19,大榮一路,,,,８號,296411.573,2626572.618,花蓮縣鳳林鎮大榮里大榮一路８號
10015,1001502,大榮里,19,大榮一路,,,,９號,296407.365,2626626.917,花蓮縣鳳林鎮大榮里大榮一路９號
10015,1001502,大榮里,19,大榮一路,,,,１１號,296417.366,2626642.74,花蓮縣鳳林鎮大榮里大榮一路１１號
10015,1001502,大榮里,19,大榮一路,,,,１２號,296432.068,2626575.939,花蓮縣鳳林鎮大榮里大榮一路１２號
10015,1001502,大榮里,19,大榮一路,,,,１３號,296404.865,2626660.395,花蓮縣鳳林鎮大榮里大榮一路１３號
10015,1001502,大榮里,19,大榮一路,,,,１５號,296419.366,2626673.054,花蓮縣鳳林鎮大榮里大榮一路１５號
10015,1001502,大榮里,19,大榮一路,,,,１６號,296433.406,2626639.25,花蓮縣鳳林鎮大榮里大榮一路１６號
10015,1001502,大榮里,19,大榮一路,,,,１８號,296443.173,2626650.836,花蓮縣鳳林鎮大榮里大榮一路１８號
10015,1001502,大榮里,19,大榮一路,,,,２０號,296456.86,2626691.225,花蓮縣鳳林鎮大榮里大榮一路２０號
10015,1001502,大榮里,19,大榮一路,,,,２２號,296467.808,2626716.846,花蓮縣鳳林鎮大榮里大榮一路２２號
10015,1001502,大榮里,19,大榮一路,,,,２４號,296489.745,2626750.075,花蓮縣鳳林鎮大榮里大榮一路２４號
10015,1001502,大榮里,19,大榮一路,,,,２６號,296518.563,2626733.156,花蓮縣鳳林鎮大榮里大榮一路２６號
10015,1001502,大榮里,19,大榮一路,,,,３０號,296492.565,2626785.304,花蓮縣鳳林鎮大榮里大榮一路３０號
10015,1001502,大榮里,19,大榮一路,,,,３２號之１,296510.494,2626771.206,花蓮縣鳳林鎮大榮里大榮一路３２號之１
10015,1001502,大榮里,19,大榮一路,,,,３６號,296520.554,2626798.367,花蓮縣鳳林鎮大榮里大榮一路３６號
10015,1001502,大榮里,19,大榮一路,,,,４０號,296512.408,2626832.882,花蓮縣鳳林鎮大榮里大榮一路４０號
10015,1001502,大榮里,19,大榮一路,,,,４６號,296529.109,2626849.019,花蓮縣鳳林鎮大榮里大榮一路４６號
10015,1001502,大榮里,17,大榮三路,,,,５號,296512.146,2626533.496,花蓮縣鳳林鎮大榮里大榮三路５號
10015,1001502,大榮里,17,大榮三路,,,,７號,296525.878,2626543.568,花蓮縣鳳林鎮大榮里大榮三路７號
10015,1001502,大榮里,17,大榮三路,,,,８號,296561.229,2626568.049,花蓮縣鳳林鎮大榮里大榮三路８號
10015,1001502,大榮里,17,大榮三路,,,,９號,296530.386,2626557.67,花蓮縣鳳林鎮大榮里大榮三路９號
10015,1001502,大榮里,17,大榮三路,,１０巷,,１號,296571.403,2626596.46,花蓮縣鳳林鎮大榮里大榮三路１０巷１號
10015,1001502,大榮里,17,大榮三路,,１０巷,,２號,296575.636,2626594.992,花蓮縣鳳林鎮大榮里大榮三路１０巷２號
10015,1001502,大榮里,17,大榮三路,,１０巷,,３號,296579.87,2626593.525,花蓮縣鳳林鎮大榮里大榮三路１０巷３號
10015,1001502,大榮里,17,大榮三路,,１０巷,,４號,296584.103,2626592.058,花蓮縣鳳林鎮大榮里大榮三路１０巷４號
10015,1001502,大榮里,17,大榮三路,,１０巷,,５號,296588.336,2626590.591,花蓮縣鳳林鎮大榮里大榮三路１０巷５號
10015,1001502,大榮里,17,大榮三路,,１０巷,,６號,296592.569,2626589.124,花蓮縣鳳林鎮大榮里大榮三路１０巷６號
10015,1001502,大榮里,17,大榮三路,,,,１１號,296529.075,2626590.826,花蓮縣鳳林鎮大榮里大榮三路１１號
10015,1001502,大榮里,17,大榮三路,,,,１３號,296560.639,2626622.098,花蓮縣鳳林鎮大榮里大榮三路１３號
10015,1001502,大榮里,17,大榮三路,,,,１５號,296568.492,2626663.951,花蓮縣鳳林鎮大榮里大榮三路１５號
10015,1001502,大榮里,17,大榮三路,,,,１６號,296608.108,2626673.021,花蓮縣鳳林鎮大榮里大榮三路１６號
10015,1001502,大榮里,17,大榮三路,,,,１７號,296574.234,2626678.317,花蓮縣鳳林鎮大榮里大榮三路１７號
10015,1001502,大榮里,17,大榮三路,,,,１８號,296619.924,2626682.505,花蓮縣鳳林鎮大榮里大榮三路１８號
10015,1001502,大榮里,17,大榮三路,,,,１９號,296581.641,2626693.398,花蓮縣鳳林鎮大榮里大榮三路１９號
10015,1001502,大榮里,17,大榮三路,,,,２０號,296611.6,2626698.782,花蓮縣鳳林鎮大榮里大榮三路２０號
10015,1001502,大榮里,17,大榮三路,,,,２１號,296586.825,2626714.705,花蓮縣鳳林鎮大榮里大榮三路２１號
10015,1001502,大榮里,17,大榮三路,,,,２２號,296620.238,2626711.553,花蓮縣鳳林鎮大榮里大榮三路２２號
10015,1001502,大榮里,17,大榮三路,,,,２３號,296588.501,2626723.247,花蓮縣鳳林鎮大榮里大榮三路２３號
10015,1001502,大榮里,17,大榮三路,,,,２７號,296598.85,2626751.08,花蓮縣鳳林鎮大榮里大榮三路２７號
10015,1001502,大榮里,17,大榮三路,,,,２９號,296618.126,2626777.778,花蓮縣鳳林鎮大榮里大榮三路２９號
10015,1001502,大榮里,17,大榮三路,,,,３０號,296637.858,2626771.93,花蓮縣鳳林鎮大榮里大榮三路３０號
10015,1001502,大榮里,17,大榮三路,,,,３１號,296621.867,2626791.069,花蓮縣鳳林鎮大榮里大榮三路３１號
10015,1001502,大榮里,17,大榮三路,,,,３２之１號,296661.26,2626771.598,花蓮縣鳳林鎮大榮里大榮三路３２之１號
10015,1001502,大榮里,17,大榮三路,,,,３２號,296648.484,2626768.362,花蓮縣鳳林鎮大榮里大榮三路３２號
10015,1001502,大榮里,17,大榮三路,,,,３４號,296647.831,2626782.532,花蓮縣鳳林鎮大榮里大榮三路３４號
10015,1001502,大榮里,17,大榮三路,,,,３５號,296638.339,2626841.822,花蓮縣鳳林鎮大榮里大榮三路３５號
10015,1001502,大榮里,17,大榮三路,,,,３６號,296645.301,2626797.834,花蓮縣鳳林鎮大榮里大榮三路３６號
10015,1001502,大榮里,17,大榮三路,,,,３７號,296647.315,2626864.013,花蓮縣鳳林鎮大榮里大榮三路３７號
10015,1001502,大榮里,17,大榮三路,,,,３８號,296647.094,2626804.813,花蓮縣鳳林鎮大榮里大榮三路３８號
10015,1001502,大榮里,17,大榮三路,,,,３９號,296655.543,2626883.213,花蓮縣鳳林鎮大榮里大榮三路３９號
10015,1001502,大榮里,17,大榮三路,,,,４０號,296661.108,2626801.261,花蓮縣鳳林鎮大榮里大榮三路４０號
10015,1001502,大榮里,17,大榮三路,,,,４１號,296659.594,2626898.502,花蓮縣鳳林鎮大榮里大榮三路４１號
10015,1001502,大榮里,17,大榮三路,,,,４２號,296664.806,2626820.942,花蓮縣鳳林鎮大榮里大榮三路４２號
10015,1001502,大榮里,17,大榮三路,,,,４４號,296668.015,2626829.241,花蓮縣鳳林鎮大榮里大榮三路４４號
10015,1001502,大榮里,17,大榮三路,,,,４６號,296665.488,2626841.493,花蓮縣鳳林鎮大榮里大榮三路４６號
10015,1001502,大榮里,17,大榮三路,,,,４８號,296667.9,2626847.839,花蓮縣鳳林鎮大榮里大榮三路４８號
10015,1001502,大榮里,17,大榮三路,,５０巷,,１號,296678.891,2626883.675,花蓮縣鳳林鎮大榮里大榮三路５０巷１號
10015,1001502,大榮里,17,大榮三路,,５０巷,,２號,296669.792,2626862.167,花蓮縣鳳林鎮大榮里大榮三路５０巷２號
10015,1001502,大榮里,17,大榮三路,,５０巷,,３號,296683.19,2626882.033,花蓮縣鳳林鎮大榮里大榮三路５０巷３號
10015,1001502,大榮里,17,大榮三路,,５０巷,,５號,296687.488,2626880.391,花蓮縣鳳林鎮大榮里大榮三路５０巷５號
10015,1001502,大榮里,17,大榮三路,,５０巷,,６號,296674.026,2626860.766,花蓮縣鳳林鎮大榮里大榮三路５０巷６號
10015,1001502,大榮里,17,大榮三路,,５０巷,,７號,296691.787,2626878.748,花蓮縣鳳林鎮大榮里大榮三路５０巷７號
10015,1001502,大榮里,17,大榮三路,,５０巷,,８號,296678.836,2626858.933,花蓮縣鳳林鎮大榮里大榮三路５０巷８號
10015,1001502,大榮里,17,大榮三路,,５０巷,,９號,296696.086,2626877.106,花蓮縣鳳林鎮大榮里大榮三路５０巷９號
10015,1001502,大榮里,17,大榮三路,,５０巷,,１０號,296683.119,2626857.015,花蓮縣鳳林鎮大榮里大榮三路５０巷１０號
10015,1001502,大榮里,17,大榮三路,,５０巷,,１１號,296700.384,2626875.463,花蓮縣鳳林鎮大榮里大榮三路５０巷１１號
10015,1001502,大榮里,17,大榮三路,,５０巷,,１２號,296688.602,2626854.92,花蓮縣鳳林鎮大榮里大榮三路５０巷１２號
10015,1001502,大榮里,17,大榮三路,,５０巷,,１６號,296693.946,2626852.638,花蓮縣鳳林鎮大榮里大榮三路５０巷１６號
10015,1001502,大榮里,18,大榮二路,,,,４號,296484.193,2626551.59,花蓮縣鳳林鎮大榮里大榮二路４號
10015,1001502,大榮里,18,大榮二路,,５巷,,１號,296473.812,2626583.683,花蓮縣鳳林鎮大榮里大榮二路５巷１號
10015,1001502,大榮里,18,大榮二路,,５巷,,３號,296467.123,2626586.081,花蓮縣鳳林鎮大榮里大榮二路５巷３號
10015,1001502,大榮里,18,大榮二路,,５巷,,５號,296456.644,2626590.24,花蓮縣鳳林鎮大榮里大榮二路５巷５號
10015,1001502,大榮里,18,大榮二路,,５巷,,７號,296462.172,2626587.994,花蓮縣鳳林鎮大榮里大榮二路５巷７號
10015,1001502,大榮里,18,大榮二路,,５巷,,９號,296451.215,2626592.784,花蓮縣鳳林鎮大榮里大榮二路５巷９號
10015,1001502,大榮里,18,大榮二路,,５巷,,１０號,296455.872,2626616.466,花蓮縣鳳林鎮大榮里大榮二路５巷１０號
10015,1001502,大榮里,18,大榮二路,,５巷,,１１號,296445.505,2626594.937,花蓮縣鳳林鎮大榮里大榮二路５巷１１號
10015,1001502,大榮里,18,大榮二路,,５巷,,１３號,296440.365,2626596.805,花蓮縣鳳林鎮大榮里大榮二路５巷１３號
10015,1001502,大榮里,18,大榮二路,,５巷,,１５號,296434.085,2626599.244,花蓮縣鳳林鎮大榮里大榮二路５巷１５號
10015,1001502,大榮里,18,大榮二路,,５巷,,１７號,296428.375,2626601.397,花蓮縣鳳林鎮大榮里大榮二路５巷１７號
10015,1001502,大榮里,18,大榮二路,,５巷,,１９號,296422.665,2626603.549,花蓮縣鳳林鎮大榮里大榮二路５巷１９號
10015,1001502,大榮里,18,大榮二路,,,,６號,296495.428,2626550.797,花蓮縣鳳林鎮大榮里大榮二路６號
10015,1001502,大榮里,18,大榮二路,,,,７號,296477.51,2626602.49,花蓮縣鳳林鎮大榮里大榮二路７號
10015,1001502,大榮里,18,大榮二路,,,,１０號,296489.624,2626581.912,花蓮縣鳳林鎮大榮里大榮二路１０號
10015,1001502,大榮里,18,大榮二路,,,,１１號,296496.75,2626645.73,花蓮縣鳳林鎮大榮里大榮二路１１號
10015,1001502,大榮里,18,大榮二路,,,,１２號,296494.251,2626594.724,花蓮縣鳳林鎮大榮里大榮二路１２號
10015,1001502,大榮里,18,大榮二路,,,,１５號,296510.673,2626681.526,花蓮縣鳳林鎮大榮里大榮二路１５號
10015,1001502,大榮里,18,大榮二路,,,,２０號,296523.759,2626665.279,花蓮縣鳳林鎮大榮里大榮二路２０號
10015,1001502,大榮里,18,大榮二路,,,,２１號,296527.751,2626729.714,花蓮縣鳳林鎮大榮里大榮二路２１號
10015,1001502,大榮里,18,大榮二路,,,,２３號,296515.505,2626749.758,花蓮縣鳳林鎮大榮里大榮二路２３號
10015,1001502,大榮里,18,大榮二路,,,,２４號,296550.529,2626700.801,花蓮縣鳳林鎮大榮里大榮二路２４號
10015,1001502,大榮里,18,大榮二路,,,,２７之１號,296553.452,2626814.843,花蓮縣鳳林鎮大榮里大榮二路２７之１號
10015,1001502,大榮里,18,大榮二路,,,,２７號,296562.793,2626837.952,花蓮縣鳳林鎮大榮里大榮二路２７號
10015,1001502,大榮里,18,大榮二路,,,,２７之２號,296430.577,2626640.633,花蓮縣鳳林鎮大榮里大榮二路２７之２號
10015,1001502,大榮里,18,大榮二路,,,,２８號,296546.267,2626715.527,花蓮縣鳳林鎮大榮里大榮二路２８號
10015,1001502,大榮里,18,大榮二路,,,,３０號,296570.862,2626758.449,花蓮縣鳳林鎮大榮里大榮二路３０號
10015,1001502,大榮里,18,大榮二路,,,,３１號,296587.494,2626887.623,花蓮縣鳳林鎮大榮里大榮二路３１號
10015,1001502,大榮里,18,大榮二路,,,,３２號,296581.809,2626807.448,花蓮縣鳳林鎮大榮里大榮二路３２號
10015,1001502,大榮里,18,大榮二路,,,,３３號,296590.024,2626894.346,花蓮縣鳳林鎮大榮里大榮二路３３號
10015,1001502,大榮里,18,大榮二路,,,,３６號,296606.706,2626842.898,花蓮縣鳳林鎮大榮里大榮二路３６號
10015,1001502,大榮里,18,大榮二路,,,,４０號,296603.946,2626887.814,花蓮縣鳳林鎮大榮里大榮二路４０號
10015,1001502,大榮里,18,大榮二路,,,,４２號,296605.658,2626892.819,花蓮縣鳳林鎮大榮里大榮二路４２號
10015,1001502,大榮里,18,大榮二路,,,,４４號,296611.622,2626903.189,花蓮縣鳳林鎮大榮里大榮二路４４號
10015,1001502,大榮里,16,大榮五路,,,,１號,296627.235,2626468.017,花蓮縣鳳林鎮大榮里大榮五路１號
10015,1001502,大榮里,21,大榮五路,,,,２之９號,296622.53,2626320.46,花蓮縣鳳林鎮大榮里大榮五路２之９號
10015,1001502,大榮里,16,大榮五路,,,,３號,296638.576,2626496.3,花蓮縣鳳林鎮大榮里大榮五路３號
10015,1001502,大榮里,15,大榮五路,,,,５號,296659.166,2626536.607,花蓮縣鳳林鎮大榮里大榮五路５號
10015,1001502,大榮里,16,大榮五路,,,,５號,296659.166,2626536.607,花蓮縣鳳林鎮大榮里大榮五路５號
10015,1001502,大榮里,16,大榮五路,,,,５之１號,296656.42,2626520.85,花蓮縣鳳林鎮大榮里大榮五路５之１號
10015,1001502,大榮里,16,大榮五路,,,,５之２號,296658.87,2626528.47,花蓮縣鳳林鎮大榮里大榮五路５之２號
10015,1001502,大榮里,16,大榮五路,,,,９號,296675.765,2626571.786,花蓮縣鳳林鎮大榮里大榮五路９號
10015,1001502,大榮里,15,大榮五路,,,,１３號,296685.178,2626605.757,花蓮縣鳳林鎮大榮里大榮五路１３號
10015,1001502,大榮里,15,大榮五路,,,,１３號之１,296671.384,2626612.039,花蓮縣鳳林鎮大榮里大榮五路１３號之１
10015,1001502,大榮里,15,大榮五路,,,,１５號,296680.132,2626634.005,花蓮縣鳳林鎮大榮里大榮五路１５號
10015,1001502,大榮里,15,大榮五路,,,,１５號之１,296693.417,2626635.251,花蓮縣鳳林鎮大榮里大榮五路１５號之１
10015,1001502,大榮里,15,大榮五路,,,,１７號,296690.878,2626650.121,花蓮縣鳳林鎮大榮里大榮五路１７號
10015,1001502,大榮里,15,大榮五路,,,,２２號,296772.613,2626769.392,花蓮縣鳳林鎮大榮里大榮五路２２號
10015,1001502,大榮里,15,大榮五路,,,,３１號,296748.044,2626827.309,花蓮縣鳳林鎮大榮里大榮五路３１號
10015,1001502,大榮里,15,大榮五路,,,,３５號,296750.279,2626848.245,花蓮縣鳳林鎮大榮里大榮五路３５號
10015,1001502,大榮里,16,大榮四路,,,,３號,296585.79,2626497.861,花蓮縣鳳林鎮大榮里大榮四路３號
10015,1001502,大榮里,16,大榮四路,,,,５號,296567.819,2626492.585,花蓮縣鳳林鎮大榮里大榮四路５號
10015,1001502,大榮里,16,大榮四路,,,,６號,296609.903,2626477.542,花蓮縣鳳林鎮大榮里大榮四路６號
10015,1001502,大榮里,16,大榮四路,,,,７號,296586.884,2626514.34,花蓮縣鳳林鎮大榮里大榮四路７號
10015,1001502,大榮里,16,大榮四路,,,,８號,296615.536,2626509.48,花蓮縣鳳林鎮大榮里大榮四路８號
10015,1001502,大榮里,16,大榮四路,,,,９號,296599.3,2626520.728,花蓮縣鳳林鎮大榮里大榮四路９號
10015,1001502,大榮里,16,大榮四路,,,,１０號,296633.044,2626536.902,花蓮縣鳳林鎮大榮里大榮四路１０號
10015,1001502,大榮里,16,大榮四路,,,,１１號,296593.472,2626528.805,花蓮縣鳳林鎮大榮里大榮四路１１號
10015,1001502,大榮里,16,大榮四路,,,,１１號之１,296594.694,2626532.468,花蓮縣鳳林鎮大榮里大榮四路１１號之１
10015,1001502,大榮里,16,大榮四路,,,,１１號之２,296595.775,2626536.225,花蓮縣鳳林鎮大榮里大榮四路１１號之２
10015,1001502,大榮里,16,大榮四路,,,,１１號之３,296597.326,2626540.216,花蓮縣鳳林鎮大榮里大榮四路１１號之３
10015,1001502,大榮里,16,大榮四路,,,,１１號之４,296599.112,2626544.724,花蓮縣鳳林鎮大榮里大榮四路１１號之４
10015,1001502,大榮里,16,大榮四路,,,,１１號之５,296600.992,2626549.608,花蓮縣鳳林鎮大榮里大榮四路１１號之５
10015,1001502,大榮里,16,大榮四路,,,,１３號,296597.053,2626562.058,花蓮縣鳳林鎮大榮里大榮四路１３號
10015,1001502,大榮里,16,大榮四路,,,,１６號,296651.989,2626589.487,花蓮縣鳳林鎮大榮里大榮四路１６號
10015,1001502,大榮里,16,大榮四路,,,,１７號,296626.683,2626597.143,花蓮縣鳳林鎮大榮里大榮四路１７號
10015,1001502,大榮里,15,大榮四路,,,,１８號,296666.76,2626646.374,花蓮縣鳳林鎮大榮里大榮四路１８號
10015,1001502,大榮里,15,大榮四路,,,,２１號,296638.715,2626621.537,花蓮縣鳳林鎮大榮里大榮四路２１號
10015,1001502,大榮里,15,大榮四路,,,,２２號,296655.786,2626620.896,花蓮縣鳳林鎮大榮里大榮四路２２號
10015,1001502,大榮里,15,大榮四路,,,,２３號,296638.569,2626646.064,花蓮縣鳳林鎮大榮里大榮四路２３號
10015,1001502,大榮里,15,大榮四路,,,,２４號,296660.76,2626632.834,花蓮縣鳳林鎮大榮里大榮四路２４號
10015,1001502,大榮里,15,大榮四路,,,,２５號,296647.662,2626654.431,花蓮縣鳳林鎮大榮里大榮四路２５號
10015,1001502,大榮里,15,大榮四路,,,,２６號,296680.015,2626653.363,花蓮縣鳳林鎮大榮里大榮四路２６號
10015,1001502,大榮里,15,大榮四路,,,,２８號,296687.061,2626668.099,花蓮縣鳳林鎮大榮里大榮四路２８號
10015,1001502,大榮里,15,大榮四路,,,,３０號,296673.59,2626672.855,花蓮縣鳳林鎮大榮里大榮四路３０號
10015,1001502,大榮里,15,大榮四路,,,,３１號,296666.75,2626712.49,花蓮縣鳳林鎮大榮里大榮四路３１號
10015,1001502,大榮里,15,大榮四路,,,,３２號,296675.248,2626676.53,花蓮縣鳳林鎮大榮里大榮四路３２號
10015,1001502,大榮里,15,大榮四路,,,,３４號,296683.542,2626687.612,花蓮縣鳳林鎮大榮里大榮四路３４號
10015,1001502,大榮里,15,大榮四路,,,,３６號,296686.163,2626695.26,花蓮縣鳳林鎮大榮里大榮四路３６號
10015,1001502,大榮里,15,大榮四路,,,,３８號,296695.315,2626711.019,花蓮縣鳳林鎮大榮里大榮四路３８號
10015,1001502,大榮里,15,大榮四路,,,,３８號之１,296695.315,2626711.019,花蓮縣鳳林鎮大榮里大榮四路３８號之１
10015,1001502,大榮里,15,大榮四路,,,,３９號,296700.065,2626800.256,花蓮縣鳳林鎮大榮里大榮四路３９號
10015,1001502,大榮里,15,大榮四路,,,,４０號,296712.043,2626749.365,花蓮縣鳳林鎮大榮里大榮四路４０號
10015,1001502,大榮里,15,大榮四路,,,,４３號,296708.107,2626816.326,花蓮縣鳳林鎮大榮里大榮四路４３號
10015,1001502,大榮里,15,大榮四路,,,,４６號,296733.569,2626797.42,花蓮縣鳳林鎮大榮里大榮四路４６號
10015,1001502,大榮里,15,大榮四路,,,,４７號,296719.841,2626853.182,花蓮縣鳳林鎮大榮里大榮四路４７號
10015,1001502,大榮里,15,大榮四路,,,,５１號,296724.238,2626867.281,花蓮縣鳳林鎮大榮里大榮四路５１號
10015,1001502,大榮里,15,大榮四路,,,,５２號,296742.836,2626850.47,花蓮縣鳳林鎮大榮里大榮四路５２號
10015,1001502,大榮里,13,復興路,,,,１號,297326.28,2626692.53,花蓮縣鳳林鎮大榮里復興路１號
10015,1001502,大榮里,13,復興路,,,,３號,297330.164,2626699.418,花蓮縣鳳林鎮大榮里復興路３號
10015,1001502,大榮里,13,復興路,,,,５號,297335.301,2626720.157,花蓮縣鳳林鎮大榮里復興路５號
10015,1001502,大榮里,12,復興路,,,,６之８號,297610.41,2626819.12,花蓮縣鳳林鎮大榮里復興路６之８號
10015,1001502,大榮里,11,復興路,,,,７號,297339.53,2626732.98,花蓮縣鳳林鎮大榮里復興路７號
10015,1001502,大榮里,13,復興路,,,,９號,297331.224,2626748.217,花蓮縣鳳林鎮大榮里復興路９號
10015,1001502,大榮里,12,復興路,,,,１０之１號,297479.19,2627019.43,花蓮縣鳳林鎮大榮里復興路１０之１號
10015,1001502,大榮里,12,復興路,,,,１０號,297468.212,2626994.664,花蓮縣鳳林鎮大榮里復興路１０號
10015,1001502,大榮里,13,復興路,,,,１１號,297341.833,2626757.293,花蓮縣鳳林鎮大榮里復興路１１號
10015,1001502,大榮里,12,復興路,,,,１２號,297491.674,2627072.791,花蓮縣鳳林鎮大榮里復興路１２號
10015,1001502,大榮里,13,復興路,,,,１３號,297353.475,2626765.317,花蓮縣鳳林鎮大榮里復興路１３號
10015,1001502,大榮里,12,復興路,,,,１４號,297652.482,2627045.311,花蓮縣鳳林鎮大榮里復興路１４號
10015,1001502,大榮里,12,復興路,,,,１６號,297627.715,2626977.449,花蓮縣鳳林鎮大榮里復興路１６號
10015,1001502,大榮里,12,復興路,,,,２０之１號,297545.985,2627161.73,花蓮縣鳳林鎮大榮里復興路２０之１號
10015,1001502,大榮里,12,復興路,,,,２０號,297519.491,2627155.307,花蓮縣鳳林鎮大榮里復興路２０號
10015,1001502,大榮里,12,復興路,,,,２２號,297534.104,2627186.384,花蓮縣鳳林鎮大榮里復興路２２號
10015,1001502,大榮里,12,復興路,,,,２３號,297384.139,2627133.709,花蓮縣鳳林鎮大榮里復興路２３號
10015,1001502,大榮里,12,復興路,,,,２５號,297446.963,2627114.63,花蓮縣鳳林鎮大榮里復興路２５號
10015,1001502,大榮里,12,復興路,,,,２７號,297445.749,2627136.809,花蓮縣鳳林鎮大榮里復興路２７號
10015,1001502,大榮里,9,復興路,,,,２８號,297625.14,2627409.494,花蓮縣鳳林鎮大榮里復興路２８號
10015,1001502,大榮里,12,復興路,,,,２９之１號,297467.74,2627147.99,花蓮縣鳳林鎮大榮里復興路２９之１號
10015,1001502,大榮里,12,復興路,,,,２９號,297475.149,2627150.637,花蓮縣鳳林鎮大榮里復興路２９號
10015,1001502,大榮里,9,復興路,,,,３０號,297642.46,2627466.37,花蓮縣鳳林鎮大榮里復興路３０號
10015,1001502,大榮里,12,復興路,,,,３１號,297471.891,2627197.047,花蓮縣鳳林鎮大榮里復興路３１號
10015,1001502,大榮里,9,復興路,,,,３２號,297668.504,2627469.796,花蓮縣鳳林鎮大榮里復興路３２號
10015,1001502,大榮里,12,復興路,,,,３３號,297460.813,2627195.646,花蓮縣鳳林鎮大榮里復興路３３號
10015,1001502,大榮里,9,復興路,,,,３４號,297652.461,2627510.175,花蓮縣鳳林鎮大榮里復興路３４號
10015,1001502,大榮里,12,復興路,,,,３５號,297457.789,2627181.629,花蓮縣鳳林鎮大榮里復興路３５號
10015,1001502,大榮里,9,復興路,,,,３６號,297693.212,2627504.049,花蓮縣鳳林鎮大榮里復興路３６號
10015,1001502,大榮里,9,復興路,,,,３８號,297691.955,2627470.997,花蓮縣鳳林鎮大榮里復興路３８號
10015,1001502,大榮里,12,復興路,,,,３９號,297501.187,2627228.663,花蓮縣鳳林鎮大榮里復興路３９號
10015,1001502,大榮里,9,復興路,,,,４０號,297713.214,2627491.935,花蓮縣鳳林鎮大榮里復興路４０號
10015,1001502,大榮里,12,復興路,,４１巷,,３號,297417.422,2627326.297,花蓮縣鳳林鎮大榮里復興路４１巷３號
10015,1001502,大榮里,12,復興路,,４１巷,,５號,297298.056,2627373.602,花蓮縣鳳林鎮大榮里復興路４１巷５號
10015,1001502,大榮里,12,復興路,,４１巷,,５號之１,297298.056,2627373.602,花蓮縣鳳林鎮大榮里復興路４１巷５號之１
10015,1001502,大榮里,12,復興路,,４１巷,,６號,297464.326,2627346.001,花蓮縣鳳林鎮大榮里復興路４１巷６號
10015,1001502,大榮里,12,復興路,,４１巷,,７號,297262.216,2627374.585,花蓮縣鳳林鎮大榮里復興路４１巷７號
10015,1001502,大榮里,12,復興路,,４１巷,,８號,297467.535,2627403.804,花蓮縣鳳林鎮大榮里復興路４１巷８號
10015,1001502,大榮里,12,復興路,,４１巷,,１５之１號,297081.008,2627375,花蓮縣鳳林鎮大榮里復興路４１巷１５之１號
10015,1001502,大榮里,12,復興路,,４１巷,,２８號,297314.064,2627404.109,花蓮縣鳳林鎮大榮里復興路４１巷２８號
10015,1001502,大榮里,9,復興路,,,,４２號,297655.413,2627519.514,花蓮縣鳳林鎮大榮里復興路４２號
10015,1001502,大榮里,9,復興路,,,,４４號,297659.643,2627529.149,花蓮縣鳳林鎮大榮里復興路４４號
10015,1001502,大榮里,9,復興路,,,,４６號,297671.832,2627555.911,花蓮縣鳳林鎮大榮里復興路４６號
10015,1001502,大榮里,9,復興路,,,,５０號,297664.242,2627539.209,花蓮縣鳳林鎮大榮里復興路５０號
10015,1001502,大榮里,11,復興路,,,,５１號,297631.939,2627518.993,花蓮縣鳳林鎮大榮里復興路５１號
10015,1001502,大榮里,9,復興路,,,,５２號,297696.17,2627535.24,花蓮縣鳳林鎮大榮里復興路５２號
10015,1001502,大榮里,9,復興路,,,,５２之１號,297704.62,2627554.41,花蓮縣鳳林鎮大榮里復興路５２之１號
10015,1001502,大榮里,11,復興路,,,,５３號,297638.905,2627535.488,花蓮縣鳳林鎮大榮里復興路５３號
10015,1001502,大榮里,9,復興路,,,,５４號,297679.08,2627581.754,花蓮縣鳳林鎮大榮里復興路５４號
10015,1001502,大榮里,11,復興路,,５５巷,,１號,297575.232,2627553.861,花蓮縣鳳林鎮大榮里復興路５５巷１號
10015,1001502,大榮里,11,復興路,,５５巷,,５號,297556.647,2627558.512,花蓮縣鳳林鎮大榮里復興路５５巷５號
10015,1001502,大榮里,11,復興路,,５５巷,,５之１號,297527.38,2627574.56,花蓮縣鳳林鎮大榮里復興路５５巷５之１號
10015,1001502,大榮里,11,復興路,,５５巷,,７號,297537.61,2627557.46,花蓮縣鳳林鎮大榮里復興路５５巷７號
10015,1001502,大榮里,11,復興路,,５５巷,,１１號,297509.66,2627580.57,花蓮縣鳳林鎮大榮里復興路５５巷１１號
10015,1001502,大榮里,11,復興路,,５５巷,,１８號,297551.577,2627502.229,花蓮縣鳳林鎮大榮里復興路５５巷１８號
10015,1001502,大榮里,11,復興路,,５５巷,,２７號,297315.067,2627653.837,花蓮縣鳳林鎮大榮里復興路５５巷２７號
10015,1001502,大榮里,9,復興路,,,,５６號,297684.275,2627594.073,花蓮縣鳳林鎮大榮里復興路５６號
10015,1001502,大榮里,11,復興路,,,,５７號,297598.939,2627569.881,花蓮縣鳳林鎮大榮里復興路５７號
10015,1001502,大榮里,9,復興路,,５８巷,,１號,297726.014,2627598.539,花蓮縣鳳林鎮大榮里復興路５８巷１號
10015,1001502,大榮里,9,復興路,,５８巷,,２號,297713.031,2627578.151,花蓮縣鳳林鎮大榮里復興路５８巷２號
10015,1001502,大榮里,9,復興路,,５８巷,,３號,297740.953,2627594.166,花蓮縣鳳林鎮大榮里復興路５８巷３號
10015,1001502,大榮里,9,復興路,,５８巷,,５號,297751.524,2627600.064,花蓮縣鳳林鎮大榮里復興路５８巷５號
10015,1001502,大榮里,9,復興路,,５８巷,,７號,297762.334,2627603.848,花蓮縣鳳林鎮大榮里復興路５８巷７號
10015,1001502,大榮里,9,復興路,,５８巷,,９號,297765.341,2627611.788,花蓮縣鳳林鎮大榮里復興路５８巷９號
10015,1001502,大榮里,11,復興路,,,,５９號,297640.414,2627569.083,花蓮縣鳳林鎮大榮里復興路５９號
10015,1001502,大榮里,9,復興路,,,,６０號,297689.192,2627614.219,花蓮縣鳳林鎮大榮里復興路６０號
10015,1001502,大榮里,11,復興路,,６１巷,,２號之３,297628.799,2627598.795,花蓮縣鳳林鎮大榮里復興路６１巷２號之３
10015,1001502,大榮里,11,復興路,,６１巷,,２號之４,297623.617,2627600.46,花蓮縣鳳林鎮大榮里復興路６１巷２號之４
10015,1001502,大榮里,11,復興路,,６１巷,,２號之５,297617.602,2627602.494,花蓮縣鳳林鎮大榮里復興路６１巷２號之５
10015,1001502,大榮里,11,復興路,,６１巷,,２號之６,297612.142,2627604.806,花蓮縣鳳林鎮大榮里復興路６１巷２號之６
10015,1001502,大榮里,11,復興路,,６１巷,,４號,297584.722,2627622.956,花蓮縣鳳林鎮大榮里復興路６１巷４號
10015,1001502,大榮里,11,復興路,,６１巷,,４號之１,297596.36,2627628.37,花蓮縣鳳林鎮大榮里復興路６１巷４號之１
10015,1001502,大榮里,11,復興路,,６１巷,,５號,297583.214,2627598.452,花蓮縣鳳林鎮大榮里復興路６１巷５號
10015,1001502,大榮里,11,復興路,,６１巷,,６之２號,297533.4,2627636.43,花蓮縣鳳林鎮大榮里復興路６１巷６之２號
10015,1001502,大榮里,11,復興路,,６１巷,,６號,297542.785,2627633.788,花蓮縣鳳林鎮大榮里復興路６１巷６號
10015,1001502,大榮里,11,復興路,,６１巷,,７號,297533.97,2627604.39,花蓮縣鳳林鎮大榮里復興路６１巷７號
10015,1001502,大榮里,11,復興路,,６１巷,,８號,297558.244,2627646.649,花蓮縣鳳林鎮大榮里復興路６１巷８號
10015,1001502,大榮里,9,復興路,,,,６２號,297701.143,2627621.643,花蓮縣鳳林鎮大榮里復興路６２號
10015,1001502,大榮里,11,復興路,,６３巷,,７號,297636.757,2627618.029,花蓮縣鳳林鎮大榮里復興路６３巷７號
10015,1001502,大榮里,11,復興路,,６３巷,,９號,297632.5,2627619.694,花蓮縣鳳林鎮大榮里復興路６３巷９號
10015,1001502,大榮里,11,復興路,,６３巷,,１１號,297626.856,2627622.098,花蓮縣鳳林鎮大榮里復興路６３巷１１號
10015,1001502,大榮里,11,復興路,,６３巷,,１３號,297620.285,2627624.133,花蓮縣鳳林鎮大榮里復興路６３巷１３號
10015,1001502,大榮里,9,復興路,,,,６４號,297699.204,2627638.553,花蓮縣鳳林鎮大榮里復興路６４號
10015,1001502,大榮里,9,復興路,,,,６４之１號,297703.33,2627649.15,花蓮縣鳳林鎮大榮里復興路６４之１號
10015,1001502,大榮里,10,復興路,,,,６５號,297661.063,2627634.647,花蓮縣鳳林鎮大榮里復興路６５號
10015,1001502,大榮里,10,復興路,,,,６７號,297668.692,2627649.906,花蓮縣鳳林鎮大榮里復興路６７號
10015,1001502,大榮里,9,復興路,,,,６８號,297724.856,2627682.533,花蓮縣鳳林鎮大榮里復興路６８號
10015,1001502,大榮里,10,復興路,,,,６９號,297665.53,2627673.056,花蓮縣鳳林鎮大榮里復興路６９號
10015,1001502,大榮里,5,復興路,,,,７０之１號,297741.5,2627726,花蓮縣鳳林鎮大榮里復興路７０之１號
10015,1001502,大榮里,9,復興路,,,,７０號,297724.873,2627699.534,花蓮縣鳳林鎮大榮里復興路７０號
10015,1001502,大榮里,10,復興路,,,,７１號,297689.012,2627717.443,花蓮縣鳳林鎮大榮里復興路７１號
10015,1001502,大榮里,5,復興路,,,,７２號,297753.755,2627752.306,花蓮縣鳳林鎮大榮里復興路７２號
10015,1001502,大榮里,5,復興路,,７４巷,,２號,297816.603,2627802.203,花蓮縣鳳林鎮大榮里復興路７４巷２號
10015,1001502,大榮里,5,復興路,,７４巷,,３號,297796.948,2627822.116,花蓮縣鳳林鎮大榮里復興路７４巷３號
10015,1001502,大榮里,5,復興路,,７４巷,,６號,297838.875,2627854.626,花蓮縣鳳林鎮大榮里復興路７４巷６號
10015,1001502,大榮里,5,復興路,,７４巷,,８號,297843.221,2627864.994,花蓮縣鳳林鎮大榮里復興路７４巷８號
10015,1001502,大榮里,5,復興路,,７４巷,,１０號,297849.34,2627879.91,花蓮縣鳳林鎮大榮里復興路７４巷１０號
10015,1001502,大榮里,10,復興路,,,,７５號,297709.275,2627742.452,花蓮縣鳳林鎮大榮里復興路７５號
10015,1001502,大榮里,10,復興路,,,,７７號,297716.814,2627762.434,花蓮縣鳳林鎮大榮里復興路７７號
10015,1001502,大榮里,10,復興路,,,,７９號,297710.936,2627775.089,花蓮縣鳳林鎮大榮里復興路７９號
10015,1001502,大榮里,4,復興路,,,,８０號,297802.735,2627869.969,花蓮縣鳳林鎮大榮里復興路８０號
10015,1001502,大榮里,10,復興路,,,,８１之１號,297728.037,2627821.314,花蓮縣鳳林鎮大榮里復興路８１之１號
10015,1001502,大榮里,10,復興路,,,,８１號,297733.536,2627791.814,花蓮縣鳳林鎮大榮里復興路８１號
10015,1001502,大榮里,4,復興路,,,,８２號,297795.235,2627883.129,花蓮縣鳳林鎮大榮里復興路８２號
10015,1001502,大榮里,4,復興路,,,,８４號,297800.262,2627898.076,花蓮縣鳳林鎮大榮里復興路８４號
10015,1001502,大榮里,10,復興路,,,,８５號,297742.997,2627879.953,花蓮縣鳳林鎮大榮里復興路８５號
10015,1001502,大榮里,4,復興路,,,,８６號,297805.271,2627910.476,花蓮縣鳳林鎮大榮里復興路８６號
10015,1001502,大榮里,4,復興路,,,,８８號,297814.509,2627935.064,花蓮縣鳳林鎮大榮里復興路８８號
10015,1001502,大榮里,4,復興路,,,,８９號,297783.011,2627951.558,花蓮縣鳳林鎮大榮里復興路８９號
10015,1001502,大榮里,4,復興路,,,,９１號,297790.292,2627967.751,花蓮縣鳳林鎮大榮里復興路９１號
10015,1001502,大榮里,3,復興路,,,,９３號,297809.554,2627994.203,花蓮縣鳳林鎮大榮里復興路９３號
10015,1001502,大榮里,3,復興路,,,,９５號,297790.838,2627997.992,花蓮縣鳳林鎮大榮里復興路９５號
10015,1001502,大榮里,3,復興路,,,,９５號之１,297792.435,2627979.235,花蓮縣鳳林鎮大榮里復興路９５號之１
10015,1001502,大榮里,3,復興路,,,,９７號,297806.969,2627980.423,花蓮縣鳳林鎮大榮里復興路９７號
10015,1001502,大榮里,2,復興路,,,,９８號,297908.041,2628143.354,花蓮縣鳳林鎮大榮里復興路９８號
10015,1001502,大榮里,2,復興路,,,,１００號,297957.358,2628128.116,花蓮縣鳳林鎮大榮里復興路１００號
10015,1001502,大榮里,2,復興路,,,,１０２之１號,297948.54,2628157.06,花蓮縣鳳林鎮大榮里復興路１０２之１號
10015,1001502,大榮里,2,復興路,,,,１０２號,297960.173,2628153.338,花蓮縣鳳林鎮大榮里復興路１０２號
10015,1001502,大榮里,2,復興路,,,,１０３號,297871.862,2628152.037,花蓮縣鳳林鎮大榮里復興路１０３號
10015,1001502,大榮里,2,復興路,,,,１０３之９號,297890.695,2628198.659,花蓮縣鳳林鎮大榮里復興路１０３之９號
10015,1001502,大榮里,2,復興路,,,,１０３號之１,297877.032,2628161.103,花蓮縣鳳林鎮大榮里復興路１０３號之１
10015,1001502,大榮里,2,復興路,,,,１０３號之２,297878.69,2628165.684,花蓮縣鳳林鎮大榮里復興路１０３號之２
10015,1001502,大榮里,2,復興路,,,,１０３號之３,297881.522,2628171.254,花蓮縣鳳林鎮大榮里復興路１０３號之３
10015,1001502,大榮里,2,復興路,,,,１０３號之５,297981.989,2628457.719,花蓮縣鳳林鎮大榮里復興路１０３號之５
10015,1001502,大榮里,2,復興路,,,,１０３號之６,297885.232,2628181.697,花蓮縣鳳林鎮大榮里復興路１０３號之６
10015,1001502,大榮里,2,復興路,,,,１０３號之７,297887.086,2628186.766,花蓮縣鳳林鎮大榮里復興路１０３號之７
10015,1001502,大榮里,2,復興路,,,,１０３號之８,297888.354,2628192.03,花蓮縣鳳林鎮大榮里復興路１０３號之８
10015,1001502,大榮里,2,復興路,,,,１０４號,297967.042,2628167.459,花蓮縣鳳林鎮大榮里復興路１０４號
10015,1001502,大榮里,2,復興路,,,,１０５號,297889.484,2628214.036,花蓮縣鳳林鎮大榮里復興路１０５號
10015,1001502,大榮里,2,復興路,,,,１０６號,297905.675,2628178.912,花蓮縣鳳林鎮大榮里復興路１０６號
10015,1001502,大榮里,2,復興路,,,,１０８號,297920.079,2628209.257,花蓮縣鳳林鎮大榮里復興路１０８號
10015,1001502,大榮里,2,復興路,,,,１０９號,297891.165,2628262.555,花蓮縣鳳林鎮大榮里復興路１０９號
10015,1001502,大榮里,2,復興路,,,,１１０號,297945.915,2628198.511,花蓮縣鳳林鎮大榮里復興路１１０號
10015,1001502,大榮里,2,復興路,,,,１１０之１號,297945,2628198,花蓮縣鳳林鎮大榮里復興路１１０之１號
10015,1001502,大榮里,2,復興路,,,,１１０之３號,297960.64,2628201.22,花蓮縣鳳林鎮大榮里復興路１１０之３號
10015,1001502,大榮里,2,復興路,,,,１１２號,297999.544,2628186.662,花蓮縣鳳林鎮大榮里復興路１１２號
10015,1001502,大榮里,1,復興路,,１２０巷,,１號,298076.943,2628315.83,花蓮縣鳳林鎮大榮里復興路１２０巷１號
10015,1001502,大榮里,1,復興路,,１２０巷,,１號之１,298079.27,2628326.31,花蓮縣鳳林鎮大榮里復興路１２０巷１號之１
10015,1001502,大榮里,1,復興路,,１２０巷,,２號,298054.045,2628294.295,花蓮縣鳳林鎮大榮里復興路１２０巷２號
10015,1001502,大榮里,1,復興路,,１２０巷,,４號,298052.451,2628284.744,花蓮縣鳳林鎮大榮里復興路１２０巷４號
10015,1001502,大榮里,1,復興路,,１２０巷,,５號,298071.103,2628287.305,花蓮縣鳳林鎮大榮里復興路１２０巷５號
10015,1001502,大榮里,1,復興路,,１２０巷,,６號,298050.462,2628278.22,花蓮縣鳳林鎮大榮里復興路１２０巷６號
10015,1001502,大榮里,1,復興路,,１２０巷,,７號,298066.696,2628276.279,花蓮縣鳳林鎮大榮里復興路１２０巷７號
10015,1001502,大榮里,1,復興路,,１２０巷,,９號,298075.876,2628262.574,花蓮縣鳳林鎮大榮里復興路１２０巷９號
10015,1001502,大榮里,1,復興路,,１２０巷,,１０號,298035.957,2628263.346,花蓮縣鳳林鎮大榮里復興路１２０巷１０號
10015,1001502,大榮里,1,復興路,,１２０巷,,１２號,298039.12,2628247.51,花蓮縣鳳林鎮大榮里復興路１２０巷１２號
10015,1001502,大榮里,1,復興路,,１２０巷,,１３號之１,298068.285,2628254.155,花蓮縣鳳林鎮大榮里復興路１２０巷１３號之１
10015,1001502,大榮里,1,復興路,,１２０巷,,１４號,298021.256,2628219.878,花蓮縣鳳林鎮大榮里復興路１２０巷１４號
10015,1001502,大榮里,1,復興路,,１２０巷,,１５號,298057.481,2628244.376,花蓮縣鳳林鎮大榮里復興路１２０巷１５號
10015,1001502,大榮里,1,復興路,,１２０巷,,３０號,298270.04,2628192.19,花蓮縣鳳林鎮大榮里復興路１２０巷３０號
10015,1001502,大榮里,1,復興路,,１２０巷,,６０號,298745.847,2628021.496,花蓮縣鳳林鎮大榮里復興路１２０巷６０號
10015,1001502,大榮里,1,復興路,,,,１２３號,297981.989,2628457.719,花蓮縣鳳林鎮大榮里復興路１２３號
10015,1001502,大榮里,1,復興路,,,,１２３號之１,297981,2628457,花蓮縣鳳林鎮大榮里復興路１２３號之１
10015,1001502,大榮里,1,復興路,,,,１２３號之６,297968.76,2628450.97,花蓮縣鳳林鎮大榮里復興路１２３號之６
10015,1001502,大榮里,1,復興路,,,,１２４號,298117.392,2628317.676,花蓮縣鳳林鎮大榮里復興路１２４號
10015,1001502,大榮里,1,復興路,,,,１２５號,297990.722,2628476.934,花蓮縣鳳林鎮大榮里復興路１２５號
10015,1001502,大榮里,1,復興路,,,,１２６號,298092.844,2628369.474,花蓮縣鳳林鎮大榮里復興路１２６號
10015,1001502,大榮里,1,復興路,,,,１３０號,298059.439,2628442.341,花蓮縣鳳林鎮大榮里復興路１３０號
10015,1001502,大榮里,1,復興路,,,,１３６號,298136.924,2628689.542,花蓮縣鳳林鎮大榮里復興路１３６號
10015,1001502,大榮里,1,復興路,,,,１４２號,298521.917,2628653.496,花蓮縣鳳林鎮大榮里復興路１４２號
10015,1001502,大榮里,21,民享路,,,,１４號,296868.107,2625857.282,花蓮縣鳳林鎮大榮里民享路１４號
10015,1001502,大榮里,21,民享路,,,,１６號,296858.858,2625870.735,花蓮縣鳳林鎮大榮里民享路１６號
10015,1001502,大榮里,21,民享路,,,,１８號,296855.58,2625877.169,花蓮縣鳳林鎮大榮里民享路１８號
10015,1001502,大榮里,16,民享路,,,,１９號,296536.115,2626472.851,花蓮縣鳳林鎮大榮里民享路１９號
10015,1001502,大榮里,16,民享路,,,,２１號,296510.403,2626481.867,花蓮縣鳳林鎮大榮里民享路２１號
10015,1001502,大榮里,21,民享路,,,,２４號,296882.526,2625890.992,花蓮縣鳳林鎮大榮里民享路２４號
10015,1001502,大榮里,16,民享路,,,,４２號,296549.447,2626497.968,花蓮縣鳳林鎮大榮里民享路４２號
10015,1001502,大榮里,16,民享路,,,,４４號,296534.915,2626503.729,花蓮縣鳳林鎮大榮里民享路４４號
10015,1001502,大榮里,18,民享路,,,,４８號,296488.693,2626519.083,花蓮縣鳳林鎮大榮里民享路４８號
10015,1001502,大榮里,18,民享路,,,,５０號,296479.271,2626521.479,花蓮縣鳳林鎮大榮里民享路５０號
10015,1001502,大榮里,18,民享路,,,,６６之１號,296237.969,2626621.75,花蓮縣鳳林鎮大榮里民享路６６之１號
10015,1001502,大榮里,18,民享路,,,,７２號,296372.301,2626559.265,花蓮縣鳳林鎮大榮里民享路７２號
10015,1001502,大榮里,19,民享路,,,,７６之１號,296325.992,2626605,花蓮縣鳳林鎮大榮里民享路７６之１號
10015,1001502,大榮里,17,民治路,,,,１１號,296600.38,2626608.926,花蓮縣鳳林鎮大榮里民治路１１號
10015,1001502,大榮里,17,民治路,,,,１２號,296608.64,2626629.38,花蓮縣鳳林鎮大榮里民治路１２號
10015,1001502,大榮里,17,民治路,,,,１３號,296596.098,2626610.564,花蓮縣鳳林鎮大榮里民治路１３號
10015,1001502,大榮里,17,民治路,,,,１５號,296591.816,2626612.203,花蓮縣鳳林鎮大榮里民治路１５號
10015,1001502,大榮里,17,民治路,,,,１６號,296604.47,2626630.91,花蓮縣鳳林鎮大榮里民治路１６號
10015,1001502,大榮里,17,民治路,,,,１７號,296587.533,2626613.841,花蓮縣鳳林鎮大榮里民治路１７號
10015,1001502,大榮里,17,民治路,,,,１８號,296600.24,2626632.32,花蓮縣鳳林鎮大榮里民治路１８號
10015,1001502,大榮里,17,民治路,,,,１９號,296583.251,2626615.479,花蓮縣鳳林鎮大榮里民治路１９號
10015,1001502,大榮里,17,民治路,,,,２０號,296595.51,2626634.04,花蓮縣鳳林鎮大榮里民治路２０號
10015,1001502,大榮里,17,民治路,,,,２１號,296578.969,2626617.117,花蓮縣鳳林鎮大榮里民治路２１號
10015,1001502,大榮里,17,民治路,,,,２２號,296589.97,2626636.06,花蓮縣鳳林鎮大榮里民治路２２號
10015,1001502,大榮里,17,民治路,,,,２３號,296561.8,2626626.1,花蓮縣鳳林鎮大榮里民治路２３號
10015,1001502,大榮里,17,民治路,,,,２５號,296555.29,2626628.15,花蓮縣鳳林鎮大榮里民治路２５號
10015,1001502,大榮里,17,民治路,,,,２６號,296585.43,2626638.08,花蓮縣鳳林鎮大榮里民治路２６號
10015,1001502,大榮里,17,民治路,,,,２７號,296548.5,2626630.68,花蓮縣鳳林鎮大榮里民治路２７號
10015,1001502,大榮里,17,民治路,,,,２９號,296542.15,2626633.38,花蓮縣鳳林鎮大榮里民治路２９號
10015,1001502,大榮里,19,民治路,,,,３３號,296484.86,2626655.33,花蓮縣鳳林鎮大榮里民治路３３號
10015,1001502,大榮里,19,民治路,,,,３５號,296479.88,2626657.17,花蓮縣鳳林鎮大榮里民治路３５號
10015,1001502,大榮里,19,民治路,,,,３７號,296475.32,2626657.87,花蓮縣鳳林鎮大榮里民治路３７號
10015,1001502,大榮里,19,民治路,,,,３８號,296470.576,2626686.305,花蓮縣鳳林鎮大榮里民治路３８號
10015,1001502,大榮里,19,民治路,,,,３９號,296463.537,2626654.806,花蓮縣鳳林鎮大榮里民治路３９號
10015,1001502,大榮里,21,箭瑛路,,,,１號,298713.93,2625439.35,花蓮縣鳳林鎮大榮里箭瑛路１號
10015,1001502,大榮里,2,農園路,,,,２６１號,297353.66,2628762.91,花蓮縣鳳林鎮大榮里農園路２６１號
10015,1001502,大榮里,2,農園路,,,,２７５號,297336.46,2628653.5,花蓮縣鳳林鎮大榮里農園路２７５號
10015,1001502,大榮里,2,農園路,,,,２９５號,297394.88,2628567.23,花蓮縣鳳林鎮大榮里農園路２９５號
10015,1001502,大榮里,3,農園路,,,,２９８號,297382.52,2628270.16,花蓮縣鳳林鎮大榮里農園路２９８號
10015,1001502,大榮里,4,農園路,,,,５００號,297884.229,2628099.454,花蓮縣鳳林鎮大榮里農園路５００號
10015,1001502,山興里,13,中信路,,,,１號,300584.513,2627501.969,花蓮縣鳳林鎮山興里中信路１號
10015,1001502,山興里,12,中信路,,,,２號,300513.967,2627367.372,花蓮縣鳳林鎮山興里中信路２號
10015,1001502,山興里,13,中信路,,,,５號,300585.337,2627512.16,花蓮縣鳳林鎮山興里中信路５號
10015,1001502,山興里,12,中信路,,,,６號,300526.196,2627385.804,花蓮縣鳳林鎮山興里中信路６號
10015,1001502,山興里,13,中信路,,,,７號,300608.153,2627512.237,花蓮縣鳳林鎮山興里中信路７號
10015,1001502,山興里,13,中信路,,,,７之１號,300598.75,2627523.47,花蓮縣鳳林鎮山興里中信路７之１號
10015,1001502,山興里,12,中信路,,,,８號,300571.952,2627376.982,花蓮縣鳳林鎮山興里中信路８號
10015,1001502,山興里,13,中信路,,,,１０號,300550.701,2627440.644,花蓮縣鳳林鎮山興里中信路１０號
10015,1001502,山興里,12,中信路,,,,１０號,300549.636,2627452.071,花蓮縣鳳林鎮山興里中信路１０號
10015,1001502,山興里,13,中信路,,,,１１號,300617.313,2627516,花蓮縣鳳林鎮山興里中信路１１號
10015,1001502,山興里,12,中信路,,,,１２號,300557.706,2627456.701,花蓮縣鳳林鎮山興里中信路１２號
10015,1001502,山興里,13,中信路,,,,１３號,300647.393,2627535.945,花蓮縣鳳林鎮山興里中信路１３號
10015,1001502,山興里,13,中信路,,,,１６號,300596.812,2627471.25,花蓮縣鳳林鎮山興里中信路１６號
10015,1001502,山興里,13,中信路,,,,２０號,300654.117,2627509.813,花蓮縣鳳林鎮山興里中信路２０號
10015,1001502,山興里,13,中信路,,,,２２號,300656.724,2627492.784,花蓮縣鳳林鎮山興里中信路２２號
10015,1001502,山興里,12,中信路,,,,２６號,300666.281,2627527.883,花蓮縣鳳林鎮山興里中信路２６號
10015,1001502,山興里,13,中信路,,,,２８號,300678.591,2627520.802,花蓮縣鳳林鎮山興里中信路２８號
10015,1001502,山興里,12,中信路,,,,４０號,300545.648,2627474.547,花蓮縣鳳林鎮山興里中信路４０號
10015,1001502,山興里,14,中安路,,,,１號,301004.308,2628801.63,花蓮縣鳳林鎮山興里中安路１號
10015,1001502,山興里,14,中安路,,,,２號,301354.488,2628281.442,花蓮縣鳳林鎮山興里中安路２號
10015,1001502,山興里,14,中安路,,,,３號,301003.208,2628830.585,花蓮縣鳳林鎮山興里中安路３號
10015,1001502,山興里,14,中安路,,,,１７號,301027.491,2628828.101,花蓮縣鳳林鎮山興里中安路１７號
10015,1001502,山興里,14,中安路,,,,１７號之１,301034.934,2628794.295,花蓮縣鳳林鎮山興里中安路１７號之１
10015,1001502,山興里,14,中安路,,,,１９號,301023.747,2628847.851,花蓮縣鳳林鎮山興里中安路１９號
10015,1001502,山興里,14,中安路,,,,１９之１號,301002.49,2628847.06,花蓮縣鳳林鎮山興里中安路１９之１號
10015,1001502,山興里,14,中安路,,,,２３號,301053.621,2628865.654,花蓮縣鳳林鎮山興里中安路２３號
10015,1001502,山興里,14,中安路,,,,２５號,301056.095,2628881.804,花蓮縣鳳林鎮山興里中安路２５號
10015,1001502,山興里,14,中安路,,,,２９之１號,301009.085,2628869.01,花蓮縣鳳林鎮山興里中安路２９之１號
10015,1001502,山興里,14,中安路,,,,２９號,301037.954,2628913.271,花蓮縣鳳林鎮山興里中安路２９號
10015,1001502,山興里,14,中安路,,,,３１號,301058.065,2628902.793,花蓮縣鳳林鎮山興里中安路３１號
10015,1001502,山興里,15,中泰路,,,,３號,301012.746,2629128.013,花蓮縣鳳林鎮山興里中泰路３號
10015,1001502,山興里,15,中泰路,,,,５號,301025.082,2629124.852,花蓮縣鳳林鎮山興里中泰路５號
10015,1001502,山興里,15,中泰路,,,,６號,301025.911,2629074.857,花蓮縣鳳林鎮山興里中泰路６號
10015,1001502,山興里,15,中泰路,,,,９號,301058.511,2629128.065,花蓮縣鳳林鎮山興里中泰路９號
10015,1001502,山興里,15,中泰路,,,,１１號,301086.807,2629160.627,花蓮縣鳳林鎮山興里中泰路１１號
10015,1001502,山興里,15,中泰路,,,,１３號,301109.837,2629156.076,花蓮縣鳳林鎮山興里中泰路１３號
10015,1001502,山興里,15,中泰路,,,,１４號,301256.126,2628977.993,花蓮縣鳳林鎮山興里中泰路１４號
10015,1001502,山興里,15,中泰路,,,,１７號,301171.484,2629175.532,花蓮縣鳳林鎮山興里中泰路１７號
10015,1001502,山興里,15,中泰路,,,,１８號,301624.098,2628944.848,花蓮縣鳳林鎮山興里中泰路１８號
10015,1001502,山興里,15,中泰路,,,,１９號,301060.305,2629116.542,花蓮縣鳳林鎮山興里中泰路１９號
10015,1001502,山興里,15,中泰路,,,,２１號,301046.356,2629095.745,花蓮縣鳳林鎮山興里中泰路２１號
10015,1001502,山興里,15,中泰路,,,,２５號,301061.35,2629105.047,花蓮縣鳳林鎮山興里中泰路２５號
10015,1001502,山興里,15,中泰路,,,,２７號,301061.472,2629095.491,花蓮縣鳳林鎮山興里中泰路２７號
10015,1001502,山興里,15,中泰路,,,,２９號,301064.182,2629070.982,花蓮縣鳳林鎮山興里中泰路２９號
10015,1001502,山興里,15,中泰路,,,,３１號,301070.464,2629056.714,花蓮縣鳳林鎮山興里中泰路３１號
10015,1001502,山興里,15,中泰路,,,,３３號,301098.539,2629016.488,花蓮縣鳳林鎮山興里中泰路３３號
10015,1001502,山興里,15,中泰路,,,,３７號,301338.458,2629024.125,花蓮縣鳳林鎮山興里中泰路３７號
10015,1001502,山興里,15,中泰路,,,,４１號,301394.969,2629082.269,花蓮縣鳳林鎮山興里中泰路４１號
10015,1001502,山興里,15,中泰路,,,,４３號,301600.818,2629190.385,花蓮縣鳳林鎮山興里中泰路４３號
10015,1001502,山興里,15,中泰路,,,,４５號,301603.224,2629086.741,花蓮縣鳳林鎮山興里中泰路４５號
10015,1001502,山興里,15,中泰路,,,,４７號,302376.258,2629472.432,花蓮縣鳳林鎮山興里中泰路４７號
10015,1001502,山興里,15,中泰路,,,,５５號,301476.057,2629006.082,花蓮縣鳳林鎮山興里中泰路５５號
10015,1001502,山興里,9,中興路,,,,１號,300107.77,2625419.417,花蓮縣鳳林鎮山興里中興路１號
10015,1001502,山興里,9,中興路,,,,１號之１,300114.205,2625426.053,花蓮縣鳳林鎮山興里中興路１號之１
10015,1001502,山興里,9,中興路,,,,３號,299992.9,2625649.475,花蓮縣鳳林鎮山興里中興路３號
10015,1001502,山興里,9,中興路,,,,５號,300155.791,2625553.527,花蓮縣鳳林鎮山興里中興路５號
10015,1001502,山興里,9,中興路,,,,７號,300170.705,2625565.709,花蓮縣鳳林鎮山興里中興路７號
10015,1001502,山興里,9,中興路,,,,８之２號,300544.344,2625958.25,花蓮縣鳳林鎮山興里中興路８之２號
10015,1001502,山興里,9,中興路,,,,８號,300550.099,2625968.492,花蓮縣鳳林鎮山興里中興路８號
10015,1001502,山興里,9,中興路,,,,９號,299980.055,2625985.351,花蓮縣鳳林鎮山興里中興路９號
10015,1001502,山興里,9,中興路,,,,１０號,300547.58,2625980.15,花蓮縣鳳林鎮山興里中興路１０號
10015,1001502,山興里,9,中興路,,,,１２號,300602.87,2626052.568,花蓮縣鳳林鎮山興里中興路１２號
10015,1001502,山興里,9,中興路,,,,１４號,300627.985,2625993.03,花蓮縣鳳林鎮山興里中興路１４號
10015,1001502,山興里,9,中興路,,,,１６號,300905.63,2626215.78,花蓮縣鳳林鎮山興里中興路１６號
10015,1001502,山興里,10,中興路,,,,１７號,300058.58,2626349.626,花蓮縣鳳林鎮山興里中興路１７號
10015,1001502,山興里,10,中興路,,,,２０號,300528.36,2626444.2,花蓮縣鳳林鎮山興里中興路２０號
10015,1001502,山興里,10,中興路,,,,２１號,300341.276,2626348.134,花蓮縣鳳林鎮山興里中興路２１號
10015,1001502,山興里,10,中興路,,,,２２之１號,300693.94,2626406.43,花蓮縣鳳林鎮山興里中興路２２之１號
10015,1001502,山興里,10,中興路,,,,２４號,300794.784,2626427.967,花蓮縣鳳林鎮山興里中興路２４號
10015,1001502,山興里,11,中興路,,,,２５號,300395.392,2626842.517,花蓮縣鳳林鎮山興里中興路２５號
10015,1001502,山興里,10,中興路,,,,２６號,300945.053,2626424.898,花蓮縣鳳林鎮山興里中興路２６號
10015,1001502,山興里,11,中興路,,,,２７號,300339.184,2626861.552,花蓮縣鳳林鎮山興里中興路２７號
10015,1001502,山興里,11,中興路,,,,２９之３號,300361.36,2626938.85,花蓮縣鳳林鎮山興里中興路２９之３號
10015,1001502,山興里,11,中興路,,,,２９之２號,300427.87,2626922.36,花蓮縣鳳林鎮山興里中興路２９之２號
10015,1001502,山興里,11,中興路,,,,２９之１號,300443.09,2626927.57,花蓮縣鳳林鎮山興里中興路２９之１號
10015,1001502,山興里,11,中興路,,,,２９號,300371.772,2626931.42,花蓮縣鳳林鎮山興里中興路２９號
10015,1001502,山興里,10,中興路,,,,３０之１號,301127.336,2626543.27,花蓮縣鳳林鎮山興里中興路３０之１號
10015,1001502,山興里,11,中興路,,,,３６號,301159.216,2627077.266,花蓮縣鳳林鎮山興里中興路３６號
10015,1001502,山興里,13,中興路,,,,３７號,300782.335,2627827.863,花蓮縣鳳林鎮山興里中興路３７號
10015,1001502,山興里,11,中興路,,,,３８號,301198.433,2627031.665,花蓮縣鳳林鎮山興里中興路３８號
10015,1001502,山興里,13,中興路,,,,３９號,300793.139,2628156.588,花蓮縣鳳林鎮山興里中興路３９號
10015,1001502,山興里,12,中興路,,,,４０號,300541.311,2627471.467,花蓮縣鳳林鎮山興里中興路４０號
10015,1001502,山興里,13,中興路,,,,４１號,300761.682,2628155.531,花蓮縣鳳林鎮山興里中興路４１號
10015,1001502,山興里,13,中興路,,,,４３號,300786.795,2628175.872,花蓮縣鳳林鎮山興里中興路４３號
10015,1001502,山興里,13,中興路,,,,４６號,300940.196,2627882.044,花蓮縣鳳林鎮山興里中興路４６號
10015,1001502,山興里,13,中興路,,,,４６之１號,300947.281,2627883,花蓮縣鳳林鎮山興里中興路４６之１號
10015,1001502,山興里,13,中興路,,,,４８之１號,300953.062,2627959.25,花蓮縣鳳林鎮山興里中興路４８之１號
10015,1001502,山興里,13,中興路,,,,４８號,300955.069,2627978.944,花蓮縣鳳林鎮山興里中興路４８號
10015,1001502,山興里,13,中興路,,,,５０之１１號,300923.669,2628136.339,花蓮縣鳳林鎮山興里中興路５０之１１號
10015,1001502,山興里,13,中興路,,,,５０號,300954.188,2628044.801,花蓮縣鳳林鎮山興里中興路５０號
10015,1001502,山興里,13,中興路,,,,５４號,301035.262,2628233.491,花蓮縣鳳林鎮山興里中興路５４號
10015,1001502,山興里,13,中興路,,,,５４號之２,301146.762,2628245.897,花蓮縣鳳林鎮山興里中興路５４號之２
10015,1001502,山興里,15,中興路,,,,５７號,300926.989,2629059.934,花蓮縣鳳林鎮山興里中興路５７號
10015,1001502,山興里,14,中興路,,,,５８號,300926.943,2628555.68,花蓮縣鳳林鎮山興里中興路５８號
10015,1001502,山興里,15,中興路,,,,５９號,300959.368,2629111.769,花蓮縣鳳林鎮山興里中興路５９號
10015,1001502,山興里,14,中興路,,,,６０號,300941.613,2628599.666,花蓮縣鳳林鎮山興里中興路６０號
10015,1001502,山興里,15,中興路,,,,６１號,300963.479,2629130.683,花蓮縣鳳林鎮山興里中興路６１號
10015,1001502,山興里,14,中興路,,,,６２號,300942.292,2628623.076,花蓮縣鳳林鎮山興里中興路６２號
10015,1001502,山興里,14,中興路,,,,６２之６號,300964.625,2628747.25,花蓮縣鳳林鎮山興里中興路６２之６號
10015,1001502,山興里,14,中興路,,,,６６號,300985.318,2628763.95,花蓮縣鳳林鎮山興里中興路６６號
10015,1001502,山興里,14,中興路,,,,６８號,300979.435,2628773.799,花蓮縣鳳林鎮山興里中興路６８號
10015,1001502,山興里,14,中興路,,,,７０號,300986.539,2628781.838,花蓮縣鳳林鎮山興里中興路７０號
10015,1001502,山興里,14,中興路,,,,７０號之１,300983.932,2628807.522,花蓮縣鳳林鎮山興里中興路７０號之１
10015,1001502,山興里,15,中興路,,,,７１號,300793.349,2629399.55,花蓮縣鳳林鎮山興里中興路７１號
10015,1001502,山興里,14,中興路,,,,７２之１號,300985.458,2628841.557,花蓮縣鳳林鎮山興里中興路７２之１號
10015,1001502,山興里,14,中興路,,,,７２號,300985.158,2628830.749,花蓮縣鳳林鎮山興里中興路７２號
10015,1001502,山興里,14,中興路,,,,７４號,300985.423,2628878.4,花蓮縣鳳林鎮山興里中興路７４號
10015,1001502,山興里,14,中興路,,,,７６號,301005.975,2628901.582,花蓮縣鳳林鎮山興里中興路７６號
10015,1001502,山興里,15,中興路,,,,７８號,301012.965,2629020.157,花蓮縣鳳林鎮山興里中興路７８號
10015,1001502,山興里,15,中興路,,,,８０號,301069.135,2629018.17,花蓮縣鳳林鎮山興里中興路８０號
10015,1001502,山興里,15,中興路,,,,８２號,301072.04,2628987.74,花蓮縣鳳林鎮山興里中興路８２號
10015,1001502,山興里,15,中興路,,,,８４號,301015.5,2628999.257,花蓮縣鳳林鎮山興里中興路８４號
10015,1001502,山興里,15,中興路,,,,８６號,300980.88,2629072.436,花蓮縣鳳林鎮山興里中興路８６號
10015,1001502,山興里,15,中興路,,,,８８號,300986.468,2629085.29,花蓮縣鳳林鎮山興里中興路８８號
10015,1001502,山興里,15,中興路,,,,９２號,300989.207,2629101.443,花蓮縣鳳林鎮山興里中興路９２號
10015,1001502,山興里,15,中興路,,,,９６號,300984.889,2629122.976,花蓮縣鳳林鎮山興里中興路９６號
10015,1001502,山興里,15,中興路,,,,９８號,300998.287,2629151.864,花蓮縣鳳林鎮山興里中興路９８號
10015,1001502,山興里,2,山吉路,,,,１號,300669.939,2624048.284,花蓮縣鳳林鎮山興里山吉路１號
10015,1001502,山興里,2,山吉路,,,,４之１號,300813.371,2624039.119,花蓮縣鳳林鎮山興里山吉路４之１號
10015,1001502,山興里,2,山吉路,,,,４號,300821.657,2624030.621,花蓮縣鳳林鎮山興里山吉路４號
10015,1001502,山興里,2,山吉路,,,,５號,300840.951,2624179.844,花蓮縣鳳林鎮山興里山吉路５號
10015,1001502,山興里,4,山吉路,,,,１０號,301007.426,2624585.421,花蓮縣鳳林鎮山興里山吉路１０號
10015,1001502,山興里,4,山吉路,,,,１０號之１,300996.974,2624605.022,花蓮縣鳳林鎮山興里山吉路１０號之１
10015,1001502,山興里,4,山吉路,,,,１２號,300991.759,2624644.603,花蓮縣鳳林鎮山興里山吉路１２號
10015,1001502,山興里,4,山吉路,,,,１３號,301002.876,2624660.985,花蓮縣鳳林鎮山興里山吉路１３號
10015,1001502,山興里,4,山吉路,,,,１４號,301012.21,2624674.22,花蓮縣鳳林鎮山興里山吉路１４號
10015,1001502,山興里,2,山吉路,,,,１４號,301012.21,2624674.22,花蓮縣鳳林鎮山興里山吉路１４號
10015,1001502,山興里,4,山吉路,,,,２０號,301019.487,2624714.965,花蓮縣鳳林鎮山興里山吉路２０號
10015,1001502,山興里,4,山吉路,,,,２０號之１,301037.09,2624725.071,花蓮縣鳳林鎮山興里山吉路２０號之１
10015,1001502,山興里,4,山吉路,,,,２２號,301005.926,2624749.848,花蓮縣鳳林鎮山興里山吉路２２號
10015,1001502,山興里,4,山吉路,,,,２４號,301017.731,2624749.446,花蓮縣鳳林鎮山興里山吉路２４號
10015,1001502,山興里,6,山文路,,,,１號,300763.897,2624835.056,花蓮縣鳳林鎮山興里山文路１號
10015,1001502,山興里,6,山文路,,,,２號,300865.802,2624846.274,花蓮縣鳳林鎮山興里山文路２號
10015,1001502,山興里,6,山文路,,,,３號,300778.182,2624853.555,花蓮縣鳳林鎮山興里山文路３號
10015,1001502,山興里,6,山文路,,,,４號,300867.853,2624854.149,花蓮縣鳳林鎮山興里山文路４號
10015,1001502,山興里,6,山文路,,,,５號,300778.474,2624834.619,花蓮縣鳳林鎮山興里山文路５號
10015,1001502,山興里,6,山文路,,,,６號,300868.592,2624861.367,花蓮縣鳳林鎮山興里山文路６號
10015,1001502,山興里,6,山文路,,,,６號之１,300867.844,2624871.252,花蓮縣鳳林鎮山興里山文路６號之１
10015,1001502,山興里,6,山文路,,,,７號,300844.425,2624810.089,花蓮縣鳳林鎮山興里山文路７號
10015,1001502,山興里,6,山文路,,,,７之１號,300852.179,2624833.979,花蓮縣鳳林鎮山興里山文路７之１號
10015,1001502,山興里,6,山文路,,,,７之２號,300845.343,2624834.082,花蓮縣鳳林鎮山興里山文路７之２號
10015,1001502,山興里,6,山文路,,,,９號,300851.486,2624860.801,花蓮縣鳳林鎮山興里山文路９號
10015,1001502,山興里,6,山文路,,,,１０號,300878.172,2624943.608,花蓮縣鳳林鎮山興里山文路１０號
10015,1001502,山興里,6,山文路,,,,１１號,300856.67,2624906.837,花蓮縣鳳林鎮山興里山文路１１號
10015,1001502,山興里,8,山文路,,,,１４號,300797.32,2625047.57,花蓮縣鳳林鎮山興里山文路１４號
10015,1001502,山興里,8,山文路,,,,１４號之１,300789.39,2625041.67,花蓮縣鳳林鎮山興里山文路１４號之１
10015,1001502,山興里,6,山文路,,,,１５號,300851.237,2624939.103,花蓮縣鳳林鎮山興里山文路１５號
10015,1001502,山興里,8,山文路,,,,１６號,300827.646,2625061.145,花蓮縣鳳林鎮山興里山文路１６號
10015,1001502,山興里,8,山文路,,,,１６號之５,301261.222,2626224.971,花蓮縣鳳林鎮山興里山文路１６號之５
10015,1001502,山興里,6,山文路,,,,１７號,300821.015,2624899.269,花蓮縣鳳林鎮山興里山文路１７號
10015,1001502,山興里,8,山文路,,,,１８號,300783.017,2625059.016,花蓮縣鳳林鎮山興里山文路１８號
10015,1001502,山興里,8,山文路,,,,２０之１號,300774.965,2625043.871,花蓮縣鳳林鎮山興里山文路２０之１號
10015,1001502,山興里,8,山文路,,,,２０之２號,300762.7,2625036.519,花蓮縣鳳林鎮山興里山文路２０之２號
10015,1001502,山興里,8,山文路,,,,２０號,300777.037,2625033.941,花蓮縣鳳林鎮山興里山文路２０號
10015,1001502,山興里,8,山文路,,,,２２號,300743.859,2625040.558,花蓮縣鳳林鎮山興里山文路２２號
10015,1001502,山興里,8,山文路,,,,２４號,300769.655,2625018.604,花蓮縣鳳林鎮山興里山文路２４號
10015,1001502,山興里,8,山文路,,,,２６號,300742.153,2624989.304,花蓮縣鳳林鎮山興里山文路２６號
10015,1001502,山興里,8,山文路,,,,２８之１號,300723.639,2624964.09,花蓮縣鳳林鎮山興里山文路２８之１號
10015,1001502,山興里,8,山文路,,,,２８號,300738.242,2624976.806,花蓮縣鳳林鎮山興里山文路２８號
10015,1001502,山興里,1,山明路,,,,１之１號,300632.25,2623009.06,花蓮縣鳳林鎮山興里山明路１之１號
10015,1001502,山興里,1,山明路,,,,１號,300630.929,2623004.298,花蓮縣鳳林鎮山興里山明路１號
10015,1001502,山興里,1,山明路,,,,２號,300633.108,2622975.55,花蓮縣鳳林鎮山興里山明路２號
10015,1001502,山興里,1,山明路,,,,２之１號,300631.11,2622963.99,花蓮縣鳳林鎮山興里山明路２之１號
10015,1001502,山興里,1,山明路,,,,４號,300678.223,2622952.651,花蓮縣鳳林鎮山興里山明路４號
10015,1001502,山興里,1,山明路,,,,５號,300691.553,2622968.007,花蓮縣鳳林鎮山興里山明路５號
10015,1001502,山興里,1,山明路,,,,８號,300745.234,2622917.611,花蓮縣鳳林鎮山興里山明路８號
10015,1001502,山興里,1,山明路,,,,１１號,300737.434,2623000.138,花蓮縣鳳林鎮山興里山明路１１號
10015,1001502,山興里,1,山明路,,,,１１之１號,300730.54,2623004.48,花蓮縣鳳林鎮山興里山明路１１之１號
10015,1001502,山興里,1,山明路,,,,１２號,300970.319,2622944.949,花蓮縣鳳林鎮山興里山明路１２號
10015,1001502,山興里,1,山明路,,,,１３號,300953.437,2622933.44,花蓮縣鳳林鎮山興里山明路１３號
10015,1001502,山興里,1,山明路,,,,１４號,301031.6,2622911.844,花蓮縣鳳林鎮山興里山明路１４號
10015,1001502,山興里,1,山明路,,,,１６號,301030.029,2622947.328,花蓮縣鳳林鎮山興里山明路１６號
10015,1001502,山興里,1,山明路,,,,２０號,301534.374,2623216.46,花蓮縣鳳林鎮山興里山明路２０號
10015,1001502,山興里,1,山明路,,,,２０號之１,301601.558,2623181.256,花蓮縣鳳林鎮山興里山明路２０號之１
10015,1001502,山興里,1,山興路,,,,１號,300623.156,2623700,花蓮縣鳳林鎮山興里山興路１號
10015,1001502,山興里,1,山興路,,,,１之１號,299983.743,2622242.815,花蓮縣鳳林鎮山興里山興路１之１號
10015,1001502,山興里,2,山興路,,,,２號,300677.969,2623677.25,花蓮縣鳳林鎮山興里山興路２號
10015,1001502,山興里,2,山興路,,,,２號之１,301051.585,2623482.186,花蓮縣鳳林鎮山興里山興路２號之１
10015,1001502,山興里,1,山興路,,,,３號,300399.758,2622919.134,花蓮縣鳳林鎮山興里山興路３號
10015,1001502,山興里,2,山興路,,,,４之１號,301406.125,2623428.163,花蓮縣鳳林鎮山興里山興路４之１號
10015,1001502,山興里,2,山興路,,,,４號,301374.337,2623649.425,花蓮縣鳳林鎮山興里山興路４號
10015,1001502,山興里,1,山興路,,,,５號,300198.11,2622830.58,花蓮縣鳳林鎮山興里山興路５號
10015,1001502,山興里,2,山興路,,,,６號,300566.97,2623966.764,花蓮縣鳳林鎮山興里山興路６號
10015,1001502,山興里,2,山興路,,,,７號,300455.394,2623528.494,花蓮縣鳳林鎮山興里山興路７號
10015,1001502,山興里,2,山興路,,,,８號,300546.65,2623958.578,花蓮縣鳳林鎮山興里山興路８號
10015,1001502,山興里,3,山興路,,,,９之１號,300515.023,2624057.243,花蓮縣鳳林鎮山興里山興路９之１號
10015,1001502,山興里,3,山興路,,,,９號,300524.127,2624049.064,花蓮縣鳳林鎮山興里山興路９號
10015,1001502,山興里,3,山興路,,,,９之２號,300484.688,2624042.85,花蓮縣鳳林鎮山興里山興路９之２號
10015,1001502,山興里,2,山興路,,,,１０號,300600.28,2623998.3,花蓮縣鳳林鎮山興里山興路１０號
10015,1001502,山興里,2,山興路,,,,１０號之１,300632.494,2624002.946,花蓮縣鳳林鎮山興里山興路１０號之１
10015,1001502,山興里,2,山興路,,,,１２號,300668.442,2624015.731,花蓮縣鳳林鎮山興里山興路１２號
10015,1001502,山興里,7,山興路,,,,１３號,300453.762,2624359.176,花蓮縣鳳林鎮山興里山興路１３號
10015,1001502,山興里,7,山興路,,,,１５號,300441.658,2624353.362,花蓮縣鳳林鎮山興里山興路１５號
10015,1001502,山興里,3,山興路,,,,１６號,300554.449,2624077.806,花蓮縣鳳林鎮山興里山興路１６號
10015,1001502,山興里,3,山興路,,,,１８號,300561.47,2624099.37,花蓮縣鳳林鎮山興里山興路１８號
10015,1001502,山興里,7,山興路,,,,１９號,300604.876,2624532.272,花蓮縣鳳林鎮山興里山興路１９號
10015,1001502,山興里,3,山興路,,,,２０之６號,300705.25,2624194,花蓮縣鳳林鎮山興里山興路２０之６號
10015,1001502,山興里,3,山興路,,,,２０號,300591.399,2624119.598,花蓮縣鳳林鎮山興里山興路２０號
10015,1001502,山興里,3,山興路,,,,２２號,300545.261,2624083.565,花蓮縣鳳林鎮山興里山興路２２號
10015,1001502,山興里,7,山興路,,,,２３號,300611.627,2624561.241,花蓮縣鳳林鎮山興里山興路２３號
10015,1001502,山興里,7,山興路,,,,２３之６號,300656.449,2624877.463,花蓮縣鳳林鎮山興里山興路２３之６號
10015,1001502,山興里,7,山興路,,,,２３號之１,300697.271,2624791.579,花蓮縣鳳林鎮山興里山興路２３號之１
10015,1001502,山興里,3,山興路,,,,２４號,300527.887,2624082.234,花蓮縣鳳林鎮山興里山興路２４號
10015,1001502,山興里,7,山興路,,,,２５號,300543.112,2624647.166,花蓮縣鳳林鎮山興里山興路２５號
10015,1001502,山興里,7,山興路,,,,２５號之１,300530,2624668,花蓮縣鳳林鎮山興里山興路２５號之１
10015,1001502,山興里,3,山興路,,,,２６號,300521.122,2624096.84,花蓮縣鳳林鎮山興里山興路２６號
10015,1001502,山興里,7,山興路,,,,２７號,300506.102,2624680.071,花蓮縣鳳林鎮山興里山興路２７號
10015,1001502,山興里,3,山興路,,,,２８號,300511.851,2624105.52,花蓮縣鳳林鎮山興里山興路２８號
10015,1001502,山興里,7,山興路,,,,３０號,300447.062,2624253.79,花蓮縣鳳林鎮山興里山興路３０號
10015,1001502,山興里,9,山興路,,,,３１號,300530.625,2624809.246,花蓮縣鳳林鎮山興里山興路３１號
10015,1001502,山興里,7,山興路,,,,３２號,300478.088,2624309.931,花蓮縣鳳林鎮山興里山興路３２號
10015,1001502,山興里,9,山興路,,,,３３號,300519.256,2624813.235,花蓮縣鳳林鎮山興里山興路３３號
10015,1001502,山興里,7,山興路,,,,３４號,300494.946,2624283.961,花蓮縣鳳林鎮山興里山興路３４號
10015,1001502,山興里,7,山興路,,,,３６號,300474.808,2624345.588,花蓮縣鳳林鎮山興里山興路３６號
10015,1001502,山興里,7,山興路,,,,３８號,300652.085,2624505.533,花蓮縣鳳林鎮山興里山興路３８號
10015,1001502,山興里,7,山興路,,,,３８之６號,300933.37,2624684.21,花蓮縣鳳林鎮山興里山興路３８之６號
10015,1001502,山興里,9,山興路,,,,４６號,300456.84,2625153.83,花蓮縣鳳林鎮山興里山興路４６號
10015,1001502,山興里,9,山興路,,,,４６之１號,300425.83,2625078.5,花蓮縣鳳林鎮山興里山興路４６之１號
10015,1001502,山興里,6,山英路,,,,１號,300862.026,2624833.724,花蓮縣鳳林鎮山興里山英路１號
10015,1001502,山興里,6,山英路,,,,２號,300862.873,2624809.411,花蓮縣鳳林鎮山興里山英路２號
10015,1001502,山興里,6,山英路,,,,３號,300871.288,2624842.437,花蓮縣鳳林鎮山興里山英路３號
10015,1001502,山興里,6,山英路,,,,６號,300875.91,2624819.539,花蓮縣鳳林鎮山興里山英路６號
10015,1001502,山興里,6,山英路,,,,７號,300878.77,2624835.17,花蓮縣鳳林鎮山興里山英路７號
10015,1001502,山興里,6,山英路,,,,８號,300895.038,2624815.947,花蓮縣鳳林鎮山興里山英路８號
10015,1001502,山興里,5,山英路,,,,８號,300895.038,2624815.947,花蓮縣鳳林鎮山興里山英路８號
10015,1001502,山興里,6,山英路,,,,９號,300879.442,2624854.063,花蓮縣鳳林鎮山興里山英路９號
10015,1001502,山興里,6,山英路,,,,１２號,300907.924,2624815.922,花蓮縣鳳林鎮山興里山英路１２號
10015,1001502,山興里,6,山英路,,,,１５號,300889.628,2624838.7,花蓮縣鳳林鎮山興里山英路１５號
10015,1001502,山興里,6,山英路,,,,１７號,300900.995,2624826.042,花蓮縣鳳林鎮山興里山英路１７號
10015,1001502,山興里,6,山英路,,,,１９號,300915.697,2624838.771,花蓮縣鳳林鎮山興里山英路１９號
10015,1001502,山興里,4,山英路,,,,２０號,301120.421,2624814.812,花蓮縣鳳林鎮山興里山英路２０號
10015,1001502,山興里,5,山英路,,,,２４號,301191.85,2624786.032,花蓮縣鳳林鎮山興里山英路２４號
10015,1001502,山興里,6,山英路,,,,２５號,300936.615,2624834.154,花蓮縣鳳林鎮山興里山英路２５號
10015,1001502,山興里,6,山英路,,,,２５之１號,300943.74,2624827.82,花蓮縣鳳林鎮山興里山英路２５之１號
10015,1001502,山興里,6,山英路,,,,２９號,301055.488,2624853.241,花蓮縣鳳林鎮山興里山英路２９號
10015,1001502,山興里,5,山英路,,,,３０號,301326.181,2624704.872,花蓮縣鳳林鎮山興里山英路３０號
10015,1001502,山興里,6,山英路,,,,３１號,301061.866,2624879.086,花蓮縣鳳林鎮山興里山英路３１號
10015,1001502,山興里,6,山英路,,,,３５號,301001.281,2624961.487,花蓮縣鳳林鎮山興里山英路３５號
10015,1001502,山興里,16,山英路,,,,３６號,301487.798,2624906.008,花蓮縣鳳林鎮山興里山英路３６號
10015,1001502,山興里,6,山英路,,,,３７號,300998.557,2624985.776,花蓮縣鳳林鎮山興里山英路３７號
10015,1001502,山興里,6,山英路,,,,３７號之１,300992.27,2624850.18,花蓮縣鳳林鎮山興里山英路３７號之１
10015,1001502,山興里,16,山英路,,,,３８號,301476.532,2624943.708,花蓮縣鳳林鎮山興里山英路３８號
10015,1001502,山興里,6,山英路,,,,３９號,300985.67,2624997.26,花蓮縣鳳林鎮山興里山英路３９號
10015,1001502,山興里,16,山英路,,,,４２號,301476.445,2624962.796,花蓮縣鳳林鎮山興里山英路４２號
10015,1001502,山興里,5,山英路,,,,４５號,301279.37,2624808.614,花蓮縣鳳林鎮山興里山英路４５號
10015,1001502,山興里,5,山英路,,,,４９號,301320.978,2624730.273,花蓮縣鳳林鎮山興里山英路４９號
10015,1001502,山興里,16,山英路,,,,５０號,301652.557,2625335.082,花蓮縣鳳林鎮山興里山英路５０號
10015,1001502,山興里,5,山英路,,,,５１號,301347.77,2624791.035,花蓮縣鳳林鎮山興里山英路５１號
10015,1001502,山興里,16,山英路,,,,５２號,301840.765,2625160.138,花蓮縣鳳林鎮山興里山英路５２號
10015,1001502,山興里,16,山英路,,,,５３號,301377.704,2624803.85,花蓮縣鳳林鎮山興里山英路５３號
10015,1001502,山興里,16,山英路,,,,５３之１號,301672.969,2625427.25,花蓮縣鳳林鎮山興里山英路５３之１號
10015,1001502,山興里,16,山英路,,,,５５號,301396.808,2624899.464,花蓮縣鳳林鎮山興里山英路５５號
10015,1001502,山興里,16,山英路,,,,６３號,301292.124,2624951.209,花蓮縣鳳林鎮山興里山英路６３號
10015,1001502,山興里,16,山英路,,,,６３號之１,302166.656,2625800,花蓮縣鳳林鎮山興里山英路６３號之１
10015,1001502,山興里,5,山英路,,,,６６號,301377.865,2624824.042,花蓮縣鳳林鎮山興里山英路６６號
10015,1001502,山興里,5,山英路,,,,８８之２號,301352.77,2624611.43,花蓮縣鳳林鎮山興里山英路８８之２號
10015,1001502,山興里,5,山英路,,,,８８之１號,301360.069,2624605.719,花蓮縣鳳林鎮山興里山英路８８之１號
10015,1001502,山興里,5,山英路,,,,１００號,301403.685,2624655.514,花蓮縣鳳林鎮山興里山英路１００號
10015,1001502,山興里,5,山英路,,,,１０１號之１,301839.413,2624716.83,花蓮縣鳳林鎮山興里山英路１０１號之１
10015,1001502,山興里,5,山英路,,,,１０２號之１,301848.631,2624447.305,花蓮縣鳳林鎮山興里山英路１０２號之１
10015,1001502,山興里,5,山英路,,,,１１０號,301887.627,2624635.957,花蓮縣鳳林鎮山興里山英路１１０號
10015,1001502,山興里,5,山英路,,,,１１４號,301904.91,2624628.168,花蓮縣鳳林鎮山興里山英路１１４號
10015,1001502,山興里,5,山英路,,,,１１６號,301955.181,2624728.149,花蓮縣鳳林鎮山興里山英路１１６號
10015,1001502,山興里,5,山英路,,,,１１７號,301974.598,2624550.636,花蓮縣鳳林鎮山興里山英路１１７號
10015,1001502,山興里,5,山英路,,,,１２０號,301937.439,2624377.791,花蓮縣鳳林鎮山興里山英路１２０號
10015,1001502,山興里,5,山英路,,,,１２２號,302032.35,2624297.941,花蓮縣鳳林鎮山興里山英路１２２號
10015,1001502,山興里,5,山英路,,,,１２４號,302034.586,2624261.587,花蓮縣鳳林鎮山興里山英路１２４號
10015,1001502,山興里,5,山英路,,,,１２４號之１,302029.374,2624255.747,花蓮縣鳳林鎮山興里山英路１２４號之１
10015,1001502,山興里,5,山英路,,,,１２８號,302090.016,2624281.07,花蓮縣鳳林鎮山興里山英路１２８號
10015,1001502,山興里,5,山英路,,,,１４０號,302319.375,2624148.25,花蓮縣鳳林鎮山興里山英路１４０號
10015,1001502,山興里,5,山英路,,,,１４４號,301995.594,2624206,花蓮縣鳳林鎮山興里山英路１４４號
10015,1001502,山興里,5,山英路,,,,１５０號,302624.469,2624481.75,花蓮縣鳳林鎮山興里山英路１５０號
10015,1001502,林榮里,13,兆豐路,,,,４９９號,297147,2631940,花蓮縣鳳林鎮林榮里兆豐路４９９號
10015,1001502,林榮里,13,兆豐路,,,,５００號,297213.735,2632024.603,花蓮縣鳳林鎮林榮里兆豐路５００號
10015,1001502,林榮里,11,兆豐路,,,,６９９號,296992.72,2632976.91,花蓮縣鳳林鎮林榮里兆豐路６９９號
10015,1001502,林榮里,14,兆豐路,,,,８００號,297115.01,2633343.3,花蓮縣鳳林鎮林榮里兆豐路８００號
10015,1001502,林榮里,4,大功街,,,,１號,295886.391,2633346.348,花蓮縣鳳林鎮林榮里大功街１號
10015,1001502,林榮里,2,大功街,,,,２號,295899.453,2633363.2,花蓮縣鳳林鎮林榮里大功街２號
10015,1001502,林榮里,2,大功街,,,,３號,295866.963,2633335.966,花蓮縣鳳林鎮林榮里大功街３號
10015,1001502,林榮里,2,大功街,,,,４號,295895.569,2633361.164,花蓮縣鳳林鎮林榮里大功街４號
10015,1001502,林榮里,2,大功街,,,,６號,295892.422,2633359.93,花蓮縣鳳林鎮林榮里大功街６號
10015,1001502,林榮里,1,大功街,,,,８號,295870.998,2633352.483,花蓮縣鳳林鎮林榮里大功街８號
10015,1001502,林榮里,1,大功街,,,,１０號,295847.462,2633342.22,花蓮縣鳳林鎮林榮里大功街１０號
10015,1001502,林榮里,1,大功街,,,,１２號,295833.867,2633363.715,花蓮縣鳳林鎮林榮里大功街１２號
10015,1001502,林榮里,1,大功街,,,,１４號,295837.62,2633337.458,花蓮縣鳳林鎮林榮里大功街１４號
10015,1001502,林榮里,1,大功街,,,,１６號,295830.697,2633334.86,花蓮縣鳳林鎮林榮里大功街１６號
10015,1001502,林榮里,1,大功街,,,,１８號,295787.561,2633388.878,花蓮縣鳳林鎮林榮里大功街１８號
10015,1001502,林榮里,1,大功街,,,,２０號,295845.993,2633344.716,花蓮縣鳳林鎮林榮里大功街２０號
10015,1001502,林榮里,2,大成街,,,,１號,295842.332,2633446.882,花蓮縣鳳林鎮林榮里大成街１號
10015,1001502,林榮里,2,大成街,,,,３號,295859.92,2633431.484,花蓮縣鳳林鎮林榮里大成街３號
10015,1001502,林榮里,1,大成街,,,,５號,295813.854,2633426.942,花蓮縣鳳林鎮林榮里大成街５號
10015,1001502,林榮里,1,大成街,,,,６號,295458.946,2633269.877,花蓮縣鳳林鎮林榮里大成街６號
10015,1001502,林榮里,1,大成街,,,,８號,295436.303,2633318.984,花蓮縣鳳林鎮林榮里大成街８號
10015,1001502,林榮里,1,大成街,,,,１２號,295781.277,2633435.642,花蓮縣鳳林鎮林榮里大成街１２號
10015,1001502,林榮里,1,大成街,,,,１４號,295781.743,2633423.308,花蓮縣鳳林鎮林榮里大成街１４號
10015,1001502,林榮里,5,大雅街,,,,１號,295994.405,2633269.805,花蓮縣鳳林鎮林榮里大雅街１號
10015,1001502,林榮里,3,大雅街,,,,２號,295984.9,2633279.952,花蓮縣鳳林鎮林榮里大雅街２號
10015,1001502,林榮里,3,大雅街,,,,４號,295978.66,2633276.102,花蓮縣鳳林鎮林榮里大雅街４號
10015,1001502,林榮里,6,大雅街,,,,５號,295975.939,2633260.95,花蓮縣鳳林鎮林榮里大雅街５號
10015,1001502,林榮里,3,大雅街,,,,６號,295972.421,2633272.251,花蓮縣鳳林鎮林榮里大雅街６號
10015,1001502,林榮里,6,大雅街,,,,７號,295965.36,2633255.286,花蓮縣鳳林鎮林榮里大雅街７號
10015,1001502,林榮里,3,大雅街,,,,８號,295966.181,2633268.401,花蓮縣鳳林鎮林榮里大雅街８號
10015,1001502,林榮里,6,大雅街,,,,９號,295961.783,2633253.168,花蓮縣鳳林鎮林榮里大雅街９號
10015,1001502,林榮里,3,大雅街,,,,１０號,295959.942,2633264.551,花蓮縣鳳林鎮林榮里大雅街１０號
10015,1001502,林榮里,6,大雅街,,,,１１號,295957.94,2633251.447,花蓮縣鳳林鎮林榮里大雅街１１號
10015,1001502,林榮里,3,大雅街,,,,１２號,295953.702,2633260.7,花蓮縣鳳林鎮林榮里大雅街１２號
10015,1001502,林榮里,6,大雅街,,,,１３號,295954.982,2633249.254,花蓮縣鳳林鎮林榮里大雅街１３號
10015,1001502,林榮里,4,大雅街,,,,１４號,295943.734,2633254.4,花蓮縣鳳林鎮林榮里大雅街１４號
10015,1001502,林榮里,6,大雅街,,,,１５號,295952.448,2633247.916,花蓮縣鳳林鎮林榮里大雅街１５號
10015,1001502,林榮里,4,大雅街,,,,１６號,295939.095,2633251.738,花蓮縣鳳林鎮林榮里大雅街１６號
10015,1001502,林榮里,6,大雅街,,,,１７號,295949.077,2633245.989,花蓮縣鳳林鎮林榮里大雅街１７號
10015,1001502,林榮里,4,大雅街,,,,１８號,295934.032,2633249.124,花蓮縣鳳林鎮林榮里大雅街１８號
10015,1001502,林榮里,6,大雅街,,,,１９號,295945.675,2633244.061,花蓮縣鳳林鎮林榮里大雅街１９號
10015,1001502,林榮里,4,大雅街,,,,２０號,295928.072,2633245.874,花蓮縣鳳林鎮林榮里大雅街２０號
10015,1001502,林榮里,6,大雅街,,,,２１號,295942.314,2633241.98,花蓮縣鳳林鎮林榮里大雅街２１號
10015,1001502,林榮里,6,大雅街,,,,２３號,295942.882,2633224.724,花蓮縣鳳林鎮林榮里大雅街２３號
10015,1001502,林榮里,6,大雅街,,,,２５號,295928.198,2633230.593,花蓮縣鳳林鎮林榮里大雅街２５號
10015,1001502,林榮里,4,大雅街,,,,２８號,295881.013,2633293.205,花蓮縣鳳林鎮林榮里大雅街２８號
10015,1001502,林榮里,11,平生路,,,,５３１之１號,296064.431,2632355.477,花蓮縣鳳林鎮林榮里平生路５３１之１號
10015,1001502,林榮里,9,林榮路,,,,１５號,296330.834,2632563.67,花蓮縣鳳林鎮林榮里林榮路１５號
10015,1001502,林榮里,12,林榮路,,,,３６號,296731.194,2632233.018,花蓮縣鳳林鎮林榮里林榮路３６號
10015,1001502,林榮里,12,林榮路,,,,３７之１號,296698.2,2632193.32,花蓮縣鳳林鎮林榮里林榮路３７之１號
10015,1001502,林榮里,12,林榮路,,,,３８之１號,296726.826,2632265.474,花蓮縣鳳林鎮林榮里林榮路３８之１號
10015,1001502,林榮里,12,林榮路,,,,３８號,296713.21,2632252.918,花蓮縣鳳林鎮林榮里林榮路３８號
10015,1001502,林榮里,12,林榮路,,,,４０號,296840.25,2632181,花蓮縣鳳林鎮林榮里林榮路４０號
10015,1001502,林榮里,12,林榮路,,,,４６號,296705.206,2632267.434,花蓮縣鳳林鎮林榮里林榮路４６號
10015,1001502,林榮里,12,林榮路,,,,４８號,296706.308,2632297.209,花蓮縣鳳林鎮林榮里林榮路４８號
10015,1001502,林榮里,12,林榮路,,,,４８號之１,296728.444,2632291.877,花蓮縣鳳林鎮林榮里林榮路４８號之１
10015,1001502,林榮里,9,林榮路,,,,５９號,296209.368,2633021.755,花蓮縣鳳林鎮林榮里林榮路５９號
10015,1001502,林榮里,9,林榮路,,,,６１號,296210.942,2633018.519,花蓮縣鳳林鎮林榮里林榮路６１號
10015,1001502,林榮里,9,林榮路,,,,６１號之１,296207.142,2633026.272,花蓮縣鳳林鎮林榮里林榮路６１號之１
10015,1001502,林榮里,9,林榮路,,,,６３號,296204.78,2633030.796,花蓮縣鳳林鎮林榮里林榮路６３號
10015,1001502,林榮里,9,林榮路,,,,６５號,296203.43,2633034.706,花蓮縣鳳林鎮林榮里林榮路６５號
10015,1001502,林榮里,9,林榮路,,,,６５號之１,296203.43,2633034.706,花蓮縣鳳林鎮林榮里林榮路６５號之１
10015,1001502,林榮里,9,林榮路,,,,６９號,296199.18,2633042.526,花蓮縣鳳林鎮林榮里林榮路６９號
10015,1001502,林榮里,9,林榮路,,,,７１號,296196.291,2633046.579,花蓮縣鳳林鎮林榮里林榮路７１號
10015,1001502,林榮里,9,林榮路,,,,７３號,296194.638,2633050.186,花蓮縣鳳林鎮林榮里林榮路７３號
10015,1001502,林榮里,9,林榮路,,,,７５號,296192.985,2633053.792,花蓮縣鳳林鎮林榮里林榮路７５號
10015,1001502,林榮里,9,林榮路,,,,７７號,296191.332,2633057.399,花蓮縣鳳林鎮林榮里林榮路７７號
10015,1001502,林榮里,9,林榮路,,,,７９號,296189.929,2633062.863,花蓮縣鳳林鎮林榮里林榮路７９號
10015,1001502,林榮里,9,林榮路,,,,８１號,296187.421,2633068.344,花蓮縣鳳林鎮林榮里林榮路８１號
10015,1001502,林榮里,9,林榮路,,,,８３號,296185.285,2633073.73,花蓮縣鳳林鎮林榮里林榮路８３號
10015,1001502,林榮里,9,林榮路,,,,８５號,296183.862,2633078.676,花蓮縣鳳林鎮林榮里林榮路８５號
10015,1001502,林榮里,9,林榮路,,,,８７號,296180.635,2633084.992,花蓮縣鳳林鎮林榮里林榮路８７號
10015,1001502,林榮里,9,林榮路,,,,８９號,296178.675,2633090.575,花蓮縣鳳林鎮林榮里林榮路８９號
10015,1001502,林榮里,9,林榮路,,,,９１號,296176.937,2633096.161,花蓮縣鳳林鎮林榮里林榮路９１號
10015,1001502,林榮里,11,林榮路,,,,９２號,296429.166,2632728.699,花蓮縣鳳林鎮林榮里林榮路９２號
10015,1001502,林榮里,11,林榮路,,,,９６號,296411.657,2632754.75,花蓮縣鳳林鎮林榮里林榮路９６號
10015,1001502,林榮里,9,林榮路,,,,９７號,296174.01,2633105.032,花蓮縣鳳林鎮林榮里林榮路９７號
10015,1001502,林榮里,9,林榮路,,,,９９號,296171.422,2633115.074,花蓮縣鳳林鎮林榮里林榮路９９號
10015,1001502,林榮里,17,林榮路,,,,１０２號,296266.483,2632968.854,花蓮縣鳳林鎮林榮里林榮路１０２號
10015,1001502,林榮里,9,林榮路,,,,１０３號,296164.68,2633119.162,花蓮縣鳳林鎮林榮里林榮路１０３號
10015,1001502,林榮里,17,林榮路,,,,１０４號,296263.76,2632973.519,花蓮縣鳳林鎮林榮里林榮路１０４號
10015,1001502,林榮里,9,林榮路,,,,１０５號,296167.315,2633127.55,花蓮縣鳳林鎮林榮里林榮路１０５號
10015,1001502,林榮里,17,林榮路,,,,１０６號,296261.138,2632977.552,花蓮縣鳳林鎮林榮里林榮路１０６號
10015,1001502,林榮里,9,林榮路,,,,１０７之１號,296158.88,2633134.54,花蓮縣鳳林鎮林榮里林榮路１０７之１號
10015,1001502,林榮里,9,林榮路,,,,１０７之２號,296159.057,2633140.642,花蓮縣鳳林鎮林榮里林榮路１０７之２號
10015,1001502,林榮里,9,林榮路,,,,１０７號,296165.636,2633133.537,花蓮縣鳳林鎮林榮里林榮路１０７號
10015,1001502,林榮里,17,林榮路,,,,１０８號,296257.717,2632982.547,花蓮縣鳳林鎮林榮里林榮路１０８號
10015,1001502,林榮里,9,林榮路,,,,１０９號,296157.208,2633146.23,花蓮縣鳳林鎮林榮里林榮路１０９號
10015,1001502,林榮里,9,林榮路,,,,１１３號,296134.794,2633176.505,花蓮縣鳳林鎮林榮里林榮路１１３號
10015,1001502,林榮里,9,林榮路,,,,１１５號,296137.973,2633206.705,花蓮縣鳳林鎮林榮里林榮路１１５號
10015,1001502,林榮里,9,林榮路,,,,１１７號,296112.405,2633188.355,花蓮縣鳳林鎮林榮里林榮路１１７號
10015,1001502,林榮里,9,林榮路,,,,１１７之１號,296119.266,2633204.293,花蓮縣鳳林鎮林榮里林榮路１１７之１號
10015,1001502,林榮里,9,林榮路,,,,１１９號,296134.5,2633214.19,花蓮縣鳳林鎮林榮里林榮路１１９號
10015,1001502,林榮里,17,林榮路,,,,１２０號,296266.284,2633020.556,花蓮縣鳳林鎮林榮里林榮路１２０號
10015,1001502,林榮里,17,林榮路,,,,１２０之１號,296246.87,2633012.54,花蓮縣鳳林鎮林榮里林榮路１２０之１號
10015,1001502,林榮里,9,林榮路,,,,１２１號,296132.208,2633219.343,花蓮縣鳳林鎮林榮里林榮路１２１號
10015,1001502,林榮里,17,林榮路,,,,１２２號,296229.061,2633023.407,花蓮縣鳳林鎮林榮里林榮路１２２號
10015,1001502,林榮里,9,林榮路,,,,１２３號,296130.113,2633223.749,花蓮縣鳳林鎮林榮里林榮路１２３號
10015,1001502,林榮里,17,林榮路,,,,１２４號,296227.524,2633026.183,花蓮縣鳳林鎮林榮里林榮路１２４號
10015,1001502,林榮里,9,林榮路,,,,１２５號,296127.604,2633228.527,花蓮縣鳳林鎮林榮里林榮路１２５號
10015,1001502,林榮里,17,林榮路,,,,１２６號,296225.589,2633029.093,花蓮縣鳳林鎮林榮里林榮路１２６號
10015,1001502,林榮里,9,林榮路,,,,１２７號,296125.468,2633232.726,花蓮縣鳳林鎮林榮里林榮路１２７號
10015,1001502,林榮里,17,林榮路,,,,１２８號,296224.052,2633031.868,花蓮縣鳳林鎮林榮里林榮路１２８號
10015,1001502,林榮里,10,林榮路,,,,１２９號,296121.272,2633247.637,花蓮縣鳳林鎮林榮里林榮路１２９號
10015,1001502,林榮里,17,林榮路,,,,１３０號,296221.862,2633035.698,花蓮縣鳳林鎮林榮里林榮路１３０號
10015,1001502,林榮里,10,林榮路,,,,１３１號,296118.716,2633252.015,花蓮縣鳳林鎮林榮里林榮路１３１號
10015,1001502,林榮里,17,林榮路,,,,１３２號,296219.299,2633039.906,花蓮縣鳳林鎮林榮里林榮路１３２號
10015,1001502,林榮里,10,林榮路,,,,１３３號,296107.184,2633251.202,花蓮縣鳳林鎮林榮里林榮路１３３號
10015,1001502,林榮里,10,林榮路,,,,１３５號,296114.22,2633262.906,花蓮縣鳳林鎮林榮里林榮路１３５號
10015,1001502,林榮里,17,林榮路,,,,１３６號,296211.313,2633058.689,花蓮縣鳳林鎮林榮里林榮路１３６號
10015,1001502,林榮里,10,林榮路,,,,１３７號,296111.336,2633267.908,花蓮縣鳳林鎮林榮里林榮路１３７號
10015,1001502,林榮里,17,林榮路,,,,１３８號,296207.675,2633062.328,花蓮縣鳳林鎮林榮里林榮路１３８號
10015,1001502,林榮里,10,林榮路,,,,１３９號,296109.224,2633272.628,花蓮縣鳳林鎮林榮里林榮路１３９號
10015,1001502,林榮里,17,林榮路,,,,１４０號,296206.912,2633064.999,花蓮縣鳳林鎮林榮里林榮路１４０號
10015,1001502,林榮里,10,林榮路,,,,１４１號,296106.476,2633277.13,花蓮縣鳳林鎮林榮里林榮路１４１號
10015,1001502,林榮里,17,林榮路,,,,１４２號,296206.292,2633066.797,花蓮縣鳳林鎮林榮里林榮路１４２號
10015,1001502,林榮里,10,林榮路,,,,１４３號,296104.229,2633280.249,花蓮縣鳳林鎮林榮里林榮路１４３號
10015,1001502,林榮里,17,林榮路,,,,１４４號,296231.697,2633083.929,花蓮縣鳳林鎮林榮里林榮路１４４號
10015,1001502,林榮里,10,林榮路,,,,１４５號,296102.728,2633283.435,花蓮縣鳳林鎮林榮里林榮路１４５號
10015,1001502,林榮里,17,林榮路,,,,１４６號,296230.485,2633088.925,花蓮縣鳳林鎮林榮里林榮路１４６號
10015,1001502,林榮里,10,林榮路,,,,１４７號,296100.102,2633287.123,花蓮縣鳳林鎮林榮里林榮路１４７號
10015,1001502,林榮里,17,林榮路,,,,１４８號,296217.78,2633075.991,花蓮縣鳳林鎮林榮里林榮路１４８號
10015,1001502,林榮里,10,林榮路,,,,１４９號,296097.667,2633291.309,花蓮縣鳳林鎮林榮里林榮路１４９號
10015,1001502,林榮里,10,林榮路,,,,１５１號,296095.295,2633294.989,花蓮縣鳳林鎮林榮里林榮路１５１號
10015,1001502,林榮里,17,林榮路,,,,１５４號,296205.732,2633068.657,花蓮縣鳳林鎮林榮里林榮路１５４號
10015,1001502,林榮里,10,林榮路,,,,１５５號,296084.668,2633270.943,花蓮縣鳳林鎮林榮里林榮路１５５號
10015,1001502,林榮里,10,林榮路,,,,１５５之１號,296076.004,2633279.504,花蓮縣鳳林鎮林榮里林榮路１５５之１號
10015,1001502,林榮里,17,林榮路,,,,１５６號,296205.119,2633070.08,花蓮縣鳳林鎮林榮里林榮路１５６號
10015,1001502,林榮里,10,林榮路,,,,１５７之１號,296072.74,2633256.71,花蓮縣鳳林鎮林榮里林榮路１５７之１號
10015,1001502,林榮里,10,林榮路,,,,１５７號,296066.78,2633279.949,花蓮縣鳳林鎮林榮里林榮路１５７號
10015,1001502,林榮里,17,林榮路,,,,１５８號,296204.369,2633071.844,花蓮縣鳳林鎮林榮里林榮路１５８號
10015,1001502,林榮里,10,林榮路,,,,１５９號,296083.832,2633285.127,花蓮縣鳳林鎮林榮里林榮路１５９號
10015,1001502,林榮里,17,林榮路,,,,１６０號,296203.836,2633073.293,花蓮縣鳳林鎮林榮里林榮路１６０號
10015,1001502,林榮里,10,林榮路,,,,１６１號,296069.572,2633305.224,花蓮縣鳳林鎮林榮里林榮路１６１號
10015,1001502,林榮里,17,林榮路,,,,１６２號,296199.406,2633088.112,花蓮縣鳳林鎮林榮里林榮路１６２號
10015,1001502,林榮里,17,林榮路,,,,１６４號,296198.497,2633091.443,花蓮縣鳳林鎮林榮里林榮路１６４號
10015,1001502,林榮里,10,林榮路,,,,１６５號,296068.019,2633335.441,花蓮縣鳳林鎮林榮里林榮路１６５號
10015,1001502,林榮里,17,林榮路,,,,１６６號,296196.83,2633095.379,花蓮縣鳳林鎮林榮里林榮路１６６號
10015,1001502,林榮里,17,林榮路,,,,１６８號,296195.694,2633098.407,花蓮縣鳳林鎮林榮里林榮路１６８號
10015,1001502,林榮里,10,林榮路,,,,１６９號,296063.1,2633343.78,花蓮縣鳳林鎮林榮里林榮路１６９號
10015,1001502,林榮里,17,林榮路,,,,１７０號,296195.012,2633101.663,花蓮縣鳳林鎮林榮里林榮路１７０號
10015,1001502,林榮里,10,林榮路,,,,１７１號,296060.388,2633348.569,花蓮縣鳳林鎮林榮里林榮路１７１號
10015,1001502,林榮里,17,林榮路,,,,１７２號,296193.497,2633104.994,花蓮縣鳳林鎮林榮里林榮路１７２號
10015,1001502,林榮里,10,林榮路,,,,１７３號,296057.215,2633353.244,花蓮縣鳳林鎮林榮里林榮路１７３號
10015,1001502,林榮里,10,林榮路,,,,１７３之１號,296057.47,2633351.56,花蓮縣鳳林鎮林榮里林榮路１７３之１號
10015,1001502,林榮里,17,林榮路,,,,１７４號,296188.5,2633120.514,花蓮縣鳳林鎮林榮里林榮路１７４號
10015,1001502,林榮里,17,林榮路,,,,１７４號之１,296210.419,2633126.63,花蓮縣鳳林鎮林榮里林榮路１７４號之１
10015,1001502,林榮里,10,林榮路,,,,１７５號,296054.935,2633357.199,花蓮縣鳳林鎮林榮里林榮路１７５號
10015,1001502,林榮里,17,林榮路,,,,１７６號,296186.874,2633125.698,花蓮縣鳳林鎮林榮里林榮路１７６號
10015,1001502,林榮里,10,林榮路,,,,１７７號,296052.045,2633361.862,花蓮縣鳳林鎮林榮里林榮路１７７號
10015,1001502,林榮里,17,林榮路,,,,１７８號,296185.633,2633128.917,花蓮縣鳳林鎮林榮里林榮路１７８號
10015,1001502,林榮里,10,林榮路,,,,１７９號,296049.637,2633365.591,花蓮縣鳳林鎮林榮里林榮路１７９號
10015,1001502,林榮里,10,林榮路,,,,１８１號,296048.912,2633371.073,花蓮縣鳳林鎮林榮里林榮路１８１號
10015,1001502,林榮里,17,林榮路,,,,１８２號,296182.457,2633137.391,花蓮縣鳳林鎮林榮里林榮路１８２號
10015,1001502,林榮里,10,林榮路,,,,１８３號,296046.57,2633374.786,花蓮縣鳳林鎮林榮里林榮路１８３號
10015,1001502,林榮里,17,林榮路,,,,１８４號,296181.551,2633142.747,花蓮縣鳳林鎮林榮里林榮路１８４號
10015,1001502,林榮里,16,林榮路,,,,１８４號,296181.551,2633142.747,花蓮縣鳳林鎮林榮里林榮路１８４號
10015,1001502,林榮里,10,林榮路,,,,１８５號,296041.73,2633383.267,花蓮縣鳳林鎮林榮里林榮路１８５號
10015,1001502,林榮里,16,林榮路,,,,１８６號,296179.206,2633150.468,花蓮縣鳳林鎮林榮里林榮路１８６號
10015,1001502,林榮里,10,林榮路,,,,１８７號,296043.9,2633379.092,花蓮縣鳳林鎮林榮里林榮路１８７號
10015,1001502,林榮里,17,林榮路,,,,１８８號,296255.603,2633127.705,花蓮縣鳳林鎮林榮里林榮路１８８號
10015,1001502,林榮里,17,林榮路,,,,１８８之１號,296245.307,2633124.316,花蓮縣鳳林鎮林榮里林榮路１８８之１號
10015,1001502,林榮里,10,林榮路,,,,１８９號,296024.815,2633381.759,花蓮縣鳳林鎮林榮里林榮路１８９號
10015,1001502,林榮里,16,林榮路,,,,１９０號,296177.094,2633156.964,花蓮縣鳳林鎮林榮里林榮路１９０號
10015,1001502,林榮里,16,林榮路,,,,１９２號,296175.468,2633161.274,花蓮縣鳳林鎮林榮里林榮路１９２號
10015,1001502,林榮里,16,林榮路,,,,１９４號,296174.342,2633165.093,花蓮縣鳳林鎮林榮里林榮路１９４號
10015,1001502,林榮里,16,林榮路,,,,１９６號,296173.626,2633167.81,花蓮縣鳳林鎮林榮里林榮路１９６號
10015,1001502,林榮里,16,林榮路,,,,１９８號,296172.49,2633171.162,花蓮縣鳳林鎮林榮里林榮路１９８號
10015,1001502,林榮里,15,林榮路,,,,２００號,296170.295,2633173.879,花蓮縣鳳林鎮林榮里林榮路２００號
10015,1001502,林榮里,16,林榮路,,,,２００號,296170.295,2633173.879,花蓮縣鳳林鎮林榮里林榮路２００號
10015,1001502,林榮里,16,林榮路,,,,２０２號,296169.124,2633177.166,花蓮縣鳳林鎮林榮里林榮路２０２號
10015,1001502,林榮里,16,林榮路,,,,２０４號,296167.953,2633180.907,花蓮縣鳳林鎮林榮里林榮路２０４號
10015,1001502,林榮里,16,林榮路,,,,２０６號之１,296164.037,2633191.556,花蓮縣鳳林鎮林榮里林榮路２０６號之１
10015,1001502,林榮里,16,林榮路,,,,２０８號,296162.012,2633199.449,花蓮縣鳳林鎮林榮里林榮路２０８號
10015,1001502,林榮里,16,林榮路,,,,２１０號,296159.38,2633206.222,花蓮縣鳳林鎮林榮里林榮路２１０號
10015,1001502,林榮里,9,林榮路,,,,２１２之３號,296150.244,2633227.675,花蓮縣鳳林鎮林榮里林榮路２１２之３號
10015,1001502,林榮里,9,林榮路,,,,２１２之２號,296152.254,2633223.504,花蓮縣鳳林鎮林榮里林榮路２１２之２號
10015,1001502,林榮里,9,林榮路,,,,２１２號,296156.942,2633213.276,花蓮縣鳳林鎮林榮里林榮路２１２號
10015,1001502,林榮里,16,林榮路,,,,２１２之３號,296150.244,2633227.675,花蓮縣鳳林鎮林榮里林榮路２１２之３號
10015,1001502,林榮里,16,林榮路,,,,２１２之１號,296154.459,2633218.742,花蓮縣鳳林鎮林榮里林榮路２１２之１號
10015,1001502,林榮里,16,林榮路,,,,２１２號,296156.942,2633213.276,花蓮縣鳳林鎮林榮里林榮路２１２號
10015,1001502,林榮里,16,林榮路,,,,２１２號之２,296152.254,2633223.504,花蓮縣鳳林鎮林榮里林榮路２１２號之２
10015,1001502,林榮里,16,林榮路,,,,２１４號,296148.3,2633232.145,花蓮縣鳳林鎮林榮里林榮路２１４號
10015,1001502,林榮里,16,林榮路,,,,２１６號,296146.202,2633237.622,花蓮縣鳳林鎮林榮里林榮路２１６號
10015,1001502,林榮里,10,林榮路,,,,２１７號,295958.55,2633467.287,花蓮縣鳳林鎮林榮里林榮路２１７號
10015,1001502,林榮里,15,林榮路,,,,２１８號,296137.202,2633261.476,花蓮縣鳳林鎮林榮里林榮路２１８號
10015,1001502,林榮里,15,林榮路,,,,２２０號,296128.694,2633266.479,花蓮縣鳳林鎮林榮里林榮路２２０號
10015,1001502,林榮里,10,林榮路,,,,２２１號,295748.196,2633735.112,花蓮縣鳳林鎮林榮里林榮路２２１號
10015,1001502,林榮里,10,林榮路,,,,２２３號,295722.36,2633935.485,花蓮縣鳳林鎮林榮里林榮路２２３號
10015,1001502,林榮里,10,林榮路,,,,２２５號,295732.383,2633926.63,花蓮縣鳳林鎮林榮里林榮路２２５號
10015,1001502,林榮里,15,林榮路,,,,２２６號,296123.617,2633274.856,花蓮縣鳳林鎮林榮里林榮路２２６號
10015,1001502,林榮里,15,林榮路,,,,２３０號,296119.479,2633282.327,花蓮縣鳳林鎮林榮里林榮路２３０號
10015,1001502,林榮里,10,林榮路,,,,２３５號,295626.602,2633871.683,花蓮縣鳳林鎮林榮里林榮路２３５號
10015,1001502,林榮里,15,林榮路,,,,２３６號,296115.125,2633291.577,花蓮縣鳳林鎮林榮里林榮路２３６號
10015,1001502,林榮里,15,林榮路,,,,２３８號,296129.973,2633298.912,花蓮縣鳳林鎮林榮里林榮路２３８號
10015,1001502,林榮里,15,林榮路,,,,２４０號,296145.827,2633308.254,花蓮縣鳳林鎮林榮里林榮路２４０號
10015,1001502,林榮里,15,林榮路,,,,２４２號,296164.487,2633317.28,花蓮縣鳳林鎮林榮里林榮路２４２號
10015,1001502,林榮里,15,林榮路,,,,２４４號,296168.47,2633286.5,花蓮縣鳳林鎮林榮里林榮路２４４號
10015,1001502,林榮里,15,林榮路,,,,２４６號,296140.371,2633315.052,花蓮縣鳳林鎮林榮里林榮路２４６號
10015,1001502,林榮里,10,林榮路,,,,２４８號,296130.239,2633308.923,花蓮縣鳳林鎮林榮里林榮路２４８號
10015,1001502,林榮里,15,林榮路,,,,２４８號,296130.239,2633308.923,花蓮縣鳳林鎮林榮里林榮路２４８號
10015,1001502,林榮里,15,林榮路,,,,２５０號,296111.367,2633298.041,花蓮縣鳳林鎮林榮里林榮路２５０號
10015,1001502,林榮里,15,林榮路,,,,２５２號,296109.23,2633301.537,花蓮縣鳳林鎮林榮里林榮路２５２號
10015,1001502,林榮里,15,林榮路,,,,２５４號,296107.464,2633304.823,花蓮縣鳳林鎮林榮里林榮路２５４號
10015,1001502,林榮里,15,林榮路,,,,２５６號,296105.573,2633307.953,花蓮縣鳳林鎮林榮里林榮路２５６號
10015,1001502,林榮里,10,林榮路,,,,２５６號,296105.573,2633307.953,花蓮縣鳳林鎮林榮里林榮路２５６號
10015,1001502,林榮里,15,林榮路,,,,２５８號,296103.435,2633311.086,花蓮縣鳳林鎮林榮里林榮路２５８號
10015,1001502,林榮里,15,林榮路,,,,２６２號,296099.369,2633319.79,花蓮縣鳳林鎮林榮里林榮路２６２號
10015,1001502,林榮里,15,林榮路,,,,２６４號,296096.497,2633323.752,花蓮縣鳳林鎮林榮里林榮路２６４號
10015,1001502,林榮里,15,林榮路,,,,２６６號,296094.019,2633327.782,花蓮縣鳳林鎮林榮里林榮路２６６號
10015,1001502,林榮里,15,林榮路,,,,２６８號,296091.913,2633331.287,花蓮縣鳳林鎮林榮里林榮路２６８號
10015,1001502,林榮里,15,林榮路,,,,２７０號,296090.302,2633334.264,花蓮縣鳳林鎮林榮里林榮路２７０號
10015,1001502,林榮里,15,林榮路,,,,２７２號,296089.001,2633336.708,花蓮縣鳳林鎮林榮里林榮路２７２號
10015,1001502,林榮里,15,林榮路,,,,２８２號,296120.74,2633385.116,花蓮縣鳳林鎮林榮里林榮路２８２號
10015,1001502,林榮里,15,林榮路,,,,２８４號,296085.428,2633344.349,花蓮縣鳳林鎮林榮里林榮路２８４號
10015,1001502,林榮里,15,林榮路,,,,２８６號,296082.589,2633349.864,花蓮縣鳳林鎮林榮里林榮路２８６號
10015,1001502,林榮里,15,林榮路,,,,２８８號,296080.544,2633353.266,花蓮縣鳳林鎮林榮里林榮路２８８號
10015,1001502,林榮里,15,林榮路,,,,２９０號,296078.498,2633356.668,花蓮縣鳳林鎮林榮里林榮路２９０號
10015,1001502,林榮里,15,林榮路,,,,２９２號,296076.453,2633360.069,花蓮縣鳳林鎮林榮里林榮路２９２號
10015,1001502,林榮里,15,林榮路,,,,２９４號,296074.408,2633363.471,花蓮縣鳳林鎮林榮里林榮路２９４號
10015,1001502,林榮里,15,林榮路,,,,２９６號,296072.362,2633366.873,花蓮縣鳳林鎮林榮里林榮路２９６號
10015,1001502,林榮里,15,林榮路,,,,２９８號,296070.317,2633370.275,花蓮縣鳳林鎮林榮里林榮路２９８號
10015,1001502,林榮里,15,林榮路,,,,３０６號,296067.016,2633412.008,花蓮縣鳳林鎮林榮里林榮路３０６號
10015,1001502,林榮里,10,林榮路,,,,３３８號,295979.707,2633820.622,花蓮縣鳳林鎮林榮里林榮路３３８號
10015,1001502,林榮里,1,林榮里永康路,,,,１５３號,295672.039,2633448.269,花蓮縣鳳林鎮林榮里林榮里永康路１５３號
10015,1001502,林榮里,13,榮開路,,,,１０之１號,297292.84,2632109.5,花蓮縣鳳林鎮林榮里榮開路１０之１號
10015,1001502,林榮里,13,榮開路,,,,１１號,297255.244,2632378.791,花蓮縣鳳林鎮林榮里榮開路１１號
10015,1001502,林榮里,13,榮開路,,,,１５號,297212.496,2632429.57,花蓮縣鳳林鎮林榮里榮開路１５號
10015,1001502,林榮里,13,榮開路,,,,１５之６號,297016.441,2632293.294,花蓮縣鳳林鎮林榮里榮開路１５之６號
10015,1001502,林榮里,13,榮開路,,,,１６號,297083.74,2632244.62,花蓮縣鳳林鎮林榮里榮開路１６號
10015,1001502,林榮里,13,榮開路,,１８巷,,７號,297138.13,2632205.45,花蓮縣鳳林鎮林榮里榮開路１８巷７號
10015,1001502,林榮里,13,榮開路,,,,２１號之１,297311.449,2632472.509,花蓮縣鳳林鎮林榮里榮開路２１號之１
10015,1001502,林榮里,13,榮開路,,,,３７號,299927.471,2629774.795,花蓮縣鳳林鎮林榮里榮開路３７號
10015,1001502,林榮里,13,榮開路,,,,３９號,300084.705,2629807.297,花蓮縣鳳林鎮林榮里榮開路３９號
10015,1001502,林榮里,13,榮開路,,,,３９號之１,300145.833,2629811.542,花蓮縣鳳林鎮林榮里榮開路３９號之１
10015,1001502,林榮里,13,榮開路,,,,４２號,297295.647,2632231.297,花蓮縣鳳林鎮林榮里榮開路４２號
10015,1001502,林榮里,13,榮開路,,,,５１號,297386.795,2632233.602,花蓮縣鳳林鎮林榮里榮開路５１號
10015,1001502,林榮里,13,榮開路,,,,５６號,297309.805,2632201.912,花蓮縣鳳林鎮林榮里榮開路５６號
10015,1001502,林榮里,13,榮開路,,,,６０之２號,299063.06,2630512.07,花蓮縣鳳林鎮林榮里榮開路６０之２號
10015,1001502,林榮里,13,榮開路,,,,６０之１號,299001,2630497,花蓮縣鳳林鎮林榮里榮開路６０之１號
10015,1001502,林榮里,13,榮開路,,,,６２號,297779.966,2631376.32,花蓮縣鳳林鎮林榮里榮開路６２號
10015,1001502,林榮里,13,榮開路,,,,６８號,298015.145,2631512.141,花蓮縣鳳林鎮林榮里榮開路６８號
10015,1001502,林榮里,13,榮開路,,,,７０之１號,299783.03,2629542.66,花蓮縣鳳林鎮林榮里榮開路７０之１號
10015,1001502,林榮里,13,榮開路,,,,７２之１２號,298325.5,2631174.16,花蓮縣鳳林鎮林榮里榮開路７２之１２號
10015,1001502,林榮里,13,榮開路,,,,７２號,298373.84,2630836.42,花蓮縣鳳林鎮林榮里榮開路７２號
10015,1001502,林榮里,13,榮開路,,,,７６號,298515,2630837,花蓮縣鳳林鎮林榮里榮開路７６號
10015,1001502,林榮里,13,榮開路,,,,８０號,298465.521,2630865.946,花蓮縣鳳林鎮林榮里榮開路８０號
10015,1001502,林榮里,13,榮開路,,,,８０之８號,298493.23,2631040.76,花蓮縣鳳林鎮林榮里榮開路８０之８號
10015,1001502,林榮里,13,榮開路,,,,８０之６號,298440.93,2630966.31,花蓮縣鳳林鎮林榮里榮開路８０之６號
10015,1001502,林榮里,13,榮開路,,,,８２號,298185.826,2630574.293,花蓮縣鳳林鎮林榮里榮開路８２號
10015,1001502,林榮里,13,榮開路,,,,８８號,298631,2630644.816,花蓮縣鳳林鎮林榮里榮開路８８號
10015,1001502,林榮里,13,榮開路,,,,９０之１號,298559.57,2630638.61,花蓮縣鳳林鎮林榮里榮開路９０之１號
10015,1001502,林榮里,13,榮開路,,,,９０號,298565.822,2630601.512,花蓮縣鳳林鎮林榮里榮開路９０號
10015,1001502,林榮里,13,榮開路,,,,９２號,298629.587,2630604.23,花蓮縣鳳林鎮林榮里榮開路９２號
10015,1001502,林榮里,13,榮開路,,,,１００號,299786.225,2630154.404,花蓮縣鳳林鎮林榮里榮開路１００號
10015,1001502,林榮里,13,榮開路,,,,１６８號,297826.835,2632310.197,花蓮縣鳳林鎮林榮里榮開路１６８號
10015,1001502,林榮里,13,榮開路,,,,１８０號,297684.924,2632163.934,花蓮縣鳳林鎮林榮里榮開路１８０號
10015,1001502,林榮里,13,榮開路,,,,１８５號,297725.157,2632582.9,花蓮縣鳳林鎮林榮里榮開路１８５號
10015,1001502,林榮里,13,榮開路,,,,１８６號,297720.4,2632196.59,花蓮縣鳳林鎮林榮里榮開路１８６號
10015,1001502,林榮里,13,榮開路,,,,１８８之１號,298677.17,2630460.95,花蓮縣鳳林鎮林榮里榮開路１８８之１號
10015,1001502,林榮里,13,榮開路,,,,１９０之１７號,298853.14,2630422.33,花蓮縣鳳林鎮林榮里榮開路１９０之１７號
10015,1001502,林榮里,13,榮開路,,,,１９０之１６號,298843.88,2630451.79,花蓮縣鳳林鎮林榮里榮開路１９０之１６號
10015,1001502,林榮里,13,榮開路,,,,２００號,298878.57,2630076.98,花蓮縣鳳林鎮林榮里榮開路２００號
10015,1001502,林榮里,13,榮開路,,,,２００之１號,298881.339,2630112.624,花蓮縣鳳林鎮林榮里榮開路２００之１號
10015,1001502,林榮里,13,榮開路,,,,２２５之１號,297423.59,2632867.8,花蓮縣鳳林鎮林榮里榮開路２２５之１號
10015,1001502,林榮里,13,榮開路,,,,２８０之１號,299427.37,2630475.49,花蓮縣鳳林鎮林榮里榮開路２８０之１號
10015,1001502,林榮里,13,水車路,,,,１號,296930.36,2631721.2,花蓮縣鳳林鎮林榮里水車路１號
10015,1001502,林榮里,13,水車路,,,,２號,296999.319,2631765.632,花蓮縣鳳林鎮林榮里水車路２號
10015,1001502,林榮里,13,水車路,,,,３之１號,296929.01,2632133.74,花蓮縣鳳林鎮林榮里水車路３之１號
10015,1001502,林榮里,13,水車路,,,,４號,296975.234,2631781.749,花蓮縣鳳林鎮林榮里水車路４號
10015,1001502,林榮里,13,水車路,,,,６號,296957.707,2631779.814,花蓮縣鳳林鎮林榮里水車路６號
10015,1001502,林榮里,12,水車路,,,,７之１號,296850.5,2632220.45,花蓮縣鳳林鎮林榮里水車路７之１號
10015,1001502,林榮里,12,水車路,,,,７號,296843.785,2632280.842,花蓮縣鳳林鎮林榮里水車路７號
10015,1001502,林榮里,12,水車路,,,,７之６號,296850.82,2632235.91,花蓮縣鳳林鎮林榮里水車路７之６號
10015,1001502,林榮里,13,水車路,,,,８號,296924.018,2631758.287,花蓮縣鳳林鎮林榮里水車路８號
10015,1001502,林榮里,12,水車路,,,,９號,296835.11,2632308.852,花蓮縣鳳林鎮林榮里水車路９號
10015,1001502,林榮里,13,水車路,,,,１０號,296968.106,2632141.296,花蓮縣鳳林鎮林榮里水車路１０號
10015,1001502,林榮里,12,水車路,,,,１１號,296826.026,2632326.913,花蓮縣鳳林鎮林榮里水車路１１號
10015,1001502,林榮里,12,水車路,,,,１５號,296822.09,2632332.331,花蓮縣鳳林鎮林榮里水車路１５號
10015,1001502,林榮里,13,水車路,,,,１６之１號,295869.187,2633069.25,花蓮縣鳳林鎮林榮里水車路１６之１號
10015,1001502,林榮里,13,水車路,,,,１６號,296880.76,2632212.3,花蓮縣鳳林鎮林榮里水車路１６號
10015,1001502,林榮里,12,水車路,,,,１７號,296806.402,2632278.124,花蓮縣鳳林鎮林榮里水車路１７號
10015,1001502,林榮里,12,水車路,,,,１９號,296815.657,2632269.345,花蓮縣鳳林鎮林榮里水車路１９號
10015,1001502,林榮里,12,水車路,,,,２１號,296788.232,2632281.717,花蓮縣鳳林鎮林榮里水車路２１號
10015,1001502,林榮里,12,水車路,,,,２３號,296784.389,2632294.55,花蓮縣鳳林鎮林榮里水車路２３號
10015,1001502,林榮里,12,水車路,,,,２５號,296801.22,2632295.876,花蓮縣鳳林鎮林榮里水車路２５號
10015,1001502,林榮里,12,水車路,,,,２７號,296792.12,2632328.944,花蓮縣鳳林鎮林榮里水車路２７號
10015,1001502,林榮里,12,水車路,,,,３１號,296812.811,2632346.792,花蓮縣鳳林鎮林榮里水車路３１號
10015,1001502,林榮里,12,水車路,,,,３２號,296766.933,2632477.669,花蓮縣鳳林鎮林榮里水車路３２號
10015,1001502,林榮里,12,水車路,,,,３３號,296809.065,2632352.675,花蓮縣鳳林鎮林榮里水車路３３號
10015,1001502,林榮里,12,水車路,,,,３４號,296811,2632498.502,花蓮縣鳳林鎮林榮里水車路３４號
10015,1001502,林榮里,12,水車路,,,,３４之１２號,296976.656,2632591.25,花蓮縣鳳林鎮林榮里水車路３４之１２號
10015,1001502,林榮里,12,水車路,,,,３５號,296759.76,2632432.899,花蓮縣鳳林鎮林榮里水車路３５號
10015,1001502,林榮里,11,水車路,,,,３６號,296780.686,2632507.054,花蓮縣鳳林鎮林榮里水車路３６號
10015,1001502,林榮里,11,水車路,,,,３８號,296754.719,2632505.793,花蓮縣鳳林鎮林榮里水車路３８號
10015,1001502,林榮里,11,水車路,,,,３８號之１,296755.631,2632499.024,花蓮縣鳳林鎮林榮里水車路３８號之１
10015,1001502,林榮里,12,水車路,,,,３９號,296748.256,2632443.112,花蓮縣鳳林鎮林榮里水車路３９號
10015,1001502,林榮里,11,水車路,,,,４０號,296742.482,2632510.891,花蓮縣鳳林鎮林榮里水車路４０號
10015,1001502,林榮里,11,水車路,,,,４２號,296798.718,2632538.664,花蓮縣鳳林鎮林榮里水車路４２號
10015,1001502,林榮里,11,水車路,,,,４２號之１２,296798.718,2632538.664,花蓮縣鳳林鎮林榮里水車路４２號之１２
10015,1001502,林榮里,10,水車路,,,,４４號,295901.741,2626958.991,花蓮縣鳳林鎮林榮里水車路４４號
10015,1001502,林榮里,11,水車路,,,,４８號,296714.333,2632568.32,花蓮縣鳳林鎮林榮里水車路４８號
10015,1001502,林榮里,11,水車路,,,,５０號,296740.4,2632577.21,花蓮縣鳳林鎮林榮里水車路５０號
10015,1001502,林榮里,11,水車路,,,,５１號,296547.551,2632697.02,花蓮縣鳳林鎮林榮里水車路５１號
10015,1001502,林榮里,11,水車路,,,,５２號,296730.439,2632548.468,花蓮縣鳳林鎮林榮里水車路５２號
10015,1001502,林榮里,11,水車路,,,,５２之８號,296560.56,2632823.95,花蓮縣鳳林鎮林榮里水車路５２之８號
10015,1001502,林榮里,11,水車路,,,,５２號之６,296601.872,2632755.394,花蓮縣鳳林鎮林榮里水車路５２號之６
10015,1001502,林榮里,11,水車路,,,,５３號,296530.922,2632713.085,花蓮縣鳳林鎮林榮里水車路５３號
10015,1001502,林榮里,11,水車路,,,,５４號,296560.067,2632832.719,花蓮縣鳳林鎮林榮里水車路５４號
10015,1001502,林榮里,11,水車路,,,,５４之１號,296534.321,2632883.366,花蓮縣鳳林鎮林榮里水車路５４之１號
10015,1001502,林榮里,11,水車路,,,,５４之２號,296530.307,2632902.385,花蓮縣鳳林鎮林榮里水車路５４之２號
10015,1001502,林榮里,11,水車路,,,,５５號,296575.647,2632740.006,花蓮縣鳳林鎮林榮里水車路５５號
10015,1001502,林榮里,11,水車路,,,,５７號,296500.068,2632796.547,花蓮縣鳳林鎮林榮里水車路５７號
10015,1001502,林榮里,11,水車路,,,,５８號,296497.837,2633086.556,花蓮縣鳳林鎮林榮里水車路５８號
10015,1001502,林榮里,11,水車路,,,,５８之６號,296470.21,2632967.88,花蓮縣鳳林鎮林榮里水車路５８之６號
10015,1001502,林榮里,11,水車路,,,,５９號,296542.35,2632747.709,花蓮縣鳳林鎮林榮里水車路５９號
10015,1001502,林榮里,11,水車路,,,,５９之１號,296561.78,2632753.46,花蓮縣鳳林鎮林榮里水車路５９之１號
10015,1001502,林榮里,11,水車路,,,,６０號,296425.389,2633068.096,花蓮縣鳳林鎮林榮里水車路６０號
10015,1001502,林榮里,11,水車路,,,,６１號,296529.769,2632828.579,花蓮縣鳳林鎮林榮里水車路６１號
10015,1001502,林榮里,11,水車路,,,,６２號,296398.193,2633091.671,花蓮縣鳳林鎮林榮里水車路６２號
10015,1001502,林榮里,11,水車路,,,,６３號,296502.315,2632863.012,花蓮縣鳳林鎮林榮里水車路６３號
10015,1001502,林榮里,11,水車路,,,,６３號之１,296516.047,2632833.351,花蓮縣鳳林鎮林榮里水車路６３號之１
10015,1001502,林榮里,17,水車路,,,,６５號之１,296342.594,2632958.931,花蓮縣鳳林鎮林榮里水車路６５號之１
10015,1001502,林榮里,17,水車路,,,,６６號,296316.187,2633018,花蓮縣鳳林鎮林榮里水車路６６號
10015,1001502,林榮里,17,水車路,,,,６７之１號,296318.394,2632968.322,花蓮縣鳳林鎮林榮里水車路６７之１號
10015,1001502,林榮里,17,水車路,,,,６８號,296302.135,2633049.541,花蓮縣鳳林鎮林榮里水車路６８號
10015,1001502,林榮里,17,水車路,,,,７１之１號,296300.511,2632962.464,花蓮縣鳳林鎮林榮里水車路７１之１號
10015,1001502,林榮里,17,水車路,,,,７１號,296309.178,2632961.894,花蓮縣鳳林鎮林榮里水車路７１號
10015,1001502,林榮里,14,水車路,,,,７８號,296269.67,2633240.054,花蓮縣鳳林鎮林榮里水車路７８號
10015,1001502,林榮里,14,水車路,,,,７８號之２０,296715.148,2633044.571,花蓮縣鳳林鎮林榮里水車路７８號之２０
10015,1001502,林榮里,14,水車路,,,,８０號,296261.529,2633238.568,花蓮縣鳳林鎮林榮里水車路８０號
10015,1001502,林榮里,14,水車路,,,,８２號,296250.074,2633274.834,花蓮縣鳳林鎮林榮里水車路８２號
10015,1001502,林榮里,16,水車路,,,,８３號,296270.448,2633224.024,花蓮縣鳳林鎮林榮里水車路８３號
10015,1001502,林榮里,14,水車路,,,,８４號,296242.559,2633257.928,花蓮縣鳳林鎮林榮里水車路８４號
10015,1001502,林榮里,16,水車路,,,,８５號,296270.448,2633224.024,花蓮縣鳳林鎮林榮里水車路８５號
10015,1001502,林榮里,14,水車路,,,,８６號,296225.165,2633248.128,花蓮縣鳳林鎮林榮里水車路８６號
10015,1001502,林榮里,16,水車路,,,,８７號,296246.055,2633220.697,花蓮縣鳳林鎮林榮里水車路８７號
10015,1001502,林榮里,14,水車路,,,,８８號,296210.434,2633256.662,花蓮縣鳳林鎮林榮里水車路８８號
10015,1001502,林榮里,16,水車路,,,,８９號,296218.38,2633202.821,花蓮縣鳳林鎮林榮里水車路８９號
10015,1001502,林榮里,14,水車路,,,,９０號,296203.232,2633247.586,花蓮縣鳳林鎮林榮里水車路９０號
10015,1001502,林榮里,16,水車路,,,,９１號,296228.202,2633234.216,花蓮縣鳳林鎮林榮里水車路９１號
10015,1001502,林榮里,14,水車路,,,,９２號,296197.588,2633255.962,花蓮縣鳳林鎮林榮里水車路９２號
10015,1001502,林榮里,16,水車路,,,,９３號,296223.768,2633233.663,花蓮縣鳳林鎮林榮里水車路９３號
10015,1001502,林榮里,16,水車路,,,,９５號,296219.001,2633234.66,花蓮縣鳳林鎮林榮里水車路９５號
10015,1001502,林榮里,10,水車路,,,,９６號,296189.008,2633247.525,花蓮縣鳳林鎮林榮里水車路９６號
10015,1001502,林榮里,16,水車路,,,,９７號,296242.612,2633230.672,花蓮縣鳳林鎮林榮里水車路９７號
10015,1001502,林榮里,16,水車路,,,,９７號之１,296235.961,2633231.669,花蓮縣鳳林鎮林榮里水車路９７號之１
10015,1001502,林榮里,14,水車路,,,,９８號,296183.997,2633248.559,花蓮縣鳳林鎮林榮里水車路９８號
10015,1001502,林榮里,16,水車路,,,,９９號,296497.837,2633086.556,花蓮縣鳳林鎮林榮里水車路９９號
10015,1001502,林榮里,14,水車路,,,,１００號,296178.986,2633249.593,花蓮縣鳳林鎮林榮里水車路１００號
10015,1001502,林榮里,16,水車路,,,,１０１號,296185.49,2633202.045,花蓮縣鳳林鎮林榮里水車路１０１號
10015,1001502,林榮里,14,水車路,,,,１０２號,296173.974,2633250.627,花蓮縣鳳林鎮林榮里水車路１０２號
10015,1001502,林榮里,16,水車路,,,,１０３號,296199.158,2633227.588,花蓮縣鳳林鎮林榮里水車路１０３號
10015,1001502,林榮里,14,水車路,,,,１０４號,296168.963,2633251.661,花蓮縣鳳林鎮林榮里水車路１０４號
10015,1001502,林榮里,16,水車路,,,,１０５號,296204.76,2633195.642,花蓮縣鳳林鎮林榮里水車路１０５號
10015,1001502,林榮里,16,水車路,,,,１０７號,296174.641,2633242.539,花蓮縣鳳林鎮林榮里水車路１０７號
10015,1001502,林榮里,16,水車路,,,,１０９號,296193.467,2633190.196,花蓮縣鳳林鎮林榮里水車路１０９號
10015,1001502,林榮里,16,水車路,,,,１１１號,296183.743,2633218.055,花蓮縣鳳林鎮林榮里水車路１１１號
10015,1001502,林榮里,4,永吉街,,,,１號,295929.752,2633276.643,花蓮縣鳳林鎮林榮里永吉街１號
10015,1001502,林榮里,4,永吉街,,,,３號,295919.023,2633281.884,花蓮縣鳳林鎮林榮里永吉街３號
10015,1001502,林榮里,4,永吉街,,,,３之１號,295917.562,2633289,花蓮縣鳳林鎮林榮里永吉街３之１號
10015,1001502,林榮里,4,永吉街,,,,５號,295916.035,2633288.662,花蓮縣鳳林鎮林榮里永吉街５號
10015,1001502,林榮里,3,永吉街,,,,６號,295922.806,2633318.628,花蓮縣鳳林鎮林榮里永吉街６號
10015,1001502,林榮里,4,永吉街,,,,７號,295913.301,2633304.041,花蓮縣鳳林鎮林榮里永吉街７號
10015,1001502,林榮里,3,永吉街,,,,８號,295916.663,2633335.771,花蓮縣鳳林鎮林榮里永吉街８號
10015,1001502,林榮里,4,永吉街,,,,９號,295906.863,2633307.852,花蓮縣鳳林鎮林榮里永吉街９號
10015,1001502,林榮里,3,永吉街,,,,１０號,295906.285,2633347.411,花蓮縣鳳林鎮林榮里永吉街１０號
10015,1001502,林榮里,4,永吉街,,,,１１號,295904.002,2633311.426,花蓮縣鳳林鎮林榮里永吉街１１號
10015,1001502,林榮里,2,永吉街,,,,１２號,295884.71,2633381.944,花蓮縣鳳林鎮林榮里永吉街１２號
10015,1001502,林榮里,4,永吉街,,,,１３號,295900.187,2633316.906,花蓮縣鳳林鎮林榮里永吉街１３號
10015,1001502,林榮里,2,永吉街,,,,１４號,295867.529,2633407.049,花蓮縣鳳林鎮林榮里永吉街１４號
10015,1001502,林榮里,4,永吉街,,,,１５號,295896.373,2633324.291,花蓮縣鳳林鎮林榮里永吉街１５號
10015,1001502,林榮里,1,永吉街,,,,１７號,295853.496,2633380.8,花蓮縣鳳林鎮林榮里永吉街１７號
10015,1001502,林榮里,1,永吉街,,,,１９號,295856.764,2633398.23,花蓮縣鳳林鎮林榮里永吉街１９號
10015,1001502,林榮里,1,永吉街,,,,２１號,295853.224,2633405.803,花蓮縣鳳林鎮林榮里永吉街２１號
10015,1001502,林榮里,1,永吉街,,,,２３號,295850.745,2633410.931,花蓮縣鳳林鎮林榮里永吉街２３號
10015,1001502,林榮里,1,永吉街,,,,２５號,295836.727,2633414.5,花蓮縣鳳林鎮林榮里永吉街２５號
10015,1001502,林榮里,1,永吉街,,,,２５之１號,295836.11,2633429.76,花蓮縣鳳林鎮林榮里永吉街２５之１號
10015,1001502,林榮里,8,永安街,,,,１號,296035.405,2633058.405,花蓮縣鳳林鎮林榮里永安街１號
10015,1001502,林榮里,8,永安街,,,,２號,296144.276,2633084.334,花蓮縣鳳林鎮林榮里永安街２號
10015,1001502,林榮里,8,永安街,,,,３號,296035.808,2633070.794,花蓮縣鳳林鎮林榮里永安街３號
10015,1001502,林榮里,8,永安街,,,,４號,296078.82,2633126.911,花蓮縣鳳林鎮林榮里永安街４號
10015,1001502,林榮里,8,永安街,,,,５號,296035.057,2633081.85,花蓮縣鳳林鎮林榮里永安街５號
10015,1001502,林榮里,8,永安街,,,,６號,296076.371,2633135.398,花蓮縣鳳林鎮林榮里永安街６號
10015,1001502,林榮里,8,永安街,,,,７號,296035.62,2633090.283,花蓮縣鳳林鎮林榮里永安街７號
10015,1001502,林榮里,8,永安街,,,,９號,296035.245,2633102.651,花蓮縣鳳林鎮林榮里永安街９號
10015,1001502,林榮里,8,永安街,,,,１０號,296052.513,2633130.897,花蓮縣鳳林鎮林榮里永安街１０號
10015,1001502,林榮里,8,永安街,,,,１１號,296031.044,2633118.976,花蓮縣鳳林鎮林榮里永安街１１號
10015,1001502,林榮里,8,永安街,,,,１３號,296042.336,2633128.397,花蓮縣鳳林鎮林榮里永安街１３號
10015,1001502,林榮里,8,永安街,,,,１４號,296046.34,2633145.568,花蓮縣鳳林鎮林榮里永安街１４號
10015,1001502,林榮里,8,永安街,,,,１５號,296035.213,2633146.302,花蓮縣鳳林鎮林榮里永安街１５號
10015,1001502,林榮里,8,永安街,,,,１６號,296042.169,2633155.903,花蓮縣鳳林鎮林榮里永安街１６號
10015,1001502,林榮里,8,永安街,,,,１７號,296030.502,2633151.693,花蓮縣鳳林鎮林榮里永安街１７號
10015,1001502,林榮里,8,永安街,,,,１８號,296038.665,2633163.572,花蓮縣鳳林鎮林榮里永安街１８號
10015,1001502,林榮里,8,永安街,,,,１９號,296025.818,2633166.739,花蓮縣鳳林鎮林榮里永安街１９號
10015,1001502,林榮里,6,永安街,,,,２１號,296008.446,2633193.054,花蓮縣鳳林鎮林榮里永安街２１號
10015,1001502,林榮里,8,永安街,,,,２２號,296034.843,2633170.614,花蓮縣鳳林鎮林榮里永安街２２號
10015,1001502,林榮里,6,永安街,,,,２３號,296006.277,2633199.222,花蓮縣鳳林鎮林榮里永安街２３號
10015,1001502,林榮里,5,永安街,,,,２４號,296020.625,2633190.553,花蓮縣鳳林鎮林榮里永安街２４號
10015,1001502,林榮里,6,永安街,,,,２５號,296004.441,2633203.556,花蓮縣鳳林鎮林榮里永安街２５號
10015,1001502,林榮里,5,永安街,,,,２６號,296017.288,2633196.555,花蓮縣鳳林鎮林榮里永安街２６號
10015,1001502,林榮里,5,永安街,,,,２８號,296012.116,2633205.057,花蓮縣鳳林鎮林榮里永安街２８號
10015,1001502,林榮里,5,永安街,,,,３０號,296002.462,2633224.256,花蓮縣鳳林鎮林榮里永安街３０號
10015,1001502,林榮里,5,永安街,,,,３２號,296027.208,2633204.673,花蓮縣鳳林鎮林榮里永安街３２號
10015,1001502,林榮里,6,永安街,,,,３３號,295990.129,2633229.729,花蓮縣鳳林鎮林榮里永安街３３號
10015,1001502,林榮里,6,永安街,,,,３３號之１,295978.922,2633220.723,花蓮縣鳳林鎮林榮里永安街３３號之１
10015,1001502,林榮里,5,永安街,,,,３４號,296000.619,2633226.654,花蓮縣鳳林鎮林榮里永安街３４號
10015,1001502,林榮里,6,永安街,,,,３５號,295987.558,2633234.215,花蓮縣鳳林鎮林榮里永安街３５號
10015,1001502,林榮里,5,永安街,,,,３６號,295997.535,2633231.805,花蓮縣鳳林鎮林榮里永安街３６號
10015,1001502,林榮里,6,永安街,,,,３７號,295984.987,2633238.7,花蓮縣鳳林鎮林榮里永安街３７號
10015,1001502,林榮里,5,永安街,,,,３８號,295994.451,2633236.956,花蓮縣鳳林鎮林榮里永安街３８號
10015,1001502,林榮里,6,永安街,,,,３９號,295982.416,2633243.185,花蓮縣鳳林鎮林榮里永安街３９號
10015,1001502,林榮里,6,永安街,,,,３９之１號,295977.06,2633241.05,花蓮縣鳳林鎮林榮里永安街３９之１號
10015,1001502,林榮里,5,永安街,,,,４０號,295991.366,2633242.108,花蓮縣鳳林鎮林榮里永安街４０號
10015,1001502,林榮里,3,永安街,,,,４１號,295980.358,2633287.66,花蓮縣鳳林鎮林榮里永安街４１號
10015,1001502,林榮里,3,永安街,,,,４２號,295982.985,2633313.287,花蓮縣鳳林鎮林榮里永安街４２號
10015,1001502,林榮里,3,永安街,,,,４３號,295964.107,2633314.184,花蓮縣鳳林鎮林榮里永安街４３號
10015,1001502,林榮里,3,永安街,,,,４３號之１,295959.039,2633323.299,花蓮縣鳳林鎮林榮里永安街４３號之１
10015,1001502,林榮里,3,永安街,,,,４４號,295985.73,2633307.88,花蓮縣鳳林鎮林榮里永安街４４號
10015,1001502,林榮里,3,永安街,,,,４５號,295945.468,2633300.851,花蓮縣鳳林鎮林榮里永安街４５號
10015,1001502,林榮里,3,永安街,,,,４７號,295948.875,2633313,花蓮縣鳳林鎮林榮里永安街４７號
10015,1001502,林榮里,3,永安街,,,,４９號,295949.839,2633340.062,花蓮縣鳳林鎮林榮里永安街４９號
10015,1001502,林榮里,2,永安街,,,,５０號,295881.862,2633434.497,花蓮縣鳳林鎮林榮里永安街５０號
10015,1001502,林榮里,3,永安街,,,,５１號,295947.049,2633343.543,花蓮縣鳳林鎮林榮里永安街５１號
10015,1001502,林榮里,2,永安街,,,,５２號,295875.238,2633457.039,花蓮縣鳳林鎮林榮里永安街５２號
10015,1001502,林榮里,3,永安街,,,,５３號,295936.772,2633351.698,花蓮縣鳳林鎮林榮里永安街５３號
10015,1001502,林榮里,2,永安街,,,,５４號,295864.275,2633450.731,花蓮縣鳳林鎮林榮里永安街５４號
10015,1001502,林榮里,3,永安街,,,,５５號,295930.219,2633362.649,花蓮縣鳳林鎮林榮里永安街５５號
10015,1001502,林榮里,2,永安街,,,,５６號,295862.03,2633467.187,花蓮縣鳳林鎮林榮里永安街５６號
10015,1001502,林榮里,2,永安街,,,,５７號,295915.108,2633370.94,花蓮縣鳳林鎮林榮里永安街５７號
10015,1001502,林榮里,2,永安街,,,,５９號,295912.905,2633374.918,花蓮縣鳳林鎮林榮里永安街５９號
10015,1001502,林榮里,2,永安街,,,,６０號,295843.681,2633476.1,花蓮縣鳳林鎮林榮里永安街６０號
10015,1001502,林榮里,2,永安街,,,,６１號,295907.993,2633389.626,花蓮縣鳳林鎮林榮里永安街６１號
10015,1001502,林榮里,2,永安街,,,,６２號,295849.367,2633462.489,花蓮縣鳳林鎮林榮里永安街６２號
10015,1001502,林榮里,2,永安街,,,,６３號,295898.445,2633396.003,花蓮縣鳳林鎮林榮里永安街６３號
10015,1001502,林榮里,2,永安街,,,,６４號,295804.719,2633506.129,花蓮縣鳳林鎮林榮里永安街６４號
10015,1001502,林榮里,2,永安街,,,,６５號,295894.425,2633402.864,花蓮縣鳳林鎮林榮里永安街６５號
10015,1001502,林榮里,2,永安街,,,,６７號,295884.591,2633413.134,花蓮縣鳳林鎮林榮里永安街６７號
10015,1001502,林榮里,2,永安街,,,,６９號,295881.241,2633416.254,花蓮縣鳳林鎮林榮里永安街６９號
10015,1001502,林榮里,10,永康路,,,,２號,296104.583,2633238.462,花蓮縣鳳林鎮林榮里永康路２號
10015,1001502,林榮里,10,永康路,,,,４號,296099.716,2633235.745,花蓮縣鳳林鎮林榮里永康路４號
10015,1001502,林榮里,10,永康路,,,,６號,296094.924,2633232.787,花蓮縣鳳林鎮林榮里永康路６號
10015,1001502,林榮里,10,永康路,,,,８號,296089.981,2633230.312,花蓮縣鳳林鎮林榮里永康路８號
10015,1001502,林榮里,10,永康路,,,,１０號,296056.609,2633242.755,花蓮縣鳳林鎮林榮里永康路１０號
10015,1001502,林榮里,8,永康路,,,,２３號,296039.811,2633180.551,花蓮縣鳳林鎮林榮里永康路２３號
10015,1001502,林榮里,8,永康路,,,,２５號,296030.302,2633178.551,花蓮縣鳳林鎮林榮里永康路２５號
10015,1001502,林榮里,6,永康路,,,,３２號,295987.257,2633171.382,花蓮縣鳳林鎮林榮里永康路３２號
10015,1001502,林榮里,6,永康路,,,,３４號,295976.331,2633175.206,花蓮縣鳳林鎮林榮里永康路３４號
10015,1001502,林榮里,6,永康路,,,,３６號,295971.011,2633178.375,花蓮縣鳳林鎮林榮里永康路３６號
10015,1001502,林榮里,6,永康路,,,,３８號,295965.692,2633181.545,花蓮縣鳳林鎮林榮里永康路３８號
10015,1001502,林榮里,8,永康路,,,,３９號,295996.789,2633156.57,花蓮縣鳳林鎮林榮里永康路３９號
10015,1001502,林榮里,6,永康路,,,,４０號,295960.373,2633184.714,花蓮縣鳳林鎮林榮里永康路４０號
10015,1001502,林榮里,7,永康路,,,,４１號,295971.732,2633131.092,花蓮縣鳳林鎮林榮里永康路４１號
10015,1001502,林榮里,7,永康路,,,,４３號,295986.042,2633148.437,花蓮縣鳳林鎮林榮里永康路４３號
10015,1001502,林榮里,7,永康路,,,,４５號,295988.623,2633116.387,花蓮縣鳳林鎮林榮里永康路４５號
10015,1001502,林榮里,7,永康路,,,,４５號之１,295909.067,2633099.82,花蓮縣鳳林鎮林榮里永康路４５號之１
10015,1001502,林榮里,7,永康路,,,,４７號,295858.241,2633082.195,花蓮縣鳳林鎮林榮里永康路４７號
10015,1001502,林榮里,7,永康路,,,,４７之１號,295869.187,2633069.25,花蓮縣鳳林鎮林榮里永康路４７之１號
10015,1001502,林榮里,6,永康路,,,,４８號,295959.882,2633211.065,花蓮縣鳳林鎮林榮里永康路４８號
10015,1001502,林榮里,7,永康路,,４９巷,,１號,295930.516,2633020.041,花蓮縣鳳林鎮林榮里永康路４９巷１號
10015,1001502,林榮里,7,永康路,,４９巷,,２號,295917.598,2633013.275,花蓮縣鳳林鎮林榮里永康路４９巷２號
10015,1001502,林榮里,7,永康路,,４９巷,,３號,295899.206,2633003.782,花蓮縣鳳林鎮林榮里永康路４９巷３號
10015,1001502,林榮里,7,永康路,,４９巷,,４號,295889.83,2632998.939,花蓮縣鳳林鎮林榮里永康路４９巷４號
10015,1001502,林榮里,7,永康路,,４９巷,,５號,295874.362,2632988.546,花蓮縣鳳林鎮林榮里永康路４９巷５號
10015,1001502,林榮里,7,永康路,,４９巷,,６號,295863.962,2632984.016,花蓮縣鳳林鎮林榮里永康路４９巷６號
10015,1001502,林榮里,7,永康路,,４９巷,,７號,295847.426,2632975.42,花蓮縣鳳林鎮林榮里永康路４９巷７號
10015,1001502,林榮里,7,永康路,,４９巷,,８號,295839.992,2632970.936,花蓮縣鳳林鎮林榮里永康路４９巷８號
10015,1001502,林榮里,7,永康路,,４９巷,,９號,295821.587,2632960.814,花蓮縣鳳林鎮林榮里永康路４９巷９號
10015,1001502,林榮里,7,永康路,,４９巷,,１０號,295811.247,2632955.111,花蓮縣鳳林鎮林榮里永康路４９巷１０號
10015,1001502,林榮里,7,永康路,,４９巷,,１１號,295798.513,2632947.276,花蓮縣鳳林鎮林榮里永康路４９巷１１號
10015,1001502,林榮里,7,永康路,,４９巷,,１２號,295787.824,2632941.438,花蓮縣鳳林鎮林榮里永康路４９巷１２號
10015,1001502,林榮里,7,永康路,,４９巷,,１２之８號,295767.17,2632822.57,花蓮縣鳳林鎮林榮里永康路４９巷１２之８號
10015,1001502,林榮里,6,永康路,,,,５０號,295933.805,2633198.316,花蓮縣鳳林鎮林榮里永康路５０號
10015,1001502,林榮里,7,永康路,,,,５１號,295921.246,2632992.223,花蓮縣鳳林鎮林榮里永康路５１號
10015,1001502,林榮里,4,永康路,,,,５４號,295854.457,2633329.671,花蓮縣鳳林鎮林榮里永康路５４號
10015,1001502,林榮里,7,永康路,,,,５５號,295758.367,2633046.387,花蓮縣鳳林鎮林榮里永康路５５號
10015,1001502,林榮里,7,永康路,,,,５７號,295831.996,2633123.802,花蓮縣鳳林鎮林榮里永康路５７號
10015,1001502,林榮里,7,永康路,,,,５９號,295873.598,2633105.682,花蓮縣鳳林鎮林榮里永康路５９號
10015,1001502,林榮里,4,永康路,,,,６０號,295902.62,2633237.99,花蓮縣鳳林鎮林榮里永康路６０號
10015,1001502,林榮里,7,永康路,,,,６５號,295967.812,2633160.214,花蓮縣鳳林鎮林榮里永康路６５號
10015,1001502,林榮里,7,永康路,,,,６７號,295957.068,2633167.152,花蓮縣鳳林鎮林榮里永康路６７號
10015,1001502,林榮里,7,永康路,,,,６９號,295947.227,2633171.952,花蓮縣鳳林鎮林榮里永康路６９號
10015,1001502,林榮里,7,永康路,,,,７１號,295924.614,2633179.211,花蓮縣鳳林鎮林榮里永康路７１號
10015,1001502,林榮里,7,永康路,,,,７３號,295916.551,2633187.009,花蓮縣鳳林鎮林榮里永康路７３號
10015,1001502,林榮里,7,永康路,,,,７５號,295912.231,2633189.847,花蓮縣鳳林鎮林榮里永康路７５號
10015,1001502,林榮里,7,永康路,,,,７７號,295901.713,2633196.023,花蓮縣鳳林鎮林榮里永康路７７號
10015,1001502,林榮里,7,永康路,,,,７９號,295890.636,2633205.435,花蓮縣鳳林鎮林榮里永康路７９號
10015,1001502,林榮里,1,永康路,,,,８０號,295748.208,2633405.711,花蓮縣鳳林鎮林榮里永康路８０號
10015,1001502,林榮里,4,永康路,,,,８１號,295876.641,2633224.777,花蓮縣鳳林鎮林榮里永康路８１號
10015,1001502,林榮里,7,永康路,,,,８５號,295643.384,2632986.002,花蓮縣鳳林鎮林榮里永康路８５號
10015,1001502,林榮里,7,永康路,,,,８９之１號,295697.38,2632929.27,花蓮縣鳳林鎮林榮里永康路８９之１號
10015,1001502,林榮里,7,永康路,,,,８９之５號,295632.6,2632887.35,花蓮縣鳳林鎮林榮里永康路８９之５號
10015,1001502,林榮里,7,永康路,,,,９１之３號,295594.87,2632826.28,花蓮縣鳳林鎮林榮里永康路９１之３號
10015,1001502,林榮里,4,永康路,,,,１０７號,295821.582,2633297.286,花蓮縣鳳林鎮林榮里永康路１０７號
10015,1001502,林榮里,4,永康路,,,,１０７之１號,295813.307,2633312.502,花蓮縣鳳林鎮林榮里永康路１０７之１號
10015,1001502,林榮里,1,永康路,,,,１０９號,295801.776,2633318.043,花蓮縣鳳林鎮林榮里永康路１０９號
10015,1001502,林榮里,1,永康路,,,,１０９號之１,295793.48,2633327.673,花蓮縣鳳林鎮林榮里永康路１０９號之１
10015,1001502,林榮里,1,永康路,,,,１１２號,295702.926,2633444.581,花蓮縣鳳林鎮林榮里永康路１１２號
10015,1001502,林榮里,1,永康路,,,,１１２號之１,295702.926,2633444.581,花蓮縣鳳林鎮林榮里永康路１１２號之１
10015,1001502,林榮里,1,永康路,,,,１１６號,295493.633,2633635.133,花蓮縣鳳林鎮林榮里永康路１１６號
10015,1001502,林榮里,1,永康路,,,,１１８號,295488.914,2633639.41,花蓮縣鳳林鎮林榮里永康路１１８號
10015,1001502,林榮里,1,永康路,,,,１２６之１號,295443.59,2633717.18,花蓮縣鳳林鎮林榮里永康路１２６之１號
10015,1001502,林榮里,1,永康路,,,,１４１號,295703.204,2633420.524,花蓮縣鳳林鎮林榮里永康路１４１號
10015,1001502,林榮里,1,永康路,,,,１４３號,295698.56,2633427.372,花蓮縣鳳林鎮林榮里永康路１４３號
10015,1001502,林榮里,1,永康路,,,,１４７號,295691.219,2633432.068,花蓮縣鳳林鎮林榮里永康路１４７號
10015,1001502,林榮里,1,永康路,,,,１４９號,295680.96,2633439.656,花蓮縣鳳林鎮林榮里永康路１４９號
10015,1001502,林榮里,1,永康路,,,,１５３號,295672.039,2633448.269,花蓮縣鳳林鎮林榮里永康路１５３號
10015,1001502,林榮里,1,永康路,,,,１５７號,295556.618,2633552.959,花蓮縣鳳林鎮林榮里永康路１５７號
10015,1001502,林榮里,1,永康路,,,,１６１號,295397.433,2633698.197,花蓮縣鳳林鎮林榮里永康路１６１號
10015,1001502,林榮里,1,永康路,,,,１６３號,295373.201,2633711.105,花蓮縣鳳林鎮林榮里永康路１６３號
10015,1001502,林榮里,7,永康路,,,,１７２號,295425.05,2633128.796,花蓮縣鳳林鎮林榮里永康路１７２號
10015,1001502,林榮里,8,永康路,,,,１８５號,296158.781,2632560,花蓮縣鳳林鎮林榮里永康路１８５號
10015,1001502,林榮里,7,永康路,,,,１９５號,295996.233,2632265.714,花蓮縣鳳林鎮林榮里永康路１９５號
10015,1001502,林榮里,7,永康路,,,,１９９之１號,296011.6,2632359.6,花蓮縣鳳林鎮林榮里永康路１９９之１號
10015,1001502,林榮里,7,永康路,,,,２００號,295769.709,2632334.372,花蓮縣鳳林鎮林榮里永康路２００號
10015,1001502,林榮里,7,永康路,,,,２１１之１號,295910.78,2632539.59,花蓮縣鳳林鎮林榮里永康路２１１之１號
10015,1001502,林榮里,7,永康路,,,,２２０號,295295.202,2633816.15,花蓮縣鳳林鎮林榮里永康路２２０號
10015,1001502,林榮里,13,永康路,,,,２９９號,296504.37,2631758.92,花蓮縣鳳林鎮林榮里永康路２９９號
10015,1001502,林榮里,14,永福街,,,,８之２號,296251.751,2633298.653,花蓮縣鳳林鎮林榮里永福街８之２號
10015,1001502,林榮里,14,永福街,,,,８號,296215.138,2633288.782,花蓮縣鳳林鎮林榮里永福街８號
10015,1001502,林榮里,15,永福街,,,,１５號,296183.556,2633298.703,花蓮縣鳳林鎮林榮里永福街１５號
10015,1001502,林榮里,10,永福街,,,,１７號,296197.551,2633292.752,花蓮縣鳳林鎮林榮里永福街１７號
10015,1001502,林榮里,10,永福街,,,,２０號,297334.099,2633102.699,花蓮縣鳳林鎮林榮里永福街２０號
10015,1001502,林榮里,14,永福街,,,,２２號,296179.687,2633424.762,花蓮縣鳳林鎮林榮里永福街２２號
10015,1001502,林榮里,14,永福街,,,,２６號,297055.781,2633169,花蓮縣鳳林鎮林榮里永福街２６號
10015,1001502,林榮里,10,永福街,,,,３１號,296228.609,2633397.448,花蓮縣鳳林鎮林榮里永福街３１號
10015,1001502,林榮里,14,永福街,,,,３３號,296232.089,2633386.466,花蓮縣鳳林鎮林榮里永福街３３號
10015,1001502,林榮里,14,永豐路,,,,６號,296849.983,2633314.188,花蓮縣鳳林鎮林榮里永豐路６號
10015,1001502,林榮里,14,永豐路,,,,８號,296803.337,2633394.959,花蓮縣鳳林鎮林榮里永豐路８號
10015,1001502,林榮里,14,永豐路,,,,１０號,296418.22,2633539.423,花蓮縣鳳林鎮林榮里永豐路１０號
10015,1001502,林榮里,14,永豐路,,,,１０號之１,296451.99,2633505.929,花蓮縣鳳林鎮林榮里永豐路１０號之１
10015,1001502,林榮里,14,永豐路,,,,１０號之２,296435.778,2633491.554,花蓮縣鳳林鎮林榮里永豐路１０號之２
10015,1001502,林榮里,14,永豐路,,,,２９號,298524.86,2632918.98,花蓮縣鳳林鎮林榮里永豐路２９號
10015,1001502,林榮里,14,永豐路,,,,３１號,298551.16,2632900.86,花蓮縣鳳林鎮林榮里永豐路３１號
10015,1001502,林榮里,14,永豐路,,,,３５之５號,298588.51,2633153.27,花蓮縣鳳林鎮林榮里永豐路３５之５號
10015,1001502,林榮里,14,永豐路,,,,３５號,298595.49,2632925.565,花蓮縣鳳林鎮林榮里永豐路３５號
10015,1001502,林榮里,14,永豐路,,,,３７號,298631.719,2632896,花蓮縣鳳林鎮林榮里永豐路３７號
10015,1001502,林榮里,14,永豐路,,,,３９號,298593.426,2632962.317,花蓮縣鳳林鎮林榮里永豐路３９號
10015,1001502,林榮里,14,永豐路,,,,５３號,298755.47,2632919.41,花蓮縣鳳林鎮林榮里永豐路５３號
10015,1001502,林榮里,14,永豐路,,,,５５號,298798.155,2632885.853,花蓮縣鳳林鎮林榮里永豐路５５號
10015,1001502,林榮里,14,永豐路,,,,９９號,299049.23,2633301.45,花蓮縣鳳林鎮林榮里永豐路９９號
10015,1001502,林榮里,14,永豐路,,,,１００號,297695.916,2632567.478,花蓮縣鳳林鎮林榮里永豐路１００號
10015,1001502,林榮里,14,永豐路,,,,１１１號,299325.777,2633091.735,花蓮縣鳳林鎮林榮里永豐路１１１號
10015,1001502,林榮里,14,永豐路,,,,１３５之１號,299328.97,2632905.21,花蓮縣鳳林鎮林榮里永豐路１３５之１號
10015,1001502,林榮里,14,永豐路,,,,１４５號,299733.83,2633039.48,花蓮縣鳳林鎮林榮里永豐路１４５號
10015,1001502,林榮里,14,永豐路,,,,１５５號,299783.251,2633203.428,花蓮縣鳳林鎮林榮里永豐路１５５號
10015,1001502,林榮里,14,永豐路,,,,２００號之１,300514.25,2632909.25,花蓮縣鳳林鎮林榮里永豐路２００號之１
10015,1001502,林榮里,14,永豐路,,,,２０１之１號,300514.25,2632909.25,花蓮縣鳳林鎮林榮里永豐路２０１之１號
10015,1001502,林榮里,14,永豐路,,,,２２５號,300873.57,2632807.454,花蓮縣鳳林鎮林榮里永豐路２２５號
10015,1001502,林榮里,14,永豐路,,,,２５５號,300835.53,2633600.6,花蓮縣鳳林鎮林榮里永豐路２５５號
10015,1001502,林榮里,14,永豐路,,,,３５５號,302229.02,2633540.27,花蓮縣鳳林鎮林榮里永豐路３５５號
10015,1001502,森榮里,1,林安路,,,,１號,290968.75,2623760.06,花蓮縣鳳林鎮森榮里林安路１號
10015,1001502,森榮里,2,林安路,,,,２之２號,290934.51,2623842.04,花蓮縣鳳林鎮森榮里林安路２之２號
10015,1001502,森榮里,2,林安路,,,,２之１２號,290874.55,2623855.23,花蓮縣鳳林鎮森榮里林安路２之１２號
10015,1001502,森榮里,2,林安路,,,,２之１６號,290866.6,2623854.71,花蓮縣鳳林鎮森榮里林安路２之１６號
10015,1001502,森榮里,2,林安路,,,,２號,290953.5,2623817.33,花蓮縣鳳林鎮森榮里林安路２號
10015,1001502,森榮里,2,林安路,,,,２之６號,290894.94,2623856.77,花蓮縣鳳林鎮森榮里林安路２之６號
10015,1001502,森榮里,2,林安路,,,,２號之２０,290928.19,2623879.61,花蓮縣鳳林鎮森榮里林安路２號之２０
10015,1001502,森榮里,2,林安路,,,,２之６號,290917.31,2623858.81,花蓮縣鳳林鎮森榮里林安路２之６號
10015,1001502,森榮里,1,林安路,,,,３號,290972.74,2623760.3,花蓮縣鳳林鎮森榮里林安路３號
10015,1001502,森榮里,13,林安路,,,,４號,290709.172,2623691.207,花蓮縣鳳林鎮森榮里林安路４號
10015,1001502,森榮里,1,林安路,,,,５號,290976.61,2623760.54,花蓮縣鳳林鎮森榮里林安路５號
10015,1001502,森榮里,12,林安路,,,,６號,290703.464,2623692.857,花蓮縣鳳林鎮森榮里林安路６號
10015,1001502,森榮里,1,林安路,,,,７號,290980.71,2623760.89,花蓮縣鳳林鎮森榮里林安路７號
10015,1001502,森榮里,13,林安路,,,,８號,290697.756,2623694.507,花蓮縣鳳林鎮森榮里林安路８號
10015,1001502,森榮里,13,林安路,,,,８號之１,290675,2623673,花蓮縣鳳林鎮森榮里林安路８號之１
10015,1001502,森榮里,1,林安路,,,,９號,290985.04,2623760.9,花蓮縣鳳林鎮森榮里林安路９號
10015,1001502,森榮里,12,林安路,,,,１０號,290690.781,2623696.891,花蓮縣鳳林鎮森榮里林安路１０號
10015,1001502,森榮里,1,林安路,,,,１１號,290990.06,2623760.8,花蓮縣鳳林鎮森榮里林安路１１號
10015,1001502,森榮里,12,林安路,,,,１２號,290683.255,2623700.344,花蓮縣鳳林鎮森榮里林安路１２號
10015,1001502,森榮里,12,林安路,,,,１６號,290675.693,2623703.157,花蓮縣鳳林鎮森榮里林安路１６號
10015,1001502,森榮里,1,林安路,,,,１７號,290962.168,2623739.854,花蓮縣鳳林鎮森榮里林安路１７號
10015,1001502,森榮里,13,林安路,,,,２０號,290627.467,2623670.414,花蓮縣鳳林鎮森榮里林安路２０號
10015,1001502,森榮里,15,林安路,,,,２２號,290586.875,2623704.016,花蓮縣鳳林鎮森榮里林安路２２號
10015,1001502,森榮里,1,林安路,,,,２３號,290958.87,2623747,花蓮縣鳳林鎮森榮里林安路２３號
10015,1001502,森榮里,1,林安路,,,,２９號,290954.56,2623741.242,花蓮縣鳳林鎮森榮里林安路２９號
10015,1001502,森榮里,2,林森路,,,,１號,290985.682,2623886.004,花蓮縣鳳林鎮森榮里林森路１號
10015,1001502,森榮里,2,林森路,,,,２號,290922.803,2623914.821,花蓮縣鳳林鎮森榮里林森路２號
10015,1001502,森榮里,2,林森路,,,,２之１號,290932.32,2623914.48,花蓮縣鳳林鎮森榮里林森路２之１號
10015,1001502,森榮里,2,林森路,,,,３號,290985.369,2623881.217,花蓮縣鳳林鎮森榮里林森路３號
10015,1001502,森榮里,2,林森路,,,,４號,290906.918,2623911.121,花蓮縣鳳林鎮森榮里林森路４號
10015,1001502,森榮里,2,林森路,,,,４號之１,290881,2623907,花蓮縣鳳林鎮森榮里林森路４號之１
10015,1001502,森榮里,4,林森路,,,,６號,290726.435,2623873.168,花蓮縣鳳林鎮森榮里林森路６號
10015,1001502,森榮里,2,林森路,,,,７號,290985.537,2623871.415,花蓮縣鳳林鎮森榮里林森路７號
10015,1001502,森榮里,4,林森路,,,,８號,290726.352,2623877.504,花蓮縣鳳林鎮森榮里林森路８號
10015,1001502,森榮里,2,林森路,,,,９號,290985.537,2623866.926,花蓮縣鳳林鎮森榮里林森路９號
10015,1001502,森榮里,5,林森路,,,,１０號,290709.096,2623861.793,花蓮縣鳳林鎮森榮里林森路１０號
10015,1001502,森榮里,2,林森路,,,,１１號,290972.197,2623892.539,花蓮縣鳳林鎮森榮里林森路１１號
10015,1001502,森榮里,5,林森路,,,,１２號,290709.881,2623856.674,花蓮縣鳳林鎮森榮里林森路１２號
10015,1001502,森榮里,2,林森路,,,,１３號,290971.729,2623896.495,花蓮縣鳳林鎮森榮里林森路１３號
10015,1001502,森榮里,5,林森路,,,,１４號,290702.222,2623857.148,花蓮縣鳳林鎮森榮里林森路１４號
10015,1001502,森榮里,2,林森路,,,,１５號,290971.464,2623899.599,花蓮縣鳳林鎮森榮里林森路１５號
10015,1001502,森榮里,5,林森路,,,,１６之１號,290688.574,2623858.909,花蓮縣鳳林鎮森榮里林森路１６之１號
10015,1001502,森榮里,5,林森路,,,,１６號,290694.976,2623858.509,花蓮縣鳳林鎮森榮里林森路１６號
10015,1001502,森榮里,2,林森路,,,,１７號,290970.916,2623904.141,花蓮縣鳳林鎮森榮里林森路１７號
10015,1001502,森榮里,5,林森路,,,,１８號,290682.129,2623859.224,花蓮縣鳳林鎮森榮里林森路１８號
10015,1001502,森榮里,2,林森路,,,,１９之１號,290905.39,2623889.96,花蓮縣鳳林鎮森榮里林森路１９之１號
10015,1001502,森榮里,2,林森路,,,,１９號,290970.528,2623908.736,花蓮縣鳳林鎮森榮里林森路１９號
10015,1001502,森榮里,5,林森路,,,,２０號,290672.35,2623860.218,花蓮縣鳳林鎮森榮里林森路２０號
10015,1001502,森榮里,2,林森路,,,,２１號,290773.518,2623859.531,花蓮縣鳳林鎮森榮里林森路２１號
10015,1001502,森榮里,5,林森路,,,,２２號,290665.104,2623860.722,花蓮縣鳳林鎮森榮里林森路２２號
10015,1001502,森榮里,2,林森路,,,,２３號,290773.395,2623848.723,花蓮縣鳳林鎮森榮里林森路２３號
10015,1001502,森榮里,2,林森路,,,,２５號,290773.333,2623843.319,花蓮縣鳳林鎮森榮里林森路２５號
10015,1001502,森榮里,5,林森路,,,,２６號,290649.101,2623861.88,花蓮縣鳳林鎮森榮里林森路２６號
10015,1001502,森榮里,2,林森路,,,,２７號,290773.271,2623837.914,花蓮縣鳳林鎮森榮里林森路２７號
10015,1001502,森榮里,5,林森路,,,,２８號,290635.849,2623862.569,花蓮縣鳳林鎮森榮里林森路２８號
10015,1001502,森榮里,2,林森路,,,,２９號,290773.209,2623832.786,花蓮縣鳳林鎮森榮里林森路２９號
10015,1001502,森榮里,5,林森路,,,,３０號,290623.014,2623866.058,花蓮縣鳳林鎮森榮里林森路３０號
10015,1001502,森榮里,2,林森路,,,,３１號,290773.221,2623830.363,花蓮縣鳳林鎮森榮里林森路３１號
10015,1001502,森榮里,3,林森路,,,,３３號,290765.12,2623833.061,花蓮縣鳳林鎮森榮里林森路３３號
10015,1001502,森榮里,6,林森路,,,,３４號,290606.291,2623855.513,花蓮縣鳳林鎮森榮里林森路３４號
10015,1001502,森榮里,3,林森路,,,,３５號,290765.26,2623838.158,花蓮縣鳳林鎮森榮里林森路３５號
10015,1001502,森榮里,3,林森路,,,,３７號,290765.401,2623843.255,花蓮縣鳳林鎮森榮里林森路３７號
10015,1001502,森榮里,3,林森路,,,,３９號,290765.541,2623848.351,花蓮縣鳳林鎮森榮里林森路３９號
10015,1001502,森榮里,6,林森路,,,,４０號,290547,2623853.24,花蓮縣鳳林鎮森榮里林森路４０號
10015,1001502,森榮里,3,林森路,,,,４１號,290765.682,2623853.448,花蓮縣鳳林鎮森榮里林森路４１號
10015,1001502,森榮里,6,林森路,,,,４２號,290531.5,2623854.04,花蓮縣鳳林鎮森榮里林森路４２號
10015,1001502,森榮里,3,林森路,,,,４３號,290765.823,2623858.544,花蓮縣鳳林鎮森榮里林森路４３號
10015,1001502,森榮里,6,林森路,,,,４４號,290516.47,2623850.78,花蓮縣鳳林鎮森榮里林森路４４號
10015,1001502,森榮里,3,林森路,,,,４５號,290759.015,2623858.971,花蓮縣鳳林鎮森榮里林森路４５號
10015,1001502,森榮里,6,林森路,,,,４６號,290507.74,2623850.61,花蓮縣鳳林鎮森榮里林森路４６號
10015,1001502,森榮里,3,林森路,,,,４７號,290747.065,2623859.448,花蓮縣鳳林鎮森榮里林森路４７號
10015,1001502,森榮里,6,林森路,,,,４８號,290497.01,2623848.06,花蓮縣鳳林鎮森榮里林森路４８號
10015,1001502,森榮里,6,林森路,,,,５０號之１,290483.491,2623848.867,花蓮縣鳳林鎮森榮里林森路５０號之１
10015,1001502,森榮里,3,林森路,,,,５１號,290746.489,2623849.636,花蓮縣鳳林鎮森榮里林森路５１號
10015,1001502,森榮里,6,林森路,,,,５２號,290471.522,2623847.397,花蓮縣鳳林鎮森榮里林森路５２號
10015,1001502,森榮里,3,林森路,,,,５３號,290746.201,2623844.731,花蓮縣鳳林鎮森榮里林森路５３號
10015,1001502,森榮里,9,林森路,,,,５４號,290413.464,2623839.617,花蓮縣鳳林鎮森榮里林森路５４號
10015,1001502,森榮里,3,林森路,,,,５５號,290745.913,2623839.825,花蓮縣鳳林鎮森榮里林森路５５號
10015,1001502,森榮里,9,林森路,,,,５６號,290405.894,2623839.771,花蓮縣鳳林鎮森榮里林森路５６號
10015,1001502,森榮里,3,林森路,,,,５７號,290745.625,2623834.919,花蓮縣鳳林鎮森榮里林森路５７號
10015,1001502,森榮里,9,林森路,,,,５８號,290436.26,2623853.109,花蓮縣鳳林鎮森榮里林森路５８號
10015,1001502,森榮里,4,林森路,,,,５９號,290731.394,2623835.966,花蓮縣鳳林鎮森榮里林森路５９號
10015,1001502,森榮里,9,林森路,,,,６０號,290428.517,2623852.99,花蓮縣鳳林鎮森榮里林森路６０號
10015,1001502,森榮里,4,林森路,,,,６１號,290731.711,2623840.714,花蓮縣鳳林鎮森榮里林森路６１號
10015,1001502,森榮里,9,林森路,,,,６２號,290398.424,2623840.004,花蓮縣鳳林鎮森榮里林森路６２號
10015,1001502,森榮里,4,林森路,,,,６３號,290732.027,2623845.461,花蓮縣鳳林鎮森榮里林森路６３號
10015,1001502,森榮里,9,林森路,,,,６４號,290390.609,2623840.22,花蓮縣鳳林鎮森榮里林森路６４號
10015,1001502,森榮里,4,林森路,,,,６５號,290732.344,2623850.209,花蓮縣鳳林鎮森榮里林森路６５號
10015,1001502,森榮里,9,林森路,,,,６６號,290382.6,2623840.314,花蓮縣鳳林鎮森榮里林森路６６號
10015,1001502,森榮里,4,林森路,,,,６７號,290732.661,2623854.956,花蓮縣鳳林鎮森榮里林森路６７號
10015,1001502,森榮里,9,林森路,,,,６８號,290374.419,2623840.518,花蓮縣鳳林鎮森榮里林森路６８號
10015,1001502,森榮里,4,林森路,,,,６９號,290732.978,2623859.703,花蓮縣鳳林鎮森榮里林森路６９號
10015,1001502,森榮里,4,林森路,,,,７１號,290722.979,2623858.241,花蓮縣鳳林鎮森榮里林森路７１號
10015,1001502,森榮里,4,林森路,,,,７３號,290722.798,2623853.818,花蓮縣鳳林鎮森榮里林森路７３號
10015,1001502,森榮里,4,林森路,,,,７５號,290722.256,2623849.395,花蓮縣鳳林鎮森榮里林森路７５號
10015,1001502,森榮里,4,林森路,,,,７７號,290721.985,2623844.612,花蓮縣鳳林鎮森榮里林森路７７號
10015,1001502,森榮里,4,林森路,,,,７９號,290721.624,2623839.828,花蓮縣鳳林鎮森榮里林森路７９號
10015,1001502,森榮里,5,林森路,,,,８１號,290693.53,2623833.61,花蓮縣鳳林鎮森榮里林森路８１號
10015,1001502,森榮里,5,林森路,,,,８３之１號,290709,2623844,花蓮縣鳳林鎮森榮里林森路８３之１號
10015,1001502,森榮里,5,林森路,,,,８３號,290699.697,2623844.912,花蓮縣鳳林鎮森榮里林森路８３號
10015,1001502,森榮里,5,林森路,,,,８５號,290690.707,2623845.741,花蓮縣鳳林鎮森榮里林森路８５號
10015,1001502,森榮里,5,林森路,,,,８７號,290681.717,2623846.57,花蓮縣鳳林鎮森榮里林森路８７號
10015,1001502,森榮里,5,林森路,,,,８９號,290672.727,2623847.399,花蓮縣鳳林鎮森榮里林森路８９號
10015,1001502,森榮里,5,林森路,,,,９１號,290663.737,2623848.229,花蓮縣鳳林鎮森榮里林森路９１號
10015,1001502,森榮里,5,林森路,,,,９３號,290652.817,2623849.058,花蓮縣鳳林鎮森榮里林森路９３號
10015,1001502,森榮里,5,林森路,,,,９５號,290645.757,2623849.887,花蓮縣鳳林鎮森榮里林森路９５號
10015,1001502,森榮里,5,林森路,,,,９７號,290636.767,2623850.716,花蓮縣鳳林鎮森榮里林森路９７號
10015,1001502,森榮里,13,林森路,,９９巷,,１號,290531.569,2623687.17,花蓮縣鳳林鎮森榮里林森路９９巷１號
10015,1001502,森榮里,13,林森路,,９９巷,,３號,290528.91,2623678.8,花蓮縣鳳林鎮森榮里林森路９９巷３號
10015,1001502,森榮里,13,林森路,,９９巷,,７號,290543.74,2623654.764,花蓮縣鳳林鎮森榮里林森路９９巷７號
10015,1001502,森榮里,13,林森路,,９９巷,,７號之１,290543,2623654,花蓮縣鳳林鎮森榮里林森路９９巷７號之１
10015,1001502,森榮里,13,林森路,,９９巷,,９號,290529.5,2623642.219,花蓮縣鳳林鎮森榮里林森路９９巷９號
10015,1001502,森榮里,11,林森路,,９９巷,,３４號,290486.131,2623713.135,花蓮縣鳳林鎮森榮里林森路９９巷３４號
10015,1001502,森榮里,11,林森路,,９９巷,,３６號,290483.128,2623714.627,花蓮縣鳳林鎮森榮里林森路９９巷３６號
10015,1001502,森榮里,11,林森路,,９９巷,,３８號,290480.618,2623715.636,花蓮縣鳳林鎮森榮里林森路９９巷３８號
10015,1001502,森榮里,11,林森路,,９９巷,,４２號,290471.886,2623720.024,花蓮縣鳳林鎮森榮里林森路９９巷４２號
10015,1001502,森榮里,11,林森路,,９９巷,,４４號,290467.268,2623721.504,花蓮縣鳳林鎮森榮里林森路９９巷４４號
10015,1001502,森榮里,11,林森路,,９９巷,,４６號,290493.907,2623741.695,花蓮縣鳳林鎮森榮里林森路９９巷４６號
10015,1001502,森榮里,11,林森路,,９９巷,,４８號,290480.752,2623741.951,花蓮縣鳳林鎮森榮里林森路９９巷４８號
10015,1001502,森榮里,11,林森路,,９９巷,,７５號,290441.129,2623699.195,花蓮縣鳳林鎮森榮里林森路９９巷７５號
10015,1001502,森榮里,11,林森路,,９９巷,,７７號,290441,2623699,花蓮縣鳳林鎮森榮里林森路９９巷７７號
10015,1001502,森榮里,11,林森路,,９９巷,,８１號,290434.955,2623698.439,花蓮縣鳳林鎮森榮里林森路９９巷８１號
10015,1001502,森榮里,11,林森路,,９９巷,,８３號,290428.781,2623697.683,花蓮縣鳳林鎮森榮里林森路９９巷８３號
10015,1001502,森榮里,11,林森路,,９９巷,,８７號,290437.101,2623726.236,花蓮縣鳳林鎮森榮里林森路９９巷８７號
10015,1001502,森榮里,11,林森路,,９９巷,,８９號,290448.992,2623724.137,花蓮縣鳳林鎮森榮里林森路９９巷８９號
10015,1001502,森榮里,11,林森路,,９９巷,,９１號,290445.665,2623739.945,花蓮縣鳳林鎮森榮里林森路９９巷９１號
10015,1001502,森榮里,11,林森路,,９９巷,,９３號,290439.435,2623762.608,花蓮縣鳳林鎮森榮里林森路９９巷９３號
10015,1001502,森榮里,11,林森路,,９９巷,,９５號,290457.939,2623759.327,花蓮縣鳳林鎮森榮里林森路９９巷９５號
10015,1001502,森榮里,7,林森路,,９９巷,,９８號,290504.125,2623804.25,花蓮縣鳳林鎮森榮里林森路９９巷９８號
10015,1001502,森榮里,7,林森路,,９９巷,,９９號,290524.551,2623807.596,花蓮縣鳳林鎮森榮里林森路９９巷９９號
10015,1001502,森榮里,7,林森路,,９９巷,,９９號之１,290526.96,2623836.94,花蓮縣鳳林鎮森榮里林森路９９巷９９號之１
10015,1001502,森榮里,7,林森路,,９９巷,,９９號之３,290511.34,2623787.8,花蓮縣鳳林鎮森榮里林森路９９巷９９號之３
10015,1001502,森榮里,7,林森路,,,,１０１號,290471.55,2623820.156,花蓮縣鳳林鎮森榮里林森路１０１號
10015,1001502,森榮里,7,林森路,,,,１０３號,290465.034,2623821.414,花蓮縣鳳林鎮森榮里林森路１０３號
10015,1001502,森榮里,7,林森路,,,,１０５號,290469.597,2623802.708,花蓮縣鳳林鎮森榮里林森路１０５號
10015,1001502,森榮里,7,林森路,,,,１０７號,290461.252,2623804.665,花蓮縣鳳林鎮森榮里林森路１０７號
10015,1001502,森榮里,7,林森路,,,,１０９號,290454.083,2623806.623,花蓮縣鳳林鎮森榮里林森路１０９號
10015,1001502,森榮里,7,林森路,,,,１１１號,290450.82,2623807.29,花蓮縣鳳林鎮森榮里林森路１１１號
10015,1001502,森榮里,7,林森路,,,,１１３號,290479.75,2623816.76,花蓮縣鳳林鎮森榮里林森路１１３號
10015,1001502,森榮里,7,林森路,,,,１１３之１號,290484.44,2623799.01,花蓮縣鳳林鎮森榮里林森路１１３之１號
10015,1001502,森榮里,8,林森路,,,,１１５號,290449.281,2623816.823,花蓮縣鳳林鎮森榮里林森路１１５號
10015,1001502,森榮里,8,林森路,,,,１１７號,290449.412,2623820.439,花蓮縣鳳林鎮森榮里林森路１１７號
10015,1001502,森榮里,8,林森路,,,,１１９號,290449.558,2623822.797,花蓮縣鳳林鎮森榮里林森路１１９號
10015,1001502,森榮里,8,林森路,,,,１２１號,290449.489,2623826.83,花蓮縣鳳林鎮森榮里林森路１２１號
10015,1001502,森榮里,8,林森路,,,,１２３號,290449.489,2623831.695,花蓮縣鳳林鎮森榮里林森路１２３號
10015,1001502,森榮里,8,林森路,,,,１２５號,290449.489,2623835.59,花蓮縣鳳林鎮森榮里林森路１２５號
10015,1001502,森榮里,8,林森路,,,,１２７號,290449.528,2623838.659,花蓮縣鳳林鎮森榮里林森路１２７號
10015,1001502,森榮里,8,林森路,,,,１２９號,290449.628,2623842.742,花蓮縣鳳林鎮森榮里林森路１２９號
10015,1001502,森榮里,8,林森路,,,,１３１號,290441.095,2623839.591,花蓮縣鳳林鎮森榮里林森路１３１號
10015,1001502,森榮里,8,林森路,,,,１３３號,290440.941,2623830.091,花蓮縣鳳林鎮森榮里林森路１３３號
10015,1001502,森榮里,8,林森路,,,,１３５號,290440.75,2623823.467,花蓮縣鳳林鎮森榮里林森路１３５號
10015,1001502,森榮里,8,林森路,,,,１３７號,290440.307,2623817.776,花蓮縣鳳林鎮森榮里林森路１３７號
10015,1001502,森榮里,9,林森路,,,,１３９號,290419.516,2623830.263,花蓮縣鳳林鎮森榮里林森路１３９號
10015,1001502,森榮里,9,林森路,,,,１４１號,290414.797,2623830.526,花蓮縣鳳林鎮森榮里林森路１４１號
10015,1001502,森榮里,9,林森路,,,,１４３號,290410.884,2623830.558,花蓮縣鳳林鎮森榮里林森路１４３號
10015,1001502,森榮里,9,林森路,,,,１４５號,290406.91,2623830.638,花蓮縣鳳林鎮森榮里林森路１４５號
10015,1001502,森榮里,9,林森路,,,,１４７號,290403.282,2623830.693,花蓮縣鳳林鎮森榮里林森路１４７號
10015,1001502,森榮里,9,林森路,,,,１４９號,290399.319,2623830.792,花蓮縣鳳林鎮森榮里林森路１４９號
10015,1001502,森榮里,9,林森路,,,,１５１號,290393.703,2623830.957,花蓮縣鳳林鎮森榮里林森路１５１號
10015,1001502,森榮里,9,林森路,,,,１５３號,290388.426,2623831.274,花蓮縣鳳林鎮森榮里林森路１５３號
10015,1001502,森榮里,9,林森路,,,,１５５號,290382.376,2623831.548,花蓮縣鳳林鎮森榮里林森路１５５號
10015,1001502,森榮里,10,林森路,,,,１５７號,290377.154,2623831.78,花蓮縣鳳林鎮森榮里林森路１５７號
10015,1001502,森榮里,10,林森路,,,,１５９號,290373.273,2623832,花蓮縣鳳林鎮森榮里林森路１５９號
10015,1001502,長橋里,18,中園路,,７００巷,,５０之１號,295413.45,2620358.46,花蓮縣鳳林鎮長橋里中園路７００巷５０之１號
10015,1001502,長橋里,18,中園路,,８００巷,,５５之１號,294531.48,2620852.68,花蓮縣鳳林鎮長橋里中園路８００巷５５之１號
10015,1001502,長橋里,18,中園路,,８００巷,,１００之１號,295022.35,2621272.51,花蓮縣鳳林鎮長橋里中園路８００巷１００之１號
10015,1001502,長橋里,21,中園路,,,,９５０之１號,292696.94,2620863.1,花蓮縣鳳林鎮長橋里中園路９５０之１號
10015,1001502,長橋里,18,中環路,,１巷,,１號,296120.602,2619712.657,花蓮縣鳳林鎮長橋里中環路１巷１號
10015,1001502,長橋里,18,中環路,,１巷,,３號,296127.358,2619738.53,花蓮縣鳳林鎮長橋里中環路１巷３號
10015,1001502,長橋里,18,中環路,,１巷,,５號,296136.51,2619758.103,花蓮縣鳳林鎮長橋里中環路１巷５號
10015,1001502,長橋里,18,中環路,,１巷,,７號,296145.492,2619782.962,花蓮縣鳳林鎮長橋里中環路１巷７號
10015,1001502,長橋里,18,中環路,,１巷,,９號,296152.512,2619805.419,花蓮縣鳳林鎮長橋里中環路１巷９號
10015,1001502,長橋里,18,中環路,,１巷,,１１號,296167.574,2619844.013,花蓮縣鳳林鎮長橋里中環路１巷１１號
10015,1001502,長橋里,18,中環路,,１巷,,１３號,296174.697,2619865.02,花蓮縣鳳林鎮長橋里中環路１巷１３號
10015,1001502,長橋里,18,中環路,,１巷,,１５號,296181.886,2619886.688,花蓮縣鳳林鎮長橋里中環路１巷１５號
10015,1001502,長橋里,18,中環路,,１巷,,１７號,296188.634,2619909.558,花蓮縣鳳林鎮長橋里中環路１巷１７號
10015,1001502,長橋里,18,中環路,,１巷,,１９號,296194.736,2619931.802,花蓮縣鳳林鎮長橋里中環路１巷１９號
10015,1001502,長橋里,18,中科路,,,,１號,296125.185,2619616.927,花蓮縣鳳林鎮長橋里中科路１號
10015,1001502,長橋里,18,中科路,,,,１之１號,295535.541,2622993.693,花蓮縣鳳林鎮長橋里中科路１之１號
10015,1001502,長橋里,18,中科路,,,,３號,296158.45,2619701.056,花蓮縣鳳林鎮長橋里中科路３號
10015,1001502,長橋里,18,中科路,,,,５號,296168.208,2619723.709,花蓮縣鳳林鎮長橋里中科路５號
10015,1001502,長橋里,18,中科路,,,,７號,296178.859,2619746.621,花蓮縣鳳林鎮長橋里中科路７號
10015,1001502,長橋里,18,中科路,,,,９號,296185.299,2619770.058,花蓮縣鳳林鎮長橋里中科路９號
10015,1001502,長橋里,18,中科路,,,,１１號,296192.886,2619792.099,花蓮縣鳳林鎮長橋里中科路１１號
10015,1001502,長橋里,18,中科路,,,,１３號,296209.324,2619830.947,花蓮縣鳳林鎮長橋里中科路１３號
10015,1001502,長橋里,18,中科路,,,,１５號,296214.548,2619853.102,花蓮縣鳳林鎮長橋里中科路１５號
10015,1001502,長橋里,18,中科路,,,,１７號,296222.681,2619874.629,花蓮縣鳳林鎮長橋里中科路１７號
10015,1001502,長橋里,18,中科路,,,,１９號,296229.662,2619896.608,花蓮縣鳳林鎮長橋里中科路１９號
10015,1001502,長橋里,18,中科路,,,,２１號,296235.022,2619917.486,花蓮縣鳳林鎮長橋里中科路２１號
10015,1001502,長橋里,16,中長路,,,,１之２號,297283.762,2621760.847,花蓮縣鳳林鎮長橋里中長路１之２號
10015,1001502,長橋里,16,中長路,,,,１之３號,296754.97,2621773.34,花蓮縣鳳林鎮長橋里中長路１之３號
10015,1001502,長橋里,16,中長路,,,,１號,296888.513,2621410.332,花蓮縣鳳林鎮長橋里中長路１號
10015,1001502,長橋里,16,中長路,,,,１號之１,296717.04,2621723,花蓮縣鳳林鎮長橋里中長路１號之１
10015,1001502,長橋里,16,中長路,,,,１號之５,296325,2621373,花蓮縣鳳林鎮長橋里中長路１號之５
10015,1001502,長橋里,16,中長路,,,,１號之７,296322,2621415,花蓮縣鳳林鎮長橋里中長路１號之７
10015,1001502,長橋里,16,中長路,,,,２號,295015.552,2622668.636,花蓮縣鳳林鎮長橋里中長路２號
10015,1001502,長橋里,16,中長路,,,,２之６號,298290,2622833,花蓮縣鳳林鎮長橋里中長路２之６號
10015,1001502,長橋里,16,中長路,,,,２號之１,297986,2623104,花蓮縣鳳林鎮長橋里中長路２號之１
10015,1001502,長橋里,16,中長路,,,,２號之２,298425,2622679,花蓮縣鳳林鎮長橋里中長路２號之２
10015,1001502,長橋里,16,中長路,,,,２號之３,298405,2622695,花蓮縣鳳林鎮長橋里中長路２號之３
10015,1001502,長橋里,16,中長路,,,,３之６號,295223.79,2622386.33,花蓮縣鳳林鎮長橋里中長路３之６號
10015,1001502,長橋里,16,中長路,,,,３號,295074.356,2622402.961,花蓮縣鳳林鎮長橋里中長路３號
10015,1001502,長橋里,16,中長路,,,,３號之１,295105,2622387,花蓮縣鳳林鎮長橋里中長路３號之１
10015,1001502,長橋里,16,中長路,,,,４號,294972.235,2622695.224,花蓮縣鳳林鎮長橋里中長路４號
10015,1001502,長橋里,16,中長路,,,,５號,295032.792,2622606.825,花蓮縣鳳林鎮長橋里中長路５號
10015,1001502,長橋里,16,中長路,,,,５之２３號,295248.99,2622504.22,花蓮縣鳳林鎮長橋里中長路５之２３號
10015,1001502,長橋里,15,中長路,,,,６號,294934.457,2622637.907,花蓮縣鳳林鎮長橋里中長路６號
10015,1001502,長橋里,16,中長路,,,,７號,295010.65,2622612.059,花蓮縣鳳林鎮長橋里中長路７號
10015,1001502,長橋里,16,中長路,,,,８號,294951.751,2622640.703,花蓮縣鳳林鎮長橋里中長路８號
10015,1001502,長橋里,16,中長路,,,,９號,294987.443,2622519.314,花蓮縣鳳林鎮長橋里中長路９號
10015,1001502,長橋里,15,中長路,,,,１０號,294922.294,2622639.929,花蓮縣鳳林鎮長橋里中長路１０號
10015,1001502,長橋里,15,中長路,,,,１２號,294920.539,2622685.087,花蓮縣鳳林鎮長橋里中長路１２號
10015,1001502,長橋里,15,中長路,,,,１４號,294921.279,2622708.145,花蓮縣鳳林鎮長橋里中長路１４號
10015,1001502,長橋里,15,中長路,,,,１６號,294899.358,2622664.566,花蓮縣鳳林鎮長橋里中長路１６號
10015,1001502,長橋里,15,中長路,,,,１８號,294903.411,2622704.37,花蓮縣鳳林鎮長橋里中長路１８號
10015,1001502,長橋里,16,中長路,,,,１９號,294945.614,2622576.281,花蓮縣鳳林鎮長橋里中長路１９號
10015,1001502,長橋里,15,中長路,,,,２０號,294891.7,2622745.626,花蓮縣鳳林鎮長橋里中長路２０號
10015,1001502,長橋里,16,中長路,,,,２１號,294880.455,2622618.898,花蓮縣鳳林鎮長橋里中長路２１號
10015,1001502,長橋里,15,中長路,,,,２２號,294868.991,2622736.438,花蓮縣鳳林鎮長橋里中長路２２號
10015,1001502,長橋里,15,中長路,,,,２４號,294853.99,2622756.952,花蓮縣鳳林鎮長橋里中長路２４號
10015,1001502,長橋里,16,中長路,,,,２５號,294772.48,2622638.61,花蓮縣鳳林鎮長橋里中長路２５號
10015,1001502,長橋里,15,中長路,,,,２６號,294855.557,2622779.629,花蓮縣鳳林鎮長橋里中長路２６號
10015,1001502,長橋里,15,中長路,,,,２８號,294813.015,2622759.554,花蓮縣鳳林鎮長橋里中長路２８號
10015,1001502,長橋里,16,中長路,,,,２９號,294553.463,2622676.093,花蓮縣鳳林鎮長橋里中長路２９號
10015,1001502,長橋里,15,中長路,,,,３０號,294789.935,2622763.86,花蓮縣鳳林鎮長橋里中長路３０號
10015,1001502,長橋里,15,中長路,,,,３２之１號,294762.389,2622820.146,花蓮縣鳳林鎮長橋里中長路３２之１號
10015,1001502,長橋里,15,中長路,,,,３２號,294775.244,2622794.285,花蓮縣鳳林鎮長橋里中長路３２號
10015,1001502,長橋里,16,中長路,,,,３３號,293671.58,2622803.27,花蓮縣鳳林鎮長橋里中長路３３號
10015,1001502,長橋里,15,中長路,,,,３４號,294729.983,2622830.437,花蓮縣鳳林鎮長橋里中長路３４號
10015,1001502,長橋里,15,中長路,,,,３６號,294700.921,2622821.665,花蓮縣鳳林鎮長橋里中長路３６號
10015,1001502,長橋里,16,中長路,,,,３７號,293283.188,2622851.279,花蓮縣鳳林鎮長橋里中長路３７號
10015,1001502,長橋里,15,中長路,,,,３８號,294720.518,2622816.734,花蓮縣鳳林鎮長橋里中長路３８號
10015,1001502,長橋里,16,中長路,,,,３９號,293258.116,2622892.164,花蓮縣鳳林鎮長橋里中長路３９號
10015,1001502,長橋里,15,中長路,,,,４０號,294679.381,2622818.987,花蓮縣鳳林鎮長橋里中長路４０號
10015,1001502,長橋里,16,中長路,,,,４１之１號,293342.19,2622878.76,花蓮縣鳳林鎮長橋里中長路４１之１號
10015,1001502,長橋里,15,中長路,,,,４２號,294662.421,2622833.151,花蓮縣鳳林鎮長橋里中長路４２號
10015,1001502,長橋里,16,中長路,,,,４３號,293280.65,2622839.34,花蓮縣鳳林鎮長橋里中長路４３號
10015,1001502,長橋里,15,中長路,,,,４６號,294628.82,2622723.209,花蓮縣鳳林鎮長橋里中長路４６號
10015,1001502,長橋里,16,中長路,,,,５５號,292920,2622950,花蓮縣鳳林鎮長橋里中長路５５號
10015,1001502,長橋里,14,中長路,,,,５８號,293669.78,2622846.85,花蓮縣鳳林鎮長橋里中長路５８號
10015,1001502,長橋里,11,中長路,,,,６３號,292706.177,2622985.555,花蓮縣鳳林鎮長橋里中長路６３號
10015,1001502,長橋里,11,中長路,,,,６５號,292700.189,2622964.012,花蓮縣鳳林鎮長橋里中長路６５號
10015,1001502,長橋里,11,中長路,,,,７１號,292675.545,2622981.356,花蓮縣鳳林鎮長橋里中長路７１號
10015,1001502,長橋里,11,中長路,,,,７３號,292666.098,2622983.602,花蓮縣鳳林鎮長橋里中長路７３號
10015,1001502,長橋里,11,中長路,,,,７５號,292639.201,2622978.904,花蓮縣鳳林鎮長橋里中長路７５號
10015,1001502,長橋里,11,中長路,,,,７７之１號,292647.826,2622996.803,花蓮縣鳳林鎮長橋里中長路７７之１號
10015,1001502,長橋里,11,中長路,,,,７７號,292658.068,2622995.257,花蓮縣鳳林鎮長橋里中長路７７號
10015,1001502,長橋里,11,中長路,,,,７９號,292617.955,2622995.329,花蓮縣鳳林鎮長橋里中長路７９號
10015,1001502,長橋里,11,中長路,,,,８１號,292594.694,2622998.878,花蓮縣鳳林鎮長橋里中長路８１號
10015,1001502,長橋里,10,中長路,,,,８８號,292756.606,2622991.008,花蓮縣鳳林鎮長橋里中長路８８號
10015,1001502,長橋里,10,中長路,,,,９０號,292752.609,2622991.969,花蓮縣鳳林鎮長橋里中長路９０號
10015,1001502,長橋里,10,中長路,,,,９４號,292732.68,2623001.95,花蓮縣鳳林鎮長橋里中長路９４號
10015,1001502,長橋里,10,中長路,,,,９４之１號,292718.03,2623006.12,花蓮縣鳳林鎮長橋里中長路９４之１號
10015,1001502,長橋里,5,中長路,,,,１０１號,292385.36,2623088.99,花蓮縣鳳林鎮長橋里中長路１０１號
10015,1001502,長橋里,5,中長路,,,,１０２號,292500.763,2623036.303,花蓮縣鳳林鎮長橋里中長路１０２號
10015,1001502,長橋里,5,中長路,,,,１０４號,292479.441,2623050.071,花蓮縣鳳林鎮長橋里中長路１０４號
10015,1001502,長橋里,5,中長路,,,,１０６號,292484.211,2623062.066,花蓮縣鳳林鎮長橋里中長路１０６號
10015,1001502,長橋里,5,中長路,,,,１０８號,292452.14,2623056.589,花蓮縣鳳林鎮長橋里中長路１０８號
10015,1001502,長橋里,5,中長路,,,,１１０號,292424.939,2623048.563,花蓮縣鳳林鎮長橋里中長路１１０號
10015,1001502,長橋里,5,中長路,,,,１１２號,292406.948,2623081.022,花蓮縣鳳林鎮長橋里中長路１１２號
10015,1001502,長橋里,5,中長路,,,,１１４號,292403.36,2623115.16,花蓮縣鳳林鎮長橋里中長路１１４號
10015,1001502,長橋里,5,中長路,,,,１１６號,292404.791,2623124.454,花蓮縣鳳林鎮長橋里中長路１１６號
10015,1001502,長橋里,5,中長路,,,,１１８號,292422.927,2623119.858,花蓮縣鳳林鎮長橋里中長路１１８號
10015,1001502,長橋里,5,中長路,,,,１２０號,292414.336,2623150.124,花蓮縣鳳林鎮長橋里中長路１２０號
10015,1001502,長橋里,5,中長路,,,,１２２號,292392.145,2623155.799,花蓮縣鳳林鎮長橋里中長路１２２號
10015,1001502,長橋里,5,中長路,,,,１２４號,292355.475,2623172.528,花蓮縣鳳林鎮長橋里中長路１２４號
10015,1001502,長橋里,5,中長路,,,,１２６號,292360.88,2623181.901,花蓮縣鳳林鎮長橋里中長路１２６號
10015,1001502,長橋里,5,中長路,,,,１２８號,292329.461,2623187.392,花蓮縣鳳林鎮長橋里中長路１２８號
10015,1001502,長橋里,5,中長路,,,,１３０號,292226.04,2623210.323,花蓮縣鳳林鎮長橋里中長路１３０號
10015,1001502,長橋里,5,中長路,,,,１３２號,292221.535,2623214.615,花蓮縣鳳林鎮長橋里中長路１３２號
10015,1001502,長橋里,5,中長路,,,,１３４號,292215.907,2623219.806,花蓮縣鳳林鎮長橋里中長路１３４號
10015,1001502,長橋里,21,忠一路,,,,１號,291883.027,2621997.83,花蓮縣鳳林鎮長橋里忠一路１號
10015,1001502,長橋里,21,忠一路,,,,１之５號,291867.33,2621744.37,花蓮縣鳳林鎮長橋里忠一路１之５號
10015,1001502,長橋里,21,忠一路,,,,１號之１,291658,2621329,花蓮縣鳳林鎮長橋里忠一路１號之１
10015,1001502,長橋里,21,忠一路,,,,１號之２,291883.027,2621997.83,花蓮縣鳳林鎮長橋里忠一路１號之２
10015,1001502,長橋里,21,忠一路,,,,１號之３,291883,2621997,花蓮縣鳳林鎮長橋里忠一路１號之３
10015,1001502,長橋里,21,忠一路,,,,２號,291929,2622056,花蓮縣鳳林鎮長橋里忠一路２號
10015,1001502,長橋里,21,忠一路,,,,３號,291942.76,2622037.908,花蓮縣鳳林鎮長橋里忠一路３號
10015,1001502,長橋里,21,忠一路,,,,３號之１,291989,2621895,花蓮縣鳳林鎮長橋里忠一路３號之１
10015,1001502,長橋里,21,忠一路,,,,４之９號,292273,2620974,花蓮縣鳳林鎮長橋里忠一路４之９號
10015,1001502,長橋里,21,忠一路,,,,４號之１,291996,2621925,花蓮縣鳳林鎮長橋里忠一路４號之１
10015,1001502,長橋里,21,忠一路,,,,５號,291943.829,2622040.058,花蓮縣鳳林鎮長橋里忠一路５號
10015,1001502,長橋里,21,忠一路,,,,６號,291959.979,2622037.451,花蓮縣鳳林鎮長橋里忠一路６號
10015,1001502,長橋里,21,忠一路,,,,７號,291946.525,2622045.44,花蓮縣鳳林鎮長橋里忠一路７號
10015,1001502,長橋里,21,忠一路,,,,９號,291949.222,2622051.166,花蓮縣鳳林鎮長橋里忠一路９號
10015,1001502,長橋里,21,忠一路,,,,１０號,291968.113,2622048.599,花蓮縣鳳林鎮長橋里忠一路１０號
10015,1001502,長橋里,21,忠一路,,,,１１號,291954.796,2622059.29,花蓮縣鳳林鎮長橋里忠一路１１號
10015,1001502,長橋里,21,忠一路,,,,１３號,291957.945,2622063.472,花蓮縣鳳林鎮長橋里忠一路１３號
10015,1001502,長橋里,21,忠一路,,,,１４號,291977.691,2622065.71,花蓮縣鳳林鎮長橋里忠一路１４號
10015,1001502,長橋里,21,忠一路,,,,１５號,291961.538,2622070.377,花蓮縣鳳林鎮長橋里忠一路１５號
10015,1001502,長橋里,12,忠一路,,,,１５號,291961.538,2622070.377,花蓮縣鳳林鎮長橋里忠一路１５號
10015,1001502,長橋里,21,忠一路,,,,１６號,291986.191,2622073.31,花蓮縣鳳林鎮長橋里忠一路１６號
10015,1001502,長橋里,21,忠一路,,,,１７號,291967.358,2622079.214,花蓮縣鳳林鎮長橋里忠一路１７號
10015,1001502,長橋里,21,忠一路,,,,１８之３號,292008.671,2622103.091,花蓮縣鳳林鎮長橋里忠一路１８之３號
10015,1001502,長橋里,21,忠一路,,,,１８號,291989.373,2622087.717,花蓮縣鳳林鎮長橋里忠一路１８號
10015,1001502,長橋里,21,忠一路,,,,１９號,291969.046,2622090.564,花蓮縣鳳林鎮長橋里忠一路１９號
10015,1001502,長橋里,21,忠一路,,,,１９號之１,291981,2622093,花蓮縣鳳林鎮長橋里忠一路１９號之１
10015,1001502,長橋里,21,忠一路,,,,２１號,291981.768,2622109.051,花蓮縣鳳林鎮長橋里忠一路２１號
10015,1001502,長橋里,21,忠一路,,,,２３號,291986.209,2622112.619,花蓮縣鳳林鎮長橋里忠一路２３號
10015,1001502,長橋里,21,忠一路,,,,２５號,291988.932,2622115.118,花蓮縣鳳林鎮長橋里忠一路２５號
10015,1001502,長橋里,21,忠一路,,,,２６號,292045.468,2622154.516,花蓮縣鳳林鎮長橋里忠一路２６號
10015,1001502,長橋里,21,忠一路,,,,２６號之１,292043,2622145,花蓮縣鳳林鎮長橋里忠一路２６號之１
10015,1001502,長橋里,21,忠一路,,,,２７號,291992.001,2622118.384,花蓮縣鳳林鎮長橋里忠一路２７號
10015,1001502,長橋里,21,忠一路,,,,２９號,291995.163,2622121.558,花蓮縣鳳林鎮長橋里忠一路２９號
10015,1001502,長橋里,21,忠一路,,,,３１號,291998.419,2622124.637,花蓮縣鳳林鎮長橋里忠一路３１號
10015,1001502,長橋里,21,忠一路,,,,３３號,292001.955,2622128.464,花蓮縣鳳林鎮長橋里忠一路３３號
10015,1001502,長橋里,21,忠一路,,,,３５號,292004.931,2622131.824,花蓮縣鳳林鎮長橋里忠一路３５號
10015,1001502,長橋里,21,忠一路,,,,３７號,292007.843,2622134.61,花蓮縣鳳林鎮長橋里忠一路３７號
10015,1001502,長橋里,21,忠一路,,,,３８號,292068.794,2622181.112,花蓮縣鳳林鎮長橋里忠一路３８號
10015,1001502,長橋里,21,忠一路,,,,３８號之２,292480,2621725,花蓮縣鳳林鎮長橋里忠一路３８號之２
10015,1001502,長橋里,21,忠一路,,,,３８號之３,290037,2622122,花蓮縣鳳林鎮長橋里忠一路３８號之３
10015,1001502,長橋里,21,忠一路,,,,３９號,292009.973,2622137.211,花蓮縣鳳林鎮長橋里忠一路３９號
10015,1001502,長橋里,21,忠一路,,,,４０號,292087,2622183,花蓮縣鳳林鎮長橋里忠一路４０號
10015,1001502,長橋里,21,忠一路,,,,４１號,292017.881,2622139.811,花蓮縣鳳林鎮長橋里忠一路４１號
10015,1001502,長橋里,21,忠一路,,,,４２號,292157.634,2622188.408,花蓮縣鳳林鎮長橋里忠一路４２號
10015,1001502,長橋里,21,忠一路,,,,４２號之３,292170,2622319,花蓮縣鳳林鎮長橋里忠一路４２號之３
10015,1001502,長橋里,21,忠一路,,,,４３號,292007.238,2622150.614,花蓮縣鳳林鎮長橋里忠一路４３號
10015,1001502,長橋里,21,忠一路,,,,４３號之２,292010,2622157,花蓮縣鳳林鎮長橋里忠一路４３號之２
10015,1001502,長橋里,21,忠一路,,,,４５號,292019.91,2622162.866,花蓮縣鳳林鎮長橋里忠一路４５號
10015,1001502,長橋里,22,忠一路,,,,４６號,292125.594,2622218.446,花蓮縣鳳林鎮長橋里忠一路４６號
10015,1001502,長橋里,21,忠一路,,,,４７號,292026.764,2622170.771,花蓮縣鳳林鎮長橋里忠一路４７號
10015,1001502,長橋里,22,忠一路,,,,４８號,292099.763,2622205.151,花蓮縣鳳林鎮長橋里忠一路４８號
10015,1001502,長橋里,22,忠一路,,,,４８之６號,292238,2622372,花蓮縣鳳林鎮長橋里忠一路４８之６號
10015,1001502,長橋里,22,忠一路,,,,４８號之２,292214,2622285,花蓮縣鳳林鎮長橋里忠一路４８號之２
10015,1001502,長橋里,21,忠一路,,,,５１號,292030.187,2622175.372,花蓮縣鳳林鎮長橋里忠一路５１號
10015,1001502,長橋里,21,忠一路,,,,５３號,292038.635,2622174.289,花蓮縣鳳林鎮長橋里忠一路５３號
10015,1001502,長橋里,21,忠一路,,,,５５號,292035.287,2622181.651,花蓮縣鳳林鎮長橋里忠一路５５號
10015,1001502,長橋里,12,忠一路,,,,５７號,292054.018,2622202.518,花蓮縣鳳林鎮長橋里忠一路５７號
10015,1001502,長橋里,21,忠一路,,,,５７號,292054.018,2622202.518,花蓮縣鳳林鎮長橋里忠一路５７號
10015,1001502,長橋里,22,忠一路,,,,５９號,292061.269,2622228.508,花蓮縣鳳林鎮長橋里忠一路５９號
10015,1001502,長橋里,22,忠一路,,,,６１號,292076.77,2622227.081,花蓮縣鳳林鎮長橋里忠一路６１號
10015,1001502,長橋里,21,忠一路,,,,６３號,292068.784,2622241.142,花蓮縣鳳林鎮長橋里忠一路６３號
10015,1001502,長橋里,22,忠一路,,,,６３號,292068.784,2622241.142,花蓮縣鳳林鎮長橋里忠一路６３號
10015,1001502,長橋里,21,忠一路,,,,１００號,291859,2621566,花蓮縣鳳林鎮長橋里忠一路１００號
10015,1001502,長橋里,21,忠一路,,,,１００之１號,291992.81,2621573.65,花蓮縣鳳林鎮長橋里忠一路１００之１號
10015,1001502,長橋里,22,忠二路,,,,１號,291955.496,2622117.146,花蓮縣鳳林鎮長橋里忠二路１號
10015,1001502,長橋里,22,忠二路,,,,１號之１,291745,2621864,花蓮縣鳳林鎮長橋里忠二路１號之１
10015,1001502,長橋里,22,忠二路,,,,２號,291929.416,2622056.907,花蓮縣鳳林鎮長橋里忠二路２號
10015,1001502,長橋里,22,忠二路,,,,３號,291948,2622132,花蓮縣鳳林鎮長橋里忠二路３號
10015,1001502,長橋里,22,忠二路,,,,４號,291931.917,2622065.871,花蓮縣鳳林鎮長橋里忠二路４號
10015,1001502,長橋里,22,忠二路,,,,６號,291932.684,2622074.95,花蓮縣鳳林鎮長橋里忠二路６號
10015,1001502,長橋里,22,忠二路,,,,７號,291961.324,2622131.477,花蓮縣鳳林鎮長橋里忠二路７號
10015,1001502,長橋里,22,忠二路,,,,８號,291982.354,2622146.615,花蓮縣鳳林鎮長橋里忠二路８號
10015,1001502,長橋里,22,忠二路,,,,１０號,291986.777,2622154.743,花蓮縣鳳林鎮長橋里忠二路１０號
10015,1001502,長橋里,22,忠二路,,,,１１號,291969.84,2622147.616,花蓮縣鳳林鎮長橋里忠二路１１號
10015,1001502,長橋里,22,忠二路,,,,１３號,291977.592,2622158.303,花蓮縣鳳林鎮長橋里忠二路１３號
10015,1001502,長橋里,22,忠二路,,,,１４號,291994.022,2622185.566,花蓮縣鳳林鎮長橋里忠二路１４號
10015,1001502,長橋里,22,忠二路,,,,１６之６號,292013.122,2622186.095,花蓮縣鳳林鎮長橋里忠二路１６之６號
10015,1001502,長橋里,22,忠二路,,,,１６號,292005.709,2622203.441,花蓮縣鳳林鎮長橋里忠二路１６號
10015,1001502,長橋里,22,忠二路,,,,１８號,292025.002,2622217.382,花蓮縣鳳林鎮長橋里忠二路１８號
10015,1001502,長橋里,22,忠二路,,,,１９號,291981.665,2622175.292,花蓮縣鳳林鎮長橋里忠二路１９號
10015,1001502,長橋里,22,忠二路,,,,１９號之１,291976,2622167,花蓮縣鳳林鎮長橋里忠二路１９號之１
10015,1001502,長橋里,22,忠二路,,,,２０號,292038.554,2622237.906,花蓮縣鳳林鎮長橋里忠二路２０號
10015,1001502,長橋里,22,忠二路,,,,２１號,291989.083,2622180.53,花蓮縣鳳林鎮長橋里忠二路２１號
10015,1001502,長橋里,22,忠二路,,,,２２號,292044.767,2622244.403,花蓮縣鳳林鎮長橋里忠二路２２號
10015,1001502,長橋里,22,忠二路,,,,２８號,292054.751,2622273.083,花蓮縣鳳林鎮長橋里忠二路２８號
10015,1001502,長橋里,22,忠二路,,,,２８號之１,292051,2622269,花蓮縣鳳林鎮長橋里忠二路２８號之１
10015,1001502,長橋里,22,忠二路,,,,３０號,292060.759,2622280.834,花蓮縣鳳林鎮長橋里忠二路３０號
10015,1001502,長橋里,22,忠二路,,,,３２號,292068.876,2622285.015,花蓮縣鳳林鎮長橋里忠二路３２號
10015,1001502,長橋里,22,忠二路,,,,４１號,292052.363,2622255.591,花蓮縣鳳林鎮長橋里忠二路４１號
10015,1001502,長橋里,17,萬森路,,,,２之１５號,293488,2623605,花蓮縣鳳林鎮長橋里萬森路２之１５號
10015,1001502,長橋里,17,萬森路,,,,２之１８號,293553.85,2623576.1,花蓮縣鳳林鎮長橋里萬森路２之１８號
10015,1001502,長橋里,17,萬森路,,,,２之１號,293050.25,2623315.65,花蓮縣鳳林鎮長橋里萬森路２之１號
10015,1001502,長橋里,17,萬森路,,,,２號,292980.594,2623315.717,花蓮縣鳳林鎮長橋里萬森路２號
10015,1001502,長橋里,17,萬森路,,,,２之６號,293187,2623270,花蓮縣鳳林鎮長橋里萬森路２之６號
10015,1001502,長橋里,17,萬森路,,,,２號之３０,294240,2623516,花蓮縣鳳林鎮長橋里萬森路２號之３０
10015,1001502,長橋里,6,萬森路,,,,３號,292870.01,2623324.776,花蓮縣鳳林鎮長橋里萬森路３號
10015,1001502,長橋里,17,萬森路,,,,４號,292973.561,2623317.134,花蓮縣鳳林鎮長橋里萬森路４號
10015,1001502,長橋里,6,萬森路,,,,５號,292859.434,2623326.551,花蓮縣鳳林鎮長橋里萬森路５號
10015,1001502,長橋里,4,萬森路,,７巷,,１號,292759.305,2623331.521,花蓮縣鳳林鎮長橋里萬森路７巷１號
10015,1001502,長橋里,4,萬森路,,７巷,,２號,292750.107,2623334.95,花蓮縣鳳林鎮長橋里萬森路７巷２號
10015,1001502,長橋里,4,萬森路,,７巷,,３號,292739.412,2623323.031,花蓮縣鳳林鎮長橋里萬森路７巷３號
10015,1001502,長橋里,4,萬森路,,７巷,,４號,292749.506,2623313.121,花蓮縣鳳林鎮長橋里萬森路７巷４號
10015,1001502,長橋里,4,萬森路,,７巷,,５號,292740.703,2623301.283,花蓮縣鳳林鎮長橋里萬森路７巷５號
10015,1001502,長橋里,4,萬森路,,７巷,,６號,292736.041,2623291.688,花蓮縣鳳林鎮長橋里萬森路７巷６號
10015,1001502,長橋里,4,萬森路,,７巷,,７號,292730.161,2623309.319,花蓮縣鳳林鎮長橋里萬森路７巷７號
10015,1001502,長橋里,4,萬森路,,７巷,,８號,292701.143,2623320.629,花蓮縣鳳林鎮長橋里萬森路７巷８號
10015,1001502,長橋里,4,萬森路,,７巷,,９號,292692.339,2623283.797,花蓮縣鳳林鎮長橋里萬森路７巷９號
10015,1001502,長橋里,4,萬森路,,７巷,,１０號,292710.484,2623276.149,花蓮縣鳳林鎮長橋里萬森路７巷１０號
10015,1001502,長橋里,4,萬森路,,７巷,,１１號,292695.031,2623234.197,花蓮縣鳳林鎮長橋里萬森路７巷１１號
10015,1001502,長橋里,4,萬森路,,７巷,,１２號,292684.414,2623225.987,花蓮縣鳳林鎮長橋里萬森路７巷１２號
10015,1001502,長橋里,4,萬森路,,７巷,,１３號,292615.244,2623221.289,花蓮縣鳳林鎮長橋里萬森路７巷１３號
10015,1001502,長橋里,4,萬森路,,７巷,,１３之１號,292598.875,2623241.75,花蓮縣鳳林鎮長橋里萬森路７巷１３之１號
10015,1001502,長橋里,4,萬森路,,７巷,,１４號,292576.676,2623221.813,花蓮縣鳳林鎮長橋里萬森路７巷１４號
10015,1001502,長橋里,4,萬森路,,７巷,,１５之１號,292600.875,2623197.25,花蓮縣鳳林鎮長橋里萬森路７巷１５之１號
10015,1001502,長橋里,4,萬森路,,７巷,,１５號,292580.579,2623195.98,花蓮縣鳳林鎮長橋里萬森路７巷１５號
10015,1001502,長橋里,4,萬森路,,７巷,,１６號,292643.832,2623178.886,花蓮縣鳳林鎮長橋里萬森路７巷１６號
10015,1001502,長橋里,4,萬森路,,７巷,,１７號,292647.976,2623166.176,花蓮縣鳳林鎮長橋里萬森路７巷１７號
10015,1001502,長橋里,4,萬森路,,７巷,,１８號,292579.772,2623148.122,花蓮縣鳳林鎮長橋里萬森路７巷１８號
10015,1001502,長橋里,4,萬森路,,７巷,,１９號,292564.151,2623129.601,花蓮縣鳳林鎮長橋里萬森路７巷１９號
10015,1001502,長橋里,5,萬森路,,７巷,,２０號,292519.337,2623120.925,花蓮縣鳳林鎮長橋里萬森路７巷２０號
10015,1001502,長橋里,17,萬森路,,,,１０號,292882.505,2623341.805,花蓮縣鳳林鎮長橋里萬森路１０號
10015,1001502,長橋里,4,萬森路,,,,１１號,292737.222,2623344.674,花蓮縣鳳林鎮長橋里萬森路１１號
10015,1001502,長橋里,4,萬森路,,,,１３號,292708.717,2623349.602,花蓮縣鳳林鎮長橋里萬森路１３號
10015,1001502,長橋里,4,萬森路,,,,１５號,292691.551,2623345.005,花蓮縣鳳林鎮長橋里萬森路１５號
10015,1001502,長橋里,3,萬森路,,,,２２號,292798.094,2623350.263,花蓮縣鳳林鎮長橋里萬森路２２號
10015,1001502,長橋里,3,萬森路,,,,２２號之２,292805,2623349,花蓮縣鳳林鎮長橋里萬森路２２號之２
10015,1001502,長橋里,3,萬森路,,,,２２號之６,292820,2623359,花蓮縣鳳林鎮長橋里萬森路２２號之６
10015,1001502,長橋里,3,萬森路,,,,２４號,292803.184,2623371.469,花蓮縣鳳林鎮長橋里萬森路２４號
10015,1001502,長橋里,3,萬森路,,,,２６號,292778.008,2623365.551,花蓮縣鳳林鎮長橋里萬森路２６號
10015,1001502,長橋里,3,萬森路,,,,２６之１號,292766,2623336,花蓮縣鳳林鎮長橋里萬森路２６之１號
10015,1001502,長橋里,3,萬森路,,,,２８號,292779.238,2623373.539,花蓮縣鳳林鎮長橋里萬森路２８號
10015,1001502,長橋里,3,萬森路,,,,３０號,292780.345,2623380.912,花蓮縣鳳林鎮長橋里萬森路３０號
10015,1001502,長橋里,3,萬森路,,,,３２號,292785.141,2623385.581,花蓮縣鳳林鎮長橋里萬森路３２號
10015,1001502,長橋里,3,萬森路,,,,３４號,292773.443,2623400.611,花蓮縣鳳林鎮長橋里萬森路３４號
10015,1001502,長橋里,3,萬森路,,,,３６號,292762.395,2623411.986,花蓮縣鳳林鎮長橋里萬森路３６號
10015,1001502,長橋里,2,萬森路,,,,３７號,292419.633,2623368.465,花蓮縣鳳林鎮長橋里萬森路３７號
10015,1001502,長橋里,3,萬森路,,,,３８之１號,292749,2623362,花蓮縣鳳林鎮長橋里萬森路３８之１號
10015,1001502,長橋里,3,萬森路,,,,３８號,292759.509,2623357.939,花蓮縣鳳林鎮長橋里萬森路３８號
10015,1001502,長橋里,2,萬森路,,,,３９號,292384.893,2623388.563,花蓮縣鳳林鎮長橋里萬森路３９號
10015,1001502,長橋里,3,萬森路,,,,４０號,292739.209,2623404.637,花蓮縣鳳林鎮長橋里萬森路４０號
10015,1001502,長橋里,17,萬森路,,,,４２號,292749.069,2623429.932,花蓮縣鳳林鎮長橋里萬森路４２號
10015,1001502,長橋里,3,萬森路,,,,４２號,292749.069,2623429.932,花蓮縣鳳林鎮長橋里萬森路４２號
10015,1001502,長橋里,3,萬森路,,,,４４號,292702.737,2623371.437,花蓮縣鳳林鎮長橋里萬森路４４號
10015,1001502,長橋里,3,萬森路,,,,４６號,292726.754,2623420.96,花蓮縣鳳林鎮長橋里萬森路４６號
10015,1001502,長橋里,3,萬森路,,,,４６之１號,292726.754,2623420.96,花蓮縣鳳林鎮長橋里萬森路４６之１號
10015,1001502,長橋里,3,萬森路,,,,４８號,292730.808,2623430.13,花蓮縣鳳林鎮長橋里萬森路４８號
10015,1001502,長橋里,2,萬森路,,,,４９號,292286.527,2623413.753,花蓮縣鳳林鎮長橋里萬森路４９號
10015,1001502,長橋里,3,萬森路,,,,５０號,292724.423,2623454.04,花蓮縣鳳林鎮長橋里萬森路５０號
10015,1001502,長橋里,2,萬森路,,,,５１號,292260.851,2623418.396,花蓮縣鳳林鎮長橋里萬森路５１號
10015,1001502,長橋里,3,萬森路,,,,５２號,292719.696,2623459.274,花蓮縣鳳林鎮長橋里萬森路５２號
10015,1001502,長橋里,3,萬森路,,,,５２號之１,292704,2623473,花蓮縣鳳林鎮長橋里萬森路５２號之１
10015,1001502,長橋里,3,萬森路,,,,５２號之２,292703,2623464,花蓮縣鳳林鎮長橋里萬森路５２號之２
10015,1001502,長橋里,2,萬森路,,,,５３號,292229.753,2623428.993,花蓮縣鳳林鎮長橋里萬森路５３號
10015,1001502,長橋里,3,萬森路,,,,５４號,292668.759,2623380.098,花蓮縣鳳林鎮長橋里萬森路５４號
10015,1001502,長橋里,2,萬森路,,,,５５號,292238.518,2623425.694,花蓮縣鳳林鎮長橋里萬森路５５號
10015,1001502,長橋里,3,萬森路,,,,５６號,292671.618,2623403.459,花蓮縣鳳林鎮長橋里萬森路５６號
10015,1001502,長橋里,2,萬森路,,,,５８號,292606.828,2623401.407,花蓮縣鳳林鎮長橋里萬森路５８號
10015,1001502,長橋里,3,萬森路,,,,５８號,292606.828,2623401.407,花蓮縣鳳林鎮長橋里萬森路５８號
10015,1001502,長橋里,2,萬森路,,,,６０號,292633.77,2623397.783,花蓮縣鳳林鎮長橋里萬森路６０號
10015,1001502,長橋里,3,萬森路,,,,６０號,292633.77,2623397.783,花蓮縣鳳林鎮長橋里萬森路６０號
10015,1001502,長橋里,2,萬森路,,,,６２號,292656.867,2623436.033,花蓮縣鳳林鎮長橋里萬森路６２號
10015,1001502,長橋里,3,萬森路,,,,６２號,292656.867,2623436.033,花蓮縣鳳林鎮長橋里萬森路６２號
10015,1001502,長橋里,3,萬森路,,,,６４號,292681.065,2623481.391,花蓮縣鳳林鎮長橋里萬森路６４號
10015,1001502,長橋里,2,萬森路,,,,６４號,292681.065,2623481.391,花蓮縣鳳林鎮長橋里萬森路６４號
10015,1001502,長橋里,2,萬森路,,,,６５號,292045.617,2623449.89,花蓮縣鳳林鎮長橋里萬森路６５號
10015,1001502,長橋里,3,萬森路,,,,６６號,292593.723,2623393.045,花蓮縣鳳林鎮長橋里萬森路６６號
10015,1001502,長橋里,2,萬森路,,,,６６號,292593.723,2623393.045,花蓮縣鳳林鎮長橋里萬森路６６號
10015,1001502,長橋里,3,萬森路,,,,６８號,292562.303,2623391.151,花蓮縣鳳林鎮長橋里萬森路６８號
10015,1001502,長橋里,2,萬森路,,,,６８號,292562.303,2623391.151,花蓮縣鳳林鎮長橋里萬森路６８號
10015,1001502,長橋里,3,萬森路,,,,６８號之１,292570,2623397,花蓮縣鳳林鎮長橋里萬森路６８號之１
10015,1001502,長橋里,3,萬森路,,,,７０號,292565.461,2623421.444,花蓮縣鳳林鎮長橋里萬森路７０號
10015,1001502,長橋里,2,萬森路,,,,７０之１號,292308.63,2623475.62,花蓮縣鳳林鎮長橋里萬森路７０之１號
10015,1001502,長橋里,2,萬森路,,,,７３號,292005.673,2623454.074,花蓮縣鳳林鎮長橋里萬森路７３號
10015,1001502,長橋里,2,萬森路,,,,７３號之１,291984,2623434,花蓮縣鳳林鎮長橋里萬森路７３號之１
10015,1001502,長橋里,2,萬森路,,,,７５號,292007.828,2623433.047,花蓮縣鳳林鎮長橋里萬森路７５號
10015,1001502,長橋里,2,萬森路,,,,７７號,291990.948,2623468.164,花蓮縣鳳林鎮長橋里萬森路７７號
10015,1001502,長橋里,2,萬森路,,,,７７號之１,291925.38,2623403.32,花蓮縣鳳林鎮長橋里萬森路７７號之１
10015,1001502,長橋里,2,萬森路,,,,７９號,291967.743,2623442.91,花蓮縣鳳林鎮長橋里萬森路７９號
10015,1001502,長橋里,2,萬森路,,,,８１號,291971.385,2623408.88,花蓮縣鳳林鎮長橋里萬森路８１號
10015,1001502,長橋里,2,萬森路,,,,８１號之１,291929,2623435,花蓮縣鳳林鎮長橋里萬森路８１號之１
10015,1001502,長橋里,2,萬森路,,,,８１號之２,291930,2623427,花蓮縣鳳林鎮長橋里萬森路８１號之２
10015,1001502,長橋里,2,萬森路,,,,８３號,291975.215,2623471.537,花蓮縣鳳林鎮長橋里萬森路８３號
10015,1001502,長橋里,2,萬森路,,,,８５號,291937.639,2623469.124,花蓮縣鳳林鎮長橋里萬森路８５號
10015,1001502,長橋里,2,萬森路,,,,８７號,291962.842,2623457.497,花蓮縣鳳林鎮長橋里萬森路８７號
10015,1001502,長橋里,2,萬森路,,,,９２號,292257.327,2623444.485,花蓮縣鳳林鎮長橋里萬森路９２號
10015,1001502,長橋里,2,萬森路,,,,９４號,292243.211,2623449.149,花蓮縣鳳林鎮長橋里萬森路９４號
10015,1001502,長橋里,1,萬森路,,,,１１２號,291989.33,2623482.274,花蓮縣鳳林鎮長橋里萬森路１１２號
10015,1001502,長橋里,1,萬森路,,,,１１４號,291972.054,2623483.946,花蓮縣鳳林鎮長橋里萬森路１１４號
10015,1001502,長橋里,1,萬森路,,,,１１６號,291992.271,2623490.67,花蓮縣鳳林鎮長橋里萬森路１１６號
10015,1001502,長橋里,1,萬森路,,,,１１８號,291982.524,2623497.475,花蓮縣鳳林鎮長橋里萬森路１１８號
10015,1001502,長橋里,1,萬森路,,,,１２０號,291984.216,2623506.788,花蓮縣鳳林鎮長橋里萬森路１２０號
10015,1001502,長橋里,1,萬森路,,,,１２２號,291975.292,2623509.732,花蓮縣鳳林鎮長橋里萬森路１２２號
10015,1001502,長橋里,1,萬森路,,,,１２４號,291982.519,2623522.381,花蓮縣鳳林鎮長橋里萬森路１２４號
10015,1001502,長橋里,1,萬森路,,,,１２６號,291993.432,2623527.896,花蓮縣鳳林鎮長橋里萬森路１２６號
10015,1001502,長橋里,1,萬森路,,,,１２８號,291984.141,2623561.542,花蓮縣鳳林鎮長橋里萬森路１２８號
10015,1001502,長橋里,1,萬森路,,,,１３０號,292020.621,2623567.923,花蓮縣鳳林鎮長橋里萬森路１３０號
10015,1001502,長橋里,1,萬森路,,,,１３２號,291986.581,2623575.117,花蓮縣鳳林鎮長橋里萬森路１３２號
10015,1001502,長橋里,1,萬森路,,,,１３４號,291983.045,2623596.612,花蓮縣鳳林鎮長橋里萬森路１３４號
10015,1001502,長橋里,1,萬森路,,,,１３４之１號,291972.98,2623595.75,花蓮縣鳳林鎮長橋里萬森路１３４之１號
10015,1001502,長橋里,1,萬森路,,,,１３６號,291960.491,2623553.308,花蓮縣鳳林鎮長橋里萬森路１３６號
10015,1001502,長橋里,1,萬森路,,,,１３８號,291953.802,2623490.473,花蓮縣鳳林鎮長橋里萬森路１３８號
10015,1001502,長橋里,1,萬森路,,,,１４０號,291951.848,2623501.08,花蓮縣鳳林鎮長橋里萬森路１４０號
10015,1001502,長橋里,19,,農會地,,,１１之２號,297966.17,2621054.58,花蓮縣鳳林鎮長橋里農會地１１之２號
10015,1001502,長橋里,20,,農會地,,,７０之１號,298443,2623856,花蓮縣鳳林鎮長橋里農會地７０之１號
10015,1001502,長橋里,18,,農會地,,,４之２０號,296819.801,2620202.446,花蓮縣鳳林鎮長橋里農會地４之２０號
10015,1001502,長橋里,19,,農會地,,,１１之２２號,297402.04,2621076.71,花蓮縣鳳林鎮長橋里農會地１１之２２號
10015,1001502,長橋里,18,,農會地,,,５之１２號,297143.842,2620471.669,花蓮縣鳳林鎮長橋里農會地５之１２號
10015,1001502,長橋里,18,,農會地,,,１之１號,297291.14,2620233.14,花蓮縣鳳林鎮長橋里農會地１之１號
10015,1001502,長橋里,16,,農會地,,,３０號之９,295535.531,2622993.75,花蓮縣鳳林鎮長橋里農會地３０號之９
10015,1001502,長橋里,20,,農會地,,,５０號之１６,298737.004,2622203.3,花蓮縣鳳林鎮長橋里農會地５０號之１６
10015,1001502,長橋里,20,,農會地,,,３０之２０號,298205.432,2621904.794,花蓮縣鳳林鎮長橋里農會地３０之２０號
10015,1001502,長橋里,18,,農會地,,,１號,297375.969,2620409.078,花蓮縣鳳林鎮長橋里農會地１號
10015,1001502,長橋里,18,,農會地,,,１之３５號,296555.93,2619704.75,花蓮縣鳳林鎮長橋里農會地１之３５號
10015,1001502,長橋里,18,,農會地,,,１號之２,297379.12,2620366.022,花蓮縣鳳林鎮長橋里農會地１號之２
10015,1001502,長橋里,18,,農會地,,,４號,297404.55,2620139.002,花蓮縣鳳林鎮長橋里農會地４號
10015,1001502,長橋里,18,,農會地,,,４號之１,297401,2620120,花蓮縣鳳林鎮長橋里農會地４號之１
10015,1001502,長橋里,18,,農會地,,,５號,297598.281,2620163.44,花蓮縣鳳林鎮長橋里農會地５號
10015,1001502,長橋里,18,,農會地,,,６號,297631.839,2620185.191,花蓮縣鳳林鎮長橋里農會地６號
10015,1001502,長橋里,18,,農會地,,,７號,297609.676,2620163.382,花蓮縣鳳林鎮長橋里農會地７號
10015,1001502,長橋里,18,,農會地,,,８號,297635.286,2620140.999,花蓮縣鳳林鎮長橋里農會地８號
10015,1001502,長橋里,18,,農會地,,,９號,297633.705,2620133.695,花蓮縣鳳林鎮長橋里農會地９號
10015,1001502,長橋里,18,,農會地,,,９之１號,297872.7,2620270.39,花蓮縣鳳林鎮長橋里農會地９之１號
10015,1001502,長橋里,19,,農會地,,,１１號,297885.5,2621223.6,花蓮縣鳳林鎮長橋里農會地１１號
10015,1001502,長橋里,20,,農會地,,,１３之３號,297958.66,2621241.49,花蓮縣鳳林鎮長橋里農會地１３之３號
10015,1001502,長橋里,20,,農會地,,,１３之２號,297955.71,2621243.13,花蓮縣鳳林鎮長橋里農會地１３之２號
10015,1001502,長橋里,20,,農會地,,,１３號,297903.332,2621240.953,花蓮縣鳳林鎮長橋里農會地１３號
10015,1001502,長橋里,20,,農會地,,,１３號之１,297937.46,2621243.94,花蓮縣鳳林鎮長橋里農會地１３號之１
10015,1001502,長橋里,20,,農會地,,,１４號,297843.223,2621279.37,花蓮縣鳳林鎮長橋里農會地１４號
10015,1001502,長橋里,20,,農會地,,,３０號,297334.15,2621740.566,花蓮縣鳳林鎮長橋里農會地３０號
10015,1001502,長橋里,20,,農會地,,,３０之１１號,298066.823,2622020.232,花蓮縣鳳林鎮長橋里農會地３０之１１號
10015,1001502,長橋里,20,,農會地,,,３０之１２號,298096.885,2622007.709,花蓮縣鳳林鎮長橋里農會地３０之１２號
10015,1001502,長橋里,20,,農會地,,,３１號,297706.719,2622634,花蓮縣鳳林鎮長橋里農會地３１號
10015,1001502,長橋里,20,,農會地,,,３６號,298081,2622784,花蓮縣鳳林鎮長橋里農會地３６號
10015,1001502,長橋里,20,,農會地,,,５０號,298154.794,2622164.734,花蓮縣鳳林鎮長橋里農會地５０號
10015,1001502,長橋里,20,,農會地,,,５０號之８,298727.347,2622224.732,花蓮縣鳳林鎮長橋里農會地５０號之８
10015,1001502,長橋里,20,,農會地,,,５０號之１２,298713.089,2622203.095,花蓮縣鳳林鎮長橋里農會地５０號之１２
10015,1001502,長橋里,16,長一路,,,,１００號,292934.346,2622785.999,花蓮縣鳳林鎮長橋里長一路１００號
10015,1001502,長橋里,16,長一路,,,,２７０之１號,294522.05,2622329.79,花蓮縣鳳林鎮長橋里長一路２７０之１號
10015,1001502,長橋里,16,長一路,,,,３００號,293043.131,2622697.384,花蓮縣鳳林鎮長橋里長一路３００號
10015,1001502,長橋里,16,長一路,,,,３００號之１,294604,2622242,花蓮縣鳳林鎮長橋里長一路３００號之１
10015,1001502,長橋里,16,長一路,,,,３００號之３,294455,2621947,花蓮縣鳳林鎮長橋里長一路３００號之３
10015,1001502,長橋里,16,長一路,,,,３５０號,293142.721,2622663.799,花蓮縣鳳林鎮長橋里長一路３５０號
10015,1001502,長橋里,14,長二路,,,,６８號,293649.146,2622980.603,花蓮縣鳳林鎮長橋里長二路６８號
10015,1001502,長橋里,14,長二路,,,,１２１號,294172.747,2622967.218,花蓮縣鳳林鎮長橋里長二路１２１號
10015,1001502,長橋里,12,長安路,,,,１號,292656.945,2622881.025,花蓮縣鳳林鎮長橋里長安路１號
10015,1001502,長橋里,12,長安路,,,,１之１號,292663.442,2622889.165,花蓮縣鳳林鎮長橋里長安路１之１號
10015,1001502,長橋里,12,長安路,,,,２號,292691.82,2622900.791,花蓮縣鳳林鎮長橋里長安路２號
10015,1001502,長橋里,12,長安路,,,,３號,292637.093,2622819.235,花蓮縣鳳林鎮長橋里長安路３號
10015,1001502,長橋里,12,長安路,,,,４號,292670.88,2622897.498,花蓮縣鳳林鎮長橋里長安路４號
10015,1001502,長橋里,12,長安路,,,,６號,292624.79,2622891.328,花蓮縣鳳林鎮長橋里長安路６號
10015,1001502,長橋里,12,長安路,,,,８號,292622.863,2622886.041,花蓮縣鳳林鎮長橋里長安路８號
10015,1001502,長橋里,12,長安路,,,,１０號,292620.715,2622879.7,花蓮縣鳳林鎮長橋里長安路１０號
10015,1001502,長橋里,12,長安路,,,,１０號之１,292628,2622873,花蓮縣鳳林鎮長橋里長安路１０號之１
10015,1001502,長橋里,12,長安路,,,,１２號,292607.256,2622869.266,花蓮縣鳳林鎮長橋里長安路１２號
10015,1001502,長橋里,12,長安路,,,,１４號,292628.56,2622857.43,花蓮縣鳳林鎮長橋里長安路１４號
10015,1001502,長橋里,12,長安路,,,,１６號,292619.85,2622843.26,花蓮縣鳳林鎮長橋里長安路１６號
10015,1001502,長橋里,12,長安路,,,,１６之１號,292601.82,2622833.69,花蓮縣鳳林鎮長橋里長安路１６之１號
10015,1001502,長橋里,12,長安路,,,,２４號,292569.521,2622829.07,花蓮縣鳳林鎮長橋里長安路２４號
10015,1001502,長橋里,12,長安路,,,,２６號,292559.173,2622830.391,花蓮縣鳳林鎮長橋里長安路２６號
10015,1001502,長橋里,12,長安路,,,,２６之１號,292549,2622833,花蓮縣鳳林鎮長橋里長安路２６之１號
10015,1001502,長橋里,12,長安路,,,,２８號,292535.611,2622833.718,花蓮縣鳳林鎮長橋里長安路２８號
10015,1001502,長橋里,12,長安路,,,,３０號,292538.632,2622845.617,花蓮縣鳳林鎮長橋里長安路３０號
10015,1001502,長橋里,12,長安路,,,,３２號,292526.99,2622842.422,花蓮縣鳳林鎮長橋里長安路３２號
10015,1001502,長橋里,12,長安路,,,,３４號,292509.886,2622839.494,花蓮縣鳳林鎮長橋里長安路３４號
10015,1001502,長橋里,9,長德街,,,,１號,292780.36,2623129.666,花蓮縣鳳林鎮長橋里長德街１號
10015,1001502,長橋里,7,長德街,,,,２號,292787.009,2623172.128,花蓮縣鳳林鎮長橋里長德街２號
10015,1001502,長橋里,9,長德街,,,,３號,292771.043,2623115.622,花蓮縣鳳林鎮長橋里長德街３號
10015,1001502,長橋里,7,長德街,,,,４號,292783.409,2623158.367,花蓮縣鳳林鎮長橋里長德街４號
10015,1001502,長橋里,9,長德街,,,,５號,292759.916,2623122.118,花蓮縣鳳林鎮長橋里長德街５號
10015,1001502,長橋里,7,長德街,,,,６號,292769.881,2623165.918,花蓮縣鳳林鎮長橋里長德街６號
10015,1001502,長橋里,7,長德街,,,,８號,292765.825,2623169.103,花蓮縣鳳林鎮長橋里長德街８號
10015,1001502,長橋里,9,長德街,,,,９號,292767.767,2623139.041,花蓮縣鳳林鎮長橋里長德街９號
10015,1001502,長橋里,7,長德街,,,,１０號,292762.058,2623171.535,花蓮縣鳳林鎮長橋里長德街１０號
10015,1001502,長橋里,8,長德街,,,,１１號,292751.364,2623165.229,花蓮縣鳳林鎮長橋里長德街１１號
10015,1001502,長橋里,7,長德街,,,,１２號,292758.06,2623173.967,花蓮縣鳳林鎮長橋里長德街１２號
10015,1001502,長橋里,8,長德街,,,,１３之１號,292744.912,2623170.645,花蓮縣鳳林鎮長橋里長德街１３之１號
10015,1001502,長橋里,8,長德街,,,,１３號,292747.106,2623167.228,花蓮縣鳳林鎮長橋里長德街１３號
10015,1001502,長橋里,8,長德街,,,,１３之２號,292753,2623197,花蓮縣鳳林鎮長橋里長德街１３之２號
10015,1001502,長橋里,7,長德街,,,,１４號,292753.516,2623178.284,花蓮縣鳳林鎮長橋里長德街１４號
10015,1001502,長橋里,8,長德街,,,,１５號,292728.321,2623159.859,花蓮縣鳳林鎮長橋里長德街１５號
10015,1001502,長橋里,7,長德街,,,,１６號,292746.989,2623182.173,花蓮縣鳳林鎮長橋里長德街１６號
10015,1001502,長橋里,8,長德街,,,,１７號,292734.839,2623197.991,花蓮縣鳳林鎮長橋里長德街１７號
10015,1001502,長橋里,8,長德街,,,,１７號之１,292750,2623212,花蓮縣鳳林鎮長橋里長德街１７號之１
10015,1001502,長橋里,7,長德街,,,,１８號,292752.691,2623192.252,花蓮縣鳳林鎮長橋里長德街１８號
10015,1001502,長橋里,8,長德街,,,,１９號,292761.731,2623229.393,花蓮縣鳳林鎮長橋里長德街１９號
10015,1001502,長橋里,7,長德街,,,,２０號,292757.121,2623197.767,花蓮縣鳳林鎮長橋里長德街２０號
10015,1001502,長橋里,6,長德街,,,,２１號,292805.144,2623285.567,花蓮縣鳳林鎮長橋里長德街２１號
10015,1001502,長橋里,7,長德街,,,,２２號,292759.561,2623201.024,花蓮縣鳳林鎮長橋里長德街２２號
10015,1001502,長橋里,7,長德街,,,,２４號,292762.346,2623204.421,花蓮縣鳳林鎮長橋里長德街２４號
10015,1001502,長橋里,7,長德街,,,,２６號,292764.618,2623207.441,花蓮縣鳳林鎮長橋里長德街２６號
10015,1001502,長橋里,6,長德街,,,,２８號,292766.594,2623210.498,花蓮縣鳳林鎮長橋里長德街２８號
10015,1001502,長橋里,6,長德街,,,,３０號,292768.741,2623212.971,花蓮縣鳳林鎮長橋里長德街３０號
10015,1001502,長橋里,6,長德街,,,,３２號,292798.804,2623201.772,花蓮縣鳳林鎮長橋里長德街３２號
10015,1001502,長橋里,6,長德街,,,,３４號,292793.453,2623194.376,花蓮縣鳳林鎮長橋里長德街３４號
10015,1001502,長橋里,6,長德街,,,,３６號,292772.851,2623221.132,花蓮縣鳳林鎮長橋里長德街３６號
10015,1001502,長橋里,6,長德街,,,,３８號,292776.902,2623226.598,花蓮縣鳳林鎮長橋里長德街３８號
10015,1001502,長橋里,6,長德街,,,,４０號,292782.356,2623233.978,花蓮縣鳳林鎮長橋里長德街４０號
10015,1001502,長橋里,6,長德街,,,,４２之１號,292786.971,2623240.06,花蓮縣鳳林鎮長橋里長德街４２之１號
10015,1001502,長橋里,6,長德街,,,,４２號,292784.476,2623236.757,花蓮縣鳳林鎮長橋里長德街４２號
10015,1001502,長橋里,6,長德街,,,,４４號,292789.056,2623242.997,花蓮縣鳳林鎮長橋里長德街４４號
10015,1001502,長橋里,6,長德街,,,,４６號,292793.107,2623248.463,花蓮縣鳳林鎮長橋里長德街４６號
10015,1001502,長橋里,6,長德街,,,,４８號,292797.158,2623253.929,花蓮縣鳳林鎮長橋里長德街４８號
10015,1001502,長橋里,6,長德街,,,,５０號,292843.742,2623252.832,花蓮縣鳳林鎮長橋里長德街５０號
10015,1001502,長橋里,6,長德街,,,,５２號,292830.747,2623265.263,花蓮縣鳳林鎮長橋里長德街５２號
10015,1001502,長橋里,6,長德街,,,,５４號,292817.203,2623264.439,花蓮縣鳳林鎮長橋里長德街５４號
10015,1001502,長橋里,6,長德街,,,,５６號,292801.964,2623261.849,花蓮縣鳳林鎮長橋里長德街５６號
10015,1001502,長橋里,6,長德街,,,,５８號,292803.947,2623264.299,花蓮縣鳳林鎮長橋里長德街５８號
10015,1001502,長橋里,6,長德街,,,,６０號,292806.396,2623266.843,花蓮縣鳳林鎮長橋里長德街６０號
10015,1001502,長橋里,6,長德街,,,,６２號,292814.462,2623272.047,花蓮縣鳳林鎮長橋里長德街６２號
10015,1001502,長橋里,6,長德街,,,,７０號,292826.758,2623292.759,花蓮縣鳳林鎮長橋里長德街７０號
10015,1001502,長橋里,6,長德街,,,,７２號,292832.025,2623298.661,花蓮縣鳳林鎮長橋里長德街７２號
10015,1001502,長橋里,6,長德街,,,,７４號,292835.195,2623302.9,花蓮縣鳳林鎮長橋里長德街７４號
10015,1001502,長橋里,6,長德街,,,,７６號,292838.44,2623306.648,花蓮縣鳳林鎮長橋里長德街７６號
10015,1001502,長橋里,6,長德街,,,,７８號,292840.639,2623310.368,花蓮縣鳳林鎮長橋里長德街７８號
10015,1001502,長橋里,6,長德街,,,,８０號,292843.518,2623313.846,花蓮縣鳳林鎮長橋里長德街８０號
10015,1001502,長橋里,6,長德街,,,,８２號,292845.887,2623317.143,花蓮縣鳳林鎮長橋里長德街８２號
10015,1001502,長橋里,6,長德街,,,,８４號,292848.175,2623320.96,花蓮縣鳳林鎮長橋里長德街８４號
10015,1001502,長橋里,6,長德街,,,,８６號,292850.121,2623324.342,花蓮縣鳳林鎮長橋里長德街８６號
10015,1001502,長橋里,13,長橋路,,,,１之１號,292672,2622791,花蓮縣鳳林鎮長橋里長橋路１之１號
10015,1001502,長橋里,13,長橋路,,,,１號,292672.163,2622791.687,花蓮縣鳳林鎮長橋里長橋路１號
10015,1001502,長橋里,14,長橋路,,,,２號,292837.749,2622909.632,花蓮縣鳳林鎮長橋里長橋路２號
10015,1001502,長橋里,13,長橋路,,,,３號,292729.762,2622802.709,花蓮縣鳳林鎮長橋里長橋路３號
10015,1001502,長橋里,14,長橋路,,,,４號,292778.896,2622938.124,花蓮縣鳳林鎮長橋里長橋路４號
10015,1001502,長橋里,13,長橋路,,,,５號,292703.457,2622808.119,花蓮縣鳳林鎮長橋里長橋路５號
10015,1001502,長橋里,14,長橋路,,,,６號,292784.49,2622955.389,花蓮縣鳳林鎮長橋里長橋路６號
10015,1001502,長橋里,13,長橋路,,,,７號,292717.121,2622816.088,花蓮縣鳳林鎮長橋里長橋路７號
10015,1001502,長橋里,13,長橋路,,,,９號,292737.577,2622829.695,花蓮縣鳳林鎮長橋里長橋路９號
10015,1001502,長橋里,13,長橋路,,,,１１號,292741.53,2622844.718,花蓮縣鳳林鎮長橋里長橋路１１號
10015,1001502,長橋里,13,長橋路,,,,１３號,292742.48,2622849.137,花蓮縣鳳林鎮長橋里長橋路１３號
10015,1001502,長橋里,14,長橋路,,,,１４號,292804.685,2623004.229,花蓮縣鳳林鎮長橋里長橋路１４號
10015,1001502,長橋里,13,長橋路,,,,１５號,292735.754,2622855.372,花蓮縣鳳林鎮長橋里長橋路１５號
10015,1001502,長橋里,13,長橋路,,,,１７號,292737.7,2622881.331,花蓮縣鳳林鎮長橋里長橋路１７號
10015,1001502,長橋里,13,長橋路,,,,１９號,292753.768,2622891.995,花蓮縣鳳林鎮長橋里長橋路１９號
10015,1001502,長橋里,14,長橋路,,,,２０號,292806.298,2623045.301,花蓮縣鳳林鎮長橋里長橋路２０號
10015,1001502,長橋里,13,長橋路,,,,２１號,292755.676,2622902.181,花蓮縣鳳林鎮長橋里長橋路２１號
10015,1001502,長橋里,14,長橋路,,,,２２號,292807.515,2623051.396,花蓮縣鳳林鎮長橋里長橋路２２號
10015,1001502,長橋里,13,長橋路,,,,２３號,292756.215,2622907.384,花蓮縣鳳林鎮長橋里長橋路２３號
10015,1001502,長橋里,14,長橋路,,,,２４號,292808.666,2623056.605,花蓮縣鳳林鎮長橋里長橋路２４號
10015,1001502,長橋里,14,長橋路,,,,２４號之１,292809,2623060,花蓮縣鳳林鎮長橋里長橋路２４號之１
10015,1001502,長橋里,13,長橋路,,,,２５號,292757.012,2622912.27,花蓮縣鳳林鎮長橋里長橋路２５號
10015,1001502,長橋里,14,長橋路,,,,２６號,292804.996,2623066.619,花蓮縣鳳林鎮長橋里長橋路２６號
10015,1001502,長橋里,14,長橋路,,,,２６號之１,292807,2623072,花蓮縣鳳林鎮長橋里長橋路２６號之１
10015,1001502,長橋里,13,長橋路,,,,２７號,292757.663,2622916.024,花蓮縣鳳林鎮長橋里長橋路２７號
10015,1001502,長橋里,14,長橋路,,,,２８號,292807.926,2623085.414,花蓮縣鳳林鎮長橋里長橋路２８號
10015,1001502,長橋里,13,長橋路,,,,２９號,292744.175,2622925.678,花蓮縣鳳林鎮長橋里長橋路２９號
10015,1001502,長橋里,14,長橋路,,,,３０之１號,292845.519,2623089.604,花蓮縣鳳林鎮長橋里長橋路３０之１號
10015,1001502,長橋里,14,長橋路,,,,３０號,292839.02,2623081.215,花蓮縣鳳林鎮長橋里長橋路３０號
10015,1001502,長橋里,14,長橋路,,,,３２號,292844.102,2623055.456,花蓮縣鳳林鎮長橋里長橋路３２號
10015,1001502,長橋里,14,長橋路,,,,３２之１號,292831.095,2623064.545,花蓮縣鳳林鎮長橋里長橋路３２之１號
10015,1001502,長橋里,13,長橋路,,,,３３號,292763.174,2622953.332,花蓮縣鳳林鎮長橋里長橋路３３號
10015,1001502,長橋里,14,長橋路,,,,３４號,292864.352,2623045.221,花蓮縣鳳林鎮長橋里長橋路３４號
10015,1001502,長橋里,13,長橋路,,,,３５號,292763.639,2622959.78,花蓮縣鳳林鎮長橋里長橋路３５號
10015,1001502,長橋里,14,長橋路,,,,３６號,292817.482,2623099.976,花蓮縣鳳林鎮長橋里長橋路３６號
10015,1001502,長橋里,14,長橋路,,,,３６之１號,292816.272,2623125.939,花蓮縣鳳林鎮長橋里長橋路３６之１號
10015,1001502,長橋里,13,長橋路,,,,３７號,292765.308,2622964.431,花蓮縣鳳林鎮長橋里長橋路３７號
10015,1001502,長橋里,14,長橋路,,,,３８號,292825.675,2623139.585,花蓮縣鳳林鎮長橋里長橋路３８號
10015,1001502,長橋里,13,長橋路,,,,３９號,292765.619,2622977.137,花蓮縣鳳林鎮長橋里長橋路３９號
10015,1001502,長橋里,14,長橋路,,,,４０之１號,292839,2623168,花蓮縣鳳林鎮長橋里長橋路４０之１號
10015,1001502,長橋里,14,長橋路,,,,４０號,292837.232,2623164.73,花蓮縣鳳林鎮長橋里長橋路４０號
10015,1001502,長橋里,11,長橋路,,,,４１號,292711.807,2622925.201,花蓮縣鳳林鎮長橋里長橋路４１號
10015,1001502,長橋里,14,長橋路,,,,４２之１號,292871.341,2623171.141,花蓮縣鳳林鎮長橋里長橋路４２之１號
10015,1001502,長橋里,14,長橋路,,,,４２號,292841.273,2623170.818,花蓮縣鳳林鎮長橋里長橋路４２號
10015,1001502,長橋里,11,長橋路,,,,４３號,292730.704,2622941.206,花蓮縣鳳林鎮長橋里長橋路４３號
10015,1001502,長橋里,11,長橋路,,,,４５號,292726.619,2622949.667,花蓮縣鳳林鎮長橋里長橋路４５號
10015,1001502,長橋里,11,長橋路,,,,４７號,292730.927,2622960.364,花蓮縣鳳林鎮長橋里長橋路４７號
10015,1001502,長橋里,11,長橋路,,,,４９號,292719.391,2622961.804,花蓮縣鳳林鎮長橋里長橋路４９號
10015,1001502,長橋里,14,長橋路,,,,５０號,292856.327,2623191.901,花蓮縣鳳林鎮長橋里長橋路５０號
10015,1001502,長橋里,11,長橋路,,,,５１號,292733.226,2622970.748,花蓮縣鳳林鎮長橋里長橋路５１號
10015,1001502,長橋里,14,長橋路,,,,５２號,292858.974,2623195.287,花蓮縣鳳林鎮長橋里長橋路５２號
10015,1001502,長橋里,11,長橋路,,,,５３號,292723.887,2622981.117,花蓮縣鳳林鎮長橋里長橋路５３號
10015,1001502,長橋里,14,長橋路,,,,５４號,292861.177,2623199.024,花蓮縣鳳林鎮長橋里長橋路５４號
10015,1001502,長橋里,10,長橋路,,,,５５號,292767.547,2622988.934,花蓮縣鳳林鎮長橋里長橋路５５號
10015,1001502,長橋里,10,長橋路,,,,５５之１號,292768,2622993,花蓮縣鳳林鎮長橋里長橋路５５之１號
10015,1001502,長橋里,14,長橋路,,,,５６號,292863.588,2623202.211,花蓮縣鳳林鎮長橋里長橋路５６號
10015,1001502,長橋里,10,長橋路,,,,５７號,292769.555,2622997.279,花蓮縣鳳林鎮長橋里長橋路５７號
10015,1001502,長橋里,14,長橋路,,,,５８號,292866.472,2623206.138,花蓮縣鳳林鎮長橋里長橋路５８號
10015,1001502,長橋里,10,長橋路,,,,５９號,292770.323,2623001.767,花蓮縣鳳林鎮長橋里長橋路５９號
10015,1001502,長橋里,14,長橋路,,,,６０號,292869.264,2623210.247,花蓮縣鳳林鎮長橋里長橋路６０號
10015,1001502,長橋里,10,長橋路,,,,６１號,292770.835,2623006.5,花蓮縣鳳林鎮長橋里長橋路６１號
10015,1001502,長橋里,14,長橋路,,,,６２號,292879.197,2623186.127,花蓮縣鳳林鎮長橋里長橋路６２號
10015,1001502,長橋里,10,長橋路,,,,６３號,292763.479,2623021.509,花蓮縣鳳林鎮長橋里長橋路６３號
10015,1001502,長橋里,14,長橋路,,,,６４號,292883.602,2623185.132,花蓮縣鳳林鎮長橋里長橋路６４號
10015,1001502,長橋里,10,長橋路,,,,６５號,292774.424,2623023.683,花蓮縣鳳林鎮長橋里長橋路６５號
10015,1001502,長橋里,14,長橋路,,,,６６號,292888.006,2623184.136,花蓮縣鳳林鎮長橋里長橋路６６號
10015,1001502,長橋里,10,長橋路,,,,６７號,292776.472,2623028.736,花蓮縣鳳林鎮長橋里長橋路６７號
10015,1001502,長橋里,14,長橋路,,,,６８號,292892.411,2623183.141,花蓮縣鳳林鎮長橋里長橋路６８號
10015,1001502,長橋里,10,長橋路,,６９巷,,１號,292762.713,2623042.821,花蓮縣鳳林鎮長橋里長橋路６９巷１號
10015,1001502,長橋里,9,長橋路,,６９巷,,２號,292754.987,2623066.419,花蓮縣鳳林鎮長橋里長橋路６９巷２號
10015,1001502,長橋里,10,長橋路,,６９巷,,３號,292748.924,2623046.689,花蓮縣鳳林鎮長橋里長橋路６９巷３號
10015,1001502,長橋里,9,長橋路,,６９巷,,４號,292748.958,2623071.051,花蓮縣鳳林鎮長橋里長橋路６９巷４號
10015,1001502,長橋里,10,長橋路,,６９巷,,５號,292739.167,2623049.187,花蓮縣鳳林鎮長橋里長橋路６９巷５號
10015,1001502,長橋里,9,長橋路,,６９巷,,６號,292744.212,2623075.913,花蓮縣鳳林鎮長橋里長橋路６９巷６號
10015,1001502,長橋里,10,長橋路,,６９巷,,７號,292729.41,2623041.531,花蓮縣鳳林鎮長橋里長橋路６９巷７號
10015,1001502,長橋里,9,長橋路,,６９巷,,８號,292739.344,2623079.271,花蓮縣鳳林鎮長橋里長橋路６９巷８號
10015,1001502,長橋里,10,長橋路,,６９巷,,９號,292736.924,2623061.876,花蓮縣鳳林鎮長橋里長橋路６９巷９號
10015,1001502,長橋里,9,長橋路,,６９巷,,１０號,292735.289,2623083.091,花蓮縣鳳林鎮長橋里長橋路６９巷１０號
10015,1001502,長橋里,9,長橋路,,６９巷,,１２號,292731.234,2623086.566,花蓮縣鳳林鎮長橋里長橋路６９巷１２號
10015,1001502,長橋里,10,長橋路,,６９巷,,１３號,292735.564,2623029.636,花蓮縣鳳林鎮長橋里長橋路６９巷１３號
10015,1001502,長橋里,10,長橋路,,６９巷,,１４號,292715.337,2623043.917,花蓮縣鳳林鎮長橋里長橋路６９巷１４號
10015,1001502,長橋里,10,長橋路,,６９巷,,１５號,292725.132,2623033.779,花蓮縣鳳林鎮長橋里長橋路６９巷１５號
10015,1001502,長橋里,10,長橋路,,６９巷,,１６號,292692.246,2623030.534,花蓮縣鳳林鎮長橋里長橋路６９巷１６號
10015,1001502,長橋里,10,長橋路,,６９巷,,１８號,292705.943,2623020.274,花蓮縣鳳林鎮長橋里長橋路６９巷１８號
10015,1001502,長橋里,10,長橋路,,６９巷,,２０號,292698.612,2623009.692,花蓮縣鳳林鎮長橋里長橋路６９巷２０號
10015,1001502,長橋里,14,長橋路,,,,７０號,292885.917,2623213.556,花蓮縣鳳林鎮長橋里長橋路７０號
10015,1001502,長橋里,9,長橋路,,,,７１號,292780.395,2623053.519,花蓮縣鳳林鎮長橋里長橋路７１號
10015,1001502,長橋里,9,長橋路,,,,７１之１號,292773.151,2623055.286,花蓮縣鳳林鎮長橋里長橋路７１之１號
10015,1001502,長橋里,9,長橋路,,,,７３號,292781.064,2623058.758,花蓮縣鳳林鎮長橋里長橋路７３號
10015,1001502,長橋里,14,長橋路,,,,７４號,292890.4,2623233.336,花蓮縣鳳林鎮長橋里長橋路７４號
10015,1001502,長橋里,9,長橋路,,,,７５號,292782.113,2623062.902,花蓮縣鳳林鎮長橋里長橋路７５號
10015,1001502,長橋里,9,長橋路,,,,７７號,292782.729,2623066.577,花蓮縣鳳林鎮長橋里長橋路７７號
10015,1001502,長橋里,14,長橋路,,,,７８號,292938.551,2623249.346,花蓮縣鳳林鎮長橋里長橋路７８號
10015,1001502,長橋里,9,長橋路,,,,７９號,292783.265,2623071.233,花蓮縣鳳林鎮長橋里長橋路７９號
10015,1001502,長橋里,14,長橋路,,,,８０號,292970.463,2623274.146,花蓮縣鳳林鎮長橋里長橋路８０號
10015,1001502,長橋里,9,長橋路,,,,８１號,292762.625,2623084.904,花蓮縣鳳林鎮長橋里長橋路８１號
10015,1001502,長橋里,9,長橋路,,,,８３號,292784.009,2623077.787,花蓮縣鳳林鎮長橋里長橋路８３號
10015,1001502,長橋里,9,長橋路,,,,８５號,292784.558,2623083.574,花蓮縣鳳林鎮長橋里長橋路８５號
10015,1001502,長橋里,9,長橋路,,,,８７號,292770.195,2623090.688,花蓮縣鳳林鎮長橋里長橋路８７號
10015,1001502,長橋里,14,長橋路,,,,８８號,292944.87,2623285.791,花蓮縣鳳林鎮長橋里長橋路８８號
10015,1001502,長橋里,9,長橋路,,,,８９號,292779.105,2623099.563,花蓮縣鳳林鎮長橋里長橋路８９號
10015,1001502,長橋里,7,長橋路,,,,９１號,292770.241,2623137.318,花蓮縣鳳林鎮長橋里長橋路９１號
10015,1001502,長橋里,17,長橋路,,,,９２號,292954.259,2623324.506,花蓮縣鳳林鎮長橋里長橋路９２號
10015,1001502,長橋里,7,長橋路,,,,９３號,292806.975,2623159.649,花蓮縣鳳林鎮長橋里長橋路９３號
10015,1001502,長橋里,7,長橋路,,,,９５號,292812.427,2623168.768,花蓮縣鳳林鎮長橋里長橋路９５號
10015,1001502,長橋里,7,長橋路,,,,９７號,292815.743,2623174.061,花蓮縣鳳林鎮長橋里長橋路９７號
10015,1001502,長橋里,7,長橋路,,,,９９號,292818.099,2623178.762,花蓮縣鳳林鎮長橋里長橋路９９號
10015,1001502,長橋里,7,長橋路,,,,１０１號,292820.969,2623183.57,花蓮縣鳳林鎮長橋里長橋路１０１號
10015,1001502,長橋里,7,長橋路,,,,１０３號,292827.65,2623184.46,花蓮縣鳳林鎮長橋里長橋路１０３號
10015,1001502,長橋里,7,長橋路,,,,１０５號,292829.708,2623188.217,花蓮縣鳳林鎮長橋里長橋路１０５號
10015,1001502,長橋里,7,長橋路,,,,１０７號,292833.922,2623196.483,花蓮縣鳳林鎮長橋里長橋路１０７號
10015,1001502,長橋里,17,長橋路,,,,１０８號,293037.419,2623401.403,花蓮縣鳳林鎮長橋里長橋路１０８號
10015,1001502,長橋里,7,長橋路,,,,１０９號,292836.94,2623204.22,花蓮縣鳳林鎮長橋里長橋路１０９號
10015,1001502,長橋里,7,長橋路,,,,１１１號,292838.98,2623207.22,花蓮縣鳳林鎮長橋里長橋路１１１號
10015,1001502,長橋里,7,長橋路,,,,１１３號,292841.5,2623210.83,花蓮縣鳳林鎮長橋里長橋路１１３號
10015,1001502,長橋里,17,長橋路,,,,１１４號,293070.136,2623463.062,花蓮縣鳳林鎮長橋里長橋路１１４號
10015,1001502,長橋里,7,長橋路,,,,１１５號,292844.36,2623214.17,花蓮縣鳳林鎮長橋里長橋路１１５號
10015,1001502,長橋里,7,長橋路,,,,１１５之１號,292847.36,2623217.99,花蓮縣鳳林鎮長橋里長橋路１１５之１號
10015,1001502,長橋里,17,長橋路,,,,１１６號,293072.855,2623482.982,花蓮縣鳳林鎮長橋里長橋路１１６號
10015,1001502,長橋里,6,長橋路,,,,１１７號,292856.44,2623230.935,花蓮縣鳳林鎮長橋里長橋路１１７號
10015,1001502,長橋里,17,長橋路,,,,１１８號,293191.792,2623634.66,花蓮縣鳳林鎮長橋里長橋路１１８號
10015,1001502,長橋里,6,長橋路,,,,１１９號,292860.672,2623236.451,花蓮縣鳳林鎮長橋里長橋路１１９號
10015,1001502,長橋里,17,長橋路,,,,１２０號,293210.315,2623595.958,花蓮縣鳳林鎮長橋里長橋路１２０號
10015,1001502,長橋里,6,長橋路,,,,１２１號,292857.963,2623260.072,花蓮縣鳳林鎮長橋里長橋路１２１號
10015,1001502,長橋里,17,長橋路,,,,１２２號,293202.637,2623597.138,花蓮縣鳳林鎮長橋里長橋路１２２號
10015,1001502,長橋里,17,長橋路,,,,１２４號,293199.499,2623592.869,花蓮縣鳳林鎮長橋里長橋路１２４號
10015,1001502,長橋里,6,長橋路,,,,１２５號,292880.928,2623261.376,花蓮縣鳳林鎮長橋里長橋路１２５號
10015,1001502,長橋里,17,長橋路,,,,１２６號,293191.035,2623599.439,花蓮縣鳳林鎮長橋里長橋路１２６號
10015,1001502,長橋里,6,長橋路,,,,１２７號,292884.114,2623265.099,花蓮縣鳳林鎮長橋里長橋路１２７號
10015,1001502,長橋里,17,長橋路,,,,１２８號,293183.377,2623600.993,花蓮縣鳳林鎮長橋里長橋路１２８號
10015,1001502,長橋里,6,長橋路,,,,１２９號,292886.826,2623268.96,花蓮縣鳳林鎮長橋里長橋路１２９號
10015,1001502,長橋里,6,長橋路,,,,１３１號,292890.094,2623272.957,花蓮縣鳳林鎮長橋里長橋路１３１號
10015,1001502,長橋里,6,長橋路,,,,１３３號,292888.937,2623291.426,花蓮縣鳳林鎮長橋里長橋路１３３號
10015,1001502,長橋里,6,長橋路,,,,１３７號,292898.091,2623301.103,花蓮縣鳳林鎮長橋里長橋路１３７號
10015,1001502,長橋里,6,長橋路,,,,１３７之２號,292922.039,2623310.63,花蓮縣鳳林鎮長橋里長橋路１３７之２號
10015,1001502,長橋里,17,長橋路,,,,１４３號,292950.97,2623378.55,花蓮縣鳳林鎮長橋里長橋路１４３號
10015,1001502,長橋里,17,長橋路,,,,１４５號,292966.09,2623399.58,花蓮縣鳳林鎮長橋里長橋路１４５號
10015,1001502,長橋里,17,長橋路,,,,１６３號,293014.93,2623450.431,花蓮縣鳳林鎮長橋里長橋路１６３號
10015,1001502,長橋里,17,長橋路,,,,１６５號,293028.27,2623468.868,花蓮縣鳳林鎮長橋里長橋路１６５號
10015,1001502,長橋里,17,長橋路,,,,１６７號,293038.058,2623488.172,花蓮縣鳳林鎮長橋里長橋路１６７號
10015,1001502,長橋里,17,長橋路,,,,１６９號,293032.014,2623476.245,花蓮縣鳳林鎮長橋里長橋路１６９號
10015,1001502,長橋里,17,長橋路,,,,１６９號之１,293034,2623482,花蓮縣鳳林鎮長橋里長橋路１６９號之１
10015,1001502,長橋里,17,長橋路,,,,１７１號,293255.741,2623838.933,花蓮縣鳳林鎮長橋里長橋路１７１號
10015,1001502,長橋里,17,長橋路,,,,１７３號,293042.609,2623496.592,花蓮縣鳳林鎮長橋里長橋路１７３號
10015,1001502,長橋里,17,長橋路,,,,１７５號,293044.359,2623500.697,花蓮縣鳳林鎮長橋里長橋路１７５號
10015,1001502,長橋里,17,長橋路,,,,１７７號,293051.265,2623493.376,花蓮縣鳳林鎮長橋里長橋路１７７號
10015,1001502,長橋里,17,長橋路,,,,１７９號,293270.24,2623821.38,花蓮縣鳳林鎮長橋里長橋路１７９號
10015,1001502,長橋里,17,長橋路,,,,１８１號,293270.487,2623850.738,花蓮縣鳳林鎮長橋里長橋路１８１號
10015,1001502,長橋里,17,長橋路,,,,１８３號,293264.317,2623843.321,花蓮縣鳳林鎮長橋里長橋路１８３號
10015,1001502,長橋里,17,長橋路,,,,１８５號,293264.526,2623852.827,花蓮縣鳳林鎮長橋里長橋路１８５號
10015,1001502,長橋里,17,長橋路,,,,１８７號,293277.508,2623837.203,花蓮縣鳳林鎮長橋里長橋路１８７號
10015,1001502,長橋里,17,長橋路,,,,１８９號,293288.324,2623844.131,花蓮縣鳳林鎮長橋里長橋路１８９號
10015,1001502,長橋里,17,長橋路,,,,１９１號,293274.751,2623887.331,花蓮縣鳳林鎮長橋里長橋路１９１號
10015,1001502,長橋里,17,長橋路,,,,１９３號,293278.887,2623892.225,花蓮縣鳳林鎮長橋里長橋路１９３號
10015,1001502,長橋里,17,長橋路,,,,１９３號之１,293330,2623907,花蓮縣鳳林鎮長橋里長橋路１９３號之１
10015,1001502,長橋里,17,長橋路,,,,１９５號,293280.737,2623896.03,花蓮縣鳳林鎮長橋里長橋路１９５號
10015,1001502,長橋里,12,長沙路,,,,２號,292494.596,2622861.8,花蓮縣鳳林鎮長橋里長沙路２號
10015,1001502,長橋里,11,長沙路,,,,４之１號,292505.795,2622883.241,花蓮縣鳳林鎮長橋里長沙路４之１號
10015,1001502,長橋里,11,長沙路,,,,６之１號,292573.992,2622976.39,花蓮縣鳳林鎮長橋里長沙路６之１號
10015,1001502,長橋里,11,長沙路,,,,６號,292578.539,2622982.45,花蓮縣鳳林鎮長橋里長沙路６號
10015,1001502,長橋里,11,長沙路,,,,１０號,292590.987,2622993.533,花蓮縣鳳林鎮長橋里長沙路１０號
10015,1001502,長橋里,10,長沙路,,,,１４號,292634.135,2623020.837,花蓮縣鳳林鎮長橋里長沙路１４號
10015,1001502,長橋里,10,長沙路,,,,１６號,292652.056,2623031.97,花蓮縣鳳林鎮長橋里長沙路１６號
10015,1001502,長橋里,10,長沙路,,,,１８號,292671.368,2623054.58,花蓮縣鳳林鎮長橋里長沙路１８號
10015,1001502,長橋里,8,長沙路,,,,１９號,292701.917,2623129.393,花蓮縣鳳林鎮長橋里長沙路１９號
10015,1001502,長橋里,8,長沙路,,,,２１號,292726.145,2623153.633,花蓮縣鳳林鎮長橋里長沙路２１號
10015,1001502,長橋里,10,長沙路,,,,２２號,292690.803,2623073.879,花蓮縣鳳林鎮長橋里長沙路２２號
10015,1001502,長橋里,10,長沙路,,,,２４號,292683.215,2623065.726,花蓮縣鳳林鎮長橋里長沙路２４號
10015,1001502,長橋里,10,長沙路,,,,２６號,292693.401,2623077.099,花蓮縣鳳林鎮長橋里長沙路２６號
10015,1001502,長橋里,10,長沙路,,,,２８號,292695.448,2623079.776,花蓮縣鳳林鎮長橋里長沙路２８號
10015,1001502,長橋里,10,長沙路,,,,２８之１號,292697.74,2623083.06,花蓮縣鳳林鎮長橋里長沙路２８之１號
10015,1001502,長橋里,10,長沙路,,,,３２號,292699.874,2623085.375,花蓮縣鳳林鎮長橋里長沙路３２號
10015,1001502,長橋里,10,長沙路,,,,３４號,292701.19,2623090.07,花蓮縣鳳林鎮長橋里長沙路３４號
10015,1001502,長橋里,10,長沙路,,,,３６號,292705.947,2623092.47,花蓮縣鳳林鎮長橋里長沙路３６號
10015,1001502,長橋里,9,長沙路,,,,４０號,292722,2623111,花蓮縣鳳林鎮長橋里長沙路４０號
10015,1001502,長橋里,9,長沙路,,,,４２號,292725.598,2623115.798,花蓮縣鳳林鎮長橋里長沙路４２號
10015,1001502,長橋里,9,長沙路,,,,４６號,292733.348,2623126.541,花蓮縣鳳林鎮長橋里長沙路４６號
10015,1001502,長橋里,12,長泰路,,,,１號,292663.218,2622909.596,花蓮縣鳳林鎮長橋里長泰路１號
10015,1001502,長橋里,11,長泰路,,,,２號,292691.11,2622924.751,花蓮縣鳳林鎮長橋里長泰路２號
10015,1001502,長橋里,12,長泰路,,,,３號,292656.922,2622920.251,花蓮縣鳳林鎮長橋里長泰路３號
10015,1001502,長橋里,11,長泰路,,,,４號,292694.268,2622943.345,花蓮縣鳳林鎮長橋里長泰路４號
10015,1001502,長橋里,12,長泰路,,,,５號,292591.314,2622937.004,花蓮縣鳳林鎮長橋里長泰路５號
10015,1001502,長橋里,11,長泰路,,,,６號,292668.003,2622931.258,花蓮縣鳳林鎮長橋里長泰路６號
10015,1001502,長橋里,12,長泰路,,,,７號,292585.728,2622938.121,花蓮縣鳳林鎮長橋里長泰路７號
10015,1001502,長橋里,11,長泰路,,,,８號,292643.544,2622968.42,花蓮縣鳳林鎮長橋里長泰路８號
10015,1001502,長橋里,12,長泰路,,,,９號,292534.546,2622882.707,花蓮縣鳳林鎮長橋里長泰路９號
10015,1001502,長橋里,11,長泰路,,,,１２號,292591.07,2622950.022,花蓮縣鳳林鎮長橋里長泰路１２號
10015,1001502,長橋里,11,長泰路,,,,１４號,292578.134,2622966.558,花蓮縣鳳林鎮長橋里長泰路１４號
10015,1001502,鳳仁里,1,中和路,,,,１００號,296250.016,2627097.722,花蓮縣鳳林鎮鳳仁里中和路１００號
10015,1001502,鳳仁里,16,中和路,,,,１０２號,296253.142,2627106.892,花蓮縣鳳林鎮鳳仁里中和路１０２號
10015,1001502,鳳仁里,16,中和路,,,,１２２號,296135.79,2627138.73,花蓮縣鳳林鎮鳳仁里中和路１２２號
10015,1001502,鳳仁里,16,中和路,,,,１２４號,296131.369,2627140.457,花蓮縣鳳林鎮鳳仁里中和路１２４號
10015,1001502,鳳仁里,16,中和路,,,,１２６號,296126.946,2627142.177,花蓮縣鳳林鎮鳳仁里中和路１２６號
10015,1001502,鳳仁里,16,中和路,,,,１２８號,296122.522,2627143.896,花蓮縣鳳林鎮鳳仁里中和路１２８號
10015,1001502,鳳仁里,16,中和路,,,,１３０號,296118.098,2627145.615,花蓮縣鳳林鎮鳳仁里中和路１３０號
10015,1001502,鳳仁里,1,中和路,,,,１３４號,296081.881,2627159.037,花蓮縣鳳林鎮鳳仁里中和路１３４號
10015,1001502,鳳仁里,1,中和路,,,,１３６號,296083.49,2627120.78,花蓮縣鳳林鎮鳳仁里中和路１３６號
10015,1001502,鳳仁里,1,中和路,,,,１４２號,296062.61,2627165.224,花蓮縣鳳林鎮鳳仁里中和路１４２號
10015,1001502,鳳仁里,1,中和路,,,,１４６之１號,296058.65,2627167.45,花蓮縣鳳林鎮鳳仁里中和路１４６之１號
10015,1001502,鳳仁里,1,中和路,,,,１５０號,296048.671,2627169.437,花蓮縣鳳林鎮鳳仁里中和路１５０號
10015,1001502,鳳仁里,2,中和路,,１５４巷,,１號,296070.993,2627217.93,花蓮縣鳳林鎮鳳仁里中和路１５４巷１號
10015,1001502,鳳仁里,1,中和路,,１５４巷,,２號,296054.777,2627197.304,花蓮縣鳳林鎮鳳仁里中和路１５４巷２號
10015,1001502,鳳仁里,2,中和路,,１５４巷,,３號,296073.316,2627222.191,花蓮縣鳳林鎮鳳仁里中和路１５４巷３號
10015,1001502,鳳仁里,2,中和路,,１５４巷,,５號,296074.847,2627226.524,花蓮縣鳳林鎮鳳仁里中和路１５４巷５號
10015,1001502,鳳仁里,2,中和路,,１５４巷,,７號,296077.026,2627230.856,花蓮縣鳳林鎮鳳仁里中和路１５４巷７號
10015,1001502,鳳仁里,2,中和路,,１５４巷,,８號之１,296085.205,2627221.513,花蓮縣鳳林鎮鳳仁里中和路１５４巷８號之１
10015,1001502,鳳仁里,2,中和路,,１５４巷,,９號,296078.607,2627235.356,花蓮縣鳳林鎮鳳仁里中和路１５４巷９號
10015,1001502,鳳仁里,2,中和路,,１５４巷,,１１號,296080.249,2627240.187,花蓮縣鳳林鎮鳳仁里中和路１５４巷１１號
10015,1001502,鳳仁里,3,中和路,,１５４巷,,１２號,296107.716,2627263.713,花蓮縣鳳林鎮鳳仁里中和路１５４巷１２號
10015,1001502,鳳仁里,3,中和路,,１５４巷,,１２之１號,296109.8,2627268.55,花蓮縣鳳林鎮鳳仁里中和路１５４巷１２之１號
10015,1001502,鳳仁里,2,中和路,,１５４巷,,１３號,296082.099,2627244.009,花蓮縣鳳林鎮鳳仁里中和路１５４巷１３號
10015,1001502,鳳仁里,2,中和路,,１５４巷,,１５號,296083.514,2627248.239,花蓮縣鳳林鎮鳳仁里中和路１５４巷１５號
10015,1001502,鳳仁里,2,中和路,,１５４巷,,１７號,296084.767,2627251.515,花蓮縣鳳林鎮鳳仁里中和路１５４巷１７號
10015,1001502,鳳仁里,3,中和路,,１５４巷,,２１號,296090.913,2627263.516,花蓮縣鳳林鎮鳳仁里中和路１５４巷２１號
10015,1001502,鳳仁里,3,中和路,,１５４巷,,２３號,296092.538,2627267.6,花蓮縣鳳林鎮鳳仁里中和路１５４巷２３號
10015,1001502,鳳仁里,3,中和路,,１５４巷,,２５號,296094.163,2627271.683,花蓮縣鳳林鎮鳳仁里中和路１５４巷２５號
10015,1001502,鳳仁里,3,中和路,,１５４巷,,２７號,296095.789,2627275.766,花蓮縣鳳林鎮鳳仁里中和路１５４巷２７號
10015,1001502,鳳仁里,3,中和路,,１５４巷,,３３號,296100.759,2627284.283,花蓮縣鳳林鎮鳳仁里中和路１５４巷３３號
10015,1001502,鳳仁里,1,中和路,,,,１６０號,296000.285,2627188.185,花蓮縣鳳林鎮鳳仁里中和路１６０號
10015,1001502,鳳仁里,1,中和路,,,,１６２號,295992.778,2627190.815,花蓮縣鳳林鎮鳳仁里中和路１６２號
10015,1001502,鳳仁里,1,中和路,,,,１６４號,295986.028,2627193.529,花蓮縣鳳林鎮鳳仁里中和路１６４號
10015,1001502,鳳仁里,1,中和路,,,,１６６號,295979.277,2627196.243,花蓮縣鳳林鎮鳳仁里中和路１６６號
10015,1001502,鳳仁里,1,中和路,,,,１６８號,295973.692,2627198.675,花蓮縣鳳林鎮鳳仁里中和路１６８號
10015,1001502,鳳仁里,1,中和路,,,,１７０號,295968.616,2627200.928,花蓮縣鳳林鎮鳳仁里中和路１７０號
10015,1001502,鳳仁里,1,中和路,,,,１７６號,295960.153,2627203.086,花蓮縣鳳林鎮鳳仁里中和路１７６號
10015,1001502,鳳仁里,1,中和路,,,,１７８號,295955.976,2627204.572,花蓮縣鳳林鎮鳳仁里中和路１７８號
10015,1001502,鳳仁里,1,中和路,,,,１８０號,295951.008,2627206.529,花蓮縣鳳林鎮鳳仁里中和路１８０號
10015,1001502,鳳仁里,1,中和路,,,,１８２號,295945.781,2627208.898,花蓮縣鳳林鎮鳳仁里中和路１８２號
10015,1001502,鳳仁里,1,中和路,,,,１８４號,295941.174,2627210.633,花蓮縣鳳林鎮鳳仁里中和路１８４號
10015,1001502,鳳仁里,1,中和路,,,,１９０號,295925.079,2627216.533,花蓮縣鳳林鎮鳳仁里中和路１９０號
10015,1001502,鳳仁里,4,中和路,,,,１９２號,295906.494,2627225.054,花蓮縣鳳林鎮鳳仁里中和路１９２號
10015,1001502,鳳仁里,4,中和路,,,,１９４號,295900.467,2627226.973,花蓮縣鳳林鎮鳳仁里中和路１９４號
10015,1001502,鳳仁里,4,中和路,,,,１９６號,295895.094,2627229.425,花蓮縣鳳林鎮鳳仁里中和路１９６號
10015,1001502,鳳仁里,4,中和路,,,,１９８號,295890.366,2627230.921,花蓮縣鳳林鎮鳳仁里中和路１９８號
10015,1001502,鳳仁里,4,中和路,,,,２００號,295885.867,2627232.497,花蓮縣鳳林鎮鳳仁里中和路２００號
10015,1001502,鳳仁里,4,中和路,,,,２００號之１,295880.132,2627234.18,花蓮縣鳳林鎮鳳仁里中和路２００號之１
10015,1001502,鳳仁里,4,中和路,,,,２０２號,295875.364,2627236.058,花蓮縣鳳林鎮鳳仁里中和路２０２號
10015,1001502,鳳仁里,4,中和路,,,,２０４號,295871.839,2627237.238,花蓮縣鳳林鎮鳳仁里中和路２０４號
10015,1001502,鳳仁里,4,中和路,,,,２０６號,295868.141,2627238.684,花蓮縣鳳林鎮鳳仁里中和路２０６號
10015,1001502,鳳仁里,4,中和路,,,,２０８號,295864.442,2627240.13,花蓮縣鳳林鎮鳳仁里中和路２０８號
10015,1001502,鳳仁里,4,中和路,,,,２１２號,295856.658,2627243.27,花蓮縣鳳林鎮鳳仁里中和路２１２號
10015,1001502,鳳仁里,4,中正路二段,,,,１８０號,295852.043,2627258.217,花蓮縣鳳林鎮鳳仁里中正路二段１８０號
10015,1001502,鳳仁里,4,中正路二段,,,,１８２號,295854.074,2627262.084,花蓮縣鳳林鎮鳳仁里中正路二段１８２號
10015,1001502,鳳仁里,4,中正路二段,,,,１８４號,295855.317,2627265.269,花蓮縣鳳林鎮鳳仁里中正路二段１８４號
10015,1001502,鳳仁里,4,中正路二段,,,,１８６號,295856.559,2627268.454,花蓮縣鳳林鎮鳳仁里中正路二段１８６號
10015,1001502,鳳仁里,4,中正路二段,,,,１８８號,295857.802,2627271.639,花蓮縣鳳林鎮鳳仁里中正路二段１８８號
10015,1001502,鳳仁里,4,中正路二段,,,,１９０號,295859.045,2627274.823,花蓮縣鳳林鎮鳳仁里中正路二段１９０號
10015,1001502,鳳仁里,4,中正路二段,,,,１９２號,295860.288,2627278.008,花蓮縣鳳林鎮鳳仁里中正路二段１９２號
10015,1001502,鳳仁里,10,中正路二段,,,,１９５號,295842.332,2627285.004,花蓮縣鳳林鎮鳳仁里中正路二段１９５號
10015,1001502,鳳仁里,4,中正路二段,,,,１９６號,295862.009,2627283.406,花蓮縣鳳林鎮鳳仁里中正路二段１９６號
10015,1001502,鳳仁里,10,中正路二段,,,,１９７號,295844.11,2627289.131,花蓮縣鳳林鎮鳳仁里中正路二段１９７號
10015,1001502,鳳仁里,4,中正路二段,,,,１９８號,295865.644,2627290.8,花蓮縣鳳林鎮鳳仁里中正路二段１９８號
10015,1001502,鳳仁里,10,中正路二段,,,,１９９號,295845.889,2627293.259,花蓮縣鳳林鎮鳳仁里中正路二段１９９號
10015,1001502,鳳仁里,4,中正路二段,,,,２００號,295868.34,2627297.614,花蓮縣鳳林鎮鳳仁里中正路二段２００號
10015,1001502,鳳仁里,10,中正路二段,,,,２０１號,295847.029,2627297.82,花蓮縣鳳林鎮鳳仁里中正路二段２０１號
10015,1001502,鳳仁里,10,中正路二段,,,,２０３號,295848.773,2627302.176,花蓮縣鳳林鎮鳳仁里中正路二段２０３號
10015,1001502,鳳仁里,4,中正路二段,,２０４巷,,２號,295875.353,2627299.577,花蓮縣鳳林鎮鳳仁里中正路二段２０４巷２號
10015,1001502,鳳仁里,4,中正路二段,,２０４巷,,６號,295879.624,2627297.755,花蓮縣鳳林鎮鳳仁里中正路二段２０４巷６號
10015,1001502,鳳仁里,4,中正路二段,,２０４巷,,８號,295884.433,2627295.916,花蓮縣鳳林鎮鳳仁里中正路二段２０４巷８號
10015,1001502,鳳仁里,4,中正路二段,,２０４巷,,１０號,295889.416,2627293.943,花蓮縣鳳林鎮鳳仁里中正路二段２０４巷１０號
10015,1001502,鳳仁里,4,中正路二段,,２０４巷,,１２號,295892.523,2627292.816,花蓮縣鳳林鎮鳳仁里中正路二段２０４巷１２號
10015,1001502,鳳仁里,4,中正路二段,,２０４巷,,１４號,295897.82,2627290.835,花蓮縣鳳林鎮鳳仁里中正路二段２０４巷１４號
10015,1001502,鳳仁里,4,中正路二段,,２０４巷,,１６號,295903.503,2627288.815,花蓮縣鳳林鎮鳳仁里中正路二段２０４巷１６號
10015,1001502,鳳仁里,4,中正路二段,,２０４巷,,１８號,295909.984,2627286.641,花蓮縣鳳林鎮鳳仁里中正路二段２０４巷１８號
10015,1001502,鳳仁里,10,中正路二段,,,,２０５號,295850.517,2627306.532,花蓮縣鳳林鎮鳳仁里中正路二段２０５號
10015,1001502,鳳仁里,5,中正路二段,,,,２０６號,295872.589,2627310.03,花蓮縣鳳林鎮鳳仁里中正路二段２０６號
10015,1001502,鳳仁里,10,中正路二段,,,,２０７號,295852.261,2627310.889,花蓮縣鳳林鎮鳳仁里中正路二段２０７號
10015,1001502,鳳仁里,10,中正路二段,,,,２０９號,295854.005,2627315.245,花蓮縣鳳林鎮鳳仁里中正路二段２０９號
10015,1001502,鳳仁里,10,中正路二段,,,,２１１號,295856.481,2627319.883,花蓮縣鳳林鎮鳳仁里中正路二段２１１號
10015,1001502,鳳仁里,5,中正路二段,,,,２１２號,295880.479,2627329.219,花蓮縣鳳林鎮鳳仁里中正路二段２１２號
10015,1001502,鳳仁里,10,中正路二段,,,,２１３號,295858.171,2627324.611,花蓮縣鳳林鎮鳳仁里中正路二段２１３號
10015,1001502,鳳仁里,10,中正路二段,,,,２１３之３號,295863.241,2627338.795,花蓮縣鳳林鎮鳳仁里中正路二段２１３之３號
10015,1001502,鳳仁里,10,中正路二段,,,,２１３之２號,295861.551,2627334.067,花蓮縣鳳林鎮鳳仁里中正路二段２１３之２號
10015,1001502,鳳仁里,5,中正路二段,,,,２１６號,295888.261,2627351.039,花蓮縣鳳林鎮鳳仁里中正路二段２１６號
10015,1001502,鳳仁里,13,中正路二段,,,,２１７號,295869.159,2627352.294,花蓮縣鳳林鎮鳳仁里中正路二段２１７號
10015,1001502,鳳仁里,5,中正路二段,,,,２１８號,295890.342,2627354.921,花蓮縣鳳林鎮鳳仁里中正路二段２１８號
10015,1001502,鳳仁里,13,中正路二段,,,,２１９號,295871.572,2627359.101,花蓮縣鳳林鎮鳳仁里中正路二段２１９號
10015,1001502,鳳仁里,5,中正路二段,,,,２２０號,295891.571,2627358.203,花蓮縣鳳林鎮鳳仁里中正路二段２２０號
10015,1001502,鳳仁里,13,中正路二段,,,,２２１號,295873.986,2627365.909,花蓮縣鳳林鎮鳳仁里中正路二段２２１號
10015,1001502,鳳仁里,5,中正路二段,,,,２２２號,295893.65,2627363.721,花蓮縣鳳林鎮鳳仁里中正路二段２２２號
10015,1001502,鳳仁里,13,中正路二段,,,,２２３號,295877.031,2627371.144,花蓮縣鳳林鎮鳳仁里中正路二段２２３號
10015,1001502,鳳仁里,13,中正路二段,,,,２２５號,295880.603,2627379.484,花蓮縣鳳林鎮鳳仁里中正路二段２２５號
10015,1001502,鳳仁里,5,中正路二段,,,,２２６號,295895.867,2627369.461,花蓮縣鳳林鎮鳳仁里中正路二段２２６號
10015,1001502,鳳仁里,13,中正路二段,,,,２２７號,295882.868,2627385.156,花蓮縣鳳林鎮鳳仁里中正路二段２２７號
10015,1001502,鳳仁里,5,中正路二段,,,,２２８號,295898.953,2627377.404,花蓮縣鳳林鎮鳳仁里中正路二段２２８號
10015,1001502,鳳仁里,13,中正路二段,,,,２２９號,295884.816,2627391.371,花蓮縣鳳林鎮鳳仁里中正路二段２２９號
10015,1001502,鳳仁里,5,中正路二段,,,,２３０號,295900.742,2627382.201,花蓮縣鳳林鎮鳳仁里中正路二段２３０號
10015,1001502,鳳仁里,5,中正路二段,,,,２３２號,295901.505,2627384.699,花蓮縣鳳林鎮鳳仁里中正路二段２３２號
10015,1001502,鳳仁里,13,中正路二段,,,,２３３號,295893.112,2627414.136,花蓮縣鳳林鎮鳳仁里中正路二段２３３號
10015,1001502,鳳仁里,5,中正路二段,,,,２３４號,295903.29,2627389.15,花蓮縣鳳林鎮鳳仁里中正路二段２３４號
10015,1001502,鳳仁里,13,中正路二段,,,,２３５號,295895.829,2627419.208,花蓮縣鳳林鎮鳳仁里中正路二段２３５號
10015,1001502,鳳仁里,6,中正路二段,,,,２３６號,295904.726,2627392.592,花蓮縣鳳林鎮鳳仁里中正路二段２３６號
10015,1001502,鳳仁里,13,中正路二段,,,,２３７號,295897.477,2627424.545,花蓮縣鳳林鎮鳳仁里中正路二段２３７號
10015,1001502,鳳仁里,6,中正路二段,,,,２３８號,295906.161,2627396.034,花蓮縣鳳林鎮鳳仁里中正路二段２３８號
10015,1001502,鳳仁里,13,中正路二段,,,,２３９號,295898.865,2627428.283,花蓮縣鳳林鎮鳳仁里中正路二段２３９號
10015,1001502,鳳仁里,6,中正路二段,,,,２４０號,295907.597,2627399.477,花蓮縣鳳林鎮鳳仁里中正路二段２４０號
10015,1001502,鳳仁里,13,中正路二段,,,,２４１號,295900.252,2627432.02,花蓮縣鳳林鎮鳳仁里中正路二段２４１號
10015,1001502,鳳仁里,6,中正路二段,,,,２４２號,295909.609,2627404.144,花蓮縣鳳林鎮鳳仁里中正路二段２４２號
10015,1001502,鳳仁里,6,中正路二段,,,,２４２號之２,295911.749,2627409.202,花蓮縣鳳林鎮鳳仁里中正路二段２４２號之２
10015,1001502,鳳仁里,13,中正路二段,,,,２４３號,295901.64,2627435.757,花蓮縣鳳林鎮鳳仁里中正路二段２４３號
10015,1001502,鳳仁里,13,中正路二段,,,,２４５號,295902.53,2627440.448,花蓮縣鳳林鎮鳳仁里中正路二段２４５號
10015,1001502,鳳仁里,6,中正路二段,,,,２４６號,295913.206,2627413.788,花蓮縣鳳林鎮鳳仁里中正路二段２４６號
10015,1001502,鳳仁里,13,中正路二段,,,,２４７號,295904.259,2627444.842,花蓮縣鳳林鎮鳳仁里中正路二段２４７號
10015,1001502,鳳仁里,6,中正路二段,,,,２４８號,295926.434,2627401,花蓮縣鳳林鎮鳳仁里中正路二段２４８號
10015,1001502,鳳仁里,13,中正路二段,,,,２４９號,295905.988,2627449.237,花蓮縣鳳林鎮鳳仁里中正路二段２４９號
10015,1001502,鳳仁里,13,中正路二段,,,,２５１號,295907.717,2627453.631,花蓮縣鳳林鎮鳳仁里中正路二段２５１號
10015,1001502,鳳仁里,6,中正路二段,,,,２５２號,295939.994,2627410.426,花蓮縣鳳林鎮鳳仁里中正路二段２５２號
10015,1001502,鳳仁里,13,中正路二段,,,,２５３號,295909.446,2627458.025,花蓮縣鳳林鎮鳳仁里中正路二段２５３號
10015,1001502,鳳仁里,6,中正路二段,,,,２５４號,295915.83,2627422.1,花蓮縣鳳林鎮鳳仁里中正路二段２５４號
10015,1001502,鳳仁里,13,中正路二段,,,,２５５號,295911.175,2627462.419,花蓮縣鳳林鎮鳳仁里中正路二段２５５號
10015,1001502,鳳仁里,6,中正路二段,,,,２５６號,295917.32,2627426.18,花蓮縣鳳林鎮鳳仁里中正路二段２５６號
10015,1001502,鳳仁里,13,中正路二段,,,,２５７號,295912.904,2627466.814,花蓮縣鳳林鎮鳳仁里中正路二段２５７號
10015,1001502,鳳仁里,6,中正路二段,,,,２５８號,295919.12,2627429.115,花蓮縣鳳林鎮鳳仁里中正路二段２５８號
10015,1001502,鳳仁里,6,中正路二段,,,,２５８號之１,295920.348,2627432.353,花蓮縣鳳林鎮鳳仁里中正路二段２５８號之１
10015,1001502,鳳仁里,13,中正路二段,,,,２５９號,295914.633,2627471.208,花蓮縣鳳林鎮鳳仁里中正路二段２５９號
10015,1001502,鳳仁里,7,中正路二段,,,,２６０號,295921.45,2627438.06,花蓮縣鳳林鎮鳳仁里中正路二段２６０號
10015,1001502,鳳仁里,13,中正路二段,,,,２６１號,295917.551,2627478.487,花蓮縣鳳林鎮鳳仁里中正路二段２６１號
10015,1001502,鳳仁里,7,中正路二段,,,,２６２號,295924.761,2627442.688,花蓮縣鳳林鎮鳳仁里中正路二段２６２號
10015,1001502,鳳仁里,13,中正路二段,,,,２６３號,295920.566,2627487.276,花蓮縣鳳林鎮鳳仁里中正路二段２６３號
10015,1001502,鳳仁里,7,中正路二段,,,,２６４號,295931.82,2627454.4,花蓮縣鳳林鎮鳳仁里中正路二段２６４號
10015,1001502,鳳仁里,13,中正路二段,,,,２６５號,295925.581,2627513.794,花蓮縣鳳林鎮鳳仁里中正路二段２６５號
10015,1001502,鳳仁里,7,中正路二段,,,,２６６號,295934.96,2627470.759,花蓮縣鳳林鎮鳳仁里中正路二段２６６號
10015,1001502,鳳仁里,13,中正路二段,,,,２６７號,295928.433,2627520.668,花蓮縣鳳林鎮鳳仁里中正路二段２６７號
10015,1001502,鳳仁里,7,中正路二段,,,,２６８號,295936.331,2627473.973,花蓮縣鳳林鎮鳳仁里中正路二段２６８號
10015,1001502,鳳仁里,13,中正路二段,,,,２６９號,295930.346,2627526.081,花蓮縣鳳林鎮鳳仁里中正路二段２６９號
10015,1001502,鳳仁里,9,中正路二段,,,,２７０號,295937.702,2627477.186,花蓮縣鳳林鎮鳳仁里中正路二段２７０號
10015,1001502,鳳仁里,13,中正路二段,,,,２７１號,295933.112,2627532.376,花蓮縣鳳林鎮鳳仁里中正路二段２７１號
10015,1001502,鳳仁里,7,中正路二段,,,,２７２號,295939.073,2627480.4,花蓮縣鳳林鎮鳳仁里中正路二段２７２號
10015,1001502,鳳仁里,7,中正路二段,,,,２７４號,295948.939,2627506.755,花蓮縣鳳林鎮鳳仁里中正路二段２７４號
10015,1001502,鳳仁里,13,中正路二段,,,,２７５號,295940.283,2627537.026,花蓮縣鳳林鎮鳳仁里中正路二段２７５號
10015,1001502,鳳仁里,13,中正路二段,,,,２７７號,295942.083,2627541.411,花蓮縣鳳林鎮鳳仁里中正路二段２７７號
10015,1001502,鳳仁里,13,中正路二段,,,,２７９號,295943.841,2627545.933,花蓮縣鳳林鎮鳳仁里中正路二段２７９號
10015,1001502,鳳仁里,14,中正路二段,,,,２８１號,295920.688,2627565.481,花蓮縣鳳林鎮鳳仁里中正路二段２８１號
10015,1001502,鳳仁里,8,中正路二段,,,,２８６號,295963.782,2627542.802,花蓮縣鳳林鎮鳳仁里中正路二段２８６號
10015,1001502,鳳仁里,8,中正路二段,,,,２８８號,295965.713,2627547.695,花蓮縣鳳林鎮鳳仁里中正路二段２８８號
10015,1001502,鳳仁里,14,中正路二段,,,,２８９號,295945.542,2627577.863,花蓮縣鳳林鎮鳳仁里中正路二段２８９號
10015,1001502,鳳仁里,8,中正路二段,,,,２９０號,295967.462,2627552.557,花蓮縣鳳林鎮鳳仁里中正路二段２９０號
10015,1001502,鳳仁里,14,中正路二段,,,,２９１號,295950.794,2627612.858,花蓮縣鳳林鎮鳳仁里中正路二段２９１號
10015,1001502,鳳仁里,8,中正路二段,,,,２９２號,295968.856,2627557.071,花蓮縣鳳林鎮鳳仁里中正路二段２９２號
10015,1001502,鳳仁里,14,中正路二段,,,,２９３號,295975.377,2627635.727,花蓮縣鳳林鎮鳳仁里中正路二段２９３號
10015,1001502,鳳仁里,8,中正路二段,,,,２９４號,295970.594,2627561.462,花蓮縣鳳林鎮鳳仁里中正路二段２９４號
10015,1001502,鳳仁里,14,中正路二段,,,,２９５號,295977.647,2627640.974,花蓮縣鳳林鎮鳳仁里中正路二段２９５號
10015,1001502,鳳仁里,8,中正路二段,,,,２９６號,295972.495,2627566.236,花蓮縣鳳林鎮鳳仁里中正路二段２９６號
10015,1001502,鳳仁里,14,中正路二段,,,,２９７號,295980.344,2627647.464,花蓮縣鳳林鎮鳳仁里中正路二段２９７號
10015,1001502,鳳仁里,8,中正路二段,,２９８巷,,２號,295993.444,2627556.272,花蓮縣鳳林鎮鳳仁里中正路二段２９８巷２號
10015,1001502,鳳仁里,8,中正路二段,,２９８巷,,６號,296003.324,2627553.099,花蓮縣鳳林鎮鳳仁里中正路二段２９８巷６號
10015,1001502,鳳仁里,14,中正路二段,,,,２９９號,295990.069,2627662.94,花蓮縣鳳林鎮鳳仁里中正路二段２９９號
10015,1001502,鳳仁里,14,中正路二段,,,,３０１號,295991.921,2627667.9,花蓮縣鳳林鎮鳳仁里中正路二段３０１號
10015,1001502,鳳仁里,14,中正路二段,,,,３０３號,295993.773,2627672.86,花蓮縣鳳林鎮鳳仁里中正路二段３０３號
10015,1001502,鳳仁里,8,中正路二段,,,,３０４號,295980.571,2627594.423,花蓮縣鳳林鎮鳳仁里中正路二段３０４號
10015,1001502,鳳仁里,14,中正路二段,,,,３０５號,295995.625,2627677.82,花蓮縣鳳林鎮鳳仁里中正路二段３０５號
10015,1001502,鳳仁里,8,中正路二段,,,,３０６號,295981.869,2627597.89,花蓮縣鳳林鎮鳳仁里中正路二段３０６號
10015,1001502,鳳仁里,14,中正路二段,,,,３０７號,295997.477,2627682.78,花蓮縣鳳林鎮鳳仁里中正路二段３０７號
10015,1001502,鳳仁里,8,中正路二段,,,,３０８號,295983.208,2627601.695,花蓮縣鳳林鎮鳳仁里中正路二段３０８號
10015,1001502,鳳仁里,15,中正路二段,,,,３０９號,295999.329,2627687.74,花蓮縣鳳林鎮鳳仁里中正路二段３０９號
10015,1001502,鳳仁里,8,中正路二段,,,,３１０號,295985.105,2627606.801,花蓮縣鳳林鎮鳳仁里中正路二段３１０號
10015,1001502,鳳仁里,15,中正路二段,,,,３１１號,296001.181,2627692.7,花蓮縣鳳林鎮鳳仁里中正路二段３１１號
10015,1001502,鳳仁里,8,中正路二段,,,,３１２號,295986.595,2627610.612,花蓮縣鳳林鎮鳳仁里中正路二段３１２號
10015,1001502,鳳仁里,15,中正路二段,,,,３１３號,295984.894,2627710.332,花蓮縣鳳林鎮鳳仁里中正路二段３１３號
10015,1001502,鳳仁里,8,中正路二段,,,,３１４號,295988.213,2627615.067,花蓮縣鳳林鎮鳳仁里中正路二段３１４號
10015,1001502,鳳仁里,15,中正路二段,,,,３１５號,295977.182,2627736.885,花蓮縣鳳林鎮鳳仁里中正路二段３１５號
10015,1001502,鳳仁里,8,中正路二段,,,,３１６號,295989.831,2627619.523,花蓮縣鳳林鎮鳳仁里中正路二段３１６號
10015,1001502,鳳仁里,8,中正路二段,,,,３１８號,295991.565,2627625.794,花蓮縣鳳林鎮鳳仁里中正路二段３１８號
10015,1001502,鳳仁里,15,中正路二段,,,,３１９號,296013.35,2627726.721,花蓮縣鳳林鎮鳳仁里中正路二段３１９號
10015,1001502,鳳仁里,8,中正路二段,,,,３２０號,295992.937,2627630.044,花蓮縣鳳林鎮鳳仁里中正路二段３２０號
10015,1001502,鳳仁里,15,中正路二段,,,,３２１號,296014.536,2627730.472,花蓮縣鳳林鎮鳳仁里中正路二段３２１號
10015,1001502,鳳仁里,8,中正路二段,,,,３２２號,295994.555,2627634.622,花蓮縣鳳林鎮鳳仁里中正路二段３２２號
10015,1001502,鳳仁里,15,中正路二段,,３２３巷,,３號,295972.778,2627746.738,花蓮縣鳳林鎮鳳仁里中正路二段３２３巷３號
10015,1001502,鳳仁里,15,中正路二段,,３２３巷,,５號,295966.334,2627749.3,花蓮縣鳳林鎮鳳仁里中正路二段３２３巷５號
10015,1001502,鳳仁里,15,中正路二段,,３２３巷,,７號,295959.746,2627752.244,花蓮縣鳳林鎮鳳仁里中正路二段３２３巷７號
10015,1001502,鳳仁里,15,中正路二段,,３２３巷,,８號,295973.037,2627766.014,花蓮縣鳳林鎮鳳仁里中正路二段３２３巷８號
10015,1001502,鳳仁里,15,中正路二段,,３２３巷,,９號,295953.301,2627754.806,花蓮縣鳳林鎮鳳仁里中正路二段３２３巷９號
10015,1001502,鳳仁里,15,中正路二段,,３２３巷,,１５號,295933.967,2627762.493,花蓮縣鳳林鎮鳳仁里中正路二段３２３巷１５號
10015,1001502,鳳仁里,8,中正路二段,,,,３２４號,295996.42,2627640.105,花蓮縣鳳林鎮鳳仁里中正路二段３２４號
10015,1001502,鳳仁里,15,中正路二段,,,,３２５號,296018.34,2627740.177,花蓮縣鳳林鎮鳳仁里中正路二段３２５號
10015,1001502,鳳仁里,9,中正路二段,,,,３２６號,296007.747,2627656.57,花蓮縣鳳林鎮鳳仁里中正路二段３２６號
10015,1001502,鳳仁里,15,中正路二段,,,,３２７號,296021.074,2627748.381,花蓮縣鳳林鎮鳳仁里中正路二段３２７號
10015,1001502,鳳仁里,9,中正路二段,,,,３２８號,296009.237,2627661.443,花蓮縣鳳林鎮鳳仁里中正路二段３２８號
10015,1001502,鳳仁里,15,中正路二段,,,,３２９號,296010.728,2627768.657,花蓮縣鳳林鎮鳳仁里中正路二段３２９號
10015,1001502,鳳仁里,9,中正路二段,,,,３３０號,296011.019,2627666.233,花蓮縣鳳林鎮鳳仁里中正路二段３３０號
10015,1001502,鳳仁里,15,中正路二段,,,,３３１號,296015.513,2627774.413,花蓮縣鳳林鎮鳳仁里中正路二段３３１號
10015,1001502,鳳仁里,15,中正路二段,,,,３３５號,296033.172,2627794.483,花蓮縣鳳林鎮鳳仁里中正路二段３３５號
10015,1001502,鳳仁里,9,中正路二段,,,,３３６號,296023.346,2627681.831,花蓮縣鳳林鎮鳳仁里中正路二段３３６號
10015,1001502,鳳仁里,15,中正路二段,,,,３３７號,296024.78,2627820.405,花蓮縣鳳林鎮鳳仁里中正路二段３３７號
10015,1001502,鳳仁里,9,中正路二段,,,,３３８號,296026.351,2627691.104,花蓮縣鳳林鎮鳳仁里中正路二段３３８號
10015,1001502,鳳仁里,9,中正路二段,,,,３４０號,296028.771,2627698.476,花蓮縣鳳林鎮鳳仁里中正路二段３４０號
10015,1001502,鳳仁里,15,中正路二段,,,,３４５號,296046.897,2627841.123,花蓮縣鳳林鎮鳳仁里中正路二段３４５號
10015,1001502,鳳仁里,9,中正路二段,,,,３４６號,296029.447,2627714.259,花蓮縣鳳林鎮鳳仁里中正路二段３４６號
10015,1001502,鳳仁里,15,中正路二段,,,,３４７號,296053.611,2627868.944,花蓮縣鳳林鎮鳳仁里中正路二段３４７號
10015,1001502,鳳仁里,9,中正路二段,,,,３４８號,296038.015,2627729.154,花蓮縣鳳林鎮鳳仁里中正路二段３４８號
10015,1001502,鳳仁里,15,中正路二段,,,,３４９號,296056.649,2627882.596,花蓮縣鳳林鎮鳳仁里中正路二段３４９號
10015,1001502,鳳仁里,15,中正路二段,,,,３５１號,296059.305,2627890.116,花蓮縣鳳林鎮鳳仁里中正路二段３５１號
10015,1001502,鳳仁里,15,中正路二段,,,,３５５號,296077.028,2627946.263,花蓮縣鳳林鎮鳳仁里中正路二段３５５號
10015,1001502,鳳仁里,15,中正路二段,,,,３５７號,296097.185,2627971.089,花蓮縣鳳林鎮鳳仁里中正路二段３５７號
10015,1001502,鳳仁里,15,中正路二段,,,,３５９號,296098.834,2627975.4,花蓮縣鳳林鎮鳳仁里中正路二段３５９號
10015,1001502,鳳仁里,15,中正路二段,,,,３６１號,296100.483,2627979.711,花蓮縣鳳林鎮鳳仁里中正路二段３６１號
10015,1001502,鳳仁里,9,中正路二段,,,,３６２號之１,296058.328,2627776.113,花蓮縣鳳林鎮鳳仁里中正路二段３６２號之１
10015,1001502,鳳仁里,15,中正路二段,,,,３６３號,296102.131,2627984.021,花蓮縣鳳林鎮鳳仁里中正路二段３６３號
10015,1001502,鳳仁里,15,中正路二段,,,,３６５號,296103.78,2627988.332,花蓮縣鳳林鎮鳳仁里中正路二段３６５號
10015,1001502,鳳仁里,15,中正路二段,,,,３６７號,296105.429,2627992.643,花蓮縣鳳林鎮鳳仁里中正路二段３６７號
10015,1001502,鳳仁里,15,中正路二段,,,,３６９號,296107.077,2627996.954,花蓮縣鳳林鎮鳳仁里中正路二段３６９號
10015,1001502,鳳仁里,15,中正路二段,,,,３７１號,296108.726,2628001.265,花蓮縣鳳林鎮鳳仁里中正路二段３７１號
10015,1001502,鳳仁里,15,中正路二段,,,,３７３號,296110.375,2628005.575,花蓮縣鳳林鎮鳳仁里中正路二段３７３號
10015,1001502,鳳仁里,15,中正路二段,,,,３７５號,296112.023,2628009.886,花蓮縣鳳林鎮鳳仁里中正路二段３７５號
10015,1001502,鳳仁里,15,中正路二段,,,,３７７號,296113.672,2628014.197,花蓮縣鳳林鎮鳳仁里中正路二段３７７號
10015,1001502,鳳仁里,9,中正路二段,,３７８巷,,３６號,296255.039,2627884.111,花蓮縣鳳林鎮鳳仁里中正路二段３７８巷３６號
10015,1001502,鳳仁里,9,中正路二段,,３７８巷,,５３號,296364.702,2627891.744,花蓮縣鳳林鎮鳳仁里中正路二段３７８巷５３號
10015,1001502,鳳仁里,9,中正路二段,,,,３８０號,296139.386,2627955.518,花蓮縣鳳林鎮鳳仁里中正路二段３８０號
10015,1001502,鳳仁里,9,中正路二段,,,,３８２號,296141.271,2627959.856,花蓮縣鳳林鎮鳳仁里中正路二段３８２號
10015,1001502,鳳仁里,9,中正路二段,,,,３８４號,296142.8,2627964.248,花蓮縣鳳林鎮鳳仁里中正路二段３８４號
10015,1001502,鳳仁里,9,中正路二段,,,,３８６號,296144.537,2627968.433,花蓮縣鳳林鎮鳳仁里中正路二段３８６號
10015,1001502,鳳仁里,9,中正路二段,,,,３８８號,296146.089,2627972.486,花蓮縣鳳林鎮鳳仁里中正路二段３８８號
10015,1001502,鳳仁里,9,中正路二段,,,,３９０號,296147.717,2627976.64,花蓮縣鳳林鎮鳳仁里中正路二段３９０號
10015,1001502,鳳仁里,9,中正路二段,,,,３９２號,296149.04,2627980.759,花蓮縣鳳林鎮鳳仁里中正路二段３９２號
10015,1001502,鳳仁里,9,中正路二段,,,,３９４號,296150.898,2627985.075,花蓮縣鳳林鎮鳳仁里中正路二段３９４號
10015,1001502,鳳仁里,9,中正路二段,,,,３９６號,296152.524,2627989.69,花蓮縣鳳林鎮鳳仁里中正路二段３９６號
10015,1001502,鳳仁里,9,中正路二段,,,,３９８號,296154.285,2627993.955,花蓮縣鳳林鎮鳳仁里中正路二段３９８號
10015,1001502,鳳仁里,9,中正路二段,,,,４００號,296150.329,2628010.354,花蓮縣鳳林鎮鳳仁里中正路二段４００號
10015,1001502,鳳仁里,9,中正路二段,,,,４０２號,296152.603,2628014.906,花蓮縣鳳林鎮鳳仁里中正路二段４０２號
10015,1001502,鳳仁里,9,中正路二段,,,,４０６號,296162.318,2628016.682,花蓮縣鳳林鎮鳳仁里中正路二段４０６號
10015,1001502,鳳仁里,9,中正路二段,,,,４０８號,296163.606,2628020.456,花蓮縣鳳林鎮鳳仁里中正路二段４０８號
10015,1001502,鳳仁里,9,中正路二段,,,,４１０號,296165.567,2628024.988,花蓮縣鳳林鎮鳳仁里中正路二段４１０號
10015,1001502,鳳仁里,9,中正路二段,,,,４１２號,296167.355,2628029.513,花蓮縣鳳林鎮鳳仁里中正路二段４１２號
10015,1001502,鳳仁里,9,中正路二段,,,,４１６號,296168.826,2628033.31,花蓮縣鳳林鎮鳳仁里中正路二段４１６號
10015,1001502,鳳仁里,9,中正路二段,,,,４１８號,296170.263,2628037.261,花蓮縣鳳林鎮鳳仁里中正路二段４１８號
10015,1001502,鳳仁里,9,中正路二段,,,,４２０號,296172.232,2628042.019,花蓮縣鳳林鎮鳳仁里中正路二段４２０號
10015,1001502,鳳仁里,9,中正路二段,,,,４２２號,296173.594,2628045.875,花蓮縣鳳林鎮鳳仁里中正路二段４２２號
10015,1001502,鳳仁里,9,中正路二段,,,,４２４號,296176.064,2628051.279,花蓮縣鳳林鎮鳳仁里中正路二段４２４號
10015,1001502,鳳仁里,9,中正路二段,,,,４２６號,296177.587,2628055.89,花蓮縣鳳林鎮鳳仁里中正路二段４２６號
10015,1001502,鳳仁里,9,中正路二段,,,,４２８號,296178.964,2628060.394,花蓮縣鳳林鎮鳳仁里中正路二段４２８號
10015,1001502,鳳仁里,9,中正路二段,,,,４３０號,296180.826,2628065.492,花蓮縣鳳林鎮鳳仁里中正路二段４３０號
10015,1001502,鳳仁里,9,中正路二段,,,,４３２號,296182.688,2628070.17,花蓮縣鳳林鎮鳳仁里中正路二段４３２號
10015,1001502,鳳仁里,9,中正路二段,,,,４３４號,296184.178,2628075.266,花蓮縣鳳林鎮鳳仁里中正路二段４３４號
10015,1001502,鳳仁里,9,中正路二段,,,,４３６號,296186.026,2628080.1,花蓮縣鳳林鎮鳳仁里中正路二段４３６號
10015,1001502,鳳仁里,9,中正路二段,,,,４３８號,296187.957,2628085.535,花蓮縣鳳林鎮鳳仁里中正路二段４３８號
10015,1001502,鳳仁里,9,中正路二段,,,,４４０號,296189.647,2628089.683,花蓮縣鳳林鎮鳳仁里中正路二段４４０號
10015,1001502,鳳仁里,9,中正路二段,,,,４４２號,296191.099,2628094.045,花蓮縣鳳林鎮鳳仁里中正路二段４４２號
10015,1001502,鳳仁里,9,中正路二段,,,,４４６號,296190.937,2628104.859,花蓮縣鳳林鎮鳳仁里中正路二段４４６號
10015,1001502,鳳仁里,9,中正路二段,,,,４４８號,296193.025,2628109.611,花蓮縣鳳林鎮鳳仁里中正路二段４４８號
10015,1001502,鳳仁里,9,中正路二段,,,,４５０號,296194.661,2628113.678,花蓮縣鳳林鎮鳳仁里中正路二段４５０號
10015,1001502,鳳仁里,9,中正路二段,,,,４５２號,296196.136,2628117.518,花蓮縣鳳林鎮鳳仁里中正路二段４５２號
10015,1001502,鳳仁里,9,中正路二段,,,,４５４號,296197.611,2628121.358,花蓮縣鳳林鎮鳳仁里中正路二段４５４號
10015,1001502,鳳仁里,15,中正路二段,,,,４５５號,296201.814,2628337.696,花蓮縣鳳林鎮鳳仁里中正路二段４５５號
10015,1001502,鳳仁里,15,中正路二段,,,,４５７號,296225.397,2628362.266,花蓮縣鳳林鎮鳳仁里中正路二段４５７號
10015,1001502,鳳仁里,9,中正路二段,,,,４５８號,296200.561,2628129.038,花蓮縣鳳林鎮鳳仁里中正路二段４５８號
10015,1001502,鳳仁里,15,中正路二段,,,,４５９號,296216.192,2628393.761,花蓮縣鳳林鎮鳳仁里中正路二段４５９號
10015,1001502,鳳仁里,9,中正路二段,,,,４６０號,296202.037,2628132.878,花蓮縣鳳林鎮鳳仁里中正路二段４６０號
10015,1001502,鳳仁里,9,中正路二段,,,,４６２號,296203.281,2628136.103,花蓮縣鳳林鎮鳳仁里中正路二段４６２號
10015,1001502,鳳仁里,9,中正路二段,,,,４６４號,296204.987,2628140.558,花蓮縣鳳林鎮鳳仁里中正路二段４６４號
10015,1001502,鳳仁里,9,中正路二段,,,,４６６號,296206.462,2628144.398,花蓮縣鳳林鎮鳳仁里中正路二段４６６號
10015,1001502,鳳仁里,9,中正路二段,,,,４６８號,296207.938,2628148.238,花蓮縣鳳林鎮鳳仁里中正路二段４６８號
10015,1001502,鳳仁里,9,中正路二段,,,,４７０號,296209.413,2628152.078,花蓮縣鳳林鎮鳳仁里中正路二段４７０號
10015,1001502,鳳仁里,9,中正路二段,,４７２巷,,１９號,296272.106,2628174.263,花蓮縣鳳林鎮鳳仁里中正路二段４７２巷１９號
10015,1001502,鳳仁里,9,中正路二段,,４７２巷,,２１號,296282.892,2628169.546,花蓮縣鳳林鎮鳳仁里中正路二段４７２巷２１號
10015,1001502,鳳仁里,9,中正路二段,,４７２巷,,２９號,296334.605,2628144.297,花蓮縣鳳林鎮鳳仁里中正路二段４７２巷２９號
10015,1001502,鳳仁里,9,中正路二段,,４７２巷,,３５號,296411.61,2628108.68,花蓮縣鳳林鎮鳳仁里中正路二段４７２巷３５號
10015,1001502,鳳仁里,9,中正路二段,,５６８巷,,５號,296359.631,2628490.662,花蓮縣鳳林鎮鳳仁里中正路二段５６８巷５號
10015,1001502,鳳仁里,9,中正路二段,,５６８巷,,７號,296361.219,2628495.028,花蓮縣鳳林鎮鳳仁里中正路二段５６８巷７號
10015,1001502,鳳仁里,10,中美路,,,,１７４之１號,295811.717,2627357.206,花蓮縣鳳林鎮鳳仁里中美路１７４之１號
10015,1001502,鳳仁里,11,中美路,,,,１７５號,295767.629,2627314.543,花蓮縣鳳林鎮鳳仁里中美路１７５號
10015,1001502,鳳仁里,11,中美路,,,,１７７號,295769.653,2627320.164,花蓮縣鳳林鎮鳳仁里中美路１７７號
10015,1001502,鳳仁里,11,中美路,,,,１７９號,295771.645,2627325.816,花蓮縣鳳林鎮鳳仁里中美路１７９號
10015,1001502,鳳仁里,11,中美路,,,,１８１號,295766.73,2627331.887,花蓮縣鳳林鎮鳳仁里中美路１８１號
10015,1001502,鳳仁里,11,中美路,,,,１８３號,295773.418,2627334.886,花蓮縣鳳林鎮鳳仁里中美路１８３號
10015,1001502,鳳仁里,11,中美路,,,,１８５號,295775.465,2627339.682,花蓮縣鳳林鎮鳳仁里中美路１８５號
10015,1001502,鳳仁里,11,中美路,,,,１８７號,295776.995,2627343.94,花蓮縣鳳林鎮鳳仁里中美路１８７號
10015,1001502,鳳仁里,11,中美路,,,,１８９號,295779.153,2627349.164,花蓮縣鳳林鎮鳳仁里中美路１８９號
10015,1001502,鳳仁里,11,中美路,,,,１９３號,295782.302,2627357.746,花蓮縣鳳林鎮鳳仁里中美路１９３號
10015,1001502,鳳仁里,11,中美路,,,,１９５號,295783.815,2627361.945,花蓮縣鳳林鎮鳳仁里中美路１９５號
10015,1001502,鳳仁里,11,中美路,,,,１９７號,295785.59,2627366.238,花蓮縣鳳林鎮鳳仁里中美路１９７號
10015,1001502,鳳仁里,1,中華路,,,,４９號,296007.91,2627198.049,花蓮縣鳳林鎮鳳仁里中華路４９號
10015,1001502,鳳仁里,1,中華路,,,,５１號,296011.671,2627206.187,花蓮縣鳳林鎮鳳仁里中華路５１號
10015,1001502,鳳仁里,1,中華路,,,,５３號,296013.245,2627210.379,花蓮縣鳳林鎮鳳仁里中華路５３號
10015,1001502,鳳仁里,1,中華路,,,,５５號,296014.818,2627214.571,花蓮縣鳳林鎮鳳仁里中華路５５號
10015,1001502,鳳仁里,1,中華路,,,,５７號,296016.391,2627218.763,花蓮縣鳳林鎮鳳仁里中華路５７號
10015,1001502,鳳仁里,1,中華路,,,,５９號,296017.965,2627222.955,花蓮縣鳳林鎮鳳仁里中華路５９號
10015,1001502,鳳仁里,1,中華路,,,,６１號,296019.538,2627227.147,花蓮縣鳳林鎮鳳仁里中華路６１號
10015,1001502,鳳仁里,1,中華路,,,,６３號,296021.111,2627231.339,花蓮縣鳳林鎮鳳仁里中華路６３號
10015,1001502,鳳仁里,1,中華路,,,,６５號,296022.684,2627235.531,花蓮縣鳳林鎮鳳仁里中華路６５號
10015,1001502,鳳仁里,1,中華路,,,,６７號,296024.258,2627239.722,花蓮縣鳳林鎮鳳仁里中華路６７號
10015,1001502,鳳仁里,1,中華路,,,,６９號,296025.831,2627243.914,花蓮縣鳳林鎮鳳仁里中華路６９號
10015,1001502,鳳仁里,1,中華路,,７１巷,,１號,295994.407,2627270.798,花蓮縣鳳林鎮鳳仁里中華路７１巷１號
10015,1001502,鳳仁里,1,中華路,,７１巷,,２號,296008.019,2627270.171,花蓮縣鳳林鎮鳳仁里中華路７１巷２號
10015,1001502,鳳仁里,1,中華路,,７１巷,,３號,295988.124,2627255.003,花蓮縣鳳林鎮鳳仁里中華路７１巷３號
10015,1001502,鳳仁里,1,中華路,,７１巷,,５號,295986.098,2627249.738,花蓮縣鳳林鎮鳳仁里中華路７１巷５號
10015,1001502,鳳仁里,1,中華路,,７１巷,,６號,296006.298,2627266.257,花蓮縣鳳林鎮鳳仁里中華路７１巷６號
10015,1001502,鳳仁里,1,中華路,,７１巷,,７號,295983.362,2627241.941,花蓮縣鳳林鎮鳳仁里中華路７１巷７號
10015,1001502,鳳仁里,1,中華路,,７１巷,,８號,296000.055,2627250.878,花蓮縣鳳林鎮鳳仁里中華路７１巷８號
10015,1001502,鳳仁里,1,中華路,,７１巷,,９號,295981.436,2627236.069,花蓮縣鳳林鎮鳳仁里中華路７１巷９號
10015,1001502,鳳仁里,1,中華路,,７１巷,,１０號,295998.406,2627245.747,花蓮縣鳳林鎮鳳仁里中華路７１巷１０號
10015,1001502,鳳仁里,1,中華路,,７１巷,,１１號,295977.897,2627227.201,花蓮縣鳳林鎮鳳仁里中華路７１巷１１號
10015,1001502,鳳仁里,1,中華路,,７１巷,,１２號,295994.582,2627236.987,花蓮縣鳳林鎮鳳仁里中華路７１巷１２號
10015,1001502,鳳仁里,1,中華路,,７１巷,,１３號,295975.993,2627220.925,花蓮縣鳳林鎮鳳仁里中華路７１巷１３號
10015,1001502,鳳仁里,1,中華路,,７１巷,,１６號,295992.802,2627231.723,花蓮縣鳳林鎮鳳仁里中華路７１巷１６號
10015,1001502,鳳仁里,1,中華路,,７１巷,,１８號,295988.744,2627223.116,花蓮縣鳳林鎮鳳仁里中華路７１巷１８號
10015,1001502,鳳仁里,1,中華路,,７１巷,,２０號,295986.395,2627217.069,花蓮縣鳳林鎮鳳仁里中華路７１巷２０號
10015,1001502,鳳仁里,1,中華路,,,,７３號,296027.854,2627254.338,花蓮縣鳳林鎮鳳仁里中華路７３號
10015,1001502,鳳仁里,1,中華路,,,,７５號,296029.542,2627258.767,花蓮縣鳳林鎮鳳仁里中華路７５號
10015,1001502,鳳仁里,1,中華路,,,,７７號,296031.231,2627263.196,花蓮縣鳳林鎮鳳仁里中華路７７號
10015,1001502,鳳仁里,1,中華路,,,,７９號,296032.919,2627267.625,花蓮縣鳳林鎮鳳仁里中華路７９號
10015,1001502,鳳仁里,1,中華路,,,,８１號,296034.607,2627272.054,花蓮縣鳳林鎮鳳仁里中華路８１號
10015,1001502,鳳仁里,1,中華路,,,,８３號,296036.296,2627276.483,花蓮縣鳳林鎮鳳仁里中華路８３號
10015,1001502,鳳仁里,1,中華路,,,,８５號,296037.984,2627280.912,花蓮縣鳳林鎮鳳仁里中華路８５號
10015,1001502,鳳仁里,1,中華路,,,,８７號,296039.672,2627285.341,花蓮縣鳳林鎮鳳仁里中華路８７號
10015,1001502,鳳仁里,1,中華路,,,,８９號,296041.36,2627289.771,花蓮縣鳳林鎮鳳仁里中華路８９號
10015,1001502,鳳仁里,1,中華路,,,,９１號,296043.048,2627294.2,花蓮縣鳳林鎮鳳仁里中華路９１號
10015,1001502,鳳仁里,1,中華路,,,,９３號,296044.737,2627298.629,花蓮縣鳳林鎮鳳仁里中華路９３號
10015,1001502,鳳仁里,1,中華路,,,,９５號,296050.221,2627308.025,花蓮縣鳳林鎮鳳仁里中華路９５號
10015,1001502,鳳仁里,3,中華路,,,,１０１號,296072.037,2627360.345,花蓮縣鳳林鎮鳳仁里中華路１０１號
10015,1001502,鳳仁里,3,中華路,,,,１０３號,296074.885,2627366.13,花蓮縣鳳林鎮鳳仁里中華路１０３號
10015,1001502,鳳仁里,3,中華路,,,,１０５號,296069.263,2627373.597,花蓮縣鳳林鎮鳳仁里中華路１０５號
10015,1001502,鳳仁里,3,中華路,,,,１０７號,296071.183,2627378.935,花蓮縣鳳林鎮鳳仁里中華路１０７號
10015,1001502,鳳仁里,3,中華路,,,,１０９號,296078.368,2627381.043,花蓮縣鳳林鎮鳳仁里中華路１０９號
10015,1001502,鳳仁里,3,中華路,,,,１１１號,296080.448,2627385.64,花蓮縣鳳林鎮鳳仁里中華路１１１號
10015,1001502,鳳仁里,3,中華路,,,,１１３號,296082.085,2627390.531,花蓮縣鳳林鎮鳳仁里中華路１１３號
10015,1001502,鳳仁里,3,中華路,,,,１１５號,296083.722,2627395.421,花蓮縣鳳林鎮鳳仁里中華路１１５號
10015,1001502,鳳仁里,3,中華路,,,,１１７號,296085.359,2627400.312,花蓮縣鳳林鎮鳳仁里中華路１１７號
10015,1001502,鳳仁里,3,中華路,,,,１１９號,296086.997,2627405.202,花蓮縣鳳林鎮鳳仁里中華路１１９號
10015,1001502,鳳仁里,1,中華路,,,,１７４號,296039.522,2627224.525,花蓮縣鳳林鎮鳳仁里中華路１７４號
10015,1001502,鳳仁里,1,中華路,,,,１７６號,296041.109,2627229.027,花蓮縣鳳林鎮鳳仁里中華路１７６號
10015,1001502,鳳仁里,1,中華路,,,,１７８號,296042.85,2627234.553,花蓮縣鳳林鎮鳳仁里中華路１７８號
10015,1001502,鳳仁里,1,中華路,,,,１８０號,296045.709,2627249.115,花蓮縣鳳林鎮鳳仁里中華路１８０號
10015,1001502,鳳仁里,1,中華路,,,,１８４號,296069.201,2627252.655,花蓮縣鳳林鎮鳳仁里中華路１８４號
10015,1001502,鳳仁里,1,中華路,,,,１８８號,296053.575,2627264.895,花蓮縣鳳林鎮鳳仁里中華路１８８號
10015,1001502,鳳仁里,1,中華路,,,,１９０號,296055.355,2627269.351,花蓮縣鳳林鎮鳳仁里中華路１９０號
10015,1001502,鳳仁里,1,中華路,,,,１９２號,296057.044,2627273.624,花蓮縣鳳林鎮鳳仁里中華路１９２號
10015,1001502,鳳仁里,1,中華路,,,,１９４號,296058.733,2627277.896,花蓮縣鳳林鎮鳳仁里中華路１９４號
10015,1001502,鳳仁里,1,中華路,,,,１９６號,296060.421,2627282.169,花蓮縣鳳林鎮鳳仁里中華路１９６號
10015,1001502,鳳仁里,1,中華路,,,,１９８號,296063.189,2627290.968,花蓮縣鳳林鎮鳳仁里中華路１９８號
10015,1001502,鳳仁里,1,中華路,,,,１９８之１號,296063.189,2627290.968,花蓮縣鳳林鎮鳳仁里中華路１９８之１號
10015,1001502,鳳仁里,1,中華路,,,,２０２號,296068.716,2627297.837,花蓮縣鳳林鎮鳳仁里中華路２０２號
10015,1001502,鳳仁里,3,中華路,,２０４巷,,２號,296139.078,2627288.987,花蓮縣鳳林鎮鳳仁里中華路２０４巷２號
10015,1001502,鳳仁里,3,中華路,,２０４巷,,５之１號,296097.062,2627309,花蓮縣鳳林鎮鳳仁里中華路２０４巷５之１號
10015,1001502,鳳仁里,3,中華路,,２０４巷,,５號,296101.391,2627316.921,花蓮縣鳳林鎮鳳仁里中華路２０４巷５號
10015,1001502,鳳仁里,3,中華路,,２０４巷,,７號,296119.68,2627301.441,花蓮縣鳳林鎮鳳仁里中華路２０４巷７號
10015,1001502,鳳仁里,3,中華路,,２０４巷,,１１號,296127.225,2627313.366,花蓮縣鳳林鎮鳳仁里中華路２０４巷１１號
10015,1001502,鳳仁里,3,中華路,,２０４巷,,１３號,296124.474,2627318.185,花蓮縣鳳林鎮鳳仁里中華路２０４巷１３號
10015,1001502,鳳仁里,3,中華路,,２０４巷,,１５號,296126.326,2627321.89,花蓮縣鳳林鎮鳳仁里中華路２０４巷１５號
10015,1001502,鳳仁里,1,中華路,,,,２１０號,296076.66,2627324.853,花蓮縣鳳林鎮鳳仁里中華路２１０號
10015,1001502,鳳仁里,1,中華路,,,,２１２號,296085.987,2627329.46,花蓮縣鳳林鎮鳳仁里中華路２１２號
10015,1001502,鳳仁里,3,中華路,,,,２１６號,296094.443,2627367.576,花蓮縣鳳林鎮鳳仁里中華路２１６號
10015,1001502,鳳仁里,3,中華路,,,,２１８號,296102.074,2627383.403,花蓮縣鳳林鎮鳳仁里中華路２１８號
10015,1001502,鳳仁里,3,中華路,,,,２２２之１號,296137.531,2627456.25,花蓮縣鳳林鎮鳳仁里中華路２２２之１號
10015,1001502,鳳仁里,3,中華路,,,,２２２號,296133.962,2627455.257,花蓮縣鳳林鎮鳳仁里中華路２２２號
10015,1001502,鳳仁里,14,仁德路,,,,９號,295968.781,2627651.096,花蓮縣鳳林鎮鳳仁里仁德路９號
10015,1001502,鳳仁里,14,仁德路,,,,１２號,295983.531,2627660.738,花蓮縣鳳林鎮鳳仁里仁德路１２號
10015,1001502,鳳仁里,14,仁德路,,,,１３號,295957.714,2627655.803,花蓮縣鳳林鎮鳳仁里仁德路１３號
10015,1001502,鳳仁里,14,仁德路,,,,１５號,295952.18,2627658.157,花蓮縣鳳林鎮鳳仁里仁德路１５號
10015,1001502,鳳仁里,14,仁德路,,,,１６號,295975.952,2627663.904,花蓮縣鳳林鎮鳳仁里仁德路１６號
10015,1001502,鳳仁里,14,仁德路,,,,１８號,295969.125,2627666.416,花蓮縣鳳林鎮鳳仁里仁德路１８號
10015,1001502,鳳仁里,14,仁德路,,,,２０號,295962.823,2627668.694,花蓮縣鳳林鎮鳳仁里仁德路２０號
10015,1001502,鳳仁里,14,仁德路,,,,２１號,295913.237,2627640.343,花蓮縣鳳林鎮鳳仁里仁德路２１號
10015,1001502,鳳仁里,14,仁德路,,,,２２號,295957.006,2627670.871,花蓮縣鳳林鎮鳳仁里仁德路２２號
10015,1001502,鳳仁里,14,仁德路,,,,２６號,295951.645,2627673.325,花蓮縣鳳林鎮鳳仁里仁德路２６號
10015,1001502,鳳仁里,14,仁德路,,２８巷,,１號,295948.731,2627695.93,花蓮縣鳳林鎮鳳仁里仁德路２８巷１號
10015,1001502,鳳仁里,14,仁德路,,２８巷,,２號,295956.727,2627688.158,花蓮縣鳳林鎮鳳仁里仁德路２８巷２號
10015,1001502,鳳仁里,14,仁德路,,２８巷,,３號,295950.372,2627700.208,花蓮縣鳳林鎮鳳仁里仁德路２８巷３號
10015,1001502,鳳仁里,14,仁德路,,２８巷,,５號,295952.012,2627704.487,花蓮縣鳳林鎮鳳仁里仁德路２８巷５號
10015,1001502,鳳仁里,14,仁德路,,２８巷,,６號,295958.002,2627694.221,花蓮縣鳳林鎮鳳仁里仁德路２８巷６號
10015,1001502,鳳仁里,14,仁德路,,２８巷,,９號,295955.399,2627713.015,花蓮縣鳳林鎮鳳仁里仁德路２８巷９號
10015,1001502,鳳仁里,14,仁德路,,２８巷,,１０號,295968.071,2627707.982,花蓮縣鳳林鎮鳳仁里仁德路２８巷１０號
10015,1001502,鳳仁里,14,仁德路,,,,３０號,295942.38,2627675.782,花蓮縣鳳林鎮鳳仁里仁德路３０號
10015,1001502,鳳仁里,14,仁德路,,,,３２號,295938.364,2627677.325,花蓮縣鳳林鎮鳳仁里仁德路３２號
10015,1001502,鳳仁里,14,仁德路,,,,３６號,295933.692,2627678.994,花蓮縣鳳林鎮鳳仁里仁德路３６號
10015,1001502,鳳仁里,14,仁德路,,,,３８號,295930.303,2627680.47,花蓮縣鳳林鎮鳳仁里仁德路３８號
10015,1001502,鳳仁里,14,仁德路,,,,４２號,295925.765,2627682.249,花蓮縣鳳林鎮鳳仁里仁德路４２號
10015,1001502,鳳仁里,14,仁德路,,,,４６號,295921.181,2627682.987,花蓮縣鳳林鎮鳳仁里仁德路４６號
10015,1001502,鳳仁里,14,仁德路,,,,４８號,295916.924,2627684.723,花蓮縣鳳林鎮鳳仁里仁德路４８號
10015,1001502,鳳仁里,14,仁德路,,,,５０號,295913.275,2627686.459,花蓮縣鳳林鎮鳳仁里仁德路５０號
10015,1001502,鳳仁里,14,仁德路,,５２巷,,１號,295910.949,2627715.838,花蓮縣鳳林鎮鳳仁里仁德路５２巷１號
10015,1001502,鳳仁里,14,仁德路,,５２巷,,２號,295924.302,2627709.167,花蓮縣鳳林鎮鳳仁里仁德路５２巷２號
10015,1001502,鳳仁里,14,仁德路,,５２巷,,３號,295912.956,2627722.228,花蓮縣鳳林鎮鳳仁里仁德路５２巷３號
10015,1001502,鳳仁里,14,仁德路,,５２巷,,６號,295928.13,2627716.071,花蓮縣鳳林鎮鳳仁里仁德路５２巷６號
10015,1001502,鳳仁里,14,仁德路,,,,５６號,295908.409,2627692.189,花蓮縣鳳林鎮鳳仁里仁德路５６號
10015,1001502,鳳仁里,14,仁德路,,,,５８號,295904.5,2627693.317,花蓮縣鳳林鎮鳳仁里仁德路５８號
10015,1001502,鳳仁里,14,仁德路,,,,６２號,295891.544,2627697.978,花蓮縣鳳林鎮鳳仁里仁德路６２號
10015,1001502,鳳仁里,5,仁愛街,,,,３號,295908.442,2627312.365,花蓮縣鳳林鎮鳳仁里仁愛街３號
10015,1001502,鳳仁里,5,仁愛街,,,,３號之１,295899.711,2627321.757,花蓮縣鳳林鎮鳳仁里仁愛街３號之１
10015,1001502,鳳仁里,10,仁愛街,,,,５號,295838.076,2627347.031,花蓮縣鳳林鎮鳳仁里仁愛街５號
10015,1001502,鳳仁里,5,仁愛街,,,,８號,295923.333,2627329.869,花蓮縣鳳林鎮鳳仁里仁愛街８號
10015,1001502,鳳仁里,11,仁愛街,,,,９號,295787.173,2627370.618,花蓮縣鳳林鎮鳳仁里仁愛街９號
10015,1001502,鳳仁里,5,仁愛街,,,,１０號,295903.357,2627339.328,花蓮縣鳳林鎮鳳仁里仁愛街１０號
10015,1001502,鳳仁里,12,仁愛街,,１６巷,,１號,295850.013,2627382.522,花蓮縣鳳林鎮鳳仁里仁愛街１６巷１號
10015,1001502,鳳仁里,12,仁愛街,,１６巷,,３號,295853.592,2627394.901,花蓮縣鳳林鎮鳳仁里仁愛街１６巷３號
10015,1001502,鳳仁里,12,仁愛街,,１６巷,,９號,295852.158,2627418.633,花蓮縣鳳林鎮鳳仁里仁愛街１６巷９號
10015,1001502,鳳仁里,12,仁愛街,,１６巷,,１１號,295849.959,2627430.657,花蓮縣鳳林鎮鳳仁里仁愛街１６巷１１號
10015,1001502,鳳仁里,12,仁愛街,,１６巷,,１３號,295853.355,2627439.271,花蓮縣鳳林鎮鳳仁里仁愛街１６巷１３號
10015,1001502,鳳仁里,12,仁愛街,,１６巷,,１５號,295848.83,2627447.576,花蓮縣鳳林鎮鳳仁里仁愛街１６巷１５號
10015,1001502,鳳仁里,12,仁愛街,,１６巷,１７弄,１號,295865,2627458,花蓮縣鳳林鎮鳳仁里仁愛街１６巷１７弄１號
10015,1001502,鳳仁里,12,仁愛街,,１６巷,１７弄,２號,295866,2627475,花蓮縣鳳林鎮鳳仁里仁愛街１６巷１７弄２號
10015,1001502,鳳仁里,12,仁愛街,,１６巷,１７弄,３號,295858,2627459,花蓮縣鳳林鎮鳳仁里仁愛街１６巷１７弄３號
10015,1001502,鳳仁里,12,仁愛街,,１６巷,１７弄,５號,295851,2627464,花蓮縣鳳林鎮鳳仁里仁愛街１６巷１７弄５號
10015,1001502,鳳仁里,12,仁愛街,,１６巷,１７弄,６號,295858,2627478,花蓮縣鳳林鎮鳳仁里仁愛街１６巷１７弄６號
10015,1001502,鳳仁里,12,仁愛街,,１６巷,１７弄,７號,295844,2627467,花蓮縣鳳林鎮鳳仁里仁愛街１６巷１７弄７號
10015,1001502,鳳仁里,12,仁愛街,,１６巷,１７弄,８號,295851,2627481,花蓮縣鳳林鎮鳳仁里仁愛街１６巷１７弄８號
10015,1001502,鳳仁里,12,仁愛街,,１６巷,１７弄,９號,295838,2627470,花蓮縣鳳林鎮鳳仁里仁愛街１６巷１７弄９號
10015,1001502,鳳仁里,12,仁愛街,,１６巷,１７弄,１０號,295843,2627484,花蓮縣鳳林鎮鳳仁里仁愛街１６巷１７弄１０號
10015,1001502,鳳仁里,12,仁愛街,,１６巷,１７弄,１１號,295831,2627475,花蓮縣鳳林鎮鳳仁里仁愛街１６巷１７弄１１號
10015,1001502,鳳仁里,12,仁愛街,,１６巷,１７弄,１２號,295836,2627488,花蓮縣鳳林鎮鳳仁里仁愛街１６巷１７弄１２號
10015,1001502,鳳仁里,12,仁愛街,,１６巷,１７弄,１３號,295823,2627477,花蓮縣鳳林鎮鳳仁里仁愛街１６巷１７弄１３號
10015,1001502,鳳仁里,12,仁愛街,,１６巷,１７弄,１５號,295816.781,2627481,花蓮縣鳳林鎮鳳仁里仁愛街１６巷１７弄１５號
10015,1001502,鳳仁里,12,仁愛街,,１６巷,１７弄,１６號,295829,2627490,花蓮縣鳳林鎮鳳仁里仁愛街１６巷１７弄１６號
10015,1001502,鳳仁里,12,仁愛街,,１６巷,１７弄,１７號,295809,2627484,花蓮縣鳳林鎮鳳仁里仁愛街１６巷１７弄１７號
10015,1001502,鳳仁里,12,仁愛街,,１６巷,１７弄,１８號,295822,2627494,花蓮縣鳳林鎮鳳仁里仁愛街１６巷１７弄１８號
10015,1001502,鳳仁里,12,仁愛街,,１６巷,１７弄,２０號,295815,2627499,花蓮縣鳳林鎮鳳仁里仁愛街１６巷１７弄２０號
10015,1001502,鳳仁里,12,仁愛街,,,,２０之１號,295821.76,2627393.39,花蓮縣鳳林鎮鳳仁里仁愛街２０之１號
10015,1001502,鳳仁里,12,仁愛街,,,,２０之２號,295829.91,2627409.87,花蓮縣鳳林鎮鳳仁里仁愛街２０之２號
10015,1001502,鳳仁里,12,仁愛街,,,,２０號,295816.391,2627374.838,花蓮縣鳳林鎮鳳仁里仁愛街２０號
10015,1001502,鳳仁里,12,仁愛街,,,,２２號,295801.737,2627383.309,花蓮縣鳳林鎮鳳仁里仁愛街２２號
10015,1001502,鳳仁里,12,仁愛街,,,,２６之３號,295774.2,2627398.37,花蓮縣鳳林鎮鳳仁里仁愛街２６之３號
10015,1001502,鳳仁里,12,仁愛街,,,,２６之５號,295772.82,2627434.84,花蓮縣鳳林鎮鳳仁里仁愛街２６之５號
10015,1001502,鳳仁里,12,仁愛街,,,,２６之６號,295776.21,2627443.95,花蓮縣鳳林鎮鳳仁里仁愛街２６之６號
10015,1001502,鳳仁里,12,仁愛街,,,,２６之７號,295782.59,2627457.16,花蓮縣鳳林鎮鳳仁里仁愛街２６之７號
10015,1001502,鳳仁里,12,仁愛街,,,,２６號,295784.512,2627393.004,花蓮縣鳳林鎮鳳仁里仁愛街２６號
10015,1001502,鳳仁里,12,仁愛街,,,,２６之２號,295799.25,2627421.87,花蓮縣鳳林鎮鳳仁里仁愛街２６之２號
10015,1001502,鳳仁里,1,仁盛路,,,,３８號,296057.278,2627342.077,花蓮縣鳳林鎮鳳仁里仁盛路３８號
10015,1001502,鳳仁里,1,仁盛路,,,,４０號,296054.225,2627340.507,花蓮縣鳳林鎮鳳仁里仁盛路４０號
10015,1001502,鳳仁里,1,仁盛路,,,,４２號,296051.172,2627338.936,花蓮縣鳳林鎮鳳仁里仁盛路４２號
10015,1001502,鳳仁里,1,仁盛路,,,,４６號,296045.065,2627335.794,花蓮縣鳳林鎮鳳仁里仁盛路４６號
10015,1001502,鳳仁里,1,仁盛路,,,,４７號,296025.307,2627298.559,花蓮縣鳳林鎮鳳仁里仁盛路４７號
10015,1001502,鳳仁里,1,仁盛路,,,,４９號,296016.159,2627292.91,花蓮縣鳳林鎮鳳仁里仁盛路４９號
10015,1001502,鳳仁里,1,仁盛路,,,,５１號,296000.137,2627286.124,花蓮縣鳳林鎮鳳仁里仁盛路５１號
10015,1001502,鳳仁里,6,仁盛路,,,,６６號,295977.87,2627310.2,花蓮縣鳳林鎮鳳仁里仁盛路６６號
10015,1001502,鳳仁里,16,信義路,,,,２３７號,296210.904,2627111.328,花蓮縣鳳林鎮鳳仁里信義路２３７號
10015,1001502,鳳仁里,16,信義路,,,,２４１號,296214.04,2627119.577,花蓮縣鳳林鎮鳳仁里信義路２４１號
10015,1001502,鳳仁里,16,信義路,,,,２４３號,296215.609,2627123.701,花蓮縣鳳林鎮鳳仁里信義路２４３號
10015,1001502,鳳仁里,16,信義路,,,,２４５號,296217.177,2627127.826,花蓮縣鳳林鎮鳳仁里信義路２４５號
10015,1001502,鳳仁里,16,信義路,,,,２４７號,296218.745,2627131.95,花蓮縣鳳林鎮鳳仁里信義路２４７號
10015,1001502,鳳仁里,1,信義路,,,,２４７號,296218.745,2627131.95,花蓮縣鳳林鎮鳳仁里信義路２４７號
10015,1001502,鳳仁里,16,信義路,,,,２４９號,296220.314,2627136.075,花蓮縣鳳林鎮鳳仁里信義路２４９號
10015,1001502,鳳仁里,16,信義路,,,,２５１號,296221.882,2627140.199,花蓮縣鳳林鎮鳳仁里信義路２５１號
10015,1001502,鳳仁里,16,信義路,,,,２５３號,296223.451,2627144.324,花蓮縣鳳林鎮鳳仁里信義路２５３號
10015,1001502,鳳仁里,16,信義路,,,,２５５號,296225.019,2627148.449,花蓮縣鳳林鎮鳳仁里信義路２５５號
10015,1001502,鳳仁里,16,信義路,,,,２５７號,296226.587,2627152.573,花蓮縣鳳林鎮鳳仁里信義路２５７號
10015,1001502,鳳仁里,16,信義路,,,,２５９號,296228.156,2627156.698,花蓮縣鳳林鎮鳳仁里信義路２５９號
10015,1001502,鳳仁里,16,信義路,,,,２６１號,296229.724,2627160.822,花蓮縣鳳林鎮鳳仁里信義路２６１號
10015,1001502,鳳仁里,16,信義路,,,,２６３號,296231.292,2627164.947,花蓮縣鳳林鎮鳳仁里信義路２６３號
10015,1001502,鳳仁里,16,信義路,,,,２６５號,296232.861,2627169.071,花蓮縣鳳林鎮鳳仁里信義路２６５號
10015,1001502,鳳仁里,16,信義路,,,,２６７號,296234.429,2627173.196,花蓮縣鳳林鎮鳳仁里信義路２６７號
10015,1001502,鳳仁里,1,信義路,,,,２６９號,296235.998,2627177.32,花蓮縣鳳林鎮鳳仁里信義路２６９號
10015,1001502,鳳仁里,16,信義路,,,,２６９號,296235.998,2627177.32,花蓮縣鳳林鎮鳳仁里信義路２６９號
10015,1001502,鳳仁里,16,信義路,,,,２７１號,296237.566,2627181.445,花蓮縣鳳林鎮鳳仁里信義路２７１號
10015,1001502,鳳仁里,16,信義路,,,,２７３號,296239.135,2627185.57,花蓮縣鳳林鎮鳳仁里信義路２７３號
10015,1001502,鳳仁里,16,信義路,,,,２７５號,296240.703,2627189.694,花蓮縣鳳林鎮鳳仁里信義路２７５號
10015,1001502,鳳仁里,16,信義路,,,,２７７號,296242.271,2627193.819,花蓮縣鳳林鎮鳳仁里信義路２７７號
10015,1001502,鳳仁里,3,信義路,,,,３２１號,296228.191,2627392.93,花蓮縣鳳林鎮鳳仁里信義路３２１號
10015,1001502,鳳仁里,9,信義路,,,,３６６號,296096.289,2627769.611,花蓮縣鳳林鎮鳳仁里信義路３６６號
10015,1001502,鳳仁里,9,信義路,,,,３７０號,296093.65,2627785.44,花蓮縣鳳林鎮鳳仁里信義路３７０號
10015,1001502,鳳仁里,9,信義路,,,,３７２號,296095.424,2627795.296,花蓮縣鳳林鎮鳳仁里信義路３７２號
10015,1001502,鳳仁里,9,信義路,,,,３７４號,296094.104,2627807.053,花蓮縣鳳林鎮鳳仁里信義路３７４號
10015,1001502,鳳仁里,9,信義路,,,,３７６號,296093.684,2627817.149,花蓮縣鳳林鎮鳳仁里信義路３７６號
10015,1001502,鳳仁里,1,光復路,,,,２８號,295937.491,2627245.547,花蓮縣鳳林鎮鳳仁里光復路２８號
10015,1001502,鳳仁里,1,光復路,,,,３０號,295940.89,2627253.549,花蓮縣鳳林鎮鳳仁里光復路３０號
10015,1001502,鳳仁里,1,光復路,,,,３２號,295942.499,2627257.77,花蓮縣鳳林鎮鳳仁里光復路３２號
10015,1001502,鳳仁里,1,光復路,,,,３４號,295944.109,2627261.991,花蓮縣鳳林鎮鳳仁里光復路３４號
10015,1001502,鳳仁里,1,光復路,,,,３６號,295950.812,2627269.25,花蓮縣鳳林鎮鳳仁里光復路３６號
10015,1001502,鳳仁里,1,光復路,,,,３８號,295962.695,2627266.88,花蓮縣鳳林鎮鳳仁里光復路３８號
10015,1001502,鳳仁里,1,光復路,,,,４０號,295951.414,2627275.67,花蓮縣鳳林鎮鳳仁里光復路４０號
10015,1001502,鳳仁里,1,光復路,,,,４２號,295953.419,2627280.201,花蓮縣鳳林鎮鳳仁里光復路４２號
10015,1001502,鳳仁里,1,光復路,,,,４６號,295955.94,2627285.06,花蓮縣鳳林鎮鳳仁里光復路４６號
10015,1001502,鳳仁里,6,光復路,,,,５４號,295974.937,2627335.137,花蓮縣鳳林鎮鳳仁里光復路５４號
10015,1001502,鳳仁里,6,光復路,,,,６２號,295983.184,2627354.959,花蓮縣鳳林鎮鳳仁里光復路６２號
10015,1001502,鳳仁里,6,光復路,,,,７０號,295992.237,2627375.822,花蓮縣鳳林鎮鳳仁里光復路７０號
10015,1001502,鳳仁里,8,光復路,,７４巷,,１號,296022.97,2627387.164,花蓮縣鳳林鎮鳳仁里光復路７４巷１號
10015,1001502,鳳仁里,8,光復路,,７４巷,３弄,１號,296031.357,2627406.06,花蓮縣鳳林鎮鳳仁里光復路７４巷３弄１號
10015,1001502,鳳仁里,8,光復路,,７４巷,３弄,２號,296037.285,2627398.707,花蓮縣鳳林鎮鳳仁里光復路７４巷３弄２號
10015,1001502,鳳仁里,8,光復路,,７４巷,３弄,８號,296045.514,2627412.982,花蓮縣鳳林鎮鳳仁里光復路７４巷３弄８號
10015,1001502,鳳仁里,8,光復路,,７４巷,,５號,296032.937,2627385.799,花蓮縣鳳林鎮鳳仁里光復路７４巷５號
10015,1001502,鳳仁里,8,光復路,,７４巷,,７號,296039.078,2627383.156,花蓮縣鳳林鎮鳳仁里光復路７４巷７號
10015,1001502,鳳仁里,8,光復路,,７４巷,,９號,296043.794,2627381.426,花蓮縣鳳林鎮鳳仁里光復路７４巷９號
10015,1001502,鳳仁里,8,光復路,,７４巷,,１１號,296050.755,2627379.313,花蓮縣鳳林鎮鳳仁里光復路７４巷１１號
10015,1001502,鳳仁里,8,光復路,,,,７６號,295998.243,2627398.36,花蓮縣鳳林鎮鳳仁里光復路７６號
10015,1001502,鳳仁里,8,光復路,,,,７８號,296001.869,2627406.989,花蓮縣鳳林鎮鳳仁里光復路７８號
10015,1001502,鳳仁里,8,光復路,,,,８０號,296003.777,2627411.731,花蓮縣鳳林鎮鳳仁里光復路８０號
10015,1001502,鳳仁里,8,光復路,,,,８２號,296005.685,2627416.474,花蓮縣鳳林鎮鳳仁里光復路８２號
10015,1001502,鳳仁里,8,光復路,,,,８４號,296007.593,2627421.216,花蓮縣鳳林鎮鳳仁里光復路８４號
10015,1001502,鳳仁里,8,光復路,,,,８８號,296011.344,2627431.389,花蓮縣鳳林鎮鳳仁里光復路８８號
10015,1001502,鳳仁里,8,光復路,,,,９４號,296057.799,2627545.529,花蓮縣鳳林鎮鳳仁里光復路９４號
10015,1001502,鳳仁里,4,光復路,,,,１１１號,295915.729,2627247.787,花蓮縣鳳林鎮鳳仁里光復路１１１號
10015,1001502,鳳仁里,4,光復路,,,,１１９號,295920.464,2627259.367,花蓮縣鳳林鎮鳳仁里光復路１１９號
10015,1001502,鳳仁里,5,光復路,,,,１２１號,295915.677,2627270.945,花蓮縣鳳林鎮鳳仁里光復路１２１號
10015,1001502,鳳仁里,4,光復路,,,,１２３號,295926.739,2627274.103,花蓮縣鳳林鎮鳳仁里光復路１２３號
10015,1001502,鳳仁里,4,光復路,,,,１２５號,295919.967,2627285.493,花蓮縣鳳林鎮鳳仁里光復路１２５號
10015,1001502,鳳仁里,5,光復路,,,,１３７號,295946.697,2627334.478,花蓮縣鳳林鎮鳳仁里光復路１３７號
10015,1001502,鳳仁里,5,光復路,,,,１３７之１號,295931.58,2627326.45,花蓮縣鳳林鎮鳳仁里光復路１３７之１號
10015,1001502,鳳仁里,6,光復路,,,,１４３號,295957.614,2627354.381,花蓮縣鳳林鎮鳳仁里光復路１４３號
10015,1001502,鳳仁里,6,光復路,,１４７巷,,１號,295934.281,2627378.161,花蓮縣鳳林鎮鳳仁里光復路１４７巷１號
10015,1001502,鳳仁里,6,光復路,,１４７巷,,２號,295935.939,2627383.076,花蓮縣鳳林鎮鳳仁里光復路１４７巷２號
10015,1001502,鳳仁里,6,光復路,,１４７巷,,３號,295937.505,2627387.453,花蓮縣鳳林鎮鳳仁里光復路１４７巷３號
10015,1001502,鳳仁里,6,光復路,,,,１４９號,295962.31,2627370.713,花蓮縣鳳林鎮鳳仁里光復路１４９號
10015,1001502,鳳仁里,6,光復路,,,,１５１號,295968.451,2627383.617,花蓮縣鳳林鎮鳳仁里光復路１５１號
10015,1001502,鳳仁里,8,光復路,,,,１５７號,295977.819,2627408.785,花蓮縣鳳林鎮鳳仁里光復路１５７號
10015,1001502,鳳仁里,8,光復路,,,,１６７號,295994.334,2627460.641,花蓮縣鳳林鎮鳳仁里光復路１６７號
10015,1001502,鳳仁里,8,光復路,,,,１７１號,296014.336,2627514.439,花蓮縣鳳林鎮鳳仁里光復路１７１號
10015,1001502,鳳仁里,8,光復路,,,,１７３號,296009.72,2627527.174,花蓮縣鳳林鎮鳳仁里光復路１７３號
10015,1001502,鳳仁里,8,光復路,,,,１７５號,296010.955,2627531.581,花蓮縣鳳林鎮鳳仁里光復路１７５號
10015,1001502,鳳仁里,8,光復路,,,,１８７號,296045.607,2627593.724,花蓮縣鳳林鎮鳳仁里光復路１８７號
10015,1001502,鳳仁里,8,光復路,,,,１８７之１號,296045,2627601,花蓮縣鳳林鎮鳳仁里光復路１８７之１號
10015,1001502,鳳仁里,8,光復路,,,,１８９號,296050.031,2627605.002,花蓮縣鳳林鎮鳳仁里光復路１８９號
10015,1001502,鳳仁里,8,光復路,,,,１９１號,296052.951,2627613.785,花蓮縣鳳林鎮鳳仁里光復路１９１號
10015,1001502,鳳仁里,16,公園路,,,,２號,296114.495,2627147.505,花蓮縣鳳林鎮鳳仁里公園路２號
10015,1001502,鳳仁里,16,公園路,,,,６號,296121.113,2627165.73,花蓮縣鳳林鎮鳳仁里公園路６號
10015,1001502,鳳仁里,16,公園路,,,,８號,296122.602,2627169.685,花蓮縣鳳林鎮鳳仁里公園路８號
10015,1001502,鳳仁里,16,公園路,,,,１０號,296124.09,2627173.639,花蓮縣鳳林鎮鳳仁里公園路１０號
10015,1001502,鳳仁里,2,公園路,,,,１１號,296102.733,2627191.513,花蓮縣鳳林鎮鳳仁里公園路１１號
10015,1001502,鳳仁里,16,公園路,,,,１２號,296125.579,2627177.594,花蓮縣鳳林鎮鳳仁里公園路１２號
10015,1001502,鳳仁里,2,公園路,,,,１３號,296104.458,2627196.271,花蓮縣鳳林鎮鳳仁里公園路１３號
10015,1001502,鳳仁里,16,公園路,,,,１４號,296127.067,2627181.549,花蓮縣鳳林鎮鳳仁里公園路１４號
10015,1001502,鳳仁里,2,公園路,,,,１５號,296109.703,2627208.725,花蓮縣鳳林鎮鳳仁里公園路１５號
10015,1001502,鳳仁里,16,公園路,,,,１６號,296128.555,2627185.504,花蓮縣鳳林鎮鳳仁里公園路１６號
10015,1001502,鳳仁里,2,公園路,,,,１７號,296111.73,2627216.23,花蓮縣鳳林鎮鳳仁里公園路１７號
10015,1001502,鳳仁里,16,公園路,,,,１８號,296130.044,2627189.459,花蓮縣鳳林鎮鳳仁里公園路１８號
10015,1001502,鳳仁里,16,公園路,,,,２０號,296131.532,2627193.414,花蓮縣鳳林鎮鳳仁里公園路２０號
10015,1001502,鳳仁里,16,公園路,,２２巷,,１號,296159.242,2627197.843,花蓮縣鳳林鎮鳳仁里公園路２２巷１號
10015,1001502,鳳仁里,16,公園路,,２２巷,,２號,296154.873,2627184.336,花蓮縣鳳林鎮鳳仁里公園路２２巷２號
10015,1001502,鳳仁里,2,公園路,,,,２３號,296113.872,2627223.37,花蓮縣鳳林鎮鳳仁里公園路２３號
10015,1001502,鳳仁里,16,公園路,,,,２４號,296134.509,2627201.324,花蓮縣鳳林鎮鳳仁里公園路２４號
10015,1001502,鳳仁里,16,公園路,,,,２６號,296135.998,2627205.279,花蓮縣鳳林鎮鳳仁里公園路２６號
10015,1001502,鳳仁里,2,公園路,,,,２７號,296117.84,2627235.451,花蓮縣鳳林鎮鳳仁里公園路２７號
10015,1001502,鳳仁里,16,公園路,,,,２８號,296137.486,2627209.234,花蓮縣鳳林鎮鳳仁里公園路２８號
10015,1001502,鳳仁里,2,公園路,,２９巷,,４號,296092.121,2627237.939,花蓮縣鳳林鎮鳳仁里公園路２９巷４號
10015,1001502,鳳仁里,2,公園路,,２９巷,,６號,296088.233,2627227.754,花蓮縣鳳林鎮鳳仁里公園路２９巷６號
10015,1001502,鳳仁里,2,公園路,,２９巷,,８號,296081.96,2627212.455,花蓮縣鳳林鎮鳳仁里公園路２９巷８號
10015,1001502,鳳仁里,2,公園路,,２９巷,,１２號,296077.004,2627201.649,花蓮縣鳳林鎮鳳仁里公園路２９巷１２號
10015,1001502,鳳仁里,2,公園路,,２９巷,,１４號,296073.447,2627191.19,花蓮縣鳳林鎮鳳仁里公園路２９巷１４號
10015,1001502,鳳仁里,16,公園路,,,,３０號,296138.974,2627213.188,花蓮縣鳳林鎮鳳仁里公園路３０號
10015,1001502,鳳仁里,16,公園路,,,,３２號,296140.463,2627217.143,花蓮縣鳳林鎮鳳仁里公園路３２號
10015,1001502,鳳仁里,2,公園路,,,,３３號,296122.927,2627249.254,花蓮縣鳳林鎮鳳仁里公園路３３號
10015,1001502,鳳仁里,16,公園路,,,,３４號,296141.951,2627221.098,花蓮縣鳳林鎮鳳仁里公園路３４號
10015,1001502,鳳仁里,16,公園路,,,,３６號,296143.439,2627225.053,花蓮縣鳳林鎮鳳仁里公園路３６號
10015,1001502,鳳仁里,16,公園路,,,,３８號,296144.928,2627229.008,花蓮縣鳳林鎮鳳仁里公園路３８號
10015,1001502,鳳仁里,2,公園路,,,,３９號,296125.955,2627275.554,花蓮縣鳳林鎮鳳仁里公園路３９號
10015,1001502,鳳仁里,16,公園路,,,,４０號,296147.841,2627237.874,花蓮縣鳳林鎮鳳仁里公園路４０號
10015,1001502,鳳仁里,16,公園路,,,,４２號,296152.475,2627248.687,花蓮縣鳳林鎮鳳仁里公園路４２號
10015,1001502,鳳仁里,16,公園路,,,,４６號,296155.509,2627257.162,花蓮縣鳳林鎮鳳仁里公園路４６號
10015,1001502,鳳仁里,16,公園路,,,,４８號,296157.898,2627263.094,花蓮縣鳳林鎮鳳仁里公園路４８號
10015,1001502,鳳仁里,3,公園路,,,,４９號,296144.309,2627298.192,花蓮縣鳳林鎮鳳仁里公園路４９號
10015,1001502,鳳仁里,16,公園路,,５０巷,,１號,296166.463,2627276.677,花蓮縣鳳林鎮鳳仁里公園路５０巷１號
10015,1001502,鳳仁里,16,公園路,,５０巷,２弄,１號,296213.766,2627243.561,花蓮縣鳳林鎮鳳仁里公園路５０巷２弄１號
10015,1001502,鳳仁里,16,公園路,,５０巷,２弄,２號,296200.284,2627247.909,花蓮縣鳳林鎮鳳仁里公園路５０巷２弄２號
10015,1001502,鳳仁里,16,公園路,,５０巷,２弄,３號,296210.793,2627233.527,花蓮縣鳳林鎮鳳仁里公園路５０巷２弄３號
10015,1001502,鳳仁里,16,公園路,,５０巷,２弄,５號,296208.481,2627228.906,花蓮縣鳳林鎮鳳仁里公園路５０巷２弄５號
10015,1001502,鳳仁里,16,公園路,,５０巷,２弄,６號,296195.783,2627237.308,花蓮縣鳳林鎮鳳仁里公園路５０巷２弄６號
10015,1001502,鳳仁里,16,公園路,,５０巷,２弄,７號,296203.626,2627216.732,花蓮縣鳳林鎮鳳仁里公園路５０巷２弄７號
10015,1001502,鳳仁里,16,公園路,,５０巷,２弄,８號,296193.933,2627230.991,花蓮縣鳳林鎮鳳仁里公園路５０巷２弄８號
10015,1001502,鳳仁里,16,公園路,,５０巷,２弄,１２號,296189.03,2627222.028,花蓮縣鳳林鎮鳳仁里公園路５０巷２弄１２號
10015,1001502,鳳仁里,16,公園路,,５０巷,,３號,296173.362,2627273.943,花蓮縣鳳林鎮鳳仁里公園路５０巷３號
10015,1001502,鳳仁里,16,公園路,,５０巷,,５號,296180.261,2627271.208,花蓮縣鳳林鎮鳳仁里公園路５０巷５號
10015,1001502,鳳仁里,16,公園路,,５０巷,,７號,296187.16,2627268.474,花蓮縣鳳林鎮鳳仁里公園路５０巷７號
10015,1001502,鳳仁里,16,公園路,,５０巷,,９號,296199.036,2627266.408,花蓮縣鳳林鎮鳳仁里公園路５０巷９號
10015,1001502,鳳仁里,16,公園路,,５０巷,,１１號,296205.378,2627263.789,花蓮縣鳳林鎮鳳仁里公園路５０巷１１號
10015,1001502,鳳仁里,16,公園路,,５０巷,,１３號,296211.721,2627261.17,花蓮縣鳳林鎮鳳仁里公園路５０巷１３號
10015,1001502,鳳仁里,16,公園路,,５０巷,,１５號,296218.064,2627258.551,花蓮縣鳳林鎮鳳仁里公園路５０巷１５號
10015,1001502,鳳仁里,16,公園路,,５０巷,,１７號,296224.407,2627255.932,花蓮縣鳳林鎮鳳仁里公園路５０巷１７號
10015,1001502,鳳仁里,16,公園路,,５０巷,,１９號,296230.75,2627253.314,花蓮縣鳳林鎮鳳仁里公園路５０巷１９號
10015,1001502,鳳仁里,16,公園路,,５０巷,,２１號,296237.092,2627250.695,花蓮縣鳳林鎮鳳仁里公園路５０巷２１號
10015,1001502,鳳仁里,16,公園路,,,,５２號,296173.324,2627296.466,花蓮縣鳳林鎮鳳仁里公園路５２號
10015,1001502,鳳仁里,3,公園路,,,,５３號,296148.037,2627307.021,花蓮縣鳳林鎮鳳仁里公園路５３號
10015,1001502,鳳仁里,16,公園路,,,,５４號,296176.168,2627301.982,花蓮縣鳳林鎮鳳仁里公園路５４號
10015,1001502,鳳仁里,3,公園路,,,,５５號,296149.361,2627311.841,花蓮縣鳳林鎮鳳仁里公園路５５號
10015,1001502,鳳仁里,16,公園路,,５６巷,,２號,296181.249,2627298.235,花蓮縣鳳林鎮鳳仁里公園路５６巷２號
10015,1001502,鳳仁里,16,公園路,,５６巷,,６號,296184.64,2627296.695,花蓮縣鳳林鎮鳳仁里公園路５６巷６號
10015,1001502,鳳仁里,16,公園路,,５６巷,,８號,296188.186,2627295.462,花蓮縣鳳林鎮鳳仁里公園路５６巷８號
10015,1001502,鳳仁里,16,公園路,,５６巷,,１２號,296192.194,2627293.152,花蓮縣鳳林鎮鳳仁里公園路５６巷１２號
10015,1001502,鳳仁里,15,公園路,,５６巷,,１６號,296197.282,2627290.995,花蓮縣鳳林鎮鳳仁里公園路５６巷１６號
10015,1001502,鳳仁里,16,公園路,,５６巷,,１８號,296201.444,2627288.992,花蓮縣鳳林鎮鳳仁里公園路５６巷１８號
10015,1001502,鳳仁里,16,公園路,,５６巷,,２０號,296208.998,2627285.757,花蓮縣鳳林鎮鳳仁里公園路５６巷２０號
10015,1001502,鳳仁里,16,公園路,,５６巷,,２２號,296215.936,2627282.368,花蓮縣鳳林鎮鳳仁里公園路５６巷２２號
10015,1001502,鳳仁里,3,公園路,,,,５７號,296133.28,2627324.644,花蓮縣鳳林鎮鳳仁里公園路５７號
10015,1001502,鳳仁里,16,公園路,,,,５８號,296168.823,2627317.447,花蓮縣鳳林鎮鳳仁里公園路５８號
10015,1001502,鳳仁里,16,公園路,,,,５８之３號,296166.706,2627335.439,花蓮縣鳳林鎮鳳仁里公園路５８之３號
10015,1001502,鳳仁里,16,公園路,,,,５８之２號,296168.558,2627330.015,花蓮縣鳳林鎮鳳仁里公園路５８之２號
10015,1001502,鳳仁里,16,公園路,,,,５８號之１,296169.352,2627323.797,花蓮縣鳳林鎮鳳仁里公園路５８號之１
10015,1001502,鳳仁里,3,公園路,,,,５９號,296135.575,2627328.438,花蓮縣鳳林鎮鳳仁里公園路５９號
10015,1001502,鳳仁里,3,公園路,,,,６０號,296172.748,2627381.654,花蓮縣鳳林鎮鳳仁里公園路６０號
10015,1001502,鳳仁里,3,公園路,,,,６４號,296162.316,2627422.208,花蓮縣鳳林鎮鳳仁里公園路６４號
10015,1001502,鳳仁里,3,公園路,,,,６５號,296071.633,2627431.953,花蓮縣鳳林鎮鳳仁里公園路６５號
10015,1001502,鳳仁里,3,公園路,,,,６６號,296146.664,2627423.568,花蓮縣鳳林鎮鳳仁里公園路６６號
10015,1001502,鳳仁里,3,公園路,,,,６７號,296059.753,2627434.824,花蓮縣鳳林鎮鳳仁里公園路６７號
10015,1001502,鳳仁里,3,公園路,,,,６８號,296142.808,2627417.221,花蓮縣鳳林鎮鳳仁里公園路６８號
10015,1001502,鳳仁里,3,公園路,,,,６８之１號,296135.5,2627418.38,花蓮縣鳳林鎮鳳仁里公園路６８之１號
10015,1001502,鳳仁里,7,公園路,,,,６９之１號,295968.019,2627468.711,花蓮縣鳳林鎮鳳仁里公園路６９之１號
10015,1001502,鳳仁里,3,公園路,,,,７０號,296097.438,2627451.88,花蓮縣鳳林鎮鳳仁里公園路７０號
10015,1001502,鳳仁里,13,公園路,,,,８６號,295908.633,2627541.07,花蓮縣鳳林鎮鳳仁里公園路８６號
10015,1001502,鳳仁里,13,公園路,,,,８８號,295907.012,2627526.885,花蓮縣鳳林鎮鳳仁里公園路８８號
10015,1001502,鳳仁里,13,公園路,,,,９０號,295894.544,2627525.875,花蓮縣鳳林鎮鳳仁里公園路９０號
10015,1001502,鳳仁里,13,公園路,,,,９０號之１,295883.307,2627527.339,花蓮縣鳳林鎮鳳仁里公園路９０號之１
10015,1001502,鳳仁里,13,公園路,,,,９６號,295865.194,2627542.406,花蓮縣鳳林鎮鳳仁里公園路９６號
10015,1001502,鳳仁里,13,公園路,,,,９８號,295849.247,2627546.375,花蓮縣鳳林鎮鳳仁里公園路９８號
10015,1001502,鳳仁里,10,和平街,,,,６號,295802.19,2627302.48,花蓮縣鳳林鎮鳳仁里和平街６號
10015,1001502,鳳仁里,10,和平街,,,,８號,295806.56,2627308.078,花蓮縣鳳林鎮鳳仁里和平街８號
10015,1001502,鳳仁里,10,和平街,,,,１０號,295810.885,2627315.846,花蓮縣鳳林鎮鳳仁里和平街１０號
10015,1001502,鳳仁里,11,和平街,,,,１６號,295740.378,2627324.849,花蓮縣鳳林鎮鳳仁里和平街１６號
10015,1001502,鳳仁里,3,大仁路,,,,６７號,296373.63,2627482.217,花蓮縣鳳林鎮鳳仁里大仁路６７號
10015,1001502,鳳仁里,3,大仁路,,,,６９號,296386.298,2627474.942,花蓮縣鳳林鎮鳳仁里大仁路６９號
10015,1001502,鳳仁里,3,大仁路,,,,７１號,296382.765,2627465.591,花蓮縣鳳林鎮鳳仁里大仁路７１號
10015,1001502,鳳仁里,3,大仁路,,,,７５號,296397.799,2627481.54,花蓮縣鳳林鎮鳳仁里大仁路７５號
10015,1001502,鳳仁里,15,正義路,,,,１號,296000.945,2627780.666,花蓮縣鳳林鎮鳳仁里正義路１號
10015,1001502,鳳仁里,15,正義路,,,,２號,296006.731,2627800.275,花蓮縣鳳林鎮鳳仁里正義路２號
10015,1001502,鳳仁里,9,農園路,,,,５號,296482.398,2628656.545,花蓮縣鳳林鎮鳳仁里農園路５號
10015,1001502,鳳仁里,9,農園路,,,,６號之１,296461.686,2628636.34,花蓮縣鳳林鎮鳳仁里農園路６號之１
10015,1001502,鳳信里,20,中正路一段,,１巷,,２號,293665.562,2624311.175,花蓮縣鳳林鎮鳳信里中正路一段１巷２號
10015,1001502,鳳信里,20,中正路一段,,１巷,,２之１號,293657.998,2624286.226,花蓮縣鳳林鎮鳳信里中正路一段１巷２之１號
10015,1001502,鳳信里,20,中正路一段,,１巷,,３號,293629.206,2624298.557,花蓮縣鳳林鎮鳳信里中正路一段１巷３號
10015,1001502,鳳信里,20,中正路一段,,１巷,,４號,293634.721,2624286.711,花蓮縣鳳林鎮鳳信里中正路一段１巷４號
10015,1001502,鳳信里,20,中正路一段,,１巷,,５號,293637.7,2624271.115,花蓮縣鳳林鎮鳳信里中正路一段１巷５號
10015,1001502,鳳信里,20,中正路一段,,１巷,,６之３號,293635.938,2624280.5,花蓮縣鳳林鎮鳳信里中正路一段１巷６之３號
10015,1001502,鳳信里,20,中正路一段,,１巷,,６之２號,293623.688,2624285,花蓮縣鳳林鎮鳳信里中正路一段１巷６之２號
10015,1001502,鳳信里,20,中正路一段,,１巷,,６號,293618.688,2624277.75,花蓮縣鳳林鎮鳳信里中正路一段１巷６號
10015,1001502,鳳信里,20,中正路一段,,１巷,,６號之１,293620.68,2624281.64,花蓮縣鳳林鎮鳳信里中正路一段１巷６號之１
10015,1001502,鳳信里,20,中正路一段,,１巷,,７號,293611.063,2624270,花蓮縣鳳林鎮鳳信里中正路一段１巷７號
10015,1001502,鳳信里,20,中正路一段,,１巷,,８號,293603.49,2624266.36,花蓮縣鳳林鎮鳳信里中正路一段１巷８號
10015,1001502,鳳信里,20,中正路一段,,１巷,,９號,293632.929,2624249.396,花蓮縣鳳林鎮鳳信里中正路一段１巷９號
10015,1001502,鳳信里,20,中正路一段,,１巷,,１０號,293615.239,2624245.486,花蓮縣鳳林鎮鳳信里中正路一段１巷１０號
10015,1001502,鳳信里,20,中正路一段,,１巷,,１１號,293610.593,2624298.325,花蓮縣鳳林鎮鳳信里中正路一段１巷１１號
10015,1001502,鳳信里,20,中正路一段,,１巷,,１２號,293579.951,2624277.016,花蓮縣鳳林鎮鳳信里中正路一段１巷１２號
10015,1001502,鳳信里,20,中正路一段,,１巷,,１３號,293566.313,2624269.11,花蓮縣鳳林鎮鳳信里中正路一段１巷１３號
10015,1001502,鳳信里,20,中正路一段,,１巷,,１４號,293576.733,2624264.318,花蓮縣鳳林鎮鳳信里中正路一段１巷１４號
10015,1001502,鳳信里,20,中正路一段,,１巷,,１５號,293587.947,2624252.91,花蓮縣鳳林鎮鳳信里中正路一段１巷１５號
10015,1001502,鳳信里,20,中正路一段,,１巷,,１６號,293552.886,2624245.984,花蓮縣鳳林鎮鳳信里中正路一段１巷１６號
10015,1001502,鳳信里,20,中正路一段,,１巷,,１７號,293575.36,2624252.4,花蓮縣鳳林鎮鳳信里中正路一段１巷１７號
10015,1001502,鳳信里,20,中正路一段,,１巷,,１８號,293558.99,2624241.47,花蓮縣鳳林鎮鳳信里中正路一段１巷１８號
10015,1001502,鳳信里,20,中正路一段,,１巷,,２１號,293604.632,2624324.618,花蓮縣鳳林鎮鳳信里中正路一段１巷２１號
10015,1001502,鳳信里,20,中正路一段,,１巷,,２３號,293582.73,2624309.47,花蓮縣鳳林鎮鳳信里中正路一段１巷２３號
10015,1001502,鳳信里,18,中正路一段,,,,２之１號,294773.17,2624892.12,花蓮縣鳳林鎮鳳信里中正路一段２之１號
10015,1001502,鳳信里,18,中正路一段,,,,２號,294780.4,2624906.126,花蓮縣鳳林鎮鳳信里中正路一段２號
10015,1001502,鳳信里,20,中正路一段,,,,６號,293876.612,2624286.328,花蓮縣鳳林鎮鳳信里中正路一段６號
10015,1001502,鳳信里,19,中正路一段,,,,８號,294219.394,2624493.568,花蓮縣鳳林鎮鳳信里中正路一段８號
10015,1001502,鳳信里,19,中正路一段,,,,１１號,294281.109,2624571.645,花蓮縣鳳林鎮鳳信里中正路一段１１號
10015,1001502,鳳信里,19,中正路一段,,１３巷,,１號,294286.984,2624587.582,花蓮縣鳳林鎮鳳信里中正路一段１３巷１號
10015,1001502,鳳信里,19,中正路一段,,１３巷,,４號,294276.653,2624584.987,花蓮縣鳳林鎮鳳信里中正路一段１３巷４號
10015,1001502,鳳信里,19,中正路一段,,１３巷,,５號,294266.684,2624582.858,花蓮縣鳳林鎮鳳信里中正路一段１３巷５號
10015,1001502,鳳信里,19,中正路一段,,１３巷,,７號,294255.066,2624581.061,花蓮縣鳳林鎮鳳信里中正路一段１３巷７號
10015,1001502,鳳信里,19,中正路一段,,１３巷,,８號,294261.243,2624594.886,花蓮縣鳳林鎮鳳信里中正路一段１３巷８號
10015,1001502,鳳信里,19,中正路一段,,１３巷,,９號,294244.024,2624585.245,花蓮縣鳳林鎮鳳信里中正路一段１３巷９號
10015,1001502,鳳信里,19,中正路一段,,１３巷,,１０號,294232.839,2624584.286,花蓮縣鳳林鎮鳳信里中正路一段１３巷１０號
10015,1001502,鳳信里,19,中正路一段,,１３巷,,１１號,294222.811,2624583.497,花蓮縣鳳林鎮鳳信里中正路一段１３巷１１號
10015,1001502,鳳信里,19,中正路一段,,１３巷,,１２號,294216.479,2624582.577,花蓮縣鳳林鎮鳳信里中正路一段１３巷１２號
10015,1001502,鳳信里,19,中正路一段,,１３巷,,１３號,294213.703,2624572.488,花蓮縣鳳林鎮鳳信里中正路一段１３巷１３號
10015,1001502,鳳信里,19,中正路一段,,１３巷,,１４號,294188.655,2624572.708,花蓮縣鳳林鎮鳳信里中正路一段１３巷１４號
10015,1001502,鳳信里,19,中正路一段,,１３巷,,１５號,294196.75,2624586.106,花蓮縣鳳林鎮鳳信里中正路一段１３巷１５號
10015,1001502,鳳信里,19,中正路一段,,１３巷,,１６號,294189.377,2624582.032,花蓮縣鳳林鎮鳳信里中正路一段１３巷１６號
10015,1001502,鳳信里,19,中正路一段,,１３巷,,１７號,294182.437,2624581.643,花蓮縣鳳林鎮鳳信里中正路一段１３巷１７號
10015,1001502,鳳信里,19,中正路一段,,１３巷,,１７號之１,294173.84,2624580.54,花蓮縣鳳林鎮鳳信里中正路一段１３巷１７號之１
10015,1001502,鳳信里,19,中正路一段,,１３巷,,１８號,294173.762,2624579.258,花蓮縣鳳林鎮鳳信里中正路一段１３巷１８號
10015,1001502,鳳信里,19,中正路一段,,１３巷,,１８號之２,294163.16,2624585.13,花蓮縣鳳林鎮鳳信里中正路一段１３巷１８號之２
10015,1001502,鳳信里,19,中正路一段,,１３巷,,１９號,294147.447,2624570.02,花蓮縣鳳林鎮鳳信里中正路一段１３巷１９號
10015,1001502,鳳信里,19,中正路一段,,１３巷,,２０號,294131.916,2624567.627,花蓮縣鳳林鎮鳳信里中正路一段１３巷２０號
10015,1001502,鳳信里,19,中正路一段,,１３巷,,２１號,294148,2624582.344,花蓮縣鳳林鎮鳳信里中正路一段１３巷２１號
10015,1001502,鳳信里,19,中正路一段,,１３巷,,２２號,294139.726,2624583.69,花蓮縣鳳林鎮鳳信里中正路一段１３巷２２號
10015,1001502,鳳信里,19,中正路一段,,１３巷,,２３號,294152.22,2624586.73,花蓮縣鳳林鎮鳳信里中正路一段１３巷２３號
10015,1001502,鳳信里,19,中正路一段,,１３巷,,２４號,294224.061,2624610.511,花蓮縣鳳林鎮鳳信里中正路一段１３巷２４號
10015,1001502,鳳信里,19,中正路一段,,１３巷,,２５號,294233.414,2624603.577,花蓮縣鳳林鎮鳳信里中正路一段１３巷２５號
10015,1001502,鳳信里,19,中正路一段,,１３巷,,２６號,294243.046,2624603.781,花蓮縣鳳林鎮鳳信里中正路一段１３巷２６號
10015,1001502,鳳信里,19,中正路一段,,１３巷,,２７號,294254.591,2624612.304,花蓮縣鳳林鎮鳳信里中正路一段１３巷２７號
10015,1001502,鳳信里,19,中正路一段,,１３巷,,２８號,294264.047,2624605.456,花蓮縣鳳林鎮鳳信里中正路一段１３巷２８號
10015,1001502,鳳信里,19,中正路一段,,１３巷,,２９號,294285.679,2624612.478,花蓮縣鳳林鎮鳳信里中正路一段１３巷２９號
10015,1001502,鳳信里,19,中正路一段,,１３巷,,３０號,294308.244,2624614.829,花蓮縣鳳林鎮鳳信里中正路一段１３巷３０號
10015,1001502,鳳信里,19,中正路一段,,１３巷,,３１號,294322.409,2624625.176,花蓮縣鳳林鎮鳳信里中正路一段１３巷３１號
10015,1001502,鳳信里,19,中正路一段,,１３巷,,３２號,294340.515,2624622.138,花蓮縣鳳林鎮鳳信里中正路一段１３巷３２號
10015,1001502,鳳信里,19,中正路一段,,,,１５號,294293.657,2624578.44,花蓮縣鳳林鎮鳳信里中正路一段１５號
10015,1001502,鳳信里,19,中正路一段,,,,１７號,294296.823,2624579.394,花蓮縣鳳林鎮鳳信里中正路一段１７號
10015,1001502,鳳信里,19,中正路一段,,,,１９號,294300.502,2624580.328,花蓮縣鳳林鎮鳳信里中正路一段１９號
10015,1001502,鳳信里,19,中正路一段,,,,２１號,294303.668,2624581.282,花蓮縣鳳林鎮鳳信里中正路一段２１號
10015,1001502,鳳信里,19,中正路一段,,,,２３號,294313.536,2624585.863,花蓮縣鳳林鎮鳳信里中正路一段２３號
10015,1001502,鳳信里,19,中正路一段,,,,２５號,294324.849,2624589.991,花蓮縣鳳林鎮鳳信里中正路一段２５號
10015,1001502,鳳信里,19,中正路一段,,,,２７號,294339.153,2624594.98,花蓮縣鳳林鎮鳳信里中正路一段２７號
10015,1001502,鳳信里,19,中正路一段,,,,２９號,294364.966,2624604.237,花蓮縣鳳林鎮鳳信里中正路一段２９號
10015,1001502,鳳信里,19,中正路一段,,,,３１號,294370.24,2624605.915,花蓮縣鳳林鎮鳳信里中正路一段３１號
10015,1001502,鳳信里,19,中正路一段,,,,３３號,294374.089,2624607.242,花蓮縣鳳林鎮鳳信里中正路一段３３號
10015,1001502,鳳信里,18,中正路一段,,,,３４號一樓,294922.455,2624998.287,花蓮縣鳳林鎮鳳信里中正路一段３４號一樓
10015,1001502,鳳信里,18,中正路一段,,,,３４號二樓,294922.455,2624998.287,花蓮縣鳳林鎮鳳信里中正路一段３４號二樓
10015,1001502,鳳信里,18,中正路一段,,,,３４號三樓,294922.455,2624998.287,花蓮縣鳳林鎮鳳信里中正路一段３４號三樓
10015,1001502,鳳信里,19,中正路一段,,,,３５號,294378.628,2624608.689,花蓮縣鳳林鎮鳳信里中正路一段３５號
10015,1001502,鳳信里,18,中正路一段,,,,３６號一樓,294925.762,2624992.995,花蓮縣鳳林鎮鳳信里中正路一段３６號一樓
10015,1001502,鳳信里,18,中正路一段,,,,３６號二樓,294925.762,2624992.995,花蓮縣鳳林鎮鳳信里中正路一段３６號二樓
10015,1001502,鳳信里,18,中正路一段,,,,３６號三樓,294925.762,2624992.995,花蓮縣鳳林鎮鳳信里中正路一段３６號三樓
10015,1001502,鳳信里,19,中正路一段,,,,３７號,294384.88,2624610.28,花蓮縣鳳林鎮鳳信里中正路一段３７號
10015,1001502,鳳信里,18,中正路一段,,,,３８號一樓,294929.748,2624985.023,花蓮縣鳳林鎮鳳信里中正路一段３８號一樓
10015,1001502,鳳信里,18,中正路一段,,,,３８號二樓,294929.748,2624985.023,花蓮縣鳳林鎮鳳信里中正路一段３８號二樓
10015,1001502,鳳信里,18,中正路一段,,,,３８號三樓,294929.748,2624985.023,花蓮縣鳳林鎮鳳信里中正路一段３８號三樓
10015,1001502,鳳信里,19,中正路一段,,,,３９號,294389.52,2624612.2,花蓮縣鳳林鎮鳳信里中正路一段３９號
10015,1001502,鳳信里,18,中正路一段,,,,４０號一樓,294933.717,2624976.424,花蓮縣鳳林鎮鳳信里中正路一段４０號一樓
10015,1001502,鳳信里,18,中正路一段,,,,４０號二樓,294933.717,2624976.424,花蓮縣鳳林鎮鳳信里中正路一段４０號二樓
10015,1001502,鳳信里,18,中正路一段,,,,４０號三樓,294933.717,2624976.424,花蓮縣鳳林鎮鳳信里中正路一段４０號三樓
10015,1001502,鳳信里,19,中正路一段,,,,４１號,294395.537,2624614.575,花蓮縣鳳林鎮鳳信里中正路一段４１號
10015,1001502,鳳信里,18,中正路一段,,,,４２號一樓,294937.686,2624969.148,花蓮縣鳳林鎮鳳信里中正路一段４２號一樓
10015,1001502,鳳信里,18,中正路一段,,,,４２號二樓,294937.686,2624969.148,花蓮縣鳳林鎮鳳信里中正路一段４２號二樓
10015,1001502,鳳信里,18,中正路一段,,,,４２號三樓,294937.686,2624969.148,花蓮縣鳳林鎮鳳信里中正路一段４２號三樓
10015,1001502,鳳信里,19,中正路一段,,,,４３號,294400.875,2624616.836,花蓮縣鳳林鎮鳳信里中正路一段４３號
10015,1001502,鳳信里,19,中正路一段,,,,４５號,294406.097,2624618.724,花蓮縣鳳林鎮鳳信里中正路一段４５號
10015,1001502,鳳信里,18,中正路一段,,,,４６號一樓,294941.655,2624963.857,花蓮縣鳳林鎮鳳信里中正路一段４６號一樓
10015,1001502,鳳信里,18,中正路一段,,,,４６號二樓,294941.655,2624963.857,花蓮縣鳳林鎮鳳信里中正路一段４６號二樓
10015,1001502,鳳信里,18,中正路一段,,,,４６號三樓,294941.655,2624963.857,花蓮縣鳳林鎮鳳信里中正路一段４６號三樓
10015,1001502,鳳信里,19,中正路一段,,,,４７號,294413.14,2624620.048,花蓮縣鳳林鎮鳳信里中正路一段４７號
10015,1001502,鳳信里,18,中正路一段,,,,４８號一樓,294946.946,2624955.258,花蓮縣鳳林鎮鳳信里中正路一段４８號一樓
10015,1001502,鳳信里,18,中正路一段,,,,４８號二樓,294946.946,2624955.258,花蓮縣鳳林鎮鳳信里中正路一段４８號二樓
10015,1001502,鳳信里,18,中正路一段,,,,４８號三樓,294946.946,2624955.258,花蓮縣鳳林鎮鳳信里中正路一段４８號三樓
10015,1001502,鳳信里,19,中正路一段,,,,４９號,294417.526,2624621.844,花蓮縣鳳林鎮鳳信里中正路一段４９號
10015,1001502,鳳信里,18,中正路一段,,,,５０號一樓,294952.238,2624947.32,花蓮縣鳳林鎮鳳信里中正路一段５０號一樓
10015,1001502,鳳信里,18,中正路一段,,,,５０號二樓,294952.238,2624947.32,花蓮縣鳳林鎮鳳信里中正路一段５０號二樓
10015,1001502,鳳信里,18,中正路一段,,,,５０號三樓,294952.238,2624947.32,花蓮縣鳳林鎮鳳信里中正路一段５０號三樓
10015,1001502,鳳信里,19,中正路一段,,,,５１號,294423.236,2624624.181,花蓮縣鳳林鎮鳳信里中正路一段５１號
10015,1001502,鳳信里,18,中正路一段,,,,５２號一樓,294958.191,2624938.06,花蓮縣鳳林鎮鳳信里中正路一段５２號一樓
10015,1001502,鳳信里,18,中正路一段,,,,５２號二樓,294958.191,2624938.06,花蓮縣鳳林鎮鳳信里中正路一段５２號二樓
10015,1001502,鳳信里,18,中正路一段,,,,５２號三樓,294958.191,2624938.06,花蓮縣鳳林鎮鳳信里中正路一段５２號三樓
10015,1001502,鳳信里,19,中正路一段,,,,５３號,294428.384,2624626.687,花蓮縣鳳林鎮鳳信里中正路一段５３號
10015,1001502,鳳信里,18,中正路一段,,,,５４號一樓,294962.804,2624930.818,花蓮縣鳳林鎮鳳信里中正路一段５４號一樓
10015,1001502,鳳信里,18,中正路一段,,,,５４號二樓,294962.804,2624930.818,花蓮縣鳳林鎮鳳信里中正路一段５４號二樓
10015,1001502,鳳信里,18,中正路一段,,,,５４號三樓,294962.804,2624930.818,花蓮縣鳳林鎮鳳信里中正路一段５４號三樓
10015,1001502,鳳信里,19,中正路一段,,,,５５號,294433.2,2624628.494,花蓮縣鳳林鎮鳳信里中正路一段５５號
10015,1001502,鳳信里,19,中正路一段,,,,５７號,294452.965,2624640.112,花蓮縣鳳林鎮鳳信里中正路一段５７號
10015,1001502,鳳信里,21,中正路一段,,６７巷,,１之２號,294565.46,2624760.4,花蓮縣鳳林鎮鳳信里中正路一段６７巷１之２號
10015,1001502,鳳信里,21,中正路一段,,６７巷,,１號,294613.376,2624806.296,花蓮縣鳳林鎮鳳信里中正路一段６７巷１號
10015,1001502,鳳信里,21,中正路一段,,６７巷,,２號,294591.962,2624797.494,花蓮縣鳳林鎮鳳信里中正路一段６７巷２號
10015,1001502,鳳信里,21,中正路一段,,６７巷,,３號,294594.932,2624805.044,花蓮縣鳳林鎮鳳信里中正路一段６７巷３號
10015,1001502,鳳信里,21,中正路一段,,６７巷,,４號,294597.784,2624815.109,花蓮縣鳳林鎮鳳信里中正路一段６７巷４號
10015,1001502,鳳信里,21,中正路一段,,６７巷,,５號,294600.675,2624820.056,花蓮縣鳳林鎮鳳信里中正路一段６７巷５號
10015,1001502,鳳信里,21,中正路一段,,６７巷,,６號,294603.259,2624825.127,花蓮縣鳳林鎮鳳信里中正路一段６７巷６號
10015,1001502,鳳信里,21,中正路一段,,６７巷,,７號,294605.069,2624828.327,花蓮縣鳳林鎮鳳信里中正路一段６７巷７號
10015,1001502,鳳信里,21,中正路一段,,６７巷,,８號,294604.845,2624836.037,花蓮縣鳳林鎮鳳信里中正路一段６７巷８號
10015,1001502,鳳信里,21,中正路一段,,６７巷,,９號,294608.953,2624833.362,花蓮縣鳳林鎮鳳信里中正路一段６７巷９號
10015,1001502,鳳信里,21,中正路一段,,,,６９號,294619.369,2624786.151,花蓮縣鳳林鎮鳳信里中正路一段６９號
10015,1001502,鳳信里,21,中正路一段,,,,７１號,294623.642,2624790.778,花蓮縣鳳林鎮鳳信里中正路一段７１號
10015,1001502,鳳信里,21,中正路一段,,,,７３號,294629.091,2624796.175,花蓮縣鳳林鎮鳳信里中正路一段７３號
10015,1001502,鳳信里,21,中正路一段,,,,７５號,294634.64,2624801.852,花蓮縣鳳林鎮鳳信里中正路一段７５號
10015,1001502,鳳信里,21,中正路一段,,,,７７號,294639.058,2624806.949,花蓮縣鳳林鎮鳳信里中正路一段７７號
10015,1001502,鳳信里,21,中正路一段,,,,７９號,294645.311,2624813.831,花蓮縣鳳林鎮鳳信里中正路一段７９號
10015,1001502,鳳信里,21,中正路一段,,,,８１號,294645.311,2624813.831,花蓮縣鳳林鎮鳳信里中正路一段８１號
10015,1001502,鳳信里,21,中正路一段,,,,８３號,294653.442,2624822.196,花蓮縣鳳林鎮鳳信里中正路一段８３號
10015,1001502,鳳信里,21,中正路一段,,,,８５號,294659.34,2624828.005,花蓮縣鳳林鎮鳳信里中正路一段８５號
10015,1001502,鳳信里,21,中正路一段,,９１巷,,２號,294645.946,2624840.779,花蓮縣鳳林鎮鳳信里中正路一段９１巷２號
10015,1001502,鳳信里,21,中正路一段,,９１巷,,４號,294643.386,2624853.629,花蓮縣鳳林鎮鳳信里中正路一段９１巷４號
10015,1001502,鳳信里,21,中正路一段,,９１巷,,５號,294629.653,2624842.932,花蓮縣鳳林鎮鳳信里中正路一段９１巷５號
10015,1001502,鳳信里,17,中正路一段,,,,９３號,294665.206,2624835.888,花蓮縣鳳林鎮鳳信里中正路一段９３號
10015,1001502,鳳信里,17,中正路一段,,,,９９號,294670.441,2624841.862,花蓮縣鳳林鎮鳳信里中正路一段９９號
10015,1001502,鳳信里,17,中正路一段,,,,１０１號,294673.7,2624845.79,花蓮縣鳳林鎮鳳信里中正路一段１０１號
10015,1001502,鳳信里,1,中正路一段,,,,１０２號,295106.594,2625209.191,花蓮縣鳳林鎮鳳信里中正路一段１０２號
10015,1001502,鳳信里,17,中正路一段,,,,１０３號,294675.526,2624859.489,花蓮縣鳳林鎮鳳信里中正路一段１０３號
10015,1001502,鳳信里,1,中正路一段,,,,１０４號,295107.014,2625218.846,花蓮縣鳳林鎮鳳信里中正路一段１０４號
10015,1001502,鳳信里,17,中正路一段,,,,１０５號,294693.188,2624866.807,花蓮縣鳳林鎮鳳信里中正路一段１０５號
10015,1001502,鳳信里,1,中正路一段,,,,１０６號,295120.994,2625217.883,花蓮縣鳳林鎮鳳信里中正路一段１０６號
10015,1001502,鳳信里,17,中正路一段,,,,１０９號,294697.843,2624872.351,花蓮縣鳳林鎮鳳信里中正路一段１０９號
10015,1001502,鳳信里,1,中正路一段,,,,１１０號,295117.528,2625247.932,花蓮縣鳳林鎮鳳信里中正路一段１１０號
10015,1001502,鳳信里,17,中正路一段,,,,１１１號,294705.49,2624880.234,花蓮縣鳳林鎮鳳信里中正路一段１１１號
10015,1001502,鳳信里,1,中正路一段,,,,１１２號,295124.009,2625268.867,花蓮縣鳳林鎮鳳信里中正路一段１１２號
10015,1001502,鳳信里,17,中正路一段,,,,１１３號,294713.695,2624886.486,花蓮縣鳳林鎮鳳信里中正路一段１１３號
10015,1001502,鳳信里,1,中正路一段,,,,１１４號,295109.246,2625292.876,花蓮縣鳳林鎮鳳信里中正路一段１１４號
10015,1001502,鳳信里,17,中正路一段,,,,１１５號,294716.133,2624889.003,花蓮縣鳳林鎮鳳信里中正路一段１１５號
10015,1001502,鳳信里,1,中正路一段,,,,１１６號,295111.186,2625297.608,花蓮縣鳳林鎮鳳信里中正路一段１１６號
10015,1001502,鳳信里,17,中正路一段,,,,１１７號,294718.4,2624891.737,花蓮縣鳳林鎮鳳信里中正路一段１１７號
10015,1001502,鳳信里,1,中正路一段,,,,１１８號,295110.265,2625310.411,花蓮縣鳳林鎮鳳信里中正路一段１１８號
10015,1001502,鳳信里,1,中正路一段,,,,１１８號之１,295109.003,2625307.154,花蓮縣鳳林鎮鳳信里中正路一段１１８號之１
10015,1001502,鳳信里,17,中正路一段,,,,１１９號,294720.747,2624894.117,花蓮縣鳳林鎮鳳信里中正路一段１１９號
10015,1001502,鳳信里,14,中正路一段,,１２０巷,,１號,295127.243,2625321.767,花蓮縣鳳林鎮鳳信里中正路一段１２０巷１號
10015,1001502,鳳信里,1,中正路一段,,１２０巷,,２之１號,295131.903,2625273.828,花蓮縣鳳林鎮鳳信里中正路一段１２０巷２之１號
10015,1001502,鳳信里,1,中正路一段,,１２０巷,,２號,295135.808,2625283.354,花蓮縣鳳林鎮鳳信里中正路一段１２０巷２號
10015,1001502,鳳信里,14,中正路一段,,１２０巷,,３之１號,295161.869,2625308.232,花蓮縣鳳林鎮鳳信里中正路一段１２０巷３之１號
10015,1001502,鳳信里,14,中正路一段,,１２０巷,,３號,295153.991,2625318.732,花蓮縣鳳林鎮鳳信里中正路一段１２０巷３號
10015,1001502,鳳信里,1,中正路一段,,１２０巷,,４號,295158.53,2625261.548,花蓮縣鳳林鎮鳳信里中正路一段１２０巷４號
10015,1001502,鳳信里,14,中正路一段,,１２０巷,,５號,295170.288,2625302.453,花蓮縣鳳林鎮鳳信里中正路一段１２０巷５號
10015,1001502,鳳信里,1,中正路一段,,１２０巷,,６之１號,295164.82,2625230.26,花蓮縣鳳林鎮鳳信里中正路一段１２０巷６之１號
10015,1001502,鳳信里,1,中正路一段,,１２０巷,,６號,295165.717,2625237.516,花蓮縣鳳林鎮鳳信里中正路一段１２０巷６號
10015,1001502,鳳信里,14,中正路一段,,１２０巷,,７號,295197.558,2625293.335,花蓮縣鳳林鎮鳳信里中正路一段１２０巷７號
10015,1001502,鳳信里,14,中正路一段,,１２０巷,,７之１號,295205.13,2625284.22,花蓮縣鳳林鎮鳳信里中正路一段１２０巷７之１號
10015,1001502,鳳信里,2,中正路一段,,１２０巷,,８號,295154.485,2625224.64,花蓮縣鳳林鎮鳳信里中正路一段１２０巷８號
10015,1001502,鳳信里,14,中正路一段,,１２０巷,,９號,295195.936,2625244.787,花蓮縣鳳林鎮鳳信里中正路一段１２０巷９號
10015,1001502,鳳信里,2,中正路一段,,１２０巷,,１０號,295137.472,2625210.139,花蓮縣鳳林鎮鳳信里中正路一段１２０巷１０號
10015,1001502,鳳信里,2,中正路一段,,１２０巷,,１０號之１,295126.863,2625196.69,花蓮縣鳳林鎮鳳信里中正路一段１２０巷１０號之１
10015,1001502,鳳信里,14,中正路一段,,１２０巷,,１１號,295223.585,2625260.941,花蓮縣鳳林鎮鳳信里中正路一段１２０巷１１號
10015,1001502,鳳信里,2,中正路一段,,１２０巷,,１２號,295126.573,2625188.067,花蓮縣鳳林鎮鳳信里中正路一段１２０巷１２號
10015,1001502,鳳信里,2,中正路一段,,１２０巷,,１２號之１,295128.847,2625174.862,花蓮縣鳳林鎮鳳信里中正路一段１２０巷１２號之１
10015,1001502,鳳信里,14,中正路一段,,１２０巷,,１３號,295223.975,2625275.797,花蓮縣鳳林鎮鳳信里中正路一段１２０巷１３號
10015,1001502,鳳信里,2,中正路一段,,１２０巷,,１４號,295179.993,2625232.522,花蓮縣鳳林鎮鳳信里中正路一段１２０巷１４號
10015,1001502,鳳信里,14,中正路一段,,１２０巷,,１５號,295239.901,2625297.322,花蓮縣鳳林鎮鳳信里中正路一段１２０巷１５號
10015,1001502,鳳信里,2,中正路一段,,１２０巷,,１６號,295169.226,2625214.653,花蓮縣鳳林鎮鳳信里中正路一段１２０巷１６號
10015,1001502,鳳信里,14,中正路一段,,１２０巷,,１７號,295203.988,2625224.129,花蓮縣鳳林鎮鳳信里中正路一段１２０巷１７號
10015,1001502,鳳信里,2,中正路一段,,１２０巷,,１８號,295196.958,2625199.078,花蓮縣鳳林鎮鳳信里中正路一段１２０巷１８號
10015,1001502,鳳信里,14,中正路一段,,１２０巷,,１９號,295216.453,2625242.621,花蓮縣鳳林鎮鳳信里中正路一段１２０巷１９號
10015,1001502,鳳信里,2,中正路一段,,１２０巷,,２０號,295170.692,2625187.215,花蓮縣鳳林鎮鳳信里中正路一段１２０巷２０號
10015,1001502,鳳信里,14,中正路一段,,１２０巷,,２１號,295255.972,2625284.375,花蓮縣鳳林鎮鳳信里中正路一段１２０巷２１號
10015,1001502,鳳信里,2,中正路一段,,１２０巷,,２２號,295152.523,2625181.758,花蓮縣鳳林鎮鳳信里中正路一段１２０巷２２號
10015,1001502,鳳信里,14,中正路一段,,１２０巷,,２３號,295250.343,2625252.814,花蓮縣鳳林鎮鳳信里中正路一段１２０巷２３號
10015,1001502,鳳信里,2,中正路一段,,１２０巷,,２４號,295202.538,2625160.628,花蓮縣鳳林鎮鳳信里中正路一段１２０巷２４號
10015,1001502,鳳信里,14,中正路一段,,１２０巷,,２５號,295266.987,2625204.882,花蓮縣鳳林鎮鳳信里中正路一段１２０巷２５號
10015,1001502,鳳信里,2,中正路一段,,１２０巷,,２６號,295072.733,2625006.527,花蓮縣鳳林鎮鳳信里中正路一段１２０巷２６號
10015,1001502,鳳信里,3,中正路一段,,１２０巷,,２７號,295352.935,2625122.523,花蓮縣鳳林鎮鳳信里中正路一段１２０巷２７號
10015,1001502,鳳信里,2,中正路一段,,１２０巷,,２８號,295253.414,2625142.455,花蓮縣鳳林鎮鳳信里中正路一段１２０巷２８號
10015,1001502,鳳信里,3,中正路一段,,１２０巷,,２９號,295380.114,2625151.946,花蓮縣鳳林鎮鳳信里中正路一段１２０巷２９號
10015,1001502,鳳信里,2,中正路一段,,１２０巷,,３０號,295258.249,2625137.945,花蓮縣鳳林鎮鳳信里中正路一段１２０巷３０號
10015,1001502,鳳信里,3,中正路一段,,１２０巷,,３１號,295387.25,2625165.753,花蓮縣鳳林鎮鳳信里中正路一段１２０巷３１號
10015,1001502,鳳信里,3,中正路一段,,１２０巷,,３３號,295408.661,2625164.719,花蓮縣鳳林鎮鳳信里中正路一段１２０巷３３號
10015,1001502,鳳信里,3,中正路一段,,１２０巷,,３６號,295302.698,2625091.141,花蓮縣鳳林鎮鳳信里中正路一段１２０巷３６號
10015,1001502,鳳信里,3,中正路一段,,１２０巷,,３７號,295409.786,2625203.405,花蓮縣鳳林鎮鳳信里中正路一段１２０巷３７號
10015,1001502,鳳信里,3,中正路一段,,１２０巷,,３８號,295305.137,2625075.096,花蓮縣鳳林鎮鳳信里中正路一段１２０巷３８號
10015,1001502,鳳信里,3,中正路一段,,１２０巷,,３９號,295422.093,2625230.337,花蓮縣鳳林鎮鳳信里中正路一段１２０巷３９號
10015,1001502,鳳信里,3,中正路一段,,１２０巷,,４０號,295288.572,2625048.648,花蓮縣鳳林鎮鳳信里中正路一段１２０巷４０號
10015,1001502,鳳信里,3,中正路一段,,１２０巷,,４１號,295445.148,2625241.531,花蓮縣鳳林鎮鳳信里中正路一段１２０巷４１號
10015,1001502,鳳信里,3,中正路一段,,１２０巷,,４２號,295266.956,2625030.271,花蓮縣鳳林鎮鳳信里中正路一段１２０巷４２號
10015,1001502,鳳信里,3,中正路一段,,１２０巷,,４３號,295434.159,2625207.086,花蓮縣鳳林鎮鳳信里中正路一段１２０巷４３號
10015,1001502,鳳信里,3,中正路一段,,１２０巷,,４５號,295393.646,2625142.493,花蓮縣鳳林鎮鳳信里中正路一段１２０巷４５號
10015,1001502,鳳信里,3,中正路一段,,１２０巷,,４６號,295249.46,2625038,花蓮縣鳳林鎮鳳信里中正路一段１２０巷４６號
10015,1001502,鳳信里,3,中正路一段,,１２０巷,,４７號,295379.126,2625132.657,花蓮縣鳳林鎮鳳信里中正路一段１２０巷４７號
10015,1001502,鳳信里,3,中正路一段,,１２０巷,,４７號之１,295384.49,2625117.82,花蓮縣鳳林鎮鳳信里中正路一段１２０巷４７號之１
10015,1001502,鳳信里,3,中正路一段,,１２０巷,,４８號,295260.876,2625026.025,花蓮縣鳳林鎮鳳信里中正路一段１２０巷４８號
10015,1001502,鳳信里,3,中正路一段,,１２０巷,,４９號,295358.169,2625114.323,花蓮縣鳳林鎮鳳信里中正路一段１２０巷４９號
10015,1001502,鳳信里,3,中正路一段,,１２０巷,,５０號,295259.664,2625019.643,花蓮縣鳳林鎮鳳信里中正路一段１２０巷５０號
10015,1001502,鳳信里,3,中正路一段,,１２０巷,,５１號,295343.679,2625103.063,花蓮縣鳳林鎮鳳信里中正路一段１２０巷５１號
10015,1001502,鳳信里,3,中正路一段,,１２０巷,,５２號,295256.225,2625017.821,花蓮縣鳳林鎮鳳信里中正路一段１２０巷５２號
10015,1001502,鳳信里,3,中正路一段,,１２０巷,,５３號,295325.567,2625078.49,花蓮縣鳳林鎮鳳信里中正路一段１２０巷５３號
10015,1001502,鳳信里,3,中正路一段,,１２０巷,,５４號,295253.867,2625015.932,花蓮縣鳳林鎮鳳信里中正路一段１２０巷５４號
10015,1001502,鳳信里,3,中正路一段,,１２０巷,,５５號,295323.29,2625052.115,花蓮縣鳳林鎮鳳信里中正路一段１２０巷５５號
10015,1001502,鳳信里,3,中正路一段,,１２０巷,,５６號,295250.068,2625013.475,花蓮縣鳳林鎮鳳信里中正路一段１２０巷５６號
10015,1001502,鳳信里,3,中正路一段,,１２０巷,,５７號,295316.12,2625049.021,花蓮縣鳳林鎮鳳信里中正路一段１２０巷５７號
10015,1001502,鳳信里,3,中正路一段,,１２０巷,,５８號,295241.58,2625008.457,花蓮縣鳳林鎮鳳信里中正路一段１２０巷５８號
10015,1001502,鳳信里,3,中正路一段,,１２０巷,,５９號,295308.335,2625034.879,花蓮縣鳳林鎮鳳信里中正路一段１２０巷５９號
10015,1001502,鳳信里,3,中正路一段,,１２０巷,,６０號,295219.904,2625010.617,花蓮縣鳳林鎮鳳信里中正路一段１２０巷６０號
10015,1001502,鳳信里,3,中正路一段,,１２０巷,,６１號,295299.191,2625029.281,花蓮縣鳳林鎮鳳信里中正路一段１２０巷６１號
10015,1001502,鳳信里,3,中正路一段,,１２０巷,,６２號,295229.958,2625004.591,花蓮縣鳳林鎮鳳信里中正路一段１２０巷６２號
10015,1001502,鳳信里,3,中正路一段,,１２０巷,,６３號,295243.279,2624997.339,花蓮縣鳳林鎮鳳信里中正路一段１２０巷６３號
10015,1001502,鳳信里,3,中正路一段,,１２０巷,,６４號,295264.844,2625003.128,花蓮縣鳳林鎮鳳信里中正路一段１２０巷６４號
10015,1001502,鳳信里,3,中正路一段,,１２０巷,,６５號,295238.994,2624995.081,花蓮縣鳳林鎮鳳信里中正路一段１２０巷６５號
10015,1001502,鳳信里,3,中正路一段,,１２０巷,,６６號,295215.057,2625000,花蓮縣鳳林鎮鳳信里中正路一段１２０巷６６號
10015,1001502,鳳信里,3,中正路一段,,１２０巷,,６７號,295233.684,2624983.39,花蓮縣鳳林鎮鳳信里中正路一段１２０巷６７號
10015,1001502,鳳信里,3,中正路一段,,１２０巷,,６９號,295227.567,2624979.56,花蓮縣鳳林鎮鳳信里中正路一段１２０巷６９號
10015,1001502,鳳信里,3,中正路一段,,１２０巷,,７０號,295044.1,2624943.225,花蓮縣鳳林鎮鳳信里中正路一段１２０巷７０號
10015,1001502,鳳信里,3,中正路一段,,１２０巷,,７５號,295079.161,2624891.464,花蓮縣鳳林鎮鳳信里中正路一段１２０巷７５號
10015,1001502,鳳信里,3,中正路一段,,１２０巷,,７７號,295033.364,2624872.751,花蓮縣鳳林鎮鳳信里中正路一段１２０巷７７號
10015,1001502,鳳信里,14,中正路一段,,,,１２２號,295129.332,2625357.76,花蓮縣鳳林鎮鳳信里中正路一段１２２號
10015,1001502,鳳信里,17,中正路一段,,,,１２３號,294724.991,2624898.821,花蓮縣鳳林鎮鳳信里中正路一段１２３號
10015,1001502,鳳信里,14,中正路一段,,,,１２４號,295138.293,2625380.266,花蓮縣鳳林鎮鳳信里中正路一段１２４號
10015,1001502,鳳信里,17,中正路一段,,,,１２５號,294727.398,2624901.575,花蓮縣鳳林鎮鳳信里中正路一段１２５號
10015,1001502,鳳信里,13,中正路一段,,１２６巷,,１號,295174.064,2625382.441,花蓮縣鳳林鎮鳳信里中正路一段１２６巷１號
10015,1001502,鳳信里,14,中正路一段,,１２６巷,,２號,295147.594,2625369.67,花蓮縣鳳林鎮鳳信里中正路一段１２６巷２號
10015,1001502,鳳信里,13,中正路一段,,１２６巷,,５號,295217.32,2625357.298,花蓮縣鳳林鎮鳳信里中正路一段１２６巷５號
10015,1001502,鳳信里,14,中正路一段,,１２６巷,,６號,295157.026,2625347.147,花蓮縣鳳林鎮鳳信里中正路一段１２６巷６號
10015,1001502,鳳信里,13,中正路一段,,１２６巷,,７號,295238.994,2625355.064,花蓮縣鳳林鎮鳳信里中正路一段１２６巷７號
10015,1001502,鳳信里,14,中正路一段,,１２６巷,,８號,295188.964,2625349.188,花蓮縣鳳林鎮鳳信里中正路一段１２６巷８號
10015,1001502,鳳信里,13,中正路一段,,１２６巷,,９號,295257.469,2625353.559,花蓮縣鳳林鎮鳳信里中正路一段１２６巷９號
10015,1001502,鳳信里,14,中正路一段,,１２６巷,,１０號,295212.799,2625341.9,花蓮縣鳳林鎮鳳信里中正路一段１２６巷１０號
10015,1001502,鳳信里,13,中正路一段,,１２６巷,,１１號,295269.945,2625361.924,花蓮縣鳳林鎮鳳信里中正路一段１２６巷１１號
10015,1001502,鳳信里,14,中正路一段,,１２６巷,,１２號,295205.393,2625329.65,花蓮縣鳳林鎮鳳信里中正路一段１２６巷１２號
10015,1001502,鳳信里,13,中正路一段,,１２６巷,,１３號,295271.154,2625345.218,花蓮縣鳳林鎮鳳信里中正路一段１２６巷１３號
10015,1001502,鳳信里,13,中正路一段,,１２６巷,,１３之５號,295289.16,2625357.16,花蓮縣鳳林鎮鳳信里中正路一段１２６巷１３之５號
10015,1001502,鳳信里,13,中正路一段,,１２６巷,,１３之６號,295294.32,2625356.43,花蓮縣鳳林鎮鳳信里中正路一段１２６巷１３之６號
10015,1001502,鳳信里,13,中正路一段,,１２６巷,,１３之７號,295300.07,2625355.09,花蓮縣鳳林鎮鳳信里中正路一段１２６巷１３之７號
10015,1001502,鳳信里,13,中正路一段,,１２６巷,,１３之３號,295279.65,2625359.24,花蓮縣鳳林鎮鳳信里中正路一段１２６巷１３之３號
10015,1001502,鳳信里,14,中正路一段,,１２６巷,,１４號,295196.454,2625324.802,花蓮縣鳳林鎮鳳信里中正路一段１２６巷１４號
10015,1001502,鳳信里,13,中正路一段,,１２６巷,,１５號,295295.551,2625340.281,花蓮縣鳳林鎮鳳信里中正路一段１２６巷１５號
10015,1001502,鳳信里,14,中正路一段,,１２６巷,,１６號,295248.036,2625322.415,花蓮縣鳳林鎮鳳信里中正路一段１２６巷１６號
10015,1001502,鳳信里,13,中正路一段,,１２６巷,,１７號,295309.647,2625356.418,花蓮縣鳳林鎮鳳信里中正路一段１２６巷１７號
10015,1001502,鳳信里,14,中正路一段,,１２６巷,,１８號,295335.754,2625312.465,花蓮縣鳳林鎮鳳信里中正路一段１２６巷１８號
10015,1001502,鳳信里,13,中正路一段,,１２６巷,,１９號,295313.206,2625363.392,花蓮縣鳳林鎮鳳信里中正路一段１２６巷１９號
10015,1001502,鳳信里,14,中正路一段,,１２６巷,,２０號,295304.19,2625306.937,花蓮縣鳳林鎮鳳信里中正路一段１２６巷２０號
10015,1001502,鳳信里,13,中正路一段,,１２６巷,,２１號,295319.638,2625342.332,花蓮縣鳳林鎮鳳信里中正路一段１２６巷２１號
10015,1001502,鳳信里,13,中正路一段,,１２６巷,,２１之１號,295328.84,2625338.04,花蓮縣鳳林鎮鳳信里中正路一段１２６巷２１之１號
10015,1001502,鳳信里,13,中正路一段,,１２６巷,,２３號,295337.847,2625366.685,花蓮縣鳳林鎮鳳信里中正路一段１２６巷２３號
10015,1001502,鳳信里,13,中正路一段,,１２６巷,,２５號,295341.542,2625334.411,花蓮縣鳳林鎮鳳信里中正路一段１２６巷２５號
10015,1001502,鳳信里,13,中正路一段,,１２６巷,,２５之１號,295223.79,2622386.33,花蓮縣鳳林鎮鳳信里中正路一段１２６巷２５之１號
10015,1001502,鳳信里,3,中正路一段,,１２６巷,,２６號,295440.839,2625263.491,花蓮縣鳳林鎮鳳信里中正路一段１２６巷２６號
10015,1001502,鳳信里,3,中正路一段,,１２６巷,,３１號,295426.902,2625279.376,花蓮縣鳳林鎮鳳信里中正路一段１２６巷３１號
10015,1001502,鳳信里,3,中正路一段,,１２６巷,,３５號,295451.608,2625285.248,花蓮縣鳳林鎮鳳信里中正路一段１２６巷３５號
10015,1001502,鳳信里,3,中正路一段,,１２６巷,,３７號,295463.79,2625295.91,花蓮縣鳳林鎮鳳信里中正路一段１２６巷３７號
10015,1001502,鳳信里,3,中正路一段,,１２６巷,,３９號,295468.425,2625305.242,花蓮縣鳳林鎮鳳信里中正路一段１２６巷３９號
10015,1001502,鳳信里,3,中正路一段,,１２６巷,,４１號,295474.886,2625325.586,花蓮縣鳳林鎮鳳信里中正路一段１２６巷４１號
10015,1001502,鳳信里,3,中正路一段,,１２６巷,,４３號,295477.473,2625285.116,花蓮縣鳳林鎮鳳信里中正路一段１２６巷４３號
10015,1001502,鳳信里,3,中正路一段,,１２６巷,,４５號,295490.787,2625287.845,花蓮縣鳳林鎮鳳信里中正路一段１２６巷４５號
10015,1001502,鳳信里,17,中正路一段,,,,１２７號,294729.963,2624903.701,花蓮縣鳳林鎮鳳信里中正路一段１２７號
10015,1001502,鳳信里,12,中正路一段,,,,１２８之１號,295176.08,2625454.46,花蓮縣鳳林鎮鳳信里中正路一段１２８之１號
10015,1001502,鳳信里,17,中正路一段,,,,１２９號,294732.792,2624907.11,花蓮縣鳳林鎮鳳信里中正路一段１２９號
10015,1001502,鳳信里,17,中正路一段,,,,１３１號,294735.8,2624910.587,花蓮縣鳳林鎮鳳信里中正路一段１３１號
10015,1001502,鳳信里,17,中正路一段,,,,１３３號,294738.869,2624913.961,花蓮縣鳳林鎮鳳信里中正路一段１３３號
10015,1001502,鳳信里,12,中正路一段,,,,１３４之９號,295235.3,2625606.01,花蓮縣鳳林鎮鳳信里中正路一段１３４之９號
10015,1001502,鳳信里,12,中正路一段,,,,１３４號,295248.14,2625597.99,花蓮縣鳳林鎮鳳信里中正路一段１３４號
10015,1001502,鳳信里,12,中正路一段,,,,１３４號之１２,295237.16,2625621.51,花蓮縣鳳林鎮鳳信里中正路一段１３４號之１２
10015,1001502,鳳信里,17,中正路一段,,,,１３５號,294742.159,2624917.621,花蓮縣鳳林鎮鳳信里中正路一段１３５號
10015,1001502,鳳信里,12,中正路一段,,,,１３６號,295241.559,2625631.512,花蓮縣鳳林鎮鳳信里中正路一段１３６號
10015,1001502,鳳信里,17,中正路一段,,,,１３７號,294746.677,2624920.583,花蓮縣鳳林鎮鳳信里中正路一段１３７號
10015,1001502,鳳信里,12,中正路一段,,,,１３８號,295245.737,2625641.748,花蓮縣鳳林鎮鳳信里中正路一段１３８號
10015,1001502,鳳信里,17,中正路一段,,,,１３９號,294749.034,2624924.469,花蓮縣鳳林鎮鳳信里中正路一段１３９號
10015,1001502,鳳信里,12,中正路一段,,,,１４０之３號,295256.73,2625670.538,花蓮縣鳳林鎮鳳信里中正路一段１４０之３號
10015,1001502,鳳信里,12,中正路一段,,,,１４０號,295249.915,2625651.984,花蓮縣鳳林鎮鳳信里中正路一段１４０號
10015,1001502,鳳信里,11,中正路一段,,,,１４２號,295262.38,2625685.07,花蓮縣鳳林鎮鳳信里中正路一段１４２號
10015,1001502,鳳信里,17,中正路一段,,,,１４３號,294754.256,2624930.22,花蓮縣鳳林鎮鳳信里中正路一段１４３號
10015,1001502,鳳信里,17,中正路一段,,,,１４５號,294756.67,2624933.394,花蓮縣鳳林鎮鳳信里中正路一段１４５號
10015,1001502,鳳信里,11,中正路一段,,,,１４６號,295269.117,2625702.806,花蓮縣鳳林鎮鳳信里中正路一段１４６號
10015,1001502,鳳信里,17,中正路一段,,,,１４７號,294759.608,2624936.712,花蓮縣鳳林鎮鳳信里中正路一段１４７號
10015,1001502,鳳信里,11,中正路一段,,,,１４８號,295273.562,2625714.745,花蓮縣鳳林鎮鳳信里中正路一段１４８號
10015,1001502,鳳信里,11,中正路一段,,,,１４８之１號,295273.191,2625719.369,花蓮縣鳳林鎮鳳信里中正路一段１４８之１號
10015,1001502,鳳信里,17,中正路一段,,,,１４９號,294762.588,2624940.401,花蓮縣鳳林鎮鳳信里中正路一段１４９號
10015,1001502,鳳信里,11,中正路一段,,,,１５０號,295283.598,2625736.722,花蓮縣鳳林鎮鳳信里中正路一段１５０號
10015,1001502,鳳信里,17,中正路一段,,,,１５１號,294766.43,2624945.835,花蓮縣鳳林鎮鳳信里中正路一段１５１號
10015,1001502,鳳信里,11,中正路一段,,,,１５２號,295288.767,2625752.12,花蓮縣鳳林鎮鳳信里中正路一段１５２號
10015,1001502,鳳信里,17,中正路一段,,,,１５３號,294769.53,2624949.399,花蓮縣鳳林鎮鳳信里中正路一段１５３號
10015,1001502,鳳信里,11,中正路一段,,,,１５４號,295303.685,2625751.643,花蓮縣鳳林鎮鳳信里中正路一段１５４號
10015,1001502,鳳信里,17,中正路一段,,,,１５５號,294773.189,2624953.177,花蓮縣鳳林鎮鳳信里中正路一段１５５號
10015,1001502,鳳信里,11,中正路一段,,,,１５６號,295292.769,2625762.025,花蓮縣鳳林鎮鳳信里中正路一段１５６號
10015,1001502,鳳信里,17,中正路一段,,,,１５７號,294776.244,2624955.087,花蓮縣鳳林鎮鳳信里中正路一段１５７號
10015,1001502,鳳信里,11,中正路一段,,,,１５８號,295297.334,2625773.505,花蓮縣鳳林鎮鳳信里中正路一段１５８號
10015,1001502,鳳信里,17,中正路一段,,,,１５９號,294779.741,2624958.948,花蓮縣鳳林鎮鳳信里中正路一段１５９號
10015,1001502,鳳信里,11,中正路一段,,,,１６０號,295301.88,2625786.171,花蓮縣鳳林鎮鳳信里中正路一段１６０號
10015,1001502,鳳信里,11,中正路一段,,,,１６０之１號,295304.74,2625794.486,花蓮縣鳳林鎮鳳信里中正路一段１６０之１號
10015,1001502,鳳信里,17,中正路一段,,,,１６１號,294783.895,2624963.247,花蓮縣鳳林鎮鳳信里中正路一段１６１號
10015,1001502,鳳信里,11,中正路一段,,,,１６２號,295306.395,2625799.841,花蓮縣鳳林鎮鳳信里中正路一段１６２號
10015,1001502,鳳信里,17,中正路一段,,,,１６３號,294788.68,2624968.202,花蓮縣鳳林鎮鳳信里中正路一段１６３號
10015,1001502,鳳信里,10,中正路一段,,,,１６４號,295309.559,2625810.112,花蓮縣鳳林鎮鳳信里中正路一段１６４號
10015,1001502,鳳信里,10,中正路一段,,,,１６４之１號,295317.73,2625828.7,花蓮縣鳳林鎮鳳信里中正路一段１６４之１號
10015,1001502,鳳信里,10,中正路一段,,,,１６４號之５,295321.26,2625837.41,花蓮縣鳳林鎮鳳信里中正路一段１６４號之５
10015,1001502,鳳信里,17,中正路一段,,,,１６５號,294792.014,2624971.888,花蓮縣鳳林鎮鳳信里中正路一段１６５號
10015,1001502,鳳信里,10,中正路一段,,,,１６６號,295323.326,2625844.429,花蓮縣鳳林鎮鳳信里中正路一段１６６號
10015,1001502,鳳信里,17,中正路一段,,,,１６７號,294795.197,2624975.554,花蓮縣鳳林鎮鳳信里中正路一段１６７號
10015,1001502,鳳信里,10,中正路一段,,,,１６８之１號,295328.185,2625856.038,花蓮縣鳳林鎮鳳信里中正路一段１６８之１號
10015,1001502,鳳信里,10,中正路一段,,,,１６８號,295325.665,2625850.397,花蓮縣鳳林鎮鳳信里中正路一段１６８號
10015,1001502,鳳信里,17,中正路一段,,,,１６９號,294796.298,2624980.494,花蓮縣鳳林鎮鳳信里中正路一段１６９號
10015,1001502,鳳信里,17,中正路一段,,,,１６９號之１,294800.5,2624985.2,花蓮縣鳳林鎮鳳信里中正路一段１６９號之１
10015,1001502,鳳信里,10,中正路一段,,,,１７０號,295331.017,2625861.499,花蓮縣鳳林鎮鳳信里中正路一段１７０號
10015,1001502,鳳信里,10,中正路一段,,,,１７２號,295332.894,2625867.623,花蓮縣鳳林鎮鳳信里中正路一段１７２號
10015,1001502,鳳信里,17,中正路一段,,,,１７３號,294804.723,2624991.111,花蓮縣鳳林鎮鳳信里中正路一段１７３號
10015,1001502,鳳信里,10,中正路一段,,,,１７４號,295336.429,2625875.708,花蓮縣鳳林鎮鳳信里中正路一段１７４號
10015,1001502,鳳信里,17,中正路一段,,,,１７５號,294810.475,2624997.74,花蓮縣鳳林鎮鳳信里中正路一段１７５號
10015,1001502,鳳信里,10,中正路一段,,,,１７６號,295348.607,2625879.39,花蓮縣鳳林鎮鳳信里中正路一段１７６號
10015,1001502,鳳信里,10,中正路一段,,,,１７８號,295351.698,2625867.567,花蓮縣鳳林鎮鳳信里中正路一段１７８號
10015,1001502,鳳信里,17,中正路一段,,,,１７９號,294816.642,2625003.904,花蓮縣鳳林鎮鳳信里中正路一段１７９號
10015,1001502,鳳信里,10,中正路一段,,,,１８０號,295346.606,2625897.871,花蓮縣鳳林鎮鳳信里中正路一段１８０號
10015,1001502,鳳信里,17,中正路一段,,,,１８１號,294821.49,2625007.3,花蓮縣鳳林鎮鳳信里中正路一段１８１號
10015,1001502,鳳信里,10,中正路一段,,,,１８２號,295374.078,2625887.441,花蓮縣鳳林鎮鳳信里中正路一段１８２號
10015,1001502,鳳信里,10,中正路一段,,,,１８２號之１,295370.84,2625898.2,花蓮縣鳳林鎮鳳信里中正路一段１８２號之１
10015,1001502,鳳信里,10,中正路一段,,,,１８４號,295350.554,2625908.064,花蓮縣鳳林鎮鳳信里中正路一段１８４號
10015,1001502,鳳信里,17,中正路一段,,,,１８５號,294824.364,2625010.852,花蓮縣鳳林鎮鳳信里中正路一段１８５號
10015,1001502,鳳信里,10,中正路一段,,,,１８８之３號,295362.5,2625940.32,花蓮縣鳳林鎮鳳信里中正路一段１８８之３號
10015,1001502,鳳信里,10,中正路一段,,,,１８８號,295355.193,2625921.988,花蓮縣鳳林鎮鳳信里中正路一段１８８號
10015,1001502,鳳信里,17,中正路一段,,,,１８９號,294829.918,2625016.327,花蓮縣鳳林鎮鳳信里中正路一段１８９號
10015,1001502,鳳信里,10,中正路一段,,,,１９０號,295358.71,2625928.07,花蓮縣鳳林鎮鳳信里中正路一段１９０號
10015,1001502,鳳信里,17,中正路一段,,,,１９１號,294836.298,2625022.852,花蓮縣鳳林鎮鳳信里中正路一段１９１號
10015,1001502,鳳信里,10,中正路一段,,,,１９２號,295362.533,2625933.596,花蓮縣鳳林鎮鳳信里中正路一段１９２號
10015,1001502,鳳信里,17,中正路一段,,,,１９３號,294842.002,2625030.877,花蓮縣鳳林鎮鳳信里中正路一段１９３號
10015,1001502,鳳信里,10,中正路一段,,,,１９４號,295367.425,2625951.291,花蓮縣鳳林鎮鳳信里中正路一段１９４號
10015,1001502,鳳信里,10,中正路一段,,,,１９４號之１,295369.56,2625956.66,花蓮縣鳳林鎮鳳信里中正路一段１９４號之１
10015,1001502,鳳信里,10,中正路一段,,,,１９４號之２,295373.9,2625968.36,花蓮縣鳳林鎮鳳信里中正路一段１９４號之２
10015,1001502,鳳信里,10,中正路一段,,,,１９６號,295382.51,2625925.16,花蓮縣鳳林鎮鳳信里中正路一段１９６號
10015,1001502,鳳信里,10,中正路一段,,,,１９６號之１,295401.66,2625924.4,花蓮縣鳳林鎮鳳信里中正路一段１９６號之１
10015,1001502,鳳信里,10,中正路一段,,,,１９６號之２,295392.07,2625928.99,花蓮縣鳳林鎮鳳信里中正路一段１９６號之２
10015,1001502,鳳信里,10,中正路一段,,,,１９８號,295401.585,2625939.919,花蓮縣鳳林鎮鳳信里中正路一段１９８號
10015,1001502,鳳信里,10,中正路一段,,,,１９８之５號,295414.69,2625955.98,花蓮縣鳳林鎮鳳信里中正路一段１９８之５號
10015,1001502,鳳信里,17,中正路一段,,,,１９９號,294891.119,2625105.012,花蓮縣鳳林鎮鳳信里中正路一段１９９號
10015,1001502,鳳信里,10,中正路一段,,,,２００號,295408.052,2625978.655,花蓮縣鳳林鎮鳳信里中正路一段２００號
10015,1001502,鳳信里,10,中正路一段,,,,２０６號,295385.04,2625993.14,花蓮縣鳳林鎮鳳信里中正路一段２０６號
10015,1001502,鳳信里,10,中正路一段,,,,２０６之１號,295389.885,2625999.183,花蓮縣鳳林鎮鳳信里中正路一段２０６之１號
10015,1001502,鳳信里,15,中正路一段,,,,２０７號,295077.017,2625325.884,花蓮縣鳳林鎮鳳信里中正路一段２０７號
10015,1001502,鳳信里,15,中正路一段,,,,２０９號,295084.277,2625343.014,花蓮縣鳳林鎮鳳信里中正路一段２０９號
10015,1001502,鳳信里,7,中正路一段,,,,２１０號,295416.62,2626035.66,花蓮縣鳳林鎮鳳信里中正路一段２１０號
10015,1001502,鳳信里,7,中正路一段,,,,２１２號,295403.845,2626052.486,花蓮縣鳳林鎮鳳信里中正路一段２１２號
10015,1001502,鳳信里,7,中正路一段,,,,２１２號之１,295401.82,2626046.22,花蓮縣鳳林鎮鳳信里中正路一段２１２號之１
10015,1001502,鳳信里,15,中正路一段,,,,２１３號,295109.806,2625384.206,花蓮縣鳳林鎮鳳信里中正路一段２１３號
10015,1001502,鳳信里,7,中正路一段,,,,２１４號,295406.268,2626056.749,花蓮縣鳳林鎮鳳信里中正路一段２１４號
10015,1001502,鳳信里,7,中正路一段,,,,２１６號,295423.042,2626085.306,花蓮縣鳳林鎮鳳信里中正路一段２１６號
10015,1001502,鳳信里,7,中正路一段,,,,２１８號,295455.29,2626087.99,花蓮縣鳳林鎮鳳信里中正路一段２１８號
10015,1001502,鳳信里,15,中正路一段,,,,２２１號,295143.44,2625474.58,花蓮縣鳳林鎮鳳信里中正路一段２２１號
10015,1001502,鳳信里,15,中正路一段,,,,２２３號,295145.851,2625479.68,花蓮縣鳳林鎮鳳信里中正路一段２２３號
10015,1001502,鳳信里,15,中正路一段,,,,２２５號,295153.205,2625483.213,花蓮縣鳳林鎮鳳信里中正路一段２２５號
10015,1001502,鳳信里,15,中正路一段,,,,２２７號,295154.76,2625487.876,花蓮縣鳳林鎮鳳信里中正路一段２２７號
10015,1001502,鳳信里,15,中正路一段,,,,２２９號,295148.686,2625506.87,花蓮縣鳳林鎮鳳信里中正路一段２２９號
10015,1001502,鳳信里,7,中正路一段,,,,２３０號,295503.872,2626268.693,花蓮縣鳳林鎮鳳信里中正路一段２３０號
10015,1001502,鳳信里,15,中正路一段,,,,２３１號,295163.102,2625514.579,花蓮縣鳳林鎮鳳信里中正路一段２３１號
10015,1001502,鳳信里,23,中正路一段,,,,２３２之１號,295495.04,2626318.15,花蓮縣鳳林鎮鳳信里中正路一段２３２之１號
10015,1001502,鳳信里,23,中正路一段,,,,２３２號,295530.421,2626273.767,花蓮縣鳳林鎮鳳信里中正路一段２３２號
10015,1001502,鳳信里,15,中正路一段,,,,２３３號,295165.538,2625523.734,花蓮縣鳳林鎮鳳信里中正路一段２３３號
10015,1001502,鳳信里,15,中正路一段,,,,２４１號,295153.876,2625541.334,花蓮縣鳳林鎮鳳信里中正路一段２４１號
10015,1001502,鳳信里,12,中正路一段,,,,２４３號,295170.902,2625571.566,花蓮縣鳳林鎮鳳信里中正路一段２４３號
10015,1001502,鳳信里,12,中正路一段,,,,２４５號,295189.11,2625597.71,花蓮縣鳳林鎮鳳信里中正路一段２４５號
10015,1001502,鳳信里,12,中正路一段,,,,２４７號,295191.27,2625605.05,花蓮縣鳳林鎮鳳信里中正路一段２４７號
10015,1001502,鳳信里,12,中正路一段,,,,２４９號,295194.8,2625613.77,花蓮縣鳳林鎮鳳信里中正路一段２４９號
10015,1001502,鳳信里,12,中正路一段,,,,２５３號,295200.744,2625645.234,花蓮縣鳳林鎮鳳信里中正路一段２５３號
10015,1001502,鳳信里,12,中正路一段,,,,２５５號,295206.878,2625664.462,花蓮縣鳳林鎮鳳信里中正路一段２５５號
10015,1001502,鳳信里,12,中正路一段,,,,２５５號之１,295218.4,2625676.38,花蓮縣鳳林鎮鳳信里中正路一段２５５號之１
10015,1001502,鳳信里,11,中正路一段,,,,２５７號,295225.519,2625696.323,花蓮縣鳳林鎮鳳信里中正路一段２５７號
10015,1001502,鳳信里,11,中正路一段,,,,２５９號,295228.758,2625704.449,花蓮縣鳳林鎮鳳信里中正路一段２５９號
10015,1001502,鳳信里,11,中正路一段,,,,２６１號,295232.011,2625712.875,花蓮縣鳳林鎮鳳信里中正路一段２６１號
10015,1001502,鳳信里,11,中正路一段,,,,２６３號,295235.398,2625721.365,花蓮縣鳳林鎮鳳信里中正路一段２６３號
10015,1001502,鳳信里,11,中正路一段,,,,２７１號,295262.772,2625798.707,花蓮縣鳳林鎮鳳信里中正路一段２７１號
10015,1001502,鳳信里,11,中正路一段,,,,２７３號,295272.36,2625812.576,花蓮縣鳳林鎮鳳信里中正路一段２７３號
10015,1001502,鳳信里,11,中正路一段,,,,２７５號,295262.574,2625839.375,花蓮縣鳳林鎮鳳信里中正路一段２７５號
10015,1001502,鳳信里,9,中正路一段,,,,２７７號,295263.768,2625860.065,花蓮縣鳳林鎮鳳信里中正路一段２７７號
10015,1001502,鳳信里,9,中正路一段,,,,２７９號,295269.292,2625888.603,花蓮縣鳳林鎮鳳信里中正路一段２７９號
10015,1001502,鳳信里,9,中正路一段,,２８３巷,,２之１號,295270.18,2625907.4,花蓮縣鳳林鎮鳳信里中正路一段２８３巷２之１號
10015,1001502,鳳信里,9,中正路一段,,２８３巷,,２號,295262.52,2625910.1,花蓮縣鳳林鎮鳳信里中正路一段２８３巷２號
10015,1001502,鳳信里,9,中正路一段,,２８３巷,,５號,295235.191,2625906.543,花蓮縣鳳林鎮鳳信里中正路一段２８３巷５號
10015,1001502,鳳信里,8,中正路一段,,２８３巷,,６號,295244.98,2625922.01,花蓮縣鳳林鎮鳳信里中正路一段２８３巷６號
10015,1001502,鳳信里,9,中正路一段,,２８３巷,,７號之１,295207.51,2625922.44,花蓮縣鳳林鎮鳳信里中正路一段２８３巷７號之１
10015,1001502,鳳信里,9,中正路一段,,２８３巷,,８號,295284.97,2625928.266,花蓮縣鳳林鎮鳳信里中正路一段２８３巷８號
10015,1001502,鳳信里,9,中正路一段,,２８３巷,,１０號,295263.302,2625935.835,花蓮縣鳳林鎮鳳信里中正路一段２８３巷１０號
10015,1001502,鳳信里,9,中正路一段,,２８３巷,,１２號,295245.292,2625932.04,花蓮縣鳳林鎮鳳信里中正路一段２８３巷１２號
10015,1001502,鳳信里,8,中正路一段,,２８３巷,,１２之３號,295218.424,2625947.7,花蓮縣鳳林鎮鳳信里中正路一段２８３巷１２之３號
10015,1001502,鳳信里,8,中正路一段,,２８３巷,,２０號,295234.871,2625984.254,花蓮縣鳳林鎮鳳信里中正路一段２８３巷２０號
10015,1001502,鳳信里,8,中正路一段,,２８３巷,,２３號,295195.988,2625947.584,花蓮縣鳳林鎮鳳信里中正路一段２８３巷２３號
10015,1001502,鳳信里,8,中正路一段,,２８３巷,,２５號,295208.1,2625961.129,花蓮縣鳳林鎮鳳信里中正路一段２８３巷２５號
10015,1001502,鳳信里,8,中正路一段,,２８３巷,,２６號,295247.313,2626014.199,花蓮縣鳳林鎮鳳信里中正路一段２８３巷２６號
10015,1001502,鳳信里,8,中正路一段,,２８３巷,,２７號,295213.49,2625975.85,花蓮縣鳳林鎮鳳信里中正路一段２８３巷２７號
10015,1001502,鳳信里,8,中正路一段,,２８３巷,,２８號,295271.093,2626048.478,花蓮縣鳳林鎮鳳信里中正路一段２８３巷２８號
10015,1001502,鳳信里,9,中正路一段,,２８３巷,,２８號之２,295272.26,2626031.13,花蓮縣鳳林鎮鳳信里中正路一段２８３巷２８號之２
10015,1001502,鳳信里,8,中正路一段,,２８３巷,,２９號,295216.656,2625987.001,花蓮縣鳳林鎮鳳信里中正路一段２８３巷２９號
10015,1001502,鳳信里,8,中正路一段,,２８３巷,,３０號,295271.34,2626062.94,花蓮縣鳳林鎮鳳信里中正路一段２８３巷３０號
10015,1001502,鳳信里,8,中正路一段,,２８３巷,,３１號,295228.02,2626009.24,花蓮縣鳳林鎮鳳信里中正路一段２８３巷３１號
10015,1001502,鳳信里,8,中正路一段,,２８３巷,,３２號,295273.66,2626075.253,花蓮縣鳳林鎮鳳信里中正路一段２８３巷３２號
10015,1001502,鳳信里,8,中正路一段,,２８３巷,,３３號,295229.022,2626018.074,花蓮縣鳳林鎮鳳信里中正路一段２８３巷３３號
10015,1001502,鳳信里,8,中正路一段,,２８３巷,,３５號,295234.196,2626026.885,花蓮縣鳳林鎮鳳信里中正路一段２８３巷３５號
10015,1001502,鳳信里,7,中正路一段,,２８３巷,,３６號,295297.827,2626103.493,花蓮縣鳳林鎮鳳信里中正路一段２８３巷３６號
10015,1001502,鳳信里,8,中正路一段,,２８３巷,,３７號,295251.652,2626059.47,花蓮縣鳳林鎮鳳信里中正路一段２８３巷３７號
10015,1001502,鳳信里,7,中正路一段,,２８３巷,,４０號,295301.339,2626133.034,花蓮縣鳳林鎮鳳信里中正路一段２８３巷４０號
10015,1001502,鳳信里,8,中正路一段,,２８３巷,,４１號,295256.863,2626072.042,花蓮縣鳳林鎮鳳信里中正路一段２８３巷４１號
10015,1001502,鳳信里,7,中正路一段,,２８３巷,,４２號,295310.893,2626155.646,花蓮縣鳳林鎮鳳信里中正路一段２８３巷４２號
10015,1001502,鳳信里,8,中正路一段,,２８３巷,,４３號,295264.258,2626080.922,花蓮縣鳳林鎮鳳信里中正路一段２８３巷４３號
10015,1001502,鳳信里,7,中正路一段,,２８３巷,,４６號,295313.252,2626159.817,花蓮縣鳳林鎮鳳信里中正路一段２８３巷４６號
10015,1001502,鳳信里,7,中正路一段,,２８３巷,,４８號,295315.109,2626163.46,花蓮縣鳳林鎮鳳信里中正路一段２８３巷４８號
10015,1001502,鳳信里,8,中正路一段,,２８３巷,,４９之１號,295230.7,2626109.86,花蓮縣鳳林鎮鳳信里中正路一段２８３巷４９之１號
10015,1001502,鳳信里,8,中正路一段,,２８３巷,,４９號,295265.998,2626116.1,花蓮縣鳳林鎮鳳信里中正路一段２８３巷４９號
10015,1001502,鳳信里,8,中正路一段,,２８３巷,,４９之３號,295271.94,2626122.73,花蓮縣鳳林鎮鳳信里中正路一段２８３巷４９之３號
10015,1001502,鳳信里,7,中正路一段,,２８３巷,,５０號,295317.006,2626167.43,花蓮縣鳳林鎮鳳信里中正路一段２８３巷５０號
10015,1001502,鳳信里,7,中正路一段,,２８３巷,,５３之３號,295289.257,2626147.575,花蓮縣鳳林鎮鳳信里中正路一段２８３巷５３之３號
10015,1001502,鳳信里,7,中正路一段,,２８３巷,,５５號之１,295296.97,2626172.33,花蓮縣鳳林鎮鳳信里中正路一段２８３巷５５號之１
10015,1001502,鳳信里,7,中正路一段,,２８３巷,,５７號,295302.756,2626201.582,花蓮縣鳳林鎮鳳信里中正路一段２８３巷５７號
10015,1001502,鳳信里,7,中正路一段,,２８３巷,,５９號,295305.823,2626214.237,花蓮縣鳳林鎮鳳信里中正路一段２８３巷５９號
10015,1001502,鳳信里,9,中正路一段,,,,２８５號,295290.334,2625911.414,花蓮縣鳳林鎮鳳信里中正路一段２８５號
10015,1001502,鳳信里,9,中正路一段,,,,２８７號,295301.508,2625918.572,花蓮縣鳳林鎮鳳信里中正路一段２８７號
10015,1001502,鳳信里,9,中正路一段,,,,２８７之１號,295297.48,2625922.17,花蓮縣鳳林鎮鳳信里中正路一段２８７之１號
10015,1001502,鳳信里,23,中正路一段,,,,２８８號,295505.64,2626336.95,花蓮縣鳳林鎮鳳信里中正路一段２８８號
10015,1001502,鳳信里,9,中正路一段,,,,２８９號,295314.892,2625926.482,花蓮縣鳳林鎮鳳信里中正路一段２８９號
10015,1001502,鳳信里,9,中正路一段,,,,２９１號,295316.731,2625931.321,花蓮縣鳳林鎮鳳信里中正路一段２９１號
10015,1001502,鳳信里,9,中正路一段,,,,２９３號,295318.571,2625935.729,花蓮縣鳳林鎮鳳信里中正路一段２９３號
10015,1001502,鳳信里,9,中正路一段,,,,２９５之１號,295332.89,2625965.79,花蓮縣鳳林鎮鳳信里中正路一段２９５之１號
10015,1001502,鳳信里,9,中正路一段,,,,２９５號,295319.679,2625955.379,花蓮縣鳳林鎮鳳信里中正路一段２９５號
10015,1001502,鳳信里,9,中正路一段,,,,２９７之５號,295338.01,2625991.91,花蓮縣鳳林鎮鳳信里中正路一段２９７之５號
10015,1001502,鳳信里,9,中正路一段,,,,２９７號,295330.054,2625984.325,花蓮縣鳳林鎮鳳信里中正路一段２９７號
10015,1001502,鳳信里,23,中正路一段,,,,３００號,295524.51,2626337.28,花蓮縣鳳林鎮鳳信里中正路一段３００號
10015,1001502,鳳信里,9,中正路一段,,,,３０１之１號,295348.06,2626013.97,花蓮縣鳳林鎮鳳信里中正路一段３０１之１號
10015,1001502,鳳信里,9,中正路一段,,,,３０１號,295345.34,2626006.62,花蓮縣鳳林鎮鳳信里中正路一段３０１號
10015,1001502,鳳信里,9,中正路一段,,,,３０１號之１,295348.33,2626013.15,花蓮縣鳳林鎮鳳信里中正路一段３０１號之１
10015,1001502,鳳信里,9,中正路一段,,,,３０３號,295364.345,2626052.53,花蓮縣鳳林鎮鳳信里中正路一段３０３號
10015,1001502,鳳信里,9,中正路一段,,,,３０３之１號,295366.136,2626059.575,花蓮縣鳳林鎮鳳信里中正路一段３０３之１號
10015,1001502,鳳信里,7,中正路一段,,,,３０３之２號,295370.375,2626072,花蓮縣鳳林鎮鳳信里中正路一段３０３之２號
10015,1001502,鳳信里,23,中正路一段,,,,３０４號,295525.769,2626402.359,花蓮縣鳳林鎮鳳信里中正路一段３０４號
10015,1001502,鳳信里,7,中正路一段,,３０５巷,,１號,295334.798,2626064.769,花蓮縣鳳林鎮鳳信里中正路一段３０５巷１號
10015,1001502,鳳信里,7,中正路一段,,３０５巷,,３之１號,295323.34,2626060.88,花蓮縣鳳林鎮鳳信里中正路一段３０５巷３之１號
10015,1001502,鳳信里,7,中正路一段,,３０５巷,,３號,295318.429,2626070.625,花蓮縣鳳林鎮鳳信里中正路一段３０５巷３號
10015,1001502,鳳信里,8,中正路一段,,３０５巷,,５號,295302.06,2626076.481,花蓮縣鳳林鎮鳳信里中正路一段３０５巷５號
10015,1001502,鳳信里,7,中正路一段,,３０５巷,,５號,295302.06,2626076.481,花蓮縣鳳林鎮鳳信里中正路一段３０５巷５號
10015,1001502,鳳信里,7,中正路一段,,３０５巷,,６號,295350.32,2626072.079,花蓮縣鳳林鎮鳳信里中正路一段３０５巷６號
10015,1001502,鳳信里,8,中正路一段,,３０５巷,,７號,295290.987,2626082.262,花蓮縣鳳林鎮鳳信里中正路一段３０５巷７號
10015,1001502,鳳信里,7,中正路一段,,３０５巷,,８號,295351.456,2626108.219,花蓮縣鳳林鎮鳳信里中正路一段３０５巷８號
10015,1001502,鳳信里,8,中正路一段,,３０５巷,,９號,295281.601,2626086.843,花蓮縣鳳林鎮鳳信里中正路一段３０５巷９號
10015,1001502,鳳信里,7,中正路一段,,３０５巷,,１０號,295329.14,2626101.649,花蓮縣鳳林鎮鳳信里中正路一段３０５巷１０號
10015,1001502,鳳信里,7,中正路一段,,３０５巷,,１２號,295345.328,2626136.888,花蓮縣鳳林鎮鳳信里中正路一段３０５巷１２號
10015,1001502,鳳信里,7,中正路一段,,３０５巷,,１２號之５,295397.796,2626171.547,花蓮縣鳳林鎮鳳信里中正路一段３０５巷１２號之５
10015,1001502,鳳信里,23,中正路一段,,,,３０６號,295527.581,2626406.705,花蓮縣鳳林鎮鳳信里中正路一段３０６號
10015,1001502,鳳信里,23,中正路一段,,,,３０８號,295529.393,2626411.052,花蓮縣鳳林鎮鳳信里中正路一段３０８號
10015,1001502,鳳信里,23,中正路一段,,,,３１０號,295531.206,2626415.397,花蓮縣鳳林鎮鳳信里中正路一段３１０號
10015,1001502,鳳信里,23,中正路一段,,,,３１２號,295533.018,2626419.744,花蓮縣鳳林鎮鳳信里中正路一段３１２號
10015,1001502,鳳信里,23,中正路一段,,,,３１４號,295534.831,2626424.09,花蓮縣鳳林鎮鳳信里中正路一段３１４號
10015,1001502,鳳信里,23,中正路一段,,,,３１６號,295536.643,2626428.435,花蓮縣鳳林鎮鳳信里中正路一段３１６號
10015,1001502,鳳信里,23,中正路一段,,,,３１８號,295538.456,2626432.782,花蓮縣鳳林鎮鳳信里中正路一段３１８號
10015,1001502,鳳信里,23,中正路一段,,,,３２０號,295540.548,2626438.155,花蓮縣鳳林鎮鳳信里中正路一段３２０號
10015,1001502,鳳信里,23,中正路一段,,,,３２２號,295542.06,2626442.501,花蓮縣鳳林鎮鳳信里中正路一段３２２號
10015,1001502,鳳信里,7,中正路一段,,,,３２３號,295405.44,2626295.9,花蓮縣鳳林鎮鳳信里中正路一段３２３號
10015,1001502,鳳信里,23,中正路一段,,,,３２４號,295544.784,2626450.692,花蓮縣鳳林鎮鳳信里中正路一段３２４號
10015,1001502,鳳信里,23,中正路一段,,,,３２６號,295551.016,2626464.718,花蓮縣鳳林鎮鳳信里中正路一段３２６號
10015,1001502,鳳信里,7,中正路一段,,,,３２７號,295449.46,2626289.46,花蓮縣鳳林鎮鳳信里中正路一段３２７號
10015,1001502,鳳信里,23,中正路一段,,,,３２８號,295552.548,2626469.849,花蓮縣鳳林鎮鳳信里中正路一段３２８號
10015,1001502,鳳信里,7,中正路一段,,,,３２９號,295428.14,2626288.85,花蓮縣鳳林鎮鳳信里中正路一段３２９號
10015,1001502,鳳信里,23,中正路一段,,,,３３０號,295554.08,2626474.119,花蓮縣鳳林鎮鳳信里中正路一段３３０號
10015,1001502,鳳信里,7,中正路一段,,,,３３１號,295430.58,2626294.57,花蓮縣鳳林鎮鳳信里中正路一段３３１號
10015,1001502,鳳信里,23,中正路一段,,,,３３２號,295555.677,2626479.26,花蓮縣鳳林鎮鳳信里中正路一段３３２號
10015,1001502,鳳信里,23,中正路一段,,,,３３４號,295557.317,2626483.315,花蓮縣鳳林鎮鳳信里中正路一段３３４號
10015,1001502,鳳信里,23,中正路一段,,,,３３６號,295559.136,2626488.47,花蓮縣鳳林鎮鳳信里中正路一段３３６號
10015,1001502,鳳信里,7,中正路一段,,,,３３７號,295430.54,2626307.89,花蓮縣鳳林鎮鳳信里中正路一段３３７號
10015,1001502,鳳信里,23,中正路一段,,,,３３８號,295560.775,2626492.525,花蓮縣鳳林鎮鳳信里中正路一段３３８號
10015,1001502,鳳信里,7,中正路一段,,,,３３９號,295431.89,2626312.52,花蓮縣鳳林鎮鳳信里中正路一段３３９號
10015,1001502,鳳信里,23,中正路一段,,,,３４０號,295562.494,2626496.547,花蓮縣鳳林鎮鳳信里中正路一段３４０號
10015,1001502,鳳信里,7,中正路一段,,,,３４１號,295442.58,2626305.48,花蓮縣鳳林鎮鳳信里中正路一段３４１號
10015,1001502,鳳信里,23,中正路一段,,,,３４２號,295564.495,2626501.326,花蓮縣鳳林鎮鳳信里中正路一段３４２號
10015,1001502,鳳信里,7,中正路一段,,,,３４３號,295450.24,2626302.24,花蓮縣鳳林鎮鳳信里中正路一段３４３號
10015,1001502,鳳信里,7,中正路一段,,,,３４５號,295458.13,2626315.86,花蓮縣鳳林鎮鳳信里中正路一段３４５號
10015,1001502,鳳信里,23,中正路一段,,,,３４６號,295565.764,2626505.896,花蓮縣鳳林鎮鳳信里中正路一段３４６號
10015,1001502,鳳信里,23,中正路一段,,,,３４８號,295569.95,2626508.339,花蓮縣鳳林鎮鳳信里中正路一段３４８號
10015,1001502,鳳信里,7,中正路一段,,,,３４９號,295465.204,2626320.045,花蓮縣鳳林鎮鳳信里中正路一段３４９號
10015,1001502,鳳信里,23,中正路一段,,３５０巷,,２號,295583.973,2626501.194,花蓮縣鳳林鎮鳳信里中正路一段３５０巷２號
10015,1001502,鳳信里,23,中正路一段,,３５０巷,,６號,295591.346,2626498.043,花蓮縣鳳林鎮鳳信里中正路一段３５０巷６號
10015,1001502,鳳信里,23,中正路一段,,３５０巷,,８號,295595.055,2626496.445,花蓮縣鳳林鎮鳳信里中正路一段３５０巷８號
10015,1001502,鳳信里,23,中正路一段,,３５０巷,,１０號,295598.808,2626494.848,花蓮縣鳳林鎮鳳信里中正路一段３５０巷１０號
10015,1001502,鳳信里,23,中正路一段,,３５０巷,,１２號,295602.561,2626493.651,花蓮縣鳳林鎮鳳信里中正路一段３５０巷１２號
10015,1001502,鳳信里,23,中正路一段,,３５０巷,,１６號,295585.05,2626476.14,花蓮縣鳳林鎮鳳信里中正路一段３５０巷１６號
10015,1001502,鳳信里,23,中正路一段,,,,３５２號,295572.232,2626520.681,花蓮縣鳳林鎮鳳信里中正路一段３５２號
10015,1001502,鳳信里,7,中正路一段,,,,３５３號,295477.329,2626327.633,花蓮縣鳳林鎮鳳信里中正路一段３５３號
10015,1001502,鳳信里,23,中正路一段,,,,３５４號,295573.919,2626525.189,花蓮縣鳳林鎮鳳信里中正路一段３５４號
10015,1001502,鳳信里,7,中正路一段,,,,３５５號,295479.439,2626332.716,花蓮縣鳳林鎮鳳信里中正路一段３５５號
10015,1001502,鳳信里,23,中正路一段,,,,３５６號,295575.606,2626529.696,花蓮縣鳳林鎮鳳信里中正路一段３５６號
10015,1001502,鳳信里,7,中正路一段,,,,３５７號,295481.222,2626337.56,花蓮縣鳳林鎮鳳信里中正路一段３５７號
10015,1001502,鳳信里,23,中正路一段,,,,３５８號,295577.16,2626534.469,花蓮縣鳳林鎮鳳信里中正路一段３５８號
10015,1001502,鳳信里,7,中正路一段,,,,３５９號,295483.005,2626342.403,花蓮縣鳳林鎮鳳信里中正路一段３５９號
10015,1001502,鳳信里,23,中正路一段,,,,３６０號,295578.847,2626538.976,花蓮縣鳳林鎮鳳信里中正路一段３６０號
10015,1001502,鳳信里,7,中正路一段,,,,３６１號,295484.589,2626346.75,花蓮縣鳳林鎮鳳信里中正路一段３６１號
10015,1001502,鳳信里,23,中正路一段,,,,３６２號,295580.534,2626543.484,花蓮縣鳳林鎮鳳信里中正路一段３６２號
10015,1001502,鳳信里,7,中正路一段,,,,３６３號,295486.373,2626352.489,花蓮縣鳳林鎮鳳信里中正路一段３６３號
10015,1001502,鳳信里,23,中正路一段,,,,３６４號,295582.222,2626547.991,花蓮縣鳳林鎮鳳信里中正路一段３６４號
10015,1001502,鳳信里,7,中正路一段,,,,３６５號,295485.883,2626361.93,花蓮縣鳳林鎮鳳信里中正路一段３６５號
10015,1001502,鳳信里,23,中正路一段,,,,３６６號,295584.573,2626553.428,花蓮縣鳳林鎮鳳信里中正路一段３６６號
10015,1001502,鳳信里,23,中正路一段,,,,３６８號,295585.784,2626557.324,花蓮縣鳳林鎮鳳信里中正路一段３６８號
10015,1001502,鳳信里,7,中正路一段,,,,３６９號,295465.429,2626381.23,花蓮縣鳳林鎮鳳信里中正路一段３６９號
10015,1001502,鳳信里,7,中正路一段,,,,３６９號之２,295498.93,2626384.51,花蓮縣鳳林鎮鳳信里中正路一段３６９號之２
10015,1001502,鳳信里,23,中正路一段,,,,３７０號,295587.471,2626561.832,花蓮縣鳳林鎮鳳信里中正路一段３７０號
10015,1001502,鳳信里,22,中正路一段,,,,３７１號,295489.074,2626424.671,花蓮縣鳳林鎮鳳信里中正路一段３７１號
10015,1001502,鳳信里,23,中正路一段,,,,３７２號,295589.103,2626566.154,花蓮縣鳳林鎮鳳信里中正路一段３７２號
10015,1001502,鳳信里,22,中正路一段,,,,３７３號,295521.219,2626444.45,花蓮縣鳳林鎮鳳信里中正路一段３７３號
10015,1001502,鳳信里,23,中正路一段,,,,３７４號,295590.79,2626570.661,花蓮縣鳳林鎮鳳信里中正路一段３７４號
10015,1001502,鳳信里,22,中正路一段,,,,３７５號,295522.699,2626448.29,花蓮縣鳳林鎮鳳信里中正路一段３７５號
10015,1001502,鳳信里,23,中正路一段,,,,３７６號,295592.478,2626575.169,花蓮縣鳳林鎮鳳信里中正路一段３７６號
10015,1001502,鳳信里,22,中正路一段,,,,３７７號,295524.18,2626452.13,花蓮縣鳳林鎮鳳信里中正路一段３７７號
10015,1001502,鳳信里,23,中正路一段,,,,３７８號,295594.165,2626579.676,花蓮縣鳳林鎮鳳信里中正路一段３７８號
10015,1001502,鳳信里,22,中正路一段,,,,３７９號,295525.66,2626455.971,花蓮縣鳳林鎮鳳信里中正路一段３７９號
10015,1001502,鳳信里,23,中正路一段,,,,３８０號,295595.852,2626584.183,花蓮縣鳳林鎮鳳信里中正路一段３８０號
10015,1001502,鳳信里,22,中正路一段,,,,３８１號,295527.14,2626459.811,花蓮縣鳳林鎮鳳信里中正路一段３８１號
10015,1001502,鳳信里,23,中正路一段,,,,３８２號,295597.539,2626588.691,花蓮縣鳳林鎮鳳信里中正路一段３８２號
10015,1001502,鳳信里,22,中正路一段,,,,３８３號,295528.62,2626463.651,花蓮縣鳳林鎮鳳信里中正路一段３８３號
10015,1001502,鳳信里,23,中正路一段,,,,３８４號,295599.226,2626593.198,花蓮縣鳳林鎮鳳信里中正路一段３８４號
10015,1001502,鳳信里,22,中正路一段,,,,３８５號,295530.101,2626467.492,花蓮縣鳳林鎮鳳信里中正路一段３８５號
10015,1001502,鳳信里,22,中正路一段,,,,３８７號,295531.581,2626471.332,花蓮縣鳳林鎮鳳信里中正路一段３８７號
10015,1001502,鳳信里,22,中正路一段,,,,３８９號,295533.061,2626475.172,花蓮縣鳳林鎮鳳信里中正路一段３８９號
10015,1001502,鳳信里,22,中正路一段,,,,３９１號,295534.541,2626479.013,花蓮縣鳳林鎮鳳信里中正路一段３９１號
10015,1001502,鳳信里,22,中正路一段,,,,３９３號,295536.021,2626482.853,花蓮縣鳳林鎮鳳信里中正路一段３９３號
10015,1001502,鳳信里,22,中正路一段,,,,３９５號,295537.502,2626486.693,花蓮縣鳳林鎮鳳信里中正路一段３９５號
10015,1001502,鳳信里,22,中正路一段,,,,３９７號,295538.982,2626490.534,花蓮縣鳳林鎮鳳信里中正路一段３９７號
10015,1001502,鳳信里,22,中正路一段,,,,３９９號,295540.462,2626494.374,花蓮縣鳳林鎮鳳信里中正路一段３９９號
10015,1001502,鳳信里,22,中正路一段,,,,４０１號,295541.942,2626498.214,花蓮縣鳳林鎮鳳信里中正路一段４０１號
10015,1001502,鳳信里,22,中正路一段,,,,４０３號,295544.284,2626503.722,花蓮縣鳳林鎮鳳信里中正路一段４０３號
10015,1001502,鳳信里,22,中正路一段,,,,４０５號,295547.106,2626510.247,花蓮縣鳳林鎮鳳信里中正路一段４０５號
10015,1001502,鳳信里,22,中正路一段,,,,４０７號,295548.338,2626515.066,花蓮縣鳳林鎮鳳信里中正路一段４０７號
10015,1001502,鳳信里,22,中正路一段,,,,４０９號,295549.788,2626519.214,花蓮縣鳳林鎮鳳信里中正路一段４０９號
10015,1001502,鳳信里,22,中正路一段,,４１１巷,,１號,295533.662,2626527.714,花蓮縣鳳林鎮鳳信里中正路一段４１１巷１號
10015,1001502,鳳信里,22,中正路一段,,４１１巷,,３號,295530.713,2626528.618,花蓮縣鳳林鎮鳳信里中正路一段４１１巷３號
10015,1001502,鳳信里,22,中正路一段,,４１１巷,,５號,295525.931,2626530.385,花蓮縣鳳林鎮鳳信里中正路一段４１１巷５號
10015,1001502,鳳信里,22,中正路一段,,４１１巷,,７號,295518.71,2626517.405,花蓮縣鳳林鎮鳳信里中正路一段４１１巷７號
10015,1001502,鳳信里,22,中正路一段,,４１１巷,,９號,295516.949,2626513.507,花蓮縣鳳林鎮鳳信里中正路一段４１１巷９號
10015,1001502,鳳信里,22,中正路一段,,４１１巷,,１１號,295515.188,2626509.61,花蓮縣鳳林鎮鳳信里中正路一段４１１巷１１號
10015,1001502,鳳信里,22,中正路一段,,４１１巷,,１３號,295513.426,2626505.712,花蓮縣鳳林鎮鳳信里中正路一段４１１巷１３號
10015,1001502,鳳信里,22,中正路一段,,４１１巷,,１５號,295511.665,2626501.815,花蓮縣鳳林鎮鳳信里中正路一段４１１巷１５號
10015,1001502,鳳信里,22,中正路一段,,４１１巷,,１７號,295510.823,2626496.779,花蓮縣鳳林鎮鳳信里中正路一段４１１巷１７號
10015,1001502,鳳信里,22,中正路一段,,４１１巷,,１８號,295487.256,2626488.037,花蓮縣鳳林鎮鳳信里中正路一段４１１巷１８號
10015,1001502,鳳信里,22,中正路一段,,４１１巷,,１９號,295509.067,2626492.725,花蓮縣鳳林鎮鳳信里中正路一段４１１巷１９號
10015,1001502,鳳信里,22,中正路一段,,４１１巷,,２０號,295489.882,2626493.667,花蓮縣鳳林鎮鳳信里中正路一段４１１巷２０號
10015,1001502,鳳信里,22,中正路一段,,４１１巷,,２１號,295507.311,2626488.671,花蓮縣鳳林鎮鳳信里中正路一段４１１巷２１號
10015,1001502,鳳信里,22,中正路一段,,４１１巷,,２２號,295491.87,2626498.203,花蓮縣鳳林鎮鳳信里中正路一段４１１巷２２號
10015,1001502,鳳信里,22,中正路一段,,４１１巷,,２３號,295505.555,2626484.617,花蓮縣鳳林鎮鳳信里中正路一段４１１巷２３號
10015,1001502,鳳信里,22,中正路一段,,４１１巷,,２４號,295493.219,2626501.647,花蓮縣鳳林鎮鳳信里中正路一段４１１巷２４號
10015,1001502,鳳信里,22,中正路一段,,４１１巷,,２５號,295503.799,2626480.563,花蓮縣鳳林鎮鳳信里中正路一段４１１巷２５號
10015,1001502,鳳信里,22,中正路一段,,４１１巷,,２６號,295495.31,2626505.315,花蓮縣鳳林鎮鳳信里中正路一段４１１巷２６號
10015,1001502,鳳信里,22,中正路一段,,４１１巷,,２７號,295502.043,2626476.509,花蓮縣鳳林鎮鳳信里中正路一段４１１巷２７號
10015,1001502,鳳信里,22,中正路一段,,４１１巷,,２８號,295496.942,2626509.547,花蓮縣鳳林鎮鳳信里中正路一段４１１巷２８號
10015,1001502,鳳信里,22,中正路一段,,４１１巷,,２９號,295500.287,2626472.455,花蓮縣鳳林鎮鳳信里中正路一段４１１巷２９號
10015,1001502,鳳信里,22,中正路一段,,４１１巷,,３０號,295498.702,2626514.195,花蓮縣鳳林鎮鳳信里中正路一段４１１巷３０號
10015,1001502,鳳信里,22,中正路一段,,４１１巷,,３１號,295498.531,2626468.401,花蓮縣鳳林鎮鳳信里中正路一段４１１巷３１號
10015,1001502,鳳信里,22,中正路一段,,４１１巷,,３２號,295500.69,2626518.732,花蓮縣鳳林鎮鳳信里中正路一段４１１巷３２號
10015,1001502,鳳信里,22,中正路一段,,４１１巷,,３３號,295496.775,2626464.347,花蓮縣鳳林鎮鳳信里中正路一段４１１巷３３號
10015,1001502,鳳信里,22,中正路一段,,４１１巷,,３４號,295503.157,2626524.331,花蓮縣鳳林鎮鳳信里中正路一段４１１巷３４號
10015,1001502,鳳信里,22,中正路一段,,４１１巷,,３５號,295495.019,2626460.293,花蓮縣鳳林鎮鳳信里中正路一段４１１巷３５號
10015,1001502,鳳信里,22,中正路一段,,４１１巷,,３６號,295505.711,2626530.123,花蓮縣鳳林鎮鳳信里中正路一段４１１巷３６號
10015,1001502,鳳信里,22,中正路一段,,４１１巷,,３７號,295493.263,2626456.239,花蓮縣鳳林鎮鳳信里中正路一段４１１巷３７號
10015,1001502,鳳信里,22,中正路一段,,４１１巷,,３８號,295507.133,2626533.404,花蓮縣鳳林鎮鳳信里中正路一段４１１巷３８號
10015,1001502,鳳信里,22,中正路一段,,４１１巷,,４０號,295508.388,2626535.671,花蓮縣鳳林鎮鳳信里中正路一段４１１巷４０號
10015,1001502,鳳信里,5,中華路,,,,１號,295769.81,2626416.77,花蓮縣鳳林鎮鳳信里中華路１號
10015,1001502,鳳信里,5,中華路,,,,２號,295816.022,2626470.405,花蓮縣鳳林鎮鳳信里中華路２號
10015,1001502,鳳信里,23,信義路,,,,３之１號,295550.14,2626366.64,花蓮縣鳳林鎮鳳信里信義路３之１號
10015,1001502,鳳信里,23,信義路,,,,５號,295567.57,2626384.73,花蓮縣鳳林鎮鳳信里信義路５號
10015,1001502,鳳信里,23,信義路,,,,７號,295578.24,2626380.41,花蓮縣鳳林鎮鳳信里信義路７號
10015,1001502,鳳信里,6,信義路,,,,１７號,295699.9,2626409.82,花蓮縣鳳林鎮鳳信里信義路１７號
10015,1001502,鳳信里,7,平信路,,,,１０之２號,295338.97,2626251.73,花蓮縣鳳林鎮鳳信里平信路１０之２號
10015,1001502,鳳信里,7,平信路,,,,１０之１號,295384.759,2626222.806,花蓮縣鳳林鎮鳳信里平信路１０之１號
10015,1001502,鳳信里,7,平信路,,,,１０號,295388.066,2626234.183,花蓮縣鳳林鎮鳳信里平信路１０號
10015,1001502,鳳信里,22,成信街,,,,２號,295462.294,2626426.13,花蓮縣鳳林鎮鳳信里成信街２號
10015,1001502,鳳信里,22,成信街,,,,６號,295457.092,2626427.863,花蓮縣鳳林鎮鳳信里成信街６號
10015,1001502,鳳信里,22,成信街,,,,８號,295451.565,2626430.245,花蓮縣鳳林鎮鳳信里成信街８號
10015,1001502,鳳信里,22,成信街,,１０巷,２弄,１號,295461.199,2626457.328,花蓮縣鳳林鎮鳳信里成信街１０巷２弄１號
10015,1001502,鳳信里,22,成信街,,１０巷,２弄,２號,295456.225,2626443.132,花蓮縣鳳林鎮鳳信里成信街１０巷２弄２號
10015,1001502,鳳信里,22,成信街,,１０巷,２弄,３號,295468.635,2626454.852,花蓮縣鳳林鎮鳳信里成信街１０巷２弄３號
10015,1001502,鳳信里,22,成信街,,１０巷,２弄,５號,295475.277,2626451.299,花蓮縣鳳林鎮鳳信里成信街１０巷２弄５號
10015,1001502,鳳信里,22,成信街,,１０巷,２弄,６號,295460.776,2626440.533,花蓮縣鳳林鎮鳳信里成信街１０巷２弄６號
10015,1001502,鳳信里,22,成信街,,１０巷,２弄,８號,295466.737,2626438.367,花蓮縣鳳林鎮鳳信里成信街１０巷２弄８號
10015,1001502,鳳信里,22,成信街,,１０巷,,６號,295468.247,2626464.773,花蓮縣鳳林鎮鳳信里成信街１０巷６號
10015,1001502,鳳信里,22,成信街,,１０巷,,７號,295462.325,2626502.274,花蓮縣鳳林鎮鳳信里成信街１０巷７號
10015,1001502,鳳信里,22,成信街,,１０巷,,８號,295469.946,2626468.539,花蓮縣鳳林鎮鳳信里成信街１０巷８號
10015,1001502,鳳信里,22,成信街,,１０巷,,９號,295463.804,2626505.457,花蓮縣鳳林鎮鳳信里成信街１０巷９號
10015,1001502,鳳信里,22,成信街,,１０巷,,１０號,295471.745,2626473.354,花蓮縣鳳林鎮鳳信里成信街１０巷１０號
10015,1001502,鳳信里,22,成信街,,１０巷,,１１號,295466.527,2626511.999,花蓮縣鳳林鎮鳳信里成信街１０巷１１號
10015,1001502,鳳信里,22,成信街,,１０巷,,１２號,295473.779,2626477.748,花蓮縣鳳林鎮鳳信里成信街１０巷１２號
10015,1001502,鳳信里,22,成信街,,１０巷,,１４號,295475.531,2626481.58,花蓮縣鳳林鎮鳳信里成信街１０巷１４號
10015,1001502,鳳信里,22,成信街,,１０巷,,１６號,295477.522,2626485.42,花蓮縣鳳林鎮鳳信里成信街１０巷１６號
10015,1001502,鳳信里,22,成信街,,１０巷,２５弄,１號,295454.803,2626478.935,花蓮縣鳳林鎮鳳信里成信街１０巷２５弄１號
10015,1001502,鳳信里,22,成信街,,１０巷,２５弄,２號,295461.18,2626495.404,花蓮縣鳳林鎮鳳信里成信街１０巷２５弄２號
10015,1001502,鳳信里,22,成信街,,１０巷,２５弄,３號,295447.94,2626482.666,花蓮縣鳳林鎮鳳信里成信街１０巷２５弄３號
10015,1001502,鳳信里,22,成信街,,１０巷,２５弄,５號,295441.437,2626486.157,花蓮縣鳳林鎮鳳信里成信街１０巷２５弄５號
10015,1001502,鳳信里,22,成信街,,１０巷,２５弄,６號,295456.476,2626497.06,花蓮縣鳳林鎮鳳信里成信街１０巷２５弄６號
10015,1001502,鳳信里,22,成信街,,１０巷,２５弄,８號,295451.878,2626499.303,花蓮縣鳳林鎮鳳信里成信街１０巷２５弄８號
10015,1001502,鳳信里,22,成信街,,,,２７號之１,295362.07,2626418.45,花蓮縣鳳林鎮鳳信里成信街２７號之１
10015,1001502,鳳信里,11,正信路,,,,１號,295220.925,2625811.253,花蓮縣鳳林鎮鳳信里正信路１號
10015,1001502,鳳信里,11,正信路,,,,２號,295253.918,2625816.477,花蓮縣鳳林鎮鳳信里正信路２號
10015,1001502,鳳信里,11,正信路,,,,５號,295212.107,2625816.448,花蓮縣鳳林鎮鳳信里正信路５號
10015,1001502,鳳信里,11,正信路,,,,６號,295226.126,2625833.504,花蓮縣鳳林鎮鳳信里正信路６號
10015,1001502,鳳信里,11,正信路,,,,７號,295191.132,2625820.573,花蓮縣鳳林鎮鳳信里正信路７號
10015,1001502,鳳信里,11,正信路,,,,８號,295216.629,2625830.341,花蓮縣鳳林鎮鳳信里正信路８號
10015,1001502,鳳信里,11,正信路,,,,１１之１號,295152.512,2625819.009,花蓮縣鳳林鎮鳳信里正信路１１之１號
10015,1001502,鳳信里,11,正信路,,,,１３號,295173.62,2625828.52,花蓮縣鳳林鎮鳳信里正信路１３號
10015,1001502,鳳信里,11,正信路,,,,１３之４號,295135.708,2625838.665,花蓮縣鳳林鎮鳳信里正信路１３之４號
10015,1001502,鳳信里,11,正信路,,,,１６號,295184.058,2625841.252,花蓮縣鳳林鎮鳳信里正信路１６號
10015,1001502,鳳信里,16,正信路,,,,３７號,294670.706,2625971.567,花蓮縣鳳林鎮鳳信里正信路３７號
10015,1001502,鳳信里,16,正信路,,,,３９號,294676.779,2625956.193,花蓮縣鳳林鎮鳳信里正信路３９號
10015,1001502,鳳信里,16,正信路,,,,４１號,294672.46,2625928.362,花蓮縣鳳林鎮鳳信里正信路４１號
10015,1001502,鳳信里,23,民族街,,,,１號,295569.622,2626456.139,花蓮縣鳳林鎮鳳信里民族街１號
10015,1001502,鳳信里,23,民族街,,,,２號,295562.689,2626445.194,花蓮縣鳳林鎮鳳信里民族街２號
10015,1001502,鳳信里,23,民族街,,,,３號,295573.815,2626454.929,花蓮縣鳳林鎮鳳信里民族街３號
10015,1001502,鳳信里,23,民族街,,,,５號,295582.89,2626468.52,花蓮縣鳳林鎮鳳信里民族街５號
10015,1001502,鳳信里,23,民族街,,,,６號,295569.185,2626443.031,花蓮縣鳳林鎮鳳信里民族街６號
10015,1001502,鳳信里,23,民族街,,,,１１號,295621.8,2626442,花蓮縣鳳林鎮鳳信里民族街１１號
10015,1001502,鳳信里,4,民權路,,,,１５號,295995.68,2626414.9,花蓮縣鳳林鎮鳳信里民權路１５號
10015,1001502,鳳信里,4,民權路,,２１巷,,１１號,295809.611,2626292.663,花蓮縣鳳林鎮鳳信里民權路２１巷１１號
10015,1001502,鳳信里,4,民權路,,２１巷,,１３號,295841.02,2626294.5,花蓮縣鳳林鎮鳳信里民權路２１巷１３號
10015,1001502,鳳信里,4,民權路,,２１巷,,１７之１號,296349.83,2626152.59,花蓮縣鳳林鎮鳳信里民權路２１巷１７之１號
10015,1001502,鳳信里,4,民權路,,２１巷,,１８號,295831.248,2626052.341,花蓮縣鳳林鎮鳳信里民權路２１巷１８號
10015,1001502,鳳信里,4,民權路,,２１巷,,１９之１號,296502.79,2626164.47,花蓮縣鳳林鎮鳳信里民權路２１巷１９之１號
10015,1001502,鳳信里,4,民權路,,２１巷,,２０之１號,295848.54,2625986.23,花蓮縣鳳林鎮鳳信里民權路２１巷２０之１號
10015,1001502,鳳信里,4,民權路,,２１巷,,２０號,295853.195,2626009.707,花蓮縣鳳林鎮鳳信里民權路２１巷２０號
10015,1001502,鳳信里,4,民權路,,２１巷,,２１號,295931.384,2625788.108,花蓮縣鳳林鎮鳳信里民權路２１巷２１號
10015,1001502,鳳信里,4,民權路,,２１巷,,２２號,295832.726,2625955.853,花蓮縣鳳林鎮鳳信里民權路２１巷２２號
10015,1001502,鳳信里,4,民權路,,２１巷,,２３號,295931.948,2625785.17,花蓮縣鳳林鎮鳳信里民權路２１巷２３號
10015,1001502,鳳信里,4,民權路,,２１巷,,２４號,295827.404,2625939.205,花蓮縣鳳林鎮鳳信里民權路２１巷２４號
10015,1001502,鳳信里,4,民權路,,２１巷,,２６號,295714.637,2625819.117,花蓮縣鳳林鎮鳳信里民權路２１巷２６號
10015,1001502,鳳信里,4,民權路,,２１巷,,２８號,295815.021,2625931.982,花蓮縣鳳林鎮鳳信里民權路２１巷２８號
10015,1001502,鳳信里,4,民權路,,２１巷,,３０號,295742.097,2625894.172,花蓮縣鳳林鎮鳳信里民權路２１巷３０號
10015,1001502,鳳信里,4,民權路,,２１巷,,３６號,295862.082,2625712.559,花蓮縣鳳林鎮鳳信里民權路２１巷３６號
10015,1001502,鳳信里,5,民權路,,３５巷,,９號,295754.608,2626493.13,花蓮縣鳳林鎮鳳信里民權路３５巷９號
10015,1001502,鳳信里,5,民權路,,３５巷,,１１號,295753.682,2626482.953,花蓮縣鳳林鎮鳳信里民權路３５巷１１號
10015,1001502,鳳信里,5,民權路,,３５巷,,１３號,295747.878,2626469.558,花蓮縣鳳林鎮鳳信里民權路３５巷１３號
10015,1001502,鳳信里,5,民權路,,３５巷,,１３號之１,295764.53,2626446.25,花蓮縣鳳林鎮鳳信里民權路３５巷１３號之１
10015,1001502,鳳信里,5,民權路,,３５巷,,１５號,295739.836,2626450.539,花蓮縣鳳林鎮鳳信里民權路３５巷１５號
10015,1001502,鳳信里,5,民權路,,３５巷,,１７號,295747.107,2626424.583,花蓮縣鳳林鎮鳳信里民權路３５巷１７號
10015,1001502,鳳信里,6,民權路,,３５巷,,１８號,295728.507,2626482.983,花蓮縣鳳林鎮鳳信里民權路３５巷１８號
10015,1001502,鳳信里,5,民權路,,３５巷,,１９號,295728.343,2626415.408,花蓮縣鳳林鎮鳳信里民權路３５巷１９號
10015,1001502,鳳信里,6,民權路,,３５巷,,２０號,295722.35,2626475.829,花蓮縣鳳林鎮鳳信里民權路３５巷２０號
10015,1001502,鳳信里,6,民權路,,３５巷,,２２號,295726.565,2626464.572,花蓮縣鳳林鎮鳳信里民權路３５巷２２號
10015,1001502,鳳信里,6,民權路,,３５巷,,２８號,295711.799,2626433.407,花蓮縣鳳林鎮鳳信里民權路３５巷２８號
10015,1001502,鳳信里,6,民權路,,３５巷,,３０號,295708.267,2626422.066,花蓮縣鳳林鎮鳳信里民權路３５巷３０號
10015,1001502,鳳信里,6,民權路,,,,３７號,295752.42,2626534.97,花蓮縣鳳林鎮鳳信里民權路３７號
10015,1001502,鳳信里,6,民權路,,,,３９號,295745.87,2626536.76,花蓮縣鳳林鎮鳳信里民權路３９號
10015,1001502,鳳信里,6,民權路,,４５巷,,２３號,295704.272,2626471.215,花蓮縣鳳林鎮鳳信里民權路４５巷２３號
10015,1001502,鳳信里,6,民權路,,４５巷,,２５號,295701.293,2626465.339,花蓮縣鳳林鎮鳳信里民權路４５巷２５號
10015,1001502,鳳信里,6,民權路,,４５巷,,２７號,295699.494,2626459.929,花蓮縣鳳林鎮鳳信里民權路４５巷２７號
10015,1001502,鳳信里,6,民權路,,４５巷,,２９號,295698.134,2626456.28,花蓮縣鳳林鎮鳳信里民權路４５巷２９號
10015,1001502,鳳信里,6,民權路,,６９巷,,２號,295658.586,2626533.111,花蓮縣鳳林鎮鳳信里民權路６９巷２號
10015,1001502,鳳信里,6,民權路,,６９巷,,６號,295653.162,2626520.117,花蓮縣鳳林鎮鳳信里民權路６９巷６號
10015,1001502,鳳信里,6,民權路,,６９巷,,７號,295671.07,2626523.55,花蓮縣鳳林鎮鳳信里民權路６９巷７號
10015,1001502,鳳信里,6,民權路,,６９巷,,８號,295646.234,2626537.662,花蓮縣鳳林鎮鳳信里民權路６９巷８號
10015,1001502,鳳信里,6,民權路,,６９巷,,１０號,295635.26,2626524.63,花蓮縣鳳林鎮鳳信里民權路６９巷１０號
10015,1001502,鳳信里,6,民權路,,６９巷,,１２號,295650.587,2626504.458,花蓮縣鳳林鎮鳳信里民權路６９巷１２號
10015,1001502,鳳信里,6,民權路,,６９巷,,１４號,295644.987,2626506.713,花蓮縣鳳林鎮鳳信里民權路６９巷１４號
10015,1001502,鳳信里,6,民權路,,６９巷,,１６號,295639.387,2626508.968,花蓮縣鳳林鎮鳳信里民權路６９巷１６號
10015,1001502,鳳信里,6,民權路,,６９巷,,１８號,295633.787,2626511.223,花蓮縣鳳林鎮鳳信里民權路６９巷１８號
10015,1001502,鳳信里,6,民權路,,６９巷,,２０號,295644.841,2626493.802,花蓮縣鳳林鎮鳳信里民權路６９巷２０號
10015,1001502,鳳信里,6,民權路,,６９巷,,２２號,295642.705,2626487.371,花蓮縣鳳林鎮鳳信里民權路６９巷２２號
10015,1001502,鳳信里,6,民權路,,６９巷,,２４號,295640.63,2626481.239,花蓮縣鳳林鎮鳳信里民權路６９巷２４號
10015,1001502,鳳信里,6,民權路,,６９巷,,２６號,295637.922,2626472.804,花蓮縣鳳林鎮鳳信里民權路６９巷２６號
10015,1001502,鳳信里,6,民權路,,６９巷,,２８號,295628.328,2626501.81,花蓮縣鳳林鎮鳳信里民權路６９巷２８號
10015,1001502,鳳信里,6,民權路,,６９巷,,３０號,295625.185,2626493.91,花蓮縣鳳林鎮鳳信里民權路６９巷３０號
10015,1001502,鳳信里,6,民權路,,６９巷,,３２號,295620.845,2626484.137,花蓮縣鳳林鎮鳳信里民權路６９巷３２號
10015,1001502,鳳信里,6,民權路,,６９巷,,３４號,295618.764,2626478.067,花蓮縣鳳林鎮鳳信里民權路６９巷３４號
10015,1001502,鳳信里,6,民權路,,,,７１號,295664.831,2626557.126,花蓮縣鳳林鎮鳳信里民權路７１號
10015,1001502,鳳信里,6,民權路,,,,７３號,295661.201,2626555.884,花蓮縣鳳林鎮鳳信里民權路７３號
10015,1001502,鳳信里,6,民權路,,,,７５號,295657.572,2626554.643,花蓮縣鳳林鎮鳳信里民權路７５號
10015,1001502,鳳信里,6,民權路,,,,７７號,295653.943,2626553.401,花蓮縣鳳林鎮鳳信里民權路７７號
10015,1001502,鳳信里,6,民權路,,,,７９號,295650.314,2626552.159,花蓮縣鳳林鎮鳳信里民權路７９號
10015,1001502,鳳信里,6,民權路,,８１巷,,２號,295629.993,2626567.336,花蓮縣鳳林鎮鳳信里民權路８１巷２號
10015,1001502,鳳信里,6,民權路,,８１巷,,６號,295625.038,2626551.835,花蓮縣鳳林鎮鳳信里民權路８１巷６號
10015,1001502,鳳信里,6,民權路,,８１巷,,８號,295623.457,2626547.371,花蓮縣鳳林鎮鳳信里民權路８１巷８號
10015,1001502,鳳信里,6,民權路,,８１巷,,１０號,295621.876,2626542.907,花蓮縣鳳林鎮鳳信里民權路８１巷１０號
10015,1001502,鳳信里,6,民權路,,８１巷,,１２號,295620.294,2626538.443,花蓮縣鳳林鎮鳳信里民權路８１巷１２號
10015,1001502,鳳信里,6,民權路,,８１巷,,１４號,295618.713,2626533.978,花蓮縣鳳林鎮鳳信里民權路８１巷１４號
10015,1001502,鳳信里,6,民權路,,８１巷,,１６號,295617.132,2626529.514,花蓮縣鳳林鎮鳳信里民權路８１巷１６號
10015,1001502,鳳信里,6,民權路,,８１巷,,１８號,295615.551,2626525.05,花蓮縣鳳林鎮鳳信里民權路８１巷１８號
10015,1001502,鳳信里,6,民權路,,８１巷,,２０號,295613.97,2626520.586,花蓮縣鳳林鎮鳳信里民權路８１巷２０號
10015,1001502,鳳信里,6,民權路,,８１巷,,２２號,295612.389,2626516.122,花蓮縣鳳林鎮鳳信里民權路８１巷２２號
10015,1001502,鳳信里,6,民權路,,８１巷,,２４號,295610.808,2626511.658,花蓮縣鳳林鎮鳳信里民權路８１巷２４號
10015,1001502,鳳信里,6,民權路,,８１巷,,２６號,295608.813,2626507.787,花蓮縣鳳林鎮鳳信里民權路８１巷２６號
10015,1001502,鳳信里,6,民權路,,８１巷,,３３號,295608.3,2626474.86,花蓮縣鳳林鎮鳳信里民權路８１巷３３號
10015,1001502,鳳信里,6,民權路,,,,８３號,295639.778,2626579.068,花蓮縣鳳林鎮鳳信里民權路８３號
10015,1001502,鳳信里,6,民權路,,,,８５號,295634.69,2626581.077,花蓮縣鳳林鎮鳳信里民權路８５號
10015,1001502,鳳信里,6,民權路,,,,８７號,295629.603,2626583.085,花蓮縣鳳林鎮鳳信里民權路８７號
10015,1001502,鳳信里,6,民權路,,,,８９號,295624.516,2626585.094,花蓮縣鳳林鎮鳳信里民權路８９號
10015,1001502,鳳信里,6,民權路,,,,９１號,295619.429,2626587.103,花蓮縣鳳林鎮鳳信里民權路９１號
10015,1001502,鳳信里,6,民權路,,,,９３號,295614.342,2626589.111,花蓮縣鳳林鎮鳳信里民權路９３號
10015,1001502,鳳信里,15,永信路,,１巷,,１號,295063.283,2625360.623,花蓮縣鳳林鎮鳳信里永信路１巷１號
10015,1001502,鳳信里,15,永信路,,,,１之１號,295087.094,2625363.75,花蓮縣鳳林鎮鳳信里永信路１之１號
10015,1001502,鳳信里,15,永信路,,１巷,,２號,295054.394,2625342.941,花蓮縣鳳林鎮鳳信里永信路１巷２號
10015,1001502,鳳信里,15,永信路,,１巷,,３號,295052.462,2625330.31,花蓮縣鳳林鎮鳳信里永信路１巷３號
10015,1001502,鳳信里,15,永信路,,１巷,,４號,295032.712,2625327.656,花蓮縣鳳林鎮鳳信里永信路１巷４號
10015,1001502,鳳信里,15,永信路,,１巷,,５號,295028.547,2625320.102,花蓮縣鳳林鎮鳳信里永信路１巷５號
10015,1001502,鳳信里,15,永信路,,１巷,,６號,295044.469,2625323.613,花蓮縣鳳林鎮鳳信里永信路１巷６號
10015,1001502,鳳信里,15,永信路,,１巷,,７號,294943.983,2625249.072,花蓮縣鳳林鎮鳳信里永信路１巷７號
10015,1001502,鳳信里,15,永信路,,１巷,,８號,294929.933,2625243.398,花蓮縣鳳林鎮鳳信里永信路１巷８號
10015,1001502,鳳信里,15,永信路,,１巷,,９號,294901.197,2625228.037,花蓮縣鳳林鎮鳳信里永信路１巷９號
10015,1001502,鳳信里,15,永信路,,１巷,,１０號,294893.631,2625222.492,花蓮縣鳳林鎮鳳信里永信路１巷１０號
10015,1001502,鳳信里,15,永信路,,,,２號,295063.967,2625392.473,花蓮縣鳳林鎮鳳信里永信路２號
10015,1001502,鳳信里,15,永信路,,,,５號,295025.023,2625348.151,花蓮縣鳳林鎮鳳信里永信路５號
10015,1001502,鳳信里,15,永信路,,,,６號,295019.494,2625379.461,花蓮縣鳳林鎮鳳信里永信路６號
10015,1001502,鳳信里,15,永信路,,,,７號,295002.34,2625342.02,花蓮縣鳳林鎮鳳信里永信路７號
10015,1001502,鳳信里,15,永信路,,,,１０號,294988.121,2625369.389,花蓮縣鳳林鎮鳳信里永信路１０號
10015,1001502,鳳信里,15,永信路,,,,１１號,294971.222,2625327.112,花蓮縣鳳林鎮鳳信里永信路１１號
10015,1001502,鳳信里,15,永信路,,,,１２號,294963.02,2625399.72,花蓮縣鳳林鎮鳳信里永信路１２號
10015,1001502,鳳信里,15,永信路,,,,１２之１號,294964.65,2625405.71,花蓮縣鳳林鎮鳳信里永信路１２之１號
10015,1001502,鳳信里,15,永信路,,,,１６之１號,294939.53,2625390.81,花蓮縣鳳林鎮鳳信里永信路１６之１號
10015,1001502,鳳信里,15,永信路,,,,１６號,294935.033,2625389.262,花蓮縣鳳林鎮鳳信里永信路１６號
10015,1001502,鳳信里,15,永信路,,,,１８號,294901.167,2625405.743,花蓮縣鳳林鎮鳳信里永信路１８號
10015,1001502,鳳信里,16,永信路,,,,１９號,294664.146,2625441.378,花蓮縣鳳林鎮鳳信里永信路１９號
10015,1001502,鳳信里,16,永信路,,,,２１號,294634.46,2625447.502,花蓮縣鳳林鎮鳳信里永信路２１號
10015,1001502,鳳信里,16,永信路,,,,２３號,294645.554,2625430.986,花蓮縣鳳林鎮鳳信里永信路２３號
10015,1001502,鳳信里,16,永信路,,,,２５號,294645.059,2625421.204,花蓮縣鳳林鎮鳳信里永信路２５號
10015,1001502,鳳信里,16,永信路,,,,２５號之１,294654.582,2625417.22,花蓮縣鳳林鎮鳳信里永信路２５號之１
10015,1001502,鳳信里,16,永信路,,,,２６號,294720.776,2625456.205,花蓮縣鳳林鎮鳳信里永信路２６號
10015,1001502,鳳信里,16,永信路,,,,２７號,294642.46,2625408.766,花蓮縣鳳林鎮鳳信里永信路２７號
10015,1001502,鳳信里,16,永信路,,,,２８號,294731.732,2625486.708,花蓮縣鳳林鎮鳳信里永信路２８號
10015,1001502,鳳信里,16,永信路,,,,２９號,294608.503,2625160.214,花蓮縣鳳林鎮鳳信里永信路２９號
10015,1001502,鳳信里,16,永信路,,,,３０號,294750.551,2625509.509,花蓮縣鳳林鎮鳳信里永信路３０號
10015,1001502,鳳信里,16,永信路,,,,３１號,294607.79,2625140.502,花蓮縣鳳林鎮鳳信里永信路３１號
10015,1001502,鳳信里,16,永信路,,,,３１號之１,294598.14,2625070.51,花蓮縣鳳林鎮鳳信里永信路３１號之１
10015,1001502,鳳信里,16,永信路,,,,３２號,294842.317,2625628.279,花蓮縣鳳林鎮鳳信里永信路３２號
10015,1001502,鳳信里,16,永信路,,,,３３號,294579.548,2625138.454,花蓮縣鳳林鎮鳳信里永信路３３號
10015,1001502,鳳信里,16,永信路,,,,３７號,294100.953,2625295.897,花蓮縣鳳林鎮鳳信里永信路３７號
10015,1001502,鳳信里,16,永信路,,,,３９號,294299.109,2625283.678,花蓮縣鳳林鎮鳳信里永信路３９號
10015,1001502,鳳信里,16,永信路,,,,４１號,294247.769,2625235.163,花蓮縣鳳林鎮鳳信里永信路４１號
10015,1001502,鳳信里,16,永信路,,,,５１號,294188.767,2625217.94,花蓮縣鳳林鎮鳳信里永信路５１號
10015,1001502,鳳智里,10,中山路,,,,１號,295708.532,2626937.583,花蓮縣鳳林鎮鳳智里中山路１號
10015,1001502,鳳智里,12,中山路,,,,２號,295716.346,2626953.443,花蓮縣鳳林鎮鳳智里中山路２號
10015,1001502,鳳智里,10,中山路,,,,３號,295704.506,2626939.679,花蓮縣鳳林鎮鳳智里中山路３號
10015,1001502,鳳智里,10,中山路,,,,５號,295699.471,2626941.764,花蓮縣鳳林鎮鳳智里中山路５號
10015,1001502,鳳智里,10,中山路,,,,７號,295695.217,2626943.405,花蓮縣鳳林鎮鳳智里中山路７號
10015,1001502,鳳智里,12,中山路,,,,８號,295702.422,2626958.057,花蓮縣鳳林鎮鳳智里中山路８號
10015,1001502,鳳智里,10,中山路,,,,９號,295691.489,2626945.155,花蓮縣鳳林鎮鳳智里中山路９號
10015,1001502,鳳智里,12,中山路,,,,１０號,295699.401,2626959.322,花蓮縣鳳林鎮鳳智里中山路１０號
10015,1001502,鳳智里,10,中山路,,,,１１號,295686.992,2626946.543,花蓮縣鳳林鎮鳳智里中山路１１號
10015,1001502,鳳智里,12,中山路,,,,１２號,295695.749,2626960.709,花蓮縣鳳林鎮鳳智里中山路１２號
10015,1001502,鳳智里,10,中山路,,,,１３號,295681.785,2626948.15,花蓮縣鳳林鎮鳳智里中山路１３號
10015,1001502,鳳智里,12,中山路,,,,１４號,295691.723,2626962.412,花蓮縣鳳林鎮鳳智里中山路１４號
10015,1001502,鳳智里,10,中山路,,,,１５號,295676.35,2626949.757,花蓮縣鳳林鎮鳳智里中山路１５號
10015,1001502,鳳智里,12,中山路,,,,１６號,295687.984,2626963.92,花蓮縣鳳林鎮鳳智里中山路１６號
10015,1001502,鳳智里,10,中山路,,,,１７號,295670.346,2626952.048,花蓮縣鳳林鎮鳳智里中山路１７號
10015,1001502,鳳智里,12,中山路,,,,１８號,295683.499,2626965.721,花蓮縣鳳林鎮鳳智里中山路１８號
10015,1001502,鳳智里,12,中山路,,,,２０號,295678.903,2626967.293,花蓮縣鳳林鎮鳳智里中山路２０號
10015,1001502,鳳智里,10,中山路,,,,２１號,295660.702,2626955.377,花蓮縣鳳林鎮鳳智里中山路２１號
10015,1001502,鳳智里,12,中山路,,,,２２號,295674.711,2626968.977,花蓮縣鳳林鎮鳳智里中山路２２號
10015,1001502,鳳智里,10,中山路,,,,２３號,295655.495,2626957.098,花蓮縣鳳林鎮鳳智里中山路２３號
10015,1001502,鳳智里,12,中山路,,,,２４號,295670.504,2626970.351,花蓮縣鳳林鎮鳳智里中山路２４號
10015,1001502,鳳智里,10,中山路,,,,２５號,295649.86,2626959.388,花蓮縣鳳林鎮鳳智里中山路２５號
10015,1001502,鳳智里,12,中山路,,,,２６號,295666.312,2626972.035,花蓮縣鳳林鎮鳳智里中山路２６號
10015,1001502,鳳智里,16,中山路,,,,２７號,295626.569,2626958.368,花蓮縣鳳林鎮鳳智里中山路２７號
10015,1001502,鳳智里,12,中山路,,,,２８號,295661.119,2626973.847,花蓮縣鳳林鎮鳳智里中山路２８號
10015,1001502,鳳智里,16,中山路,,,,２９號,295620.777,2626970.698,花蓮縣鳳林鎮鳳智里中山路２９號
10015,1001502,鳳智里,12,中山路,,,,３０號,295654.169,2626980.498,花蓮縣鳳林鎮鳳智里中山路３０號
10015,1001502,鳳智里,16,中山路,,,,３１號,295616.956,2626972.024,花蓮縣鳳林鎮鳳智里中山路３１號
10015,1001502,鳳智里,15,中山路,,,,３２號,295638,2626983.122,花蓮縣鳳林鎮鳳智里中山路３２號
10015,1001502,鳳智里,16,中山路,,,,３３號,295613.135,2626973.351,花蓮縣鳳林鎮鳳智里中山路３３號
10015,1001502,鳳智里,15,中山路,,,,３４號,295633.914,2626984.653,花蓮縣鳳林鎮鳳智里中山路３４號
10015,1001502,鳳智里,16,中山路,,,,３５號,295609.315,2626974.677,花蓮縣鳳林鎮鳳智里中山路３５號
10015,1001502,鳳智里,15,中山路,,,,３６號,295630.799,2626985.713,花蓮縣鳳林鎮鳳智里中山路３６號
10015,1001502,鳳智里,15,中山路,,,,３８號,295626.225,2626987.468,花蓮縣鳳林鎮鳳智里中山路３８號
10015,1001502,鳳智里,15,中山路,,,,４０號,295622.024,2626989.059,花蓮縣鳳林鎮鳳智里中山路４０號
10015,1001502,鳳智里,15,中山路,,,,４２號,295618.529,2626990.601,花蓮縣鳳林鎮鳳智里中山路４２號
10015,1001502,鳳智里,15,中山路,,,,４６號,295615.412,2626993.018,花蓮縣鳳林鎮鳳智里中山路４６號
10015,1001502,鳳智里,20,中山路,,５４巷,,５號,295610.818,2627082.776,花蓮縣鳳林鎮鳳智里中山路５４巷５號
10015,1001502,鳳智里,20,中山路,,５４巷,,６號,295576.5,2627059.34,花蓮縣鳳林鎮鳳智里中山路５４巷６號
10015,1001502,鳳智里,25,中正路二段,,,,１號,295586.922,2626626.947,花蓮縣鳳林鎮鳳智里中正路二段１號
10015,1001502,鳳智里,7,中正路二段,,,,１號之１,295627.633,2626729.862,花蓮縣鳳林鎮鳳智里中正路二段１號之１
10015,1001502,鳳智里,25,中正路二段,,,,２號,295627.367,2626645.253,花蓮縣鳳林鎮鳳智里中正路二段２號
10015,1001502,鳳智里,7,中正路二段,,,,３號,295633.041,2626732.564,花蓮縣鳳林鎮鳳智里中正路二段３號
10015,1001502,鳳智里,7,中正路二段,,,,５號,295634.85,2626736.629,花蓮縣鳳林鎮鳳智里中正路二段５號
10015,1001502,鳳智里,25,中正路二段,,,,６號,295620.666,2626652.615,花蓮縣鳳林鎮鳳智里中正路二段６號
10015,1001502,鳳智里,7,中正路二段,,,,７號,295636.257,2626740.199,花蓮縣鳳林鎮鳳智里中正路二段７號
10015,1001502,鳳智里,25,中正路二段,,,,８號,295622.526,2626657.421,花蓮縣鳳林鎮鳳智里中正路二段８號
10015,1001502,鳳智里,7,中正路二段,,,,９號,295637.769,2626744.68,花蓮縣鳳林鎮鳳智里中正路二段９號
10015,1001502,鳳智里,25,中正路二段,,,,１０號,295624.387,2626662.227,花蓮縣鳳林鎮鳳智里中正路二段１０號
10015,1001502,鳳智里,7,中正路二段,,,,１１號,295639.459,2626749.695,花蓮縣鳳林鎮鳳智里中正路二段１１號
10015,1001502,鳳智里,25,中正路二段,,,,１２號,295626.248,2626667.033,花蓮縣鳳林鎮鳳智里中正路二段１２號
10015,1001502,鳳智里,7,中正路二段,,,,１３號,295626.54,2626761.975,花蓮縣鳳林鎮鳳智里中正路二段１３號
10015,1001502,鳳智里,25,中正路二段,,,,１４號,295628.108,2626672.191,花蓮縣鳳林鎮鳳智里中正路二段１４號
10015,1001502,鳳智里,7,中正路二段,,,,１５號二樓,295634.25,2626765.5,花蓮縣鳳林鎮鳳智里中正路二段１５號二樓
10015,1001502,鳳智里,7,中正路二段,,,,１５號三樓,295634.25,2626765.5,花蓮縣鳳林鎮鳳智里中正路二段１５號三樓
10015,1001502,鳳智里,7,中正路二段,,,,１５號四樓,295634.25,2626765.5,花蓮縣鳳林鎮鳳智里中正路二段１５號四樓
10015,1001502,鳳智里,7,中正路二段,,,,１５號四樓之１,295634.25,2626765.5,花蓮縣鳳林鎮鳳智里中正路二段１５號四樓之１
10015,1001502,鳳智里,7,中正路二段,,,,１５號四樓之２,295634.25,2626765.5,花蓮縣鳳林鎮鳳智里中正路二段１５號四樓之２
10015,1001502,鳳智里,7,中正路二段,,,,１５號,295634.25,2626765.5,花蓮縣鳳林鎮鳳智里中正路二段１５號
10015,1001502,鳳智里,25,中正路二段,,,,１６號,295629.968,2626676.645,花蓮縣鳳林鎮鳳智里中正路二段１６號
10015,1001502,鳳智里,7,中正路二段,,,,１７號,295628.187,2626767.25,花蓮縣鳳林鎮鳳智里中正路二段１７號
10015,1001502,鳳智里,25,中正路二段,,,,１８號,295631.829,2626681.451,花蓮縣鳳林鎮鳳智里中正路二段１８號
10015,1001502,鳳智里,7,中正路二段,,,,１９號,295626.95,2626784.14,花蓮縣鳳林鎮鳳智里中正路二段１９號
10015,1001502,鳳智里,25,中正路二段,,,,２２號,295635.55,2626691.063,花蓮縣鳳林鎮鳳智里中正路二段２２號
10015,1001502,鳳智里,25,中正路二段,,,,２４號,295637.411,2626695.869,花蓮縣鳳林鎮鳳智里中正路二段２４號
10015,1001502,鳳智里,25,中正路二段,,,,２６號,295639.271,2626700.676,花蓮縣鳳林鎮鳳智里中正路二段２６號
10015,1001502,鳳智里,25,中正路二段,,,,２８號,295641.132,2626705.482,花蓮縣鳳林鎮鳳智里中正路二段２８號
10015,1001502,鳳智里,6,中正路二段,,,,２８之１號,295653.56,2626735.21,花蓮縣鳳林鎮鳳智里中正路二段２８之１號
10015,1001502,鳳智里,6,中正路二段,,,,２８之１號二樓,295653.56,2626735.21,花蓮縣鳳林鎮鳳智里中正路二段２８之１號二樓
10015,1001502,鳳智里,6,中正路二段,,,,２８之１號三樓,295655.943,2626735.154,花蓮縣鳳林鎮鳳智里中正路二段２８之１號三樓
10015,1001502,鳳智里,6,中正路二段,,,,２８之１號四樓,295653.56,2626735.21,花蓮縣鳳林鎮鳳智里中正路二段２８之１號四樓
10015,1001502,鳳智里,7,中正路二段,,,,２９號,295648.54,2626787.47,花蓮縣鳳林鎮鳳智里中正路二段２９號
10015,1001502,鳳智里,6,中正路二段,,,,３０號,295655.129,2626740.602,花蓮縣鳳林鎮鳳智里中正路二段３０號
10015,1001502,鳳智里,7,中正路二段,,,,３１號,295653.711,2626799.567,花蓮縣鳳林鎮鳳智里中正路二段３１號
10015,1001502,鳳智里,6,中正路二段,,,,３２號,295656.441,2626744.184,花蓮縣鳳林鎮鳳智里中正路二段３２號
10015,1001502,鳳智里,7,中正路二段,,,,３３號,295655.589,2626803.988,花蓮縣鳳林鎮鳳智里中正路二段３３號
10015,1001502,鳳智里,6,中正路二段,,,,３４號,295658.634,2626750.574,花蓮縣鳳林鎮鳳智里中正路二段３４號
10015,1001502,鳳智里,8,中正路二段,,,,３５號,295664.06,2626811.951,花蓮縣鳳林鎮鳳智里中正路二段３５號
10015,1001502,鳳智里,6,中正路二段,,,,３６號,295660.121,2626754.563,花蓮縣鳳林鎮鳳智里中正路二段３６號
10015,1001502,鳳智里,8,中正路二段,,,,３７號,295666.645,2626817.019,花蓮縣鳳林鎮鳳智里中正路二段３７號
10015,1001502,鳳智里,6,中正路二段,,,,３８號,295675.88,2626735.56,花蓮縣鳳林鎮鳳智里中正路二段３８號
10015,1001502,鳳智里,6,中正路二段,,,,３８號一樓,295675.88,2626735.56,花蓮縣鳳林鎮鳳智里中正路二段３８號一樓
10015,1001502,鳳智里,8,中正路二段,,,,３９號,295667.752,2626827.222,花蓮縣鳳林鎮鳳智里中正路二段３９號
10015,1001502,鳳智里,6,中正路二段,,,,４０號,295677.31,2626741.33,花蓮縣鳳林鎮鳳智里中正路二段４０號
10015,1001502,鳳智里,6,中正路二段,,,,４０號一樓,295677.31,2626741.33,花蓮縣鳳林鎮鳳智里中正路二段４０號一樓
10015,1001502,鳳智里,9,中正路二段,,,,４１號,295671.855,2626839.965,花蓮縣鳳林鎮鳳智里中正路二段４１號
10015,1001502,鳳智里,9,中正路二段,,,,４３號,295673.257,2626843.581,花蓮縣鳳林鎮鳳智里中正路二段４３號
10015,1001502,鳳智里,9,中正路二段,,,,４５號,295674.658,2626847.198,花蓮縣鳳林鎮鳳智里中正路二段４５號
10015,1001502,鳳智里,9,中正路二段,,,,４７號,295676.059,2626850.814,花蓮縣鳳林鎮鳳智里中正路二段４７號
10015,1001502,鳳智里,9,中正路二段,,,,４９號,295677.461,2626854.431,花蓮縣鳳林鎮鳳智里中正路二段４９號
10015,1001502,鳳智里,9,中正路二段,,,,５１號,295678.862,2626858.048,花蓮縣鳳林鎮鳳智里中正路二段５１號
10015,1001502,鳳智里,9,中正路二段,,,,５３號,295680.264,2626861.664,花蓮縣鳳林鎮鳳智里中正路二段５３號
10015,1001502,鳳智里,9,中正路二段,,,,５７號,295683.7,2626878.459,花蓮縣鳳林鎮鳳智里中正路二段５７號
10015,1001502,鳳智里,6,中正路二段,,,,５８號,295681.402,2626807.049,花蓮縣鳳林鎮鳳智里中正路二段５８號
10015,1001502,鳳智里,6,中正路二段,,,,６０號,295687.562,2626816.281,花蓮縣鳳林鎮鳳智里中正路二段６０號
10015,1001502,鳳智里,9,中正路二段,,,,６１號,295691.855,2626896.747,花蓮縣鳳林鎮鳳智里中正路二段６１號
10015,1001502,鳳智里,4,中正路二段,,,,６２號,295697.497,2626842.666,花蓮縣鳳林鎮鳳智里中正路二段６２號
10015,1001502,鳳智里,3,中正路二段,,,,６２號,295697.497,2626842.666,花蓮縣鳳林鎮鳳智里中正路二段６２號
10015,1001502,鳳智里,4,中正路二段,,,,６４號,295705.885,2626856.454,花蓮縣鳳林鎮鳳智里中正路二段６４號
10015,1001502,鳳智里,9,中正路二段,,,,６５號,295701.546,2626912.845,花蓮縣鳳林鎮鳳智里中正路二段６５號
10015,1001502,鳳智里,4,中正路二段,,,,６６號,295709.507,2626863.752,花蓮縣鳳林鎮鳳智里中正路二段６６號
10015,1001502,鳳智里,9,中正路二段,,,,６７號,295702.954,2626917.426,花蓮縣鳳林鎮鳳智里中正路二段６７號
10015,1001502,鳳智里,9,中正路二段,,,,６９號,295704.363,2626922.007,花蓮縣鳳林鎮鳳智里中正路二段６９號
10015,1001502,鳳智里,4,中正路二段,,７０巷,,１號,295723.988,2626876.343,花蓮縣鳳林鎮鳳智里中正路二段７０巷１號
10015,1001502,鳳智里,4,中正路二段,,７０巷,,３號,295734.294,2626874.057,花蓮縣鳳林鎮鳳智里中正路二段７０巷３號
10015,1001502,鳳智里,4,中正路二段,,７０巷,,５號,295743.427,2626870.69,花蓮縣鳳林鎮鳳智里中正路二段７０巷５號
10015,1001502,鳳智里,4,中正路二段,,７０巷,,６號,295742.98,2626861.93,花蓮縣鳳林鎮鳳智里中正路二段７０巷６號
10015,1001502,鳳智里,4,中正路二段,,７０巷,,７號,295756.575,2626865.869,花蓮縣鳳林鎮鳳智里中正路二段７０巷７號
10015,1001502,鳳智里,4,中正路二段,,７０巷,,９號,295764.302,2626862.868,花蓮縣鳳林鎮鳳智里中正路二段７０巷９號
10015,1001502,鳳智里,4,中正路二段,,７０巷,,１４號,295746.424,2626850.327,花蓮縣鳳林鎮鳳智里中正路二段７０巷１４號
10015,1001502,鳳智里,4,中正路二段,,７０巷,,１６號,295752.995,2626847.876,花蓮縣鳳林鎮鳳智里中正路二段７０巷１６號
10015,1001502,鳳智里,9,中正路二段,,,,７１號,295705.772,2626926.587,花蓮縣鳳林鎮鳳智里中正路二段７１號
10015,1001502,鳳智里,9,中正路二段,,,,７３號,295707.181,2626931.168,花蓮縣鳳林鎮鳳智里中正路二段７３號
10015,1001502,鳳智里,12,中正路二段,,,,７５號,295721.281,2626962.836,花蓮縣鳳林鎮鳳智里中正路二段７５號
10015,1001502,鳳智里,12,中正路二段,,,,７７號,295723.728,2626968.363,花蓮縣鳳林鎮鳳智里中正路二段７７號
10015,1001502,鳳智里,3,中正路二段,,,,７８號,295749.779,2626983.362,花蓮縣鳳林鎮鳳智里中正路二段７８號
10015,1001502,鳳智里,12,中正路二段,,,,７９號,295725.222,2626973.404,花蓮縣鳳林鎮鳳智里中正路二段７９號
10015,1001502,鳳智里,3,中正路二段,,,,８０號,295751.742,2626988.183,花蓮縣鳳林鎮鳳智里中正路二段８０號
10015,1001502,鳳智里,12,中正路二段,,,,８１號,295727.104,2626978.251,花蓮縣鳳林鎮鳳智里中正路二段８１號
10015,1001502,鳳智里,4,中正路二段,,,,８２號,295753.705,2626993.005,花蓮縣鳳林鎮鳳智里中正路二段８２號
10015,1001502,鳳智里,3,中正路二段,,,,８２號,295753.705,2626993.005,花蓮縣鳳林鎮鳳智里中正路二段８２號
10015,1001502,鳳智里,12,中正路二段,,,,８３號,295728.703,2626982.673,花蓮縣鳳林鎮鳳智里中正路二段８３號
10015,1001502,鳳智里,3,中正路二段,,,,８４號,295755.668,2626997.826,花蓮縣鳳林鎮鳳智里中正路二段８４號
10015,1001502,鳳智里,12,中正路二段,,,,８５號,295730.197,2626987.131,花蓮縣鳳林鎮鳳智里中正路二段８５號
10015,1001502,鳳智里,3,中正路二段,,,,８６號,295757.631,2627002.648,花蓮縣鳳林鎮鳳智里中正路二段８６號
10015,1001502,鳳智里,12,中正路二段,,,,８７號,295732.363,2626992.016,花蓮縣鳳林鎮鳳智里中正路二段８７號
10015,1001502,鳳智里,3,中正路二段,,,,８８號,295759.594,2627007.469,花蓮縣鳳林鎮鳳智里中正路二段８８號
10015,1001502,鳳智里,13,中正路二段,,８９巷,,１號,295707.386,2627002.266,花蓮縣鳳林鎮鳳智里中正路二段８９巷１號
10015,1001502,鳳智里,13,中正路二段,,８９巷,,３號,295703.838,2627003.958,花蓮縣鳳林鎮鳳智里中正路二段８９巷３號
10015,1001502,鳳智里,13,中正路二段,,８９巷,,４號,295705.289,2627011.694,花蓮縣鳳林鎮鳳智里中正路二段８９巷４號
10015,1001502,鳳智里,13,中正路二段,,８９巷,,５號,295699.241,2627005.57,花蓮縣鳳林鎮鳳智里中正路二段８９巷５號
10015,1001502,鳳智里,13,中正路二段,,８９巷,,６號,295699.128,2627027,花蓮縣鳳林鎮鳳智里中正路二段８９巷６號
10015,1001502,鳳智里,13,中正路二段,,８９巷,,７號,295694.886,2627007.584,花蓮縣鳳林鎮鳳智里中正路二段８９巷７號
10015,1001502,鳳智里,13,中正路二段,,８９巷,,８號,295692.845,2627016.847,花蓮縣鳳林鎮鳳智里中正路二段８９巷８號
10015,1001502,鳳智里,3,中正路二段,,,,９０號,295761.557,2627012.291,花蓮縣鳳林鎮鳳智里中正路二段９０號
10015,1001502,鳳智里,13,中正路二段,,,,９１號,295734.677,2626998.57,花蓮縣鳳林鎮鳳智里中正路二段９１號
10015,1001502,鳳智里,3,中正路二段,,,,９２號,295763.52,2627017.112,花蓮縣鳳林鎮鳳智里中正路二段９２號
10015,1001502,鳳智里,13,中正路二段,,,,９３號,295736.697,2627004.328,花蓮縣鳳林鎮鳳智里中正路二段９３號
10015,1001502,鳳智里,3,中正路二段,,,,９４號,295765.484,2627021.934,花蓮縣鳳林鎮鳳智里中正路二段９４號
10015,1001502,鳳智里,13,中正路二段,,,,９５號,295738.382,2627008.931,花蓮縣鳳林鎮鳳智里中正路二段９５號
10015,1001502,鳳智里,3,中正路二段,,,,９６號,295767.447,2627026.755,花蓮縣鳳林鎮鳳智里中正路二段９６號
10015,1001502,鳳智里,13,中正路二段,,,,９７號,295739.854,2627013.318,花蓮縣鳳林鎮鳳智里中正路二段９７號
10015,1001502,鳳智里,3,中正路二段,,,,９８號,295769.41,2627031.577,花蓮縣鳳林鎮鳳智里中正路二段９８號
10015,1001502,鳳智里,13,中正路二段,,,,９９號,295742.024,2627025.166,花蓮縣鳳林鎮鳳智里中正路二段９９號
10015,1001502,鳳智里,3,中正路二段,,,,１００號,295771.373,2627036.399,花蓮縣鳳林鎮鳳智里中正路二段１００號
10015,1001502,鳳智里,13,中正路二段,,,,１０１號,295747.42,2627032.69,花蓮縣鳳林鎮鳳智里中正路二段１０１號
10015,1001502,鳳智里,3,中正路二段,,,,１０２號,295773.336,2627041.22,花蓮縣鳳林鎮鳳智里中正路二段１０２號
10015,1001502,鳳智里,13,中正路二段,,,,１０３號,295750.218,2627037.626,花蓮縣鳳林鎮鳳智里中正路二段１０３號
10015,1001502,鳳智里,13,中正路二段,,,,１０５號,295751.951,2627042.21,花蓮縣鳳林鎮鳳智里中正路二段１０５號
10015,1001502,鳳智里,13,中正路二段,,,,１０７號,295753.888,2627046.692,花蓮縣鳳林鎮鳳智里中正路二段１０７號
10015,1001502,鳳智里,13,中正路二段,,,,１０９號,295755.652,2627050.12,花蓮縣鳳林鎮鳳智里中正路二段１０９號
10015,1001502,鳳智里,17,中美路,,,,１號,295556.815,2626762.325,花蓮縣鳳林鎮鳳智里中美路１號
10015,1001502,鳳智里,17,中美路,,,,３號,295558.903,2626767.286,花蓮縣鳳林鎮鳳智里中美路３號
10015,1001502,鳳智里,17,中美路,,,,５號,295560.99,2626772.247,花蓮縣鳳林鎮鳳智里中美路５號
10015,1001502,鳳智里,17,中美路,,,,７號,295563.077,2626777.208,花蓮縣鳳林鎮鳳智里中美路７號
10015,1001502,鳳智里,8,中美路,,,,８號,295597.573,2626804.143,花蓮縣鳳林鎮鳳智里中美路８號
10015,1001502,鳳智里,17,中美路,,,,９號,295565.164,2626782.169,花蓮縣鳳林鎮鳳智里中美路９號
10015,1001502,鳳智里,8,中美路,,,,１０號,295607.444,2626799.475,花蓮縣鳳林鎮鳳智里中美路１０號
10015,1001502,鳳智里,17,中美路,,,,１１號,295563.362,2626788.362,花蓮縣鳳林鎮鳳智里中美路１１號
10015,1001502,鳳智里,8,中美路,,,,１２號,295592.141,2626814.83,花蓮縣鳳林鎮鳳智里中美路１２號
10015,1001502,鳳智里,8,中美路,,,,１４號,295593.905,2626819.426,花蓮縣鳳林鎮鳳智里中美路１４號
10015,1001502,鳳智里,8,中美路,,,,１６號,295595.67,2626824.023,花蓮縣鳳林鎮鳳智里中美路１６號
10015,1001502,鳳智里,17,中美路,,,,１７號,295571.648,2626802.41,花蓮縣鳳林鎮鳳智里中美路１７號
10015,1001502,鳳智里,8,中美路,,,,１８號,295597.434,2626828.619,花蓮縣鳳林鎮鳳智里中美路１８號
10015,1001502,鳳智里,17,中美路,,,,１９號,295567.899,2626808.777,花蓮縣鳳林鎮鳳智里中美路１９號
10015,1001502,鳳智里,8,中美路,,,,２０號,295599.199,2626833.215,花蓮縣鳳林鎮鳳智里中美路２０號
10015,1001502,鳳智里,16,中美路,,,,２１號,295575.396,2626809.302,花蓮縣鳳林鎮鳳智里中美路２１號
10015,1001502,鳳智里,8,中美路,,,,２２號,295600.639,2626836.45,花蓮縣鳳林鎮鳳智里中美路２２號
10015,1001502,鳳智里,16,中美路,,,,２３號,295576.671,2626812.673,花蓮縣鳳林鎮鳳智里中美路２３號
10015,1001502,鳳智里,8,中美路,,,,２４號,295602.256,2626841.258,花蓮縣鳳林鎮鳳智里中美路２４號
10015,1001502,鳳智里,16,中美路,,,,２５號,295578.01,2626816.088,花蓮縣鳳林鎮鳳智里中美路２５號
10015,1001502,鳳智里,8,中美路,,,,２６號,295605.143,2626848.349,花蓮縣鳳林鎮鳳智里中美路２６號
10015,1001502,鳳智里,16,中美路,,,,２７號,295579.779,2626822.324,花蓮縣鳳林鎮鳳智里中美路２７號
10015,1001502,鳳智里,11,中美路,,,,２８號,295612.627,2626867.478,花蓮縣鳳林鎮鳳智里中美路２８號
10015,1001502,鳳智里,16,中美路,,,,２９號,295580.938,2626831.293,花蓮縣鳳林鎮鳳智里中美路２９號
10015,1001502,鳳智里,11,中美路,,,,３０號,295612.36,2626870.409,花蓮縣鳳林鎮鳳智里中美路３０號
10015,1001502,鳳智里,16,中美路,,,,３１號,295574.237,2626841.061,花蓮縣鳳林鎮鳳智里中美路３１號
10015,1001502,鳳智里,16,中美路,,,,３３號,295585.882,2626836.915,花蓮縣鳳林鎮鳳智里中美路３３號
10015,1001502,鳳智里,11,中美路,,,,３４號,295616.833,2626883.707,花蓮縣鳳林鎮鳳智里中美路３４號
10015,1001502,鳳智里,16,中美路,,,,３５號,295588.769,2626843.738,花蓮縣鳳林鎮鳳智里中美路３５號
10015,1001502,鳳智里,16,中美路,,,,３７號,295591.34,2626849.53,花蓮縣鳳林鎮鳳智里中美路３７號
10015,1001502,鳳智里,16,中美路,,,,３９號,295593.176,2626854.692,花蓮縣鳳林鎮鳳智里中美路３９號
10015,1001502,鳳智里,16,中美路,,,,４１號,295590.768,2626883.733,花蓮縣鳳林鎮鳳智里中美路４１號
10015,1001502,鳳智里,11,中美路,,,,４２號,295650.643,2626912.907,花蓮縣鳳林鎮鳳智里中美路４２號
10015,1001502,鳳智里,11,中美路,,,,４６號,295632.875,2626920.828,花蓮縣鳳林鎮鳳智里中美路４６號
10015,1001502,鳳智里,16,中美路,,,,４７號,295603.492,2626891.137,花蓮縣鳳林鎮鳳智里中美路４７號
10015,1001502,鳳智里,11,中美路,,,,４８號,295635.425,2626927.239,花蓮縣鳳林鎮鳳智里中美路４８號
10015,1001502,鳳智里,16,中美路,,,,４９號,295607.241,2626899.711,花蓮縣鳳林鎮鳳智里中美路４９號
10015,1001502,鳳智里,11,中美路,,,,５０號,295637.465,2626934.16,花蓮縣鳳林鎮鳳智里中美路５０號
10015,1001502,鳳智里,16,中美路,,,,５１號,295610.398,2626908.21,花蓮縣鳳林鎮鳳智里中美路５１號
10015,1001502,鳳智里,11,中美路,,,,５２號,295639.887,2626939.934,花蓮縣鳳林鎮鳳智里中美路５２號
10015,1001502,鳳智里,16,中美路,,,,５３號,295613.93,2626922.63,花蓮縣鳳林鎮鳳智里中美路５３號
10015,1001502,鳳智里,11,中美路,,,,５４號,295641.614,2626945.372,花蓮縣鳳林鎮鳳智里中美路５４號
10015,1001502,鳳智里,11,中美路,,,,５６號,295643.843,2626951.086,花蓮縣鳳林鎮鳳智里中美路５６號
10015,1001502,鳳智里,14,中美路,,,,５７號,295647.515,2626998.409,花蓮縣鳳林鎮鳳智里中美路５７號
10015,1001502,鳳智里,11,中美路,,,,５８號,295645.787,2626956.34,花蓮縣鳳林鎮鳳智里中美路５８號
10015,1001502,鳳智里,14,中美路,,,,５９號,295649.192,2627002.747,花蓮縣鳳林鎮鳳智里中美路５９號
10015,1001502,鳳智里,12,中美路,,,,６０號,295661.455,2626997.676,花蓮縣鳳林鎮鳳智里中美路６０號
10015,1001502,鳳智里,14,中美路,,,,６１號,295650.736,2627007.304,花蓮縣鳳林鎮鳳智里中美路６１號
10015,1001502,鳳智里,12,中美路,,,,６２號,295664.609,2627004.791,花蓮縣鳳林鎮鳳智里中美路６２號
10015,1001502,鳳智里,14,中美路,,,,６３號,295653.659,2627014.885,花蓮縣鳳林鎮鳳智里中美路６３號
10015,1001502,鳳智里,12,中美路,,,,６４號,295666.651,2627009.327,花蓮縣鳳林鎮鳳智里中美路６４號
10015,1001502,鳳智里,14,中美路,,,,６５號,295656.127,2627021.098,花蓮縣鳳林鎮鳳智里中美路６５號
10015,1001502,鳳智里,13,中美路,,,,６６號,295668.795,2627014.223,花蓮縣鳳林鎮鳳智里中美路６６號
10015,1001502,鳳智里,13,中美路,,,,６８號,295669.931,2627017.927,花蓮縣鳳林鎮鳳智里中美路６８號
10015,1001502,鳳智里,13,中美路,,,,７０號,295672.776,2627025.035,花蓮縣鳳林鎮鳳智里中美路７０號
10015,1001502,鳳智里,14,中美路,,,,７３號,295662.684,2627039.037,花蓮縣鳳林鎮鳳智里中美路７３號
10015,1001502,鳳智里,13,中美路,,,,７４號,295676.71,2627034.261,花蓮縣鳳林鎮鳳智里中美路７４號
10015,1001502,鳳智里,14,中美路,,,,７５號,295664.704,2627045.222,花蓮縣鳳林鎮鳳智里中美路７５號
10015,1001502,鳳智里,13,中美路,,,,７６號,295678.408,2627038.179,花蓮縣鳳林鎮鳳智里中美路７６號
10015,1001502,鳳智里,14,中美路,,,,７７號,295668.014,2627052.387,花蓮縣鳳林鎮鳳智里中美路７７號
10015,1001502,鳳智里,13,中美路,,,,７８號,295680.527,2627043.242,花蓮縣鳳林鎮鳳智里中美路７８號
10015,1001502,鳳智里,14,中美路,,,,７９號,295670.956,2627059.001,花蓮縣鳳林鎮鳳智里中美路７９號
10015,1001502,鳳智里,13,中美路,,,,８０號,295682.646,2627048.305,花蓮縣鳳林鎮鳳智里中美路８０號
10015,1001502,鳳智里,14,中美路,,,,８１號,295673.015,2627064.77,花蓮縣鳳林鎮鳳智里中美路８１號
10015,1001502,鳳智里,14,中美路,,,,８３號,295674.497,2627068.617,花蓮縣鳳林鎮鳳智里中美路８３號
10015,1001502,鳳智里,14,中美路,,,,８５號,295676.333,2627073.663,花蓮縣鳳林鎮鳳智里中美路８５號
10015,1001502,鳳智里,23,中華路,,,,８之１號,295802.832,2626553.285,花蓮縣鳳林鎮鳳智里中華路８之１號
10015,1001502,鳳智里,23,中華路,,,,１０號,295807.445,2626566.312,花蓮縣鳳林鎮鳳智里中華路１０號
10015,1001502,鳳智里,24,中華路,,,,１１之１號,295760.471,2626563.886,花蓮縣鳳林鎮鳳智里中華路１１之１號
10015,1001502,鳳智里,23,中華路,,,,１２號,295809.912,2626573.34,花蓮縣鳳林鎮鳳智里中華路１２號
10015,1001502,鳳智里,23,中華路,,,,１４號,295812.154,2626579.244,花蓮縣鳳林鎮鳳智里中華路１４號
10015,1001502,鳳智里,23,中華路,,,,１８號,295823.152,2626601.859,花蓮縣鳳林鎮鳳智里中華路１８號
10015,1001502,鳳智里,1,中華路,,,,２５號,295899.56,2626935.83,花蓮縣鳳林鎮鳳智里中華路２５號
10015,1001502,鳳智里,22,中華路,,,,３０號,295873.497,2626655.403,花蓮縣鳳林鎮鳳智里中華路３０號
10015,1001502,鳳智里,2,中華路,,,,６２號,295889.987,2626721.957,花蓮縣鳳林鎮鳳智里中華路６２號
10015,1001502,鳳智里,2,中華路,,,,６４號,295892.265,2626731.909,花蓮縣鳳林鎮鳳智里中華路６４號
10015,1001502,鳳智里,21,中華路,,,,６８號,295893.557,2626757.569,花蓮縣鳳林鎮鳳智里中華路６８號
10015,1001502,鳳智里,21,中華路,,,,７０號,295904.455,2626779.949,花蓮縣鳳林鎮鳳智里中華路７０號
10015,1001502,鳳智里,21,中華路,,,,７２號,295895.507,2626795.103,花蓮縣鳳林鎮鳳智里中華路７２號
10015,1001502,鳳智里,21,中華路,,,,８２號,295901.623,2626818.937,花蓮縣鳳林鎮鳳智里中華路８２號
10015,1001502,鳳智里,21,中華路,,,,８４號,295913.494,2626840.737,花蓮縣鳳林鎮鳳智里中華路８４號
10015,1001502,鳳智里,21,中華路,,,,８６號,295915.036,2626849.938,花蓮縣鳳林鎮鳳智里中華路８６號
10015,1001502,鳳智里,21,中華路,,,,８８號,295916.561,2626853.81,花蓮縣鳳林鎮鳳智里中華路８８號
10015,1001502,鳳智里,21,中華路,,,,９０號,295918.087,2626857.682,花蓮縣鳳林鎮鳳智里中華路９０號
10015,1001502,鳳智里,21,中華路,,,,９２號,295919.612,2626861.554,花蓮縣鳳林鎮鳳智里中華路９２號
10015,1001502,鳳智里,21,中華路,,,,９４號,295921.137,2626865.426,花蓮縣鳳林鎮鳳智里中華路９４號
10015,1001502,鳳智里,21,中華路,,,,９６號,295922.662,2626869.298,花蓮縣鳳林鎮鳳智里中華路９６號
10015,1001502,鳳智里,1,中華路,,,,１０８號,295950.266,2626920.195,花蓮縣鳳林鎮鳳智里中華路１０８號
10015,1001502,鳳智里,1,中華路,,,,１１４號,295950.266,2626920.195,花蓮縣鳳林鎮鳳智里中華路１１４號
10015,1001502,鳳智里,1,中華路,,,,１１６號,295956.738,2626956.275,花蓮縣鳳林鎮鳳智里中華路１１６號
10015,1001502,鳳智里,23,信義路,,,,３５號,295960.582,2626539.624,花蓮縣鳳林鎮鳳智里信義路３５號
10015,1001502,鳳智里,23,信義路,,,,３７號,295967.477,2626555.745,花蓮縣鳳林鎮鳳智里信義路３７號
10015,1001502,鳳智里,23,信義路,,,,３９號,295974.151,2626572.716,花蓮縣鳳林鎮鳳智里信義路３９號
10015,1001502,鳳智里,2,信義路,,,,６５號,296031.17,2626641.573,花蓮縣鳳林鎮鳳智里信義路６５號
10015,1001502,鳳智里,2,信義路,,,,６７號,296032.844,2626645.927,花蓮縣鳳林鎮鳳智里信義路６７號
10015,1001502,鳳智里,2,信義路,,,,６９號,296034.518,2626650.282,花蓮縣鳳林鎮鳳智里信義路６９號
10015,1001502,鳳智里,2,信義路,,,,７１號,296036.193,2626654.636,花蓮縣鳳林鎮鳳智里信義路７１號
10015,1001502,鳳智里,2,信義路,,,,７３號,296037.867,2626658.99,花蓮縣鳳林鎮鳳智里信義路７３號
10015,1001502,鳳智里,2,信義路,,,,７５號,296039.541,2626663.344,花蓮縣鳳林鎮鳳智里信義路７５號
10015,1001502,鳳智里,2,信義路,,,,７７號,296041.215,2626667.699,花蓮縣鳳林鎮鳳智里信義路７７號
10015,1001502,鳳智里,21,信義路,,,,７９號,296045.94,2626680.287,花蓮縣鳳林鎮鳳智里信義路７９號
10015,1001502,鳳智里,21,信義路,,,,８１號,296053.642,2626693.582,花蓮縣鳳林鎮鳳智里信義路８１號
10015,1001502,鳳智里,21,信義路,,,,８３號,296055.223,2626697.928,花蓮縣鳳林鎮鳳智里信義路８３號
10015,1001502,鳳智里,21,信義路,,,,８５號,296056.803,2626702.274,花蓮縣鳳林鎮鳳智里信義路８５號
10015,1001502,鳳智里,21,信義路,,,,８７號,296058.384,2626706.619,花蓮縣鳳林鎮鳳智里信義路８７號
10015,1001502,鳳智里,21,信義路,,,,８９號,296059.964,2626710.965,花蓮縣鳳林鎮鳳智里信義路８９號
10015,1001502,鳳智里,21,信義路,,,,９１號,296061.545,2626715.311,花蓮縣鳳林鎮鳳智里信義路９１號
10015,1001502,鳳智里,21,信義路,,,,９３號,296063.126,2626719.657,花蓮縣鳳林鎮鳳智里信義路９３號
10015,1001502,鳳智里,21,信義路,,,,９５號,296064.706,2626724.003,花蓮縣鳳林鎮鳳智里信義路９５號
10015,1001502,鳳智里,21,信義路,,,,９７號,296066.287,2626728.348,花蓮縣鳳林鎮鳳智里信義路９７號
10015,1001502,鳳智里,21,信義路,,,,９９號,296067.867,2626732.694,花蓮縣鳳林鎮鳳智里信義路９９號
10015,1001502,鳳智里,21,信義路,,,,１０１號,296089.507,2626793.083,花蓮縣鳳林鎮鳳智里信義路１０１號
10015,1001502,鳳智里,21,信義路,,,,１０３號,296091.925,2626798.879,花蓮縣鳳林鎮鳳智里信義路１０３號
10015,1001502,鳳智里,21,信義路,,,,１０５號,296093.668,2626803.428,花蓮縣鳳林鎮鳳智里信義路１０５號
10015,1001502,鳳智里,21,信義路,,,,１０７號,296095.181,2626807.552,花蓮縣鳳林鎮鳳智里信義路１０７號
10015,1001502,鳳智里,21,信義路,,,,１１１號,296098.334,2626816.057,花蓮縣鳳林鎮鳳智里信義路１１１號
10015,1001502,鳳智里,21,信義路,,,,１１３號,296100.076,2626820.606,花蓮縣鳳林鎮鳳智里信義路１１３號
10015,1001502,鳳智里,21,信義路,,,,１１５號,296101.818,2626825.155,花蓮縣鳳林鎮鳳智里信義路１１５號
10015,1001502,鳳智里,1,信義路,,,,１１７號,296112.27,2626856.57,花蓮縣鳳林鎮鳳智里信義路１１７號
10015,1001502,鳳智里,1,信義路,,,,１１７號二樓,296112.27,2626856.57,花蓮縣鳳林鎮鳳智里信義路１１７號二樓
10015,1001502,鳳智里,1,信義路,,,,１１７號三樓,296112.27,2626856.57,花蓮縣鳳林鎮鳳智里信義路１１７號三樓
10015,1001502,鳳智里,1,信義路,,,,１１７號四樓,296112.27,2626856.57,花蓮縣鳳林鎮鳳智里信義路１１７號四樓
10015,1001502,鳳智里,1,信義路,,,,１１７號五樓,296112.27,2626856.57,花蓮縣鳳林鎮鳳智里信義路１１７號五樓
10015,1001502,鳳智里,1,信義路,,,,１１７號六樓,296112.27,2626856.57,花蓮縣鳳林鎮鳳智里信義路１１７號六樓
10015,1001502,鳳智里,1,信義路,,,,１１９之１號,296109.24,2626895.094,花蓮縣鳳林鎮鳳智里信義路１１９之１號
10015,1001502,鳳智里,1,信義路,,,,１１９號,296127.657,2626888.04,花蓮縣鳳林鎮鳳智里信義路１１９號
10015,1001502,鳳智里,1,信義路,,,,１２１號,296128.936,2626891.599,花蓮縣鳳林鎮鳳智里信義路１２１號
10015,1001502,鳳智里,1,信義路,,,,１２３號,296130.214,2626895.159,花蓮縣鳳林鎮鳳智里信義路１２３號
10015,1001502,鳳智里,1,信義路,,,,１２５號,296131.493,2626898.718,花蓮縣鳳林鎮鳳智里信義路１２５號
10015,1001502,鳳智里,1,信義路,,,,１２７號,296132.772,2626902.277,花蓮縣鳳林鎮鳳智里信義路１２７號
10015,1001502,鳳智里,21,信義路,,,,１２９號,296134.051,2626905.837,花蓮縣鳳林鎮鳳智里信義路１２９號
10015,1001502,鳳智里,1,信義路,,,,１２９號,296134.051,2626905.837,花蓮縣鳳林鎮鳳智里信義路１２９號
10015,1001502,鳳智里,27,光復路,,,,１號,295668.02,2626631.19,花蓮縣鳳林鎮鳳智里光復路１號
10015,1001502,鳳智里,27,光復路,,,,３號,295680.429,2626629.471,花蓮縣鳳林鎮鳳智里光復路３號
10015,1001502,鳳智里,27,光復路,,,,５號,295682.168,2626634.339,花蓮縣鳳林鎮鳳智里光復路５號
10015,1001502,鳳智里,24,光復路,,６巷,,６號,295734.201,2626605.774,花蓮縣鳳林鎮鳳智里光復路６巷６號
10015,1001502,鳳智里,24,光復路,,６巷,,７號,295745.317,2626600.033,花蓮縣鳳林鎮鳳智里光復路６巷７號
10015,1001502,鳳智里,24,光復路,,６巷,,８號,295758.502,2626595.586,花蓮縣鳳林鎮鳳智里光復路６巷８號
10015,1001502,鳳智里,24,光復路,,６巷,,９號,295765.227,2626592.734,花蓮縣鳳林鎮鳳智里光復路６巷９號
10015,1001502,鳳智里,27,光復路,,,,７號,295683.907,2626639.207,花蓮縣鳳林鎮鳳智里光復路７號
10015,1001502,鳳智里,24,光復路,,,,８號,295747.37,2626735.014,花蓮縣鳳林鎮鳳智里光復路８號
10015,1001502,鳳智里,27,光復路,,,,９號,295685.646,2626644.076,花蓮縣鳳林鎮鳳智里光復路９號
10015,1001502,鳳智里,27,光復路,,,,１１號,295687.386,2626648.944,花蓮縣鳳林鎮鳳智里光復路１１號
10015,1001502,鳳智里,27,光復路,,,,１３號,295689.125,2626653.812,花蓮縣鳳林鎮鳳智里光復路１３號
10015,1001502,鳳智里,27,光復路,,,,１５號,295690.864,2626658.68,花蓮縣鳳林鎮鳳智里光復路１５號
10015,1001502,鳳智里,27,光復路,,,,１７號,295692.603,2626663.548,花蓮縣鳳林鎮鳳智里光復路１７號
10015,1001502,鳳智里,1,光復路,,,,１８號,295847.587,2627009.295,花蓮縣鳳林鎮鳳智里光復路１８號
10015,1001502,鳳智里,27,光復路,,,,１９號,295694.211,2626668.379,花蓮縣鳳林鎮鳳智里光復路１９號
10015,1001502,鳳智里,27,光復路,,,,２１號,295696.082,2626673.285,花蓮縣鳳林鎮鳳智里光復路２１號
10015,1001502,鳳智里,27,光復路,,,,２３號,295697.821,2626678.153,花蓮縣鳳林鎮鳳智里光復路２３號
10015,1001502,鳳智里,5,光復路,,,,２５號,295699.561,2626683.021,花蓮縣鳳林鎮鳳智里光復路２５號
10015,1001502,鳳智里,5,光復路,,,,２７號,295707.687,2626708.152,花蓮縣鳳林鎮鳳智里光復路２７號
10015,1001502,鳳智里,5,光復路,,,,２９號,295711.513,2626719.411,花蓮縣鳳林鎮鳳智里光復路２９號
10015,1001502,鳳智里,5,光復路,,,,３１號,295718.483,2626736.966,花蓮縣鳳林鎮鳳智里光復路３１號
10015,1001502,鳳智里,5,光復路,,,,３７號,295726.514,2626751.014,花蓮縣鳳林鎮鳳智里光復路３７號
10015,1001502,鳳智里,5,光復路,,,,３９號,295723.577,2626757.762,花蓮縣鳳林鎮鳳智里光復路３９號
10015,1001502,鳳智里,5,光復路,,,,４１號,295720.179,2626747.577,花蓮縣鳳林鎮鳳智里光復路４１號
10015,1001502,鳳智里,5,光復路,,,,４３號,295704.621,2626758.379,花蓮縣鳳林鎮鳳智里光復路４３號
10015,1001502,鳳智里,5,光復路,,,,４５號,295684.915,2626655.712,花蓮縣鳳林鎮鳳智里光復路４５號
10015,1001502,鳳智里,5,光復路,,,,４７號,295680.814,2626645.79,花蓮縣鳳林鎮鳳智里光復路４７號
10015,1001502,鳳智里,5,光復路,,,,４９號,295670.495,2626633.355,花蓮縣鳳林鎮鳳智里光復路４９號
10015,1001502,鳳智里,5,光復路,,,,５１號,295678.631,2626630.908,花蓮縣鳳林鎮鳳智里光復路５１號
10015,1001502,鳳智里,3,光復路,,,,６５號,295807.471,2626961.6,花蓮縣鳳林鎮鳳智里光復路６５號
10015,1001502,鳳智里,3,光復路,,,,６７號,295797.539,2626994.586,花蓮縣鳳林鎮鳳智里光復路６７號
10015,1001502,鳳智里,3,光復路,,,,７３號,295823.14,2627019.322,花蓮縣鳳林鎮鳳智里光復路７３號
10015,1001502,鳳智里,23,光華路,,,,１１號,295878.4,2626524.37,花蓮縣鳳林鎮鳳智里光華路１１號
10015,1001502,鳳智里,22,光華路,,,,２１號,295913.751,2626620.822,花蓮縣鳳林鎮鳳智里光華路２１號
10015,1001502,鳳智里,22,光華路,,,,２３號,295915.569,2626625.732,花蓮縣鳳林鎮鳳智里光華路２３號
10015,1001502,鳳智里,22,光華路,,,,２５號,295917.387,2626630.641,花蓮縣鳳林鎮鳳智里光華路２５號
10015,1001502,鳳智里,22,光華路,,,,２７號,295919.205,2626635.551,花蓮縣鳳林鎮鳳智里光華路２７號
10015,1001502,鳳智里,22,光華路,,,,２９號,295921.023,2626640.46,花蓮縣鳳林鎮鳳智里光華路２９號
10015,1001502,鳳智里,22,光華路,,,,３１號,295922.841,2626645.37,花蓮縣鳳林鎮鳳智里光華路３１號
10015,1001502,鳳智里,22,光華路,,,,３２號,295929.75,2626616,花蓮縣鳳林鎮鳳智里光華路３２號
10015,1001502,鳳智里,22,光華路,,,,３３號,295924.659,2626650.279,花蓮縣鳳林鎮鳳智里光華路３３號
10015,1001502,鳳智里,22,光華路,,,,３４號,295931.702,2626620.814,花蓮縣鳳林鎮鳳智里光華路３４號
10015,1001502,鳳智里,22,光華路,,,,３５號,295926.476,2626655.189,花蓮縣鳳林鎮鳳智里光華路３５號
10015,1001502,鳳智里,22,光華路,,,,３６號,295933.649,2626625.626,花蓮縣鳳林鎮鳳智里光華路３６號
10015,1001502,鳳智里,22,光華路,,,,３７號,295928.294,2626660.099,花蓮縣鳳林鎮鳳智里光華路３７號
10015,1001502,鳳智里,22,光華路,,,,３８號,295935.596,2626630.438,花蓮縣鳳林鎮鳳智里光華路３８號
10015,1001502,鳳智里,22,光華路,,,,３９號,295930.112,2626665.008,花蓮縣鳳林鎮鳳智里光華路３９號
10015,1001502,鳳智里,22,光華路,,,,４０號,295937.542,2626635.25,花蓮縣鳳林鎮鳳智里光華路４０號
10015,1001502,鳳智里,2,光華路,,,,４１號,295938.02,2626678.379,花蓮縣鳳林鎮鳳智里光華路４１號
10015,1001502,鳳智里,22,光華路,,,,４２號之１,295942.09,2626645.129,花蓮縣鳳林鎮鳳智里光華路４２號之１
10015,1001502,鳳智里,2,光華路,,,,４３號,295939.606,2626682.8,花蓮縣鳳林鎮鳳智里光華路４３號
10015,1001502,鳳智里,2,光華路,,,,４５號,295941.192,2626687.221,花蓮縣鳳林鎮鳳智里光華路４５號
10015,1001502,鳳智里,22,光華路,,,,４６號,295943.382,2626649.687,花蓮縣鳳林鎮鳳智里光華路４６號
10015,1001502,鳳智里,2,光華路,,,,４７號,295942.778,2626691.641,花蓮縣鳳林鎮鳳智里光華路４７號
10015,1001502,鳳智里,22,光華路,,,,４８號,295945.328,2626654.499,花蓮縣鳳林鎮鳳智里光華路４８號
10015,1001502,鳳智里,2,光華路,,,,４９號,295944.364,2626696.062,花蓮縣鳳林鎮鳳智里光華路４９號
10015,1001502,鳳智里,22,光華路,,,,５０號,295947.275,2626659.311,花蓮縣鳳林鎮鳳智里光華路５０號
10015,1001502,鳳智里,2,光華路,,,,５１號,295945.95,2626700.482,花蓮縣鳳林鎮鳳智里光華路５１號
10015,1001502,鳳智里,2,光華路,,,,５２號,295951.546,2626673.141,花蓮縣鳳林鎮鳳智里光華路５２號
10015,1001502,鳳智里,2,光華路,,,,５３號,295947.535,2626704.903,花蓮縣鳳林鎮鳳智里光華路５３號
10015,1001502,鳳智里,2,光華路,,,,５４號,295953.266,2626677.54,花蓮縣鳳林鎮鳳智里光華路５４號
10015,1001502,鳳智里,2,光華路,,,,５６號,295954.987,2626681.939,花蓮縣鳳林鎮鳳智里光華路５６號
10015,1001502,鳳智里,2,光華路,,,,５７號,295953.841,2626733.456,花蓮縣鳳林鎮鳳智里光華路５７號
10015,1001502,鳳智里,21,光華路,,,,５７號,295953.841,2626733.456,花蓮縣鳳林鎮鳳智里光華路５７號
10015,1001502,鳳智里,2,光華路,,,,５８號,295956.707,2626686.338,花蓮縣鳳林鎮鳳智里光華路５８號
10015,1001502,鳳智里,2,光華路,,,,６０號,295958.427,2626690.737,花蓮縣鳳林鎮鳳智里光華路６０號
10015,1001502,鳳智里,21,光華路,,,,６１號,295960.731,2626750.109,花蓮縣鳳林鎮鳳智里光華路６１號
10015,1001502,鳳智里,2,光華路,,,,６２號,295960.148,2626695.137,花蓮縣鳳林鎮鳳智里光華路６２號
10015,1001502,鳳智里,21,光華路,,,,６３號,295967.536,2626760.565,花蓮縣鳳林鎮鳳智里光華路６３號
10015,1001502,鳳智里,2,光華路,,,,６４號,295961.868,2626699.536,花蓮縣鳳林鎮鳳智里光華路６４號
10015,1001502,鳳智里,21,光華路,,,,６５號,295971.353,2626769.775,花蓮縣鳳林鎮鳳智里光華路６５號
10015,1001502,鳳智里,21,光華路,,,,７９號,295977.555,2626782.461,花蓮縣鳳林鎮鳳智里光華路７９號
10015,1001502,鳳智里,21,光華路,,,,８３號,295979.848,2626794.142,花蓮縣鳳林鎮鳳智里光華路８３號
10015,1001502,鳳智里,21,光華路,,,,８５號,295987.028,2626811.45,花蓮縣鳳林鎮鳳智里光華路８５號
10015,1001502,鳳智里,21,光華路,,,,８７號,295988.222,2626816.144,花蓮縣鳳林鎮鳳智里光華路８７號
10015,1001502,鳳智里,21,光華路,,,,８８號,295983.499,2626751.554,花蓮縣鳳林鎮鳳智里光華路８８號
10015,1001502,鳳智里,21,光華路,,,,９０號,295984.992,2626755.505,花蓮縣鳳林鎮鳳智里光華路９０號
10015,1001502,鳳智里,21,光華路,,,,９２號,295986.484,2626759.455,花蓮縣鳳林鎮鳳智里光華路９２號
10015,1001502,鳳智里,21,光華路,,,,９３號,295996.33,2626847.72,花蓮縣鳳林鎮鳳智里光華路９３號
10015,1001502,鳳智里,21,光華路,,,,９４號,295987.977,2626763.406,花蓮縣鳳林鎮鳳智里光華路９４號
10015,1001502,鳳智里,1,光華路,,,,９５號,296014.951,2626891.888,花蓮縣鳳林鎮鳳智里光華路９５號
10015,1001502,鳳智里,1,光華路,,,,９９號,296030.294,2626923.005,花蓮縣鳳林鎮鳳智里光華路９９號
10015,1001502,鳳智里,1,光華路,,,,１０１號,296031.88,2626927.804,花蓮縣鳳林鎮鳳智里光華路１０１號
10015,1001502,鳳智里,21,光華路,,,,１０６號,295993.256,2626777.43,花蓮縣鳳林鎮鳳智里光華路１０６號
10015,1001502,鳳智里,21,光華路,,,,１０８號,295995.069,2626781.942,花蓮縣鳳林鎮鳳智里光華路１０８號
10015,1001502,鳳智里,21,光華路,,,,１１０號,295996.883,2626786.454,花蓮縣鳳林鎮鳳智里光華路１１０號
10015,1001502,鳳智里,21,光華路,,,,１１２號,295998.696,2626790.966,花蓮縣鳳林鎮鳳智里光華路１１２號
10015,1001502,鳳智里,21,光華路,,,,１１４號,296000.51,2626795.478,花蓮縣鳳林鎮鳳智里光華路１１４號
10015,1001502,鳳智里,21,光華路,,,,１１６號,296002.323,2626799.99,花蓮縣鳳林鎮鳳智里光華路１１６號
10015,1001502,鳳智里,21,光華路,,,,１１８號,296004.137,2626804.502,花蓮縣鳳林鎮鳳智里光華路１１８號
10015,1001502,鳳智里,21,光華路,,,,１２０號,296005.95,2626809.014,花蓮縣鳳林鎮鳳智里光華路１２０號
10015,1001502,鳳智里,21,光華路,,,,１２４號,296053.831,2626825.699,花蓮縣鳳林鎮鳳智里光華路１２４號
10015,1001502,鳳智里,1,光華路,,,,１２６號一樓,296063.53,2626920.36,花蓮縣鳳林鎮鳳智里光華路１２６號一樓
10015,1001502,鳳智里,1,光華路,,,,１２６號二樓,296063.53,2626920.36,花蓮縣鳳林鎮鳳智里光華路１２６號二樓
10015,1001502,鳳智里,1,光華路,,,,１２６號三樓之１,296063.53,2626920.36,花蓮縣鳳林鎮鳳智里光華路１２６號三樓之１
10015,1001502,鳳智里,1,光華路,,,,１２６號三樓之２,296063.53,2626920.36,花蓮縣鳳林鎮鳳智里光華路１２６號三樓之２
10015,1001502,鳳智里,1,光華路,,,,１２６號三樓之３,296063.53,2626920.36,花蓮縣鳳林鎮鳳智里光華路１２６號三樓之３
10015,1001502,鳳智里,1,光華路,,,,１２６號五樓之１,296063.53,2626920.36,花蓮縣鳳林鎮鳳智里光華路１２６號五樓之１
10015,1001502,鳳智里,1,光華路,,,,１２６號五樓之２,296063.53,2626920.36,花蓮縣鳳林鎮鳳智里光華路１２６號五樓之２
10015,1001502,鳳智里,1,光華路,,,,１２６號五樓之３,296063.53,2626920.36,花蓮縣鳳林鎮鳳智里光華路１２６號五樓之３
10015,1001502,鳳智里,21,公正街,,１巷,,２號,295971.263,2626852.266,花蓮縣鳳林鎮鳳智里公正街１巷２號
10015,1001502,鳳智里,21,公正街,,１巷,,６號,295967.397,2626843.609,花蓮縣鳳林鎮鳳智里公正街１巷６號
10015,1001502,鳳智里,21,公正街,,１巷,,８號,295947.027,2626822.976,花蓮縣鳳林鎮鳳智里公正街１巷８號
10015,1001502,鳳智里,21,公正街,,１巷,,１２號,295935.48,2626807.268,花蓮縣鳳林鎮鳳智里公正街１巷１２號
10015,1001502,鳳智里,21,公正街,,１巷,,１４號,295930.329,2626796.133,花蓮縣鳳林鎮鳳智里公正街１巷１４號
10015,1001502,鳳智里,21,公正街,,１巷,,１４號之１,295919.733,2626768.756,花蓮縣鳳林鎮鳳智里公正街１巷１４號之１
10015,1001502,鳳智里,21,公正街,,１巷,,１６號,295924.23,2626753.542,花蓮縣鳳林鎮鳳智里公正街１巷１６號
10015,1001502,鳳智里,21,公正街,,１巷,,１８號,295918.939,2626746.927,花蓮縣鳳林鎮鳳智里公正街１巷１８號
10015,1001502,鳳智里,21,公正街,,七巷,,４號,295939.2,2626885.9,花蓮縣鳳林鎮鳳智里公正街七巷４號
10015,1001502,鳳智里,21,公正街,,,,５號,295964.183,2626878.69,花蓮縣鳳林鎮鳳智里公正街５號
10015,1001502,鳳智里,21,公正街,,７巷,,１號,295950.42,2626870.22,花蓮縣鳳林鎮鳳智里公正街７巷１號
10015,1001502,鳳智里,21,公正街,,７巷,,１２號,295936.528,2626858.184,花蓮縣鳳林鎮鳳智里公正街７巷１２號
10015,1001502,鳳智里,21,公正街,,７巷,,１４號,295933.241,2626851.614,花蓮縣鳳林鎮鳳智里公正街７巷１４號
10015,1001502,鳳智里,1,公正街,,,,８之１號,296012.998,2626897.079,花蓮縣鳳林鎮鳳智里公正街８之１號
10015,1001502,鳳智里,1,公正街,,,,８號,296084.9,2626865.18,花蓮縣鳳林鎮鳳智里公正街８號
10015,1001502,鳳智里,1,公正街,,,,１０號,295971.123,2626896.44,花蓮縣鳳林鎮鳳智里公正街１０號
10015,1001502,鳳智里,1,公正街,,,,１２號,295967.938,2626897.262,花蓮縣鳳林鎮鳳智里公正街１２號
10015,1001502,鳳智里,1,公正街,,,,１４號,295964.034,2626898.904,花蓮縣鳳林鎮鳳智里公正街１４號
10015,1001502,鳳智里,1,公正街,,,,１６號,295960.54,2626900.136,花蓮縣鳳林鎮鳳智里公正街１６號
10015,1001502,鳳智里,1,公正街,,,,１８號,295956.636,2626901.574,花蓮縣鳳林鎮鳳智里公正街１８號
10015,1001502,鳳智里,1,公正街,,,,２０號（花蓮縣鳳林鎮戶政事務所）,295876.54,2626952.62,花蓮縣鳳林鎮鳳智里公正街２０號（花蓮縣鳳林鎮戶政事務所）
10015,1001502,鳳智里,3,公正街,,,,２２號,295794.88,2626965.28,花蓮縣鳳林鎮鳳智里公正街２２號
10015,1001502,鳳智里,3,公正街,,,,２４號,295789.82,2626966.69,花蓮縣鳳林鎮鳳智里公正街２４號
10015,1001502,鳳智里,3,公正街,,,,２６號,295785.16,2626968.58,花蓮縣鳳林鎮鳳智里公正街２６號
10015,1001502,鳳智里,3,公正街,,,,２８號,295780.51,2626970.06,花蓮縣鳳林鎮鳳智里公正街２８號
10015,1001502,鳳智里,3,公正街,,,,３０號,295775.534,2626972.46,花蓮縣鳳林鎮鳳智里公正街３０號
10015,1001502,鳳智里,3,公正街,,,,３２號,295771.48,2626973.02,花蓮縣鳳林鎮鳳智里公正街３２號
10015,1001502,鳳智里,3,公正街,,,,３４號,295766.96,2626975.04,花蓮縣鳳林鎮鳳智里公正街３４號
10015,1001502,鳳智里,3,公正街,,,,３６號,295762.03,2626977.34,花蓮縣鳳林鎮鳳智里公正街３６號
10015,1001502,鳳智里,21,博愛街,,,,２號,296050.977,2626759.565,花蓮縣鳳林鎮鳳智里博愛街２號
10015,1001502,鳳智里,21,博愛街,,,,４號,296046.425,2626761.424,花蓮縣鳳林鎮鳳智里博愛街４號
10015,1001502,鳳智里,21,博愛街,,,,６號,296041.873,2626763.283,花蓮縣鳳林鎮鳳智里博愛街６號
10015,1001502,鳳智里,21,博愛街,,,,８號,296037.321,2626765.141,花蓮縣鳳林鎮鳳智里博愛街８號
10015,1001502,鳳智里,21,博愛街,,,,１０號,296032.769,2626767,花蓮縣鳳林鎮鳳智里博愛街１０號
10015,1001502,鳳智里,21,博愛街,,,,１２號,296028.217,2626768.859,花蓮縣鳳林鎮鳳智里博愛街１２號
10015,1001502,鳳智里,21,博愛街,,,,１４號,296023.665,2626770.717,花蓮縣鳳林鎮鳳智里博愛街１４號
10015,1001502,鳳智里,21,博愛街,,,,１６號,296019.114,2626772.576,花蓮縣鳳林鎮鳳智里博愛街１６號
10015,1001502,鳳智里,21,博愛街,,,,１７號,296015.18,2626754.01,花蓮縣鳳林鎮鳳智里博愛街１７號
10015,1001502,鳳智里,21,博愛街,,,,１８號,296014.562,2626774.435,花蓮縣鳳林鎮鳳智里博愛街１８號
10015,1001502,鳳智里,21,博愛街,,,,１９號,296010.69,2626755.87,花蓮縣鳳林鎮鳳智里博愛街１９號
10015,1001502,鳳智里,21,博愛街,,,,２１號,296006.46,2626756.93,花蓮縣鳳林鎮鳳智里博愛街２１號
10015,1001502,鳳智里,1,大同街,,,,１之２０號,296016.239,2626951.384,花蓮縣鳳林鎮鳳智里大同街１之２０號
10015,1001502,鳳智里,1,大同街,,,,１之１９號,296020.869,2626949.929,花蓮縣鳳林鎮鳳智里大同街１之１９號
10015,1001502,鳳智里,1,大同街,,１巷,,２號,295990.853,2626919.473,花蓮縣鳳林鎮鳳智里大同街１巷２號
10015,1001502,鳳智里,1,大同街,,１巷,,８號,295998.706,2626916.765,花蓮縣鳳林鎮鳳智里大同街１巷８號
10015,1001502,鳳智里,1,大同街,,１巷,,１０號,295996.849,2626911.646,花蓮縣鳳林鎮鳳智里大同街１巷１０號
10015,1001502,鳳智里,1,大同街,,１巷,,１２號,295994.993,2626906.527,花蓮縣鳳林鎮鳳智里大同街１巷１２號
10015,1001502,鳳智里,1,大同街,,１巷,,１４號,295987.59,2626910.941,花蓮縣鳳林鎮鳳智里大同街１巷１４號
10015,1001502,鳳智里,1,大同街,,１巷,,１６號,295982.633,2626929.652,花蓮縣鳳林鎮鳳智里大同街１巷１６號
10015,1001502,鳳智里,1,大同街,,１巷,,１８號,295979.037,2626931.397,花蓮縣鳳林鎮鳳智里大同街１巷１８號
10015,1001502,鳳智里,1,大同街,,１巷,,２０號,295975.338,2626932.835,花蓮縣鳳林鎮鳳智里大同街１巷２０號
10015,1001502,鳳智里,1,大同街,,１巷,,２２號,295971.948,2626934.067,花蓮縣鳳林鎮鳳智里大同街１巷２２號
10015,1001502,鳳智里,1,大同街,,１巷,,２４號,295967.838,2626935.607,花蓮縣鳳林鎮鳳智里大同街１巷２４號
10015,1001502,鳳智里,1,大同街,,,,３號,295993.439,2626955.976,花蓮縣鳳林鎮鳳智里大同街３號
10015,1001502,鳳智里,1,大同街,,,,５號,295988.812,2626962.447,花蓮縣鳳林鎮鳳智里大同街５號
10015,1001502,鳳智里,1,大同街,,,,７號,295983.47,2626964.295,花蓮縣鳳林鎮鳳智里大同街７號
10015,1001502,鳳智里,1,大同街,,,,７號之１,295973.112,2626967.656,花蓮縣鳳林鎮鳳智里大同街７號之１
10015,1001502,鳳智里,1,大同街,,,,９號,295962.324,2626970.468,花蓮縣鳳林鎮鳳智里大同街９號
10015,1001502,鳳智里,3,大同街,,,,２５號,295801.884,2627032.761,花蓮縣鳳林鎮鳳智里大同街２５號
10015,1001502,鳳智里,3,大同街,,,,２５號之１,295792.402,2627035.919,花蓮縣鳳林鎮鳳智里大同街２５號之１
10015,1001502,鳳智里,13,大同街,,,,２７號,295735.781,2627056.154,花蓮縣鳳林鎮鳳智里大同街２７號
10015,1001502,鳳智里,14,大同街,,,,２９號,295689.553,2627063.658,花蓮縣鳳林鎮鳳智里大同街２９號
10015,1001502,鳳智里,14,大同街,,,,３５號,295672.427,2627083.437,花蓮縣鳳林鎮鳳智里大同街３５號
10015,1001502,鳳智里,14,大同街,,,,３７號,295658.084,2627083.989,花蓮縣鳳林鎮鳳智里大同街３７號
10015,1001502,鳳智里,22,大進東街,,,,２號,295985.619,2626594.392,花蓮縣鳳林鎮鳳智里大進東街２號
10015,1001502,鳳智里,22,大進東街,,,,４號,295981.596,2626595.972,花蓮縣鳳林鎮鳳智里大進東街４號
10015,1001502,鳳智里,22,大進東街,,,,６號,295977.573,2626597.552,花蓮縣鳳林鎮鳳智里大進東街６號
10015,1001502,鳳智里,22,大進東街,,,,８號,295973.55,2626599.131,花蓮縣鳳林鎮鳳智里大進東街８號
10015,1001502,鳳智里,22,大進東街,,１０巷,,１號,295968.079,2626618.694,花蓮縣鳳林鎮鳳智里大進東街１０巷１號
10015,1001502,鳳智里,22,大進東街,,１０巷,,２號,295980.374,2626614.094,花蓮縣鳳林鎮鳳智里大進東街１０巷２號
10015,1001502,鳳智里,22,大進東街,,１０巷,,３號,295969.613,2626622.695,花蓮縣鳳林鎮鳳智里大進東街１０巷３號
10015,1001502,鳳智里,22,大進東街,,１０巷,,４號,295982.053,2626618.728,花蓮縣鳳林鎮鳳智里大進東街１０巷４號
10015,1001502,鳳智里,22,大進東街,,１０巷,,５號,295971.148,2626626.695,花蓮縣鳳林鎮鳳智里大進東街１０巷５號
10015,1001502,鳳智里,22,大進東街,,１０巷,,６號,295983.607,2626622.677,花蓮縣鳳林鎮鳳智里大進東街１０巷６號
10015,1001502,鳳智里,22,大進東街,,１０巷,,７號,295972.682,2626630.695,花蓮縣鳳林鎮鳳智里大進東街１０巷７號
10015,1001502,鳳智里,22,大進東街,,１０巷,,８號,295985.161,2626626.626,花蓮縣鳳林鎮鳳智里大進東街１０巷８號
10015,1001502,鳳智里,22,大進東街,,１０巷,,９號,295974.216,2626634.696,花蓮縣鳳林鎮鳳智里大進東街１０巷９號
10015,1001502,鳳智里,22,大進東街,,１０巷,,１０號,295986.714,2626630.575,花蓮縣鳳林鎮鳳智里大進東街１０巷１０號
10015,1001502,鳳智里,22,大進東街,,１０巷,,１１號,295975.751,2626638.696,花蓮縣鳳林鎮鳳智里大進東街１０巷１１號
10015,1001502,鳳智里,22,大進東街,,１０巷,,１２號,295988.267,2626634.524,花蓮縣鳳林鎮鳳智里大進東街１０巷１２號
10015,1001502,鳳智里,22,大進東街,,１０巷,,１３號,295977.285,2626642.696,花蓮縣鳳林鎮鳳智里大進東街１０巷１３號
10015,1001502,鳳智里,22,大進東街,,１０巷,,１４號,295989.821,2626638.472,花蓮縣鳳林鎮鳳智里大進東街１０巷１４號
10015,1001502,鳳智里,22,大進東街,,１０巷,,１５號,295978.819,2626646.697,花蓮縣鳳林鎮鳳智里大進東街１０巷１５號
10015,1001502,鳳智里,22,大進東街,,１０巷,,１６號,295991.374,2626642.422,花蓮縣鳳林鎮鳳智里大進東街１０巷１６號
10015,1001502,鳳智里,2,大進東街,,１０巷,,１７號,295988.655,2626675.969,花蓮縣鳳林鎮鳳智里大進東街１０巷１７號
10015,1001502,鳳智里,22,大進東街,,１０巷,,１８號,296001.815,2626670.654,花蓮縣鳳林鎮鳳智里大進東街１０巷１８號
10015,1001502,鳳智里,2,大進東街,,１０巷,,１８號,296001.815,2626670.654,花蓮縣鳳林鎮鳳智里大進東街１０巷１８號
10015,1001502,鳳智里,2,大進東街,,１０巷,,１９號,295990.09,2626679.84,花蓮縣鳳林鎮鳳智里大進東街１０巷１９號
10015,1001502,鳳智里,2,大進東街,,１０巷,,２０號,296003.475,2626674.585,花蓮縣鳳林鎮鳳智里大進東街１０巷２０號
10015,1001502,鳳智里,2,大進東街,,１０巷,,２１號,295991.525,2626683.711,花蓮縣鳳林鎮鳳智里大進東街１０巷２１號
10015,1001502,鳳智里,2,大進東街,,１０巷,,２２號,296005.136,2626678.515,花蓮縣鳳林鎮鳳智里大進東街１０巷２２號
10015,1001502,鳳智里,2,大進東街,,１０巷,,２３號,295992.96,2626687.582,花蓮縣鳳林鎮鳳智里大進東街１０巷２３號
10015,1001502,鳳智里,2,大進東街,,１０巷,,２４號,296006.796,2626682.446,花蓮縣鳳林鎮鳳智里大進東街１０巷２４號
10015,1001502,鳳智里,22,大進東街,,,,１２號,295964.776,2626603.133,花蓮縣鳳林鎮鳳智里大進東街１２號
10015,1001502,鳳智里,22,大進東街,,,,１４號,295960.737,2626604.809,花蓮縣鳳林鎮鳳智里大進東街１４號
10015,1001502,鳳智里,22,大進東街,,,,１６號,295956.429,2626606.619,花蓮縣鳳林鎮鳳智里大進東街１６號
10015,1001502,鳳智里,22,大進東街,,,,１８號,295952.39,2626608.295,花蓮縣鳳林鎮鳳智里大進東街１８號
10015,1001502,鳳智里,23,大進東街,,,,１９號,295881.17,2626618.631,花蓮縣鳳林鎮鳳智里大進東街１９號
10015,1001502,鳳智里,23,大進東街,,,,２３號,295853.27,2626617.499,花蓮縣鳳林鎮鳳智里大進東街２３號
10015,1001502,鳳智里,23,大進東街,,,,２５號,295847.536,2626627.05,花蓮縣鳳林鎮鳳智里大進東街２５號
10015,1001502,鳳智里,23,大進東街,,,,２７號,295838.105,2626631.242,花蓮縣鳳林鎮鳳智里大進東街２７號
10015,1001502,鳳智里,23,大進東街,,,,２９號,295831.091,2626633.936,花蓮縣鳳林鎮鳳智里大進東街２９號
10015,1001502,鳳智里,27,大進街,,,,１號,295692.025,2626689.754,花蓮縣鳳林鎮鳳智里大進街１號
10015,1001502,鳳智里,27,大進街,,,,３號,295687.213,2626691.548,花蓮縣鳳林鎮鳳智里大進街３號
10015,1001502,鳳智里,27,大進街,,,,５號,295682.401,2626693.341,花蓮縣鳳林鎮鳳智里大進街５號
10015,1001502,鳳智里,6,大進街,,,,６號,295693.144,2626707.745,花蓮縣鳳林鎮鳳智里大進街６號
10015,1001502,鳳智里,27,大進街,,７巷,,１號,295679.955,2626691.396,花蓮縣鳳林鎮鳳智里大進街７巷１號
10015,1001502,鳳智里,25,大進街,,７巷,,２號,295663.126,2626696.878,花蓮縣鳳林鎮鳳智里大進街７巷２號
10015,1001502,鳳智里,27,大進街,,７巷,,３號,295679.158,2626689.279,花蓮縣鳳林鎮鳳智里大進街７巷３號
10015,1001502,鳳智里,27,大進街,,７巷,,５號,295678.361,2626687.162,花蓮縣鳳林鎮鳳智里大進街７巷５號
10015,1001502,鳳智里,27,大進街,,７巷,,６號,295662.12,2626693.697,花蓮縣鳳林鎮鳳智里大進街７巷６號
10015,1001502,鳳智里,27,大進街,,７巷,,７號,295677.564,2626685.045,花蓮縣鳳林鎮鳳智里大進街７巷７號
10015,1001502,鳳智里,27,大進街,,７巷,,９號,295676.767,2626682.928,花蓮縣鳳林鎮鳳智里大進街７巷９號
10015,1001502,鳳智里,25,大進街,,７巷,,１０號,295661.114,2626690.517,花蓮縣鳳林鎮鳳智里大進街７巷１０號
10015,1001502,鳳智里,27,大進街,,７巷,,１１號,295675.97,2626680.811,花蓮縣鳳林鎮鳳智里大進街７巷１１號
10015,1001502,鳳智里,27,大進街,,７巷,,１３號,295689.37,2626684.527,花蓮縣鳳林鎮鳳智里大進街７巷１３號
10015,1001502,鳳智里,25,大進街,,７巷,,１４號,295660.108,2626687.337,花蓮縣鳳林鎮鳳智里大進街７巷１４號
10015,1001502,鳳智里,27,大進街,,７巷,,１５號,295694.537,2626682.865,花蓮縣鳳林鎮鳳智里大進街７巷１５號
10015,1001502,鳳智里,27,大進街,,７巷,,１５號三樓,295696.887,2626677.805,花蓮縣鳳林鎮鳳智里大進街７巷１５號三樓
10015,1001502,鳳智里,27,大進街,,７巷,,１７號,295690.432,2626687.213,花蓮縣鳳林鎮鳳智里大進街７巷１７號
10015,1001502,鳳智里,27,大進街,,７巷,,１９號,295695.952,2626685.587,花蓮縣鳳林鎮鳳智里大進街７巷１９號
10015,1001502,鳳智里,27,大進街,,７巷,,２１號,295692.239,2626679.966,花蓮縣鳳林鎮鳳智里大進街７巷２１號
10015,1001502,鳳智里,27,大進街,,７巷,,２３號,295691.447,2626677.836,花蓮縣鳳林鎮鳳智里大進街７巷２３號
10015,1001502,鳳智里,27,大進街,,７巷,,２５號,295690.655,2626675.706,花蓮縣鳳林鎮鳳智里大進街７巷２５號
10015,1001502,鳳智里,25,大進街,,７巷,,２６號,295643.827,2626694.214,花蓮縣鳳林鎮鳳智里大進街７巷２６號
10015,1001502,鳳智里,27,大進街,,７巷,,２７號,295689.864,2626673.577,花蓮縣鳳林鎮鳳智里大進街７巷２７號
10015,1001502,鳳智里,25,大進街,,７巷,,２８號,295641.864,2626689.283,花蓮縣鳳林鎮鳳智里大進街７巷２８號
10015,1001502,鳳智里,27,大進街,,７巷,,２９號,295672.411,2626668.41,花蓮縣鳳林鎮鳳智里大進街７巷２９號
10015,1001502,鳳智里,25,大進街,,７巷,,３０號,295639.901,2626684.353,花蓮縣鳳林鎮鳳智里大進街７巷３０號
10015,1001502,鳳智里,27,大進街,,７巷,,３１號,295671.682,2626666.559,花蓮縣鳳林鎮鳳智里大進街７巷３１號
10015,1001502,鳳智里,25,大進街,,７巷,,３２號,295649.872,2626680.744,花蓮縣鳳林鎮鳳智里大進街７巷３２號
10015,1001502,鳳智里,27,大進街,,７巷,,３３號,295670.954,2626664.709,花蓮縣鳳林鎮鳳智里大進街７巷３３號
10015,1001502,鳳智里,25,大進街,,７巷,,３４號,295651.809,2626680.379,花蓮縣鳳林鎮鳳智里大進街７巷３４號
10015,1001502,鳳智里,27,大進街,,７巷,,３５號,295670.225,2626662.858,花蓮縣鳳林鎮鳳智里大進街７巷３５號
10015,1001502,鳳智里,25,大進街,,７巷,,３６號,295655.591,2626678.66,花蓮縣鳳林鎮鳳智里大進街７巷３６號
10015,1001502,鳳智里,27,大進街,,７巷,,３７號,295669.497,2626661.007,花蓮縣鳳林鎮鳳智里大進街７巷３７號
10015,1001502,鳳智里,25,大進街,,７巷,,３８號,295654.799,2626676.494,花蓮縣鳳林鎮鳳智里大進街７巷３８號
10015,1001502,鳳智里,27,大進街,,７巷,,３９號,295668.769,2626659.156,花蓮縣鳳林鎮鳳智里大進街７巷３９號
10015,1001502,鳳智里,25,大進街,,７巷,,４０號,295654.007,2626674.328,花蓮縣鳳林鎮鳳智里大進街７巷４０號
10015,1001502,鳳智里,25,大進街,,７巷,,４１號,295682.102,2626651.102,花蓮縣鳳林鎮鳳智里大進街７巷４１號
10015,1001502,鳳智里,27,大進街,,７巷,,４１號,295682.102,2626651.102,花蓮縣鳳林鎮鳳智里大進街７巷４１號
10015,1001502,鳳智里,25,大進街,,７巷,,４３號,295680.82,2626647.46,花蓮縣鳳林鎮鳳智里大進街７巷４３號
10015,1001502,鳳智里,27,大進街,,７巷,,４５號,295679.54,2626643.826,花蓮縣鳳林鎮鳳智里大進街７巷４５號
10015,1001502,鳳智里,27,大進街,,７巷,,４７號,295678.258,2626640.188,花蓮縣鳳林鎮鳳智里大進街７巷４７號
10015,1001502,鳳智里,27,大進街,,７巷,,４９號,295663.17,2626633.165,花蓮縣鳳林鎮鳳智里大進街７巷４９號
10015,1001502,鳳智里,27,大進街,,７巷,,５１號,295670.989,2626638.448,花蓮縣鳳林鎮鳳智里大進街７巷５１號
10015,1001502,鳳智里,27,大進街,,７巷,,５１號三樓,295677.705,2626631.437,花蓮縣鳳林鎮鳳智里大進街７巷５１號三樓
10015,1001502,鳳智里,25,大進街,,７巷,,５２號,295637.622,2626679.092,花蓮縣鳳林鎮鳳智里大進街７巷５２號
10015,1001502,鳳智里,27,大進街,,７巷,,５３號,295670.369,2626634.233,花蓮縣鳳林鎮鳳智里大進街７巷５３號
10015,1001502,鳳智里,27,大進街,,７巷,,５５號,295676.284,2626636.217,花蓮縣鳳林鎮鳳智里大進街７巷５５號
10015,1001502,鳳智里,25,大進街,,７巷,,５６號,295633.812,2626670.11,花蓮縣鳳林鎮鳳智里大進街７巷５６號
10015,1001502,鳳智里,27,大進街,,７巷,,５７號,295674.753,2626631.753,花蓮縣鳳林鎮鳳智里大進街７巷５７號
10015,1001502,鳳智里,25,大進街,,７巷,,５８號,295632.347,2626666.059,花蓮縣鳳林鎮鳳智里大進街７巷５８號
10015,1001502,鳳智里,27,大進街,,７巷,,５９號,295664.652,2626649.741,花蓮縣鳳林鎮鳳智里大進街７巷５９號
10015,1001502,鳳智里,25,大進街,,７巷,,６０號,295636.406,2626642.326,花蓮縣鳳林鎮鳳智里大進街７巷６０號
10015,1001502,鳳智里,27,大進街,,７巷,,６１號,295663.81,2626647.608,花蓮縣鳳林鎮鳳智里大進街７巷６１號
10015,1001502,鳳智里,25,大進街,,７巷,,６２號,295631.324,2626644.157,花蓮縣鳳林鎮鳳智里大進街７巷６２號
10015,1001502,鳳智里,27,大進街,,７巷,,６３號,295662.969,2626645.475,花蓮縣鳳林鎮鳳智里大進街７巷６３號
10015,1001502,鳳智里,27,大進街,,７巷,,６５號,295662.127,2626643.342,花蓮縣鳳林鎮鳳智里大進街７巷６５號
10015,1001502,鳳智里,25,大進街,,７巷,,６６號,295628.075,2626656.491,花蓮縣鳳林鎮鳳智里大進街７巷６６號
10015,1001502,鳳智里,27,大進街,,７巷,,６７號,295661.285,2626641.208,花蓮縣鳳林鎮鳳智里大進街７巷６７號
10015,1001502,鳳智里,25,大進街,,７巷,,６８號,295630.26,2626660.856,花蓮縣鳳林鎮鳳智里大進街７巷６８號
10015,1001502,鳳智里,27,大進街,,７巷,,６９號,295660.444,2626639.075,花蓮縣鳳林鎮鳳智里大進街７巷６９號
10015,1001502,鳳智里,25,大進街,,７巷,,７０號,295646.833,2626654.693,花蓮縣鳳林鎮鳳智里大進街７巷７０號
10015,1001502,鳳智里,27,大進街,,７巷,,７１號,295659.603,2626636.942,花蓮縣鳳林鎮鳳智里大進街７巷７１號
10015,1001502,鳳智里,25,大進街,,７巷,,７２號,295646.044,2626652.7,花蓮縣鳳林鎮鳳智里大進街７巷７２號
10015,1001502,鳳智里,27,大進街,,７巷,,７３號,295658.761,2626634.809,花蓮縣鳳林鎮鳳智里大進街７巷７３號
10015,1001502,鳳智里,25,大進街,,７巷,,７４號,295645.256,2626650.707,花蓮縣鳳林鎮鳳智里大進街７巷７４號
10015,1001502,鳳智里,25,大進街,,７巷,,７６號,295644.467,2626648.715,花蓮縣鳳林鎮鳳智里大進街７巷７６號
10015,1001502,鳳智里,25,大進街,,７巷,,７８號,295643.679,2626646.722,花蓮縣鳳林鎮鳳智里大進街７巷７８號
10015,1001502,鳳智里,25,大進街,,７巷,,８０號,295642.89,2626644.729,花蓮縣鳳林鎮鳳智里大進街７巷８０號
10015,1001502,鳳智里,25,大進街,,７巷,,８４號,295641.313,2626640.743,花蓮縣鳳林鎮鳳智里大進街７巷８４號
10015,1001502,鳳智里,6,大進街,,,,８號,295683.087,2626713.72,花蓮縣鳳林鎮鳳智里大進街８號
10015,1001502,鳳智里,6,大進街,,,,８之１號,295679.276,2626715.397,花蓮縣鳳林鎮鳳智里大進街８之１號
10015,1001502,鳳智里,27,大進街,,,,９號,295662.963,2626701.833,花蓮縣鳳林鎮鳳智里大進街９號
10015,1001502,鳳智里,25,大進街,,,,１１號,295657.696,2626703.955,花蓮縣鳳林鎮鳳智里大進街１１號
10015,1001502,鳳智里,25,大進街,,,,１３號,295652.429,2626706.077,花蓮縣鳳林鎮鳳智里大進街１３號
10015,1001502,鳳智里,7,大進街,,,,２４號,295597.286,2626761.979,花蓮縣鳳林鎮鳳智里大進街２４號
10015,1001502,鳳智里,17,大進街,,,,３６號,295538.064,2626766.072,花蓮縣鳳林鎮鳳智里大進街３６號
10015,1001502,鳳智里,17,大進街,,,,３８號,295533.86,2626768.022,花蓮縣鳳林鎮鳳智里大進街３８號
10015,1001502,鳳智里,17,大進街,,,,４０號,295529.206,2626770.797,花蓮縣鳳林鎮鳳智里大進街４０號
10015,1001502,鳳智里,17,大進街,,,,４２號,295524.29,2626783.863,花蓮縣鳳林鎮鳳智里大進街４２號
10015,1001502,鳳智里,2,建國街,,,,２號,296007.109,2626650.13,花蓮縣鳳林鎮鳳智里建國街２號
10015,1001502,鳳智里,2,建國街,,,,４號,296002.976,2626651.673,花蓮縣鳳林鎮鳳智里建國街４號
10015,1001502,鳳智里,2,建國街,,,,６號,295998.843,2626653.217,花蓮縣鳳林鎮鳳智里建國街６號
10015,1001502,鳳智里,2,建國街,,,,８號,295994.71,2626654.761,花蓮縣鳳林鎮鳳智里建國街８號
10015,1001502,鳳智里,2,建國街,,,,１２號,295985.402,2626658.067,花蓮縣鳳林鎮鳳智里建國街１２號
10015,1001502,鳳智里,2,建國街,,,,１４號,295981.439,2626659.674,花蓮縣鳳林鎮鳳智里建國街１４號
10015,1001502,鳳智里,2,建國街,,,,１６號,295977.477,2626661.282,花蓮縣鳳林鎮鳳智里建國街１６號
10015,1001502,鳳智里,2,建國街,,,,１８號,295973.515,2626662.89,花蓮縣鳳林鎮鳳智里建國街１８號
10015,1001502,鳳智里,26,成功街,,,,１號,295422.883,2626644.015,花蓮縣鳳林鎮鳳智里成功街１號
10015,1001502,鳳智里,26,成功街,,,,３號,295446.251,2626651.017,花蓮縣鳳林鎮鳳智里成功街３號
10015,1001502,鳳智里,26,成功街,,,,５號,295449.375,2626658.586,花蓮縣鳳林鎮鳳智里成功街５號
10015,1001502,鳳智里,17,成功街,,,,８號,295526.123,2626788.072,花蓮縣鳳林鎮鳳智里成功街８號
10015,1001502,鳳智里,26,成功街,,,,９號,295455.622,2626673.723,花蓮縣鳳林鎮鳳智里成功街９號
10015,1001502,鳳智里,17,成功街,,,,１０號,295528.138,2626792.682,花蓮縣鳳林鎮鳳智里成功街１０號
10015,1001502,鳳智里,26,成功街,,,,１１號,295462.241,2626683.063,花蓮縣鳳林鎮鳳智里成功街１１號
10015,1001502,鳳智里,17,成功街,,,,１２號,295529.541,2626795.998,花蓮縣鳳林鎮鳳智里成功街１２號
10015,1001502,鳳智里,26,成功街,,,,１３號,295464.161,2626687.778,花蓮縣鳳林鎮鳳智里成功街１３號
10015,1001502,鳳智里,26,成功街,,,,１７號,295468.002,2626697.207,花蓮縣鳳林鎮鳳智里成功街１７號
10015,1001502,鳳智里,17,成功街,,,,１８號,295536.7,2626810.16,花蓮縣鳳林鎮鳳智里成功街１８號
10015,1001502,鳳智里,26,成功街,,,,２３號,295474.692,2626725.863,花蓮縣鳳林鎮鳳智里成功街２３號
10015,1001502,鳳智里,17,成功街,,,,２４號,295540.692,2626829.371,花蓮縣鳳林鎮鳳智里成功街２４號
10015,1001502,鳳智里,26,成功街,,,,２５號,295476.5,2626729.958,花蓮縣鳳林鎮鳳智里成功街２５號
10015,1001502,鳳智里,26,成功街,,,,２７號,295478.307,2626734.052,花蓮縣鳳林鎮鳳智里成功街２７號
10015,1001502,鳳智里,17,成功街,,,,２８號,295546.488,2626843.351,花蓮縣鳳林鎮鳳智里成功街２８號
10015,1001502,鳳智里,17,成功街,,,,３０號,295547.775,2626846.675,花蓮縣鳳林鎮鳳智里成功街３０號
10015,1001502,鳳智里,26,成功街,,,,３１號,295487.161,2626741.492,花蓮縣鳳林鎮鳳智里成功街３１號
10015,1001502,鳳智里,17,成功街,,,,３２號,295551.875,2626853.916,花蓮縣鳳林鎮鳳智里成功街３２號
10015,1001502,鳳智里,26,成功街,,,,３３號,295489.101,2626745.627,花蓮縣鳳林鎮鳳智里成功街３３號
10015,1001502,鳳智里,17,成功街,,,,３４號,295552.992,2626856.761,花蓮縣鳳林鎮鳳智里成功街３４號
10015,1001502,鳳智里,26,成功街,,,,３５號,295490.908,2626749.722,花蓮縣鳳林鎮鳳智里成功街３５號
10015,1001502,鳳智里,16,成功街,,,,３６號,295555.302,2626861.894,花蓮縣鳳林鎮鳳智里成功街３６號
10015,1001502,鳳智里,26,成功街,,,,３７號,295492.716,2626753.816,花蓮縣鳳林鎮鳳智里成功街３７號
10015,1001502,鳳智里,26,成功街,,,,３９號,295494.523,2626757.91,花蓮縣鳳林鎮鳳智里成功街３９號
10015,1001502,鳳智里,16,成功街,,,,４０號,295577.306,2626908.12,花蓮縣鳳林鎮鳳智里成功街４０號
10015,1001502,鳳智里,26,成功街,,,,４１號,295490.958,2626762.711,花蓮縣鳳林鎮鳳智里成功街４１號
10015,1001502,鳳智里,18,成功街,,,,４５號,295497.13,2626784.078,花蓮縣鳳林鎮鳳智里成功街４５號
10015,1001502,鳳智里,16,成功街,,,,４６號,295587.375,2626926.35,花蓮縣鳳林鎮鳳智里成功街４６號
10015,1001502,鳳智里,18,成功街,,,,４７號,295498.79,2626787.632,花蓮縣鳳林鎮鳳智里成功街４７號
10015,1001502,鳳智里,16,成功街,,,,４８號,295589.352,2626930.624,花蓮縣鳳林鎮鳳智里成功街４８號
10015,1001502,鳳智里,18,成功街,,,,４９號,295500.45,2626791.186,花蓮縣鳳林鎮鳳智里成功街４９號
10015,1001502,鳳智里,16,成功街,,,,５０號,295591.329,2626934.899,花蓮縣鳳林鎮鳳智里成功街５０號
10015,1001502,鳳智里,18,成功街,,,,５１號,295508.106,2626793.961,花蓮縣鳳林鎮鳳智里成功街５１號
10015,1001502,鳳智里,16,成功街,,,,５２號,295593.305,2626939.173,花蓮縣鳳林鎮鳳智里成功街５２號
10015,1001502,鳳智里,18,成功街,,,,５３號,295511.67,2626800.33,花蓮縣鳳林鎮鳳智里成功街５３號
10015,1001502,鳳智里,16,成功街,,,,５４號,295595.28,2626943.44,花蓮縣鳳林鎮鳳智里成功街５４號
10015,1001502,鳳智里,18,成功街,,,,５５號,295515.235,2626806.494,花蓮縣鳳林鎮鳳智里成功街５５號
10015,1001502,鳳智里,16,成功街,,,,５６號,295601.426,2626958.192,花蓮縣鳳林鎮鳳智里成功街５６號
10015,1001502,鳳智里,18,成功街,,,,５７號,295517.87,2626811.195,花蓮縣鳳林鎮鳳智里成功街５７號
10015,1001502,鳳智里,15,成功街,,,,５８號,295631.689,2627023.988,花蓮縣鳳林鎮鳳智里成功街５８號
10015,1001502,鳳智里,18,成功街,,,,５９號,295519.438,2626815.33,花蓮縣鳳林鎮鳳智里成功街５９號
10015,1001502,鳳智里,15,成功街,,,,６０號,295634.585,2627030.414,花蓮縣鳳林鎮鳳智里成功街６０號
10015,1001502,鳳智里,18,成功街,,,,６１號,295521.482,2626819.395,花蓮縣鳳林鎮鳳智里成功街６１號
10015,1001502,鳳智里,15,成功街,,,,６２號,295636.658,2627035.235,花蓮縣鳳林鎮鳳智里成功街６２號
10015,1001502,鳳智里,18,成功街,,,,６３號,295523.219,2626822.946,花蓮縣鳳林鎮鳳智里成功街６３號
10015,1001502,鳳智里,15,成功街,,,,６４號,295638.396,2627039.861,花蓮縣鳳林鎮鳳智里成功街６４號
10015,1001502,鳳智里,18,成功街,,,,６５號,295524.955,2626826.498,花蓮縣鳳林鎮鳳智里成功街６５號
10015,1001502,鳳智里,15,成功街,,,,６６號,295640.732,2627044.953,花蓮縣鳳林鎮鳳智里成功街６６號
10015,1001502,鳳智里,18,成功街,,,,６７號,295526.948,2626830.029,花蓮縣鳳林鎮鳳智里成功街６７號
10015,1001502,鳳智里,15,成功街,,,,６８號,295643.365,2627049.747,花蓮縣鳳林鎮鳳智里成功街６８號
10015,1001502,鳳智里,18,成功街,,,,６９號,295528.208,2626834.179,花蓮縣鳳林鎮鳳智里成功街６９號
10015,1001502,鳳智里,15,成功街,,,,７０號,295644.806,2627053.646,花蓮縣鳳林鎮鳳智里成功街７０號
10015,1001502,鳳智里,18,成功街,,,,７１號,295530.005,2626839.351,花蓮縣鳳林鎮鳳智里成功街７１號
10015,1001502,鳳智里,18,成功街,,,,７３號,295532.498,2626844.772,花蓮縣鳳林鎮鳳智里成功街７３號
10015,1001502,鳳智里,14,成功街,,,,８０號,295652.716,2627071.061,花蓮縣鳳林鎮鳳智里成功街８０號
10015,1001502,鳳智里,19,成功街,,,,８７號,295543.685,2626879.425,花蓮縣鳳林鎮鳳智里成功街８７號
10015,1001502,鳳智里,19,成功街,,,,８９號,295522.009,2626894.532,花蓮縣鳳林鎮鳳智里成功街８９號
10015,1001502,鳳智里,19,成功街,,,,９１號,295517.555,2626896.452,花蓮縣鳳林鎮鳳智里成功街９１號
10015,1001502,鳳智里,19,成功街,,,,９３號,295513.536,2626898.458,花蓮縣鳳林鎮鳳智里成功街９３號
10015,1001502,鳳智里,19,成功街,,,,９５號,295510.305,2626900.552,花蓮縣鳳林鎮鳳智里成功街９５號
10015,1001502,鳳智里,19,成功街,,,,９５號之１,295521.799,2626922.214,花蓮縣鳳林鎮鳳智里成功街９５號之１
10015,1001502,鳳智里,19,成功街,,,,９７號,295543.415,2626906.616,花蓮縣鳳林鎮鳳智里成功街９７號
10015,1001502,鳳智里,19,成功街,,,,９９號,295545.08,2626910.675,花蓮縣鳳林鎮鳳智里成功街９９號
10015,1001502,鳳智里,19,成功街,,,,１０３號,295551.743,2626927.825,花蓮縣鳳林鎮鳳智里成功街１０３號
10015,1001502,鳳智里,19,成功街,,,,１０７號,295532.03,2626936.348,花蓮縣鳳林鎮鳳智里成功街１０７號
10015,1001502,鳳智里,19,成功街,,,,１２１號,295566.2,2626927.038,花蓮縣鳳林鎮鳳智里成功街１２１號
10015,1001502,鳳智里,19,成功街,,,,１２１號之１,295569.16,2626944.174,花蓮縣鳳林鎮鳳智里成功街１２１號之１
10015,1001502,鳳智里,20,成功街,,,,１３１號,295618.466,2627027.269,花蓮縣鳳林鎮鳳智里成功街１３１號
10015,1001502,鳳智里,20,成功街,,,,１３３號,295620.205,2627030.635,花蓮縣鳳林鎮鳳智里成功街１３３號
10015,1001502,鳳智里,20,成功街,,,,１３５號,295622.085,2627035.563,花蓮縣鳳林鎮鳳智里成功街１３５號
10015,1001502,鳳智里,20,成功街,,,,１３７號,295624.879,2627041.558,花蓮縣鳳林鎮鳳智里成功街１３７號
10015,1001502,鳳智里,20,成功街,,,,１３９號,295627.673,2627047.553,花蓮縣鳳林鎮鳳智里成功街１３９號
10015,1001502,鳳智里,20,成功街,,,,１４１號,295630.468,2627053.548,花蓮縣鳳林鎮鳳智里成功街１４１號
10015,1001502,鳳智里,20,成功街,,,,１４３號,295633.262,2627059.543,花蓮縣鳳林鎮鳳智里成功街１４３號
10015,1001502,鳳智里,20,成功街,,,,１４５號,295636.056,2627065.537,花蓮縣鳳林鎮鳳智里成功街１４５號
10015,1001502,鳳智里,20,成功街,,,,１４７號,295639.608,2627072.756,花蓮縣鳳林鎮鳳智里成功街１４７號
10015,1001502,鳳智里,20,成功街,,,,１４９號,295642.286,2627079.043,花蓮縣鳳林鎮鳳智里成功街１４９號
10015,1001502,鳳智里,20,成功街,,,,１５１號,295645.334,2627085.162,花蓮縣鳳林鎮鳳智里成功街１５１號
10015,1001502,鳳智里,20,成功街,,,,１５３號,295647.68,2627090.262,花蓮縣鳳林鎮鳳智里成功街１５３號
10015,1001502,鳳智里,21,新生東街,,,,１０號,295907.243,2626759.615,花蓮縣鳳林鎮鳳智里新生東街１０號
10015,1001502,鳳智里,5,新生街,,,,７號,295718.208,2626798.894,花蓮縣鳳林鎮鳳智里新生街７號
10015,1001502,鳳智里,8,新生街,,,,１５號,295652.784,2626832.473,花蓮縣鳳林鎮鳳智里新生街１５號
10015,1001502,鳳智里,8,新生街,,,,１７號,295648.885,2626833.977,花蓮縣鳳林鎮鳳智里新生街１７號
10015,1001502,鳳智里,8,新生街,,,,１９號,295644.985,2626835.482,花蓮縣鳳林鎮鳳智里新生街１９號
10015,1001502,鳳智里,8,新生街,,,,２１號,295641.085,2626836.987,花蓮縣鳳林鎮鳳智里新生街２１號
10015,1001502,鳳智里,8,新生街,,,,２３號,295637.185,2626838.492,花蓮縣鳳林鎮鳳智里新生街２３號
10015,1001502,鳳智里,9,新生街,,,,２４號,295641.241,2626850.036,花蓮縣鳳林鎮鳳智里新生街２４號
10015,1001502,鳳智里,8,新生街,,,,２５號,295629.918,2626841.257,花蓮縣鳳林鎮鳳智里新生街２５號
10015,1001502,鳳智里,9,新生街,,,,２６號,295637.584,2626851.639,花蓮縣鳳林鎮鳳智里新生街２６號
10015,1001502,鳳智里,8,新生街,,,,２７號,295623.194,2626843.628,花蓮縣鳳林鎮鳳智里新生街２７號
10015,1001502,鳳智里,8,新生街,,,,２７號之１,295619.299,2626845.154,花蓮縣鳳林鎮鳳智里新生街２７號之１
10015,1001502,鳳智里,8,新生街,,,,２７號之２,295615.404,2626846.68,花蓮縣鳳林鎮鳳智里新生街２７號之２
10015,1001502,鳳智里,8,新生街,,,,２７號之３,295611.509,2626848.207,花蓮縣鳳林鎮鳳智里新生街２７號之３
10015,1001502,鳳智里,9,新生街,,,,２８號,295633.002,2626853.242,花蓮縣鳳林鎮鳳智里新生街２８號
10015,1001502,鳳智里,17,新生街,,,,２９號,295580.136,2626859.058,花蓮縣鳳林鎮鳳智里新生街２９號
10015,1001502,鳳智里,9,新生街,,,,３０號,295628.617,2626855.241,花蓮縣鳳林鎮鳳智里新生街３０號
10015,1001502,鳳智里,17,新生街,,,,３１號,295573.977,2626861.71,花蓮縣鳳林鎮鳳智里新生街３１號
10015,1001502,鳳智里,9,新生街,,,,３２號,295623.44,2626857.306,花蓮縣鳳林鎮鳳智里新生街３２號
10015,1001502,鳳智里,17,新生街,,,,３３號,295569.561,2626863.581,花蓮縣鳳林鎮鳳智里新生街３３號
10015,1001502,鳳智里,9,新生街,,,,３４號,295614.496,2626861.088,花蓮縣鳳林鎮鳳智里新生街３４號
10015,1001502,鳳智里,17,新生街,,,,３５號,295564.825,2626866.009,花蓮縣鳳林鎮鳳智里新生街３５號
10015,1001502,鳳智里,17,新生街,,,,３７號,295559.674,2626868.369,花蓮縣鳳林鎮鳳智里新生街３７號
10015,1001502,鳳智里,23,民權路,,,,３２號,295894.216,2626507.718,花蓮縣鳳林鎮鳳智里民權路３２號
10015,1001502,鳳智里,23,民權路,,,,３６號,295870.14,2626511.03,花蓮縣鳳林鎮鳳智里民權路３６號
10015,1001502,鳳智里,23,民權路,,３８巷,,１號,295845.64,2626534.739,花蓮縣鳳林鎮鳳智里民權路３８巷１號
10015,1001502,鳳智里,23,民權路,,３８巷,,１號之１,295841.449,2626516.978,花蓮縣鳳林鎮鳳智里民權路３８巷１號之１
10015,1001502,鳳智里,23,民權路,,３８巷,,３號,295839.234,2626548.105,花蓮縣鳳林鎮鳳智里民權路３８巷３號
10015,1001502,鳳智里,23,民權路,,３８巷,,７號,295855.63,2626589.494,花蓮縣鳳林鎮鳳智里民權路３８巷７號
10015,1001502,鳳智里,23,民權路,,３８巷,,９號,295860.153,2626604.176,花蓮縣鳳林鎮鳳智里民權路３８巷９號
10015,1001502,鳳智里,23,民權路,,３８巷,,１１號,295863.646,2626611.685,花蓮縣鳳林鎮鳳智里民權路３８巷１１號
10015,1001502,鳳智里,23,民權路,,,,４０號,295821.6,2626528.07,花蓮縣鳳林鎮鳳智里民權路４０號
10015,1001502,鳳智里,23,民權路,,,,４２號,295796.269,2626535.279,花蓮縣鳳林鎮鳳智里民權路４２號
10015,1001502,鳳智里,24,民權路,,,,６０號,295710.78,2626581.77,花蓮縣鳳林鎮鳳智里民權路６０號
10015,1001502,鳳智里,24,民權路,,,,６２號,295703.191,2626582.767,花蓮縣鳳林鎮鳳智里民權路６２號
10015,1001502,鳳智里,24,民權路,,,,６４號,295697.993,2626584.628,花蓮縣鳳林鎮鳳智里民權路６４號
10015,1001502,鳳智里,24,民權路,,,,６６號,295693.074,2626586.41,花蓮縣鳳林鎮鳳智里民權路６６號
10015,1001502,鳳智里,24,民權路,,,,６８號,295688.512,2626591.402,花蓮縣鳳林鎮鳳智里民權路６８號
10015,1001502,鳳智里,21,華興街,,,,１號,296060.478,2626782.443,花蓮縣鳳林鎮鳳智里華興街１號
10015,1001502,鳳智里,21,華興街,,,,３號,296055.799,2626784.232,花蓮縣鳳林鎮鳳智里華興街３號
10015,1001502,鳳智里,21,華興街,,,,５號,296051.12,2626786.022,花蓮縣鳳林鎮鳳智里華興街５號
10015,1001502,鳳智里,21,華興街,,,,７號,296046.441,2626787.811,花蓮縣鳳林鎮鳳智里華興街７號
10015,1001502,鳳智里,21,華興街,,,,９號,296041.762,2626789.601,花蓮縣鳳林鎮鳳智里華興街９號
10015,1001502,鳳智里,21,華興街,,,,１１號,296037.083,2626791.39,花蓮縣鳳林鎮鳳智里華興街１１號
10015,1001502,鳳智里,21,華興街,,,,１３號,296032.404,2626793.179,花蓮縣鳳林鎮鳳智里華興街１３號
10015,1001502,鳳智里,21,華興街,,,,１５號,296027.725,2626794.969,花蓮縣鳳林鎮鳳智里華興街１５號
10015,1001502,鳳智里,21,華興街,,,,１７號,296023.046,2626796.758,花蓮縣鳳林鎮鳳智里華興街１７號
10015,1001502,鳳智里,23,,鳳智,,,３之１號,296039.665,2626512.083,花蓮縣鳳林鎮鳳智里鳳智３之１號
10015,1001502,鳳智里,23,,鳳智,,,３號,296039.665,2626541.16,花蓮縣鳳林鎮鳳智里鳳智３號
10015,1001502,鳳禮里,3,中和路,,,,８７號,295977.671,2627175.751,花蓮縣鳳林鎮鳳禮里中和路８７號
10015,1001502,鳳禮里,3,中和路,,,,８９號,295974.769,2627176.834,花蓮縣鳳林鎮鳳禮里中和路８９號
10015,1001502,鳳禮里,3,中和路,,,,９３號,295968.963,2627178.999,花蓮縣鳳林鎮鳳禮里中和路９３號
10015,1001502,鳳禮里,3,中和路,,,,９５號,295966.061,2627180.081,花蓮縣鳳林鎮鳳禮里中和路９５號
10015,1001502,鳳禮里,3,中和路,,,,９９號,295945.028,2627189.024,花蓮縣鳳林鎮鳳禮里中和路９９號
10015,1001502,鳳禮里,3,中和路,,,,１０１號,295940.572,2627190.732,花蓮縣鳳林鎮鳳禮里中和路１０１號
10015,1001502,鳳禮里,3,中和路,,,,１０３號,295936.116,2627192.439,花蓮縣鳳林鎮鳳禮里中和路１０３號
10015,1001502,鳳禮里,3,中和路,,,,１０７號,295922.747,2627197.563,花蓮縣鳳林鎮鳳禮里中和路１０７號
10015,1001502,鳳禮里,3,中和路,,,,１０７號之１,295928.568,2627194.834,花蓮縣鳳林鎮鳳禮里中和路１０７號之１
10015,1001502,鳳禮里,3,中和路,,,,１０９號,295918.291,2627199.271,花蓮縣鳳林鎮鳳禮里中和路１０９號
10015,1001502,鳳禮里,8,中正路二段,,,,１１０號,295777.033,2627057.969,花蓮縣鳳林鎮鳳禮里中正路二段１１０號
10015,1001502,鳳禮里,9,中正路二段,,,,１１１號,295761.07,2627067.008,花蓮縣鳳林鎮鳳禮里中正路二段１１１號
10015,1001502,鳳禮里,8,中正路二段,,,,１１２號,295777.79,2627061.474,花蓮縣鳳林鎮鳳禮里中正路二段１１２號
10015,1001502,鳳禮里,9,中正路二段,,,,１１３號,295762.799,2627071.624,花蓮縣鳳林鎮鳳禮里中正路二段１１３號
10015,1001502,鳳禮里,8,中正路二段,,,,１１４號,295779.264,2627065.677,花蓮縣鳳林鎮鳳禮里中正路二段１１４號
10015,1001502,鳳禮里,9,中正路二段,,,,１１５號,295764.528,2627076.241,花蓮縣鳳林鎮鳳禮里中正路二段１１５號
10015,1001502,鳳禮里,8,中正路二段,,,,１１６號,295780.766,2627069.665,花蓮縣鳳林鎮鳳禮里中正路二段１１６號
10015,1001502,鳳禮里,9,中正路二段,,,,１１７號,295766.257,2627080.857,花蓮縣鳳林鎮鳳禮里中正路二段１１７號
10015,1001502,鳳禮里,8,中正路二段,,,,１１８號,295782.268,2627073.653,花蓮縣鳳林鎮鳳禮里中正路二段１１８號
10015,1001502,鳳禮里,10,中正路二段,,,,１１９號,295767.987,2627085.474,花蓮縣鳳林鎮鳳禮里中正路二段１１９號
10015,1001502,鳳禮里,8,中正路二段,,,,１２０號,295783.77,2627077.641,花蓮縣鳳林鎮鳳禮里中正路二段１２０號
10015,1001502,鳳禮里,10,中正路二段,,,,１２１號,295769.716,2627090.091,花蓮縣鳳林鎮鳳禮里中正路二段１２１號
10015,1001502,鳳禮里,8,中正路二段,,,,１２２號,295785.272,2627081.629,花蓮縣鳳林鎮鳳禮里中正路二段１２２號
10015,1001502,鳳禮里,10,中正路二段,,,,１２３號,295771.445,2627094.707,花蓮縣鳳林鎮鳳禮里中正路二段１２３號
10015,1001502,鳳禮里,7,中正路二段,,,,１２４號,295786.774,2627085.617,花蓮縣鳳林鎮鳳禮里中正路二段１２４號
10015,1001502,鳳禮里,10,中正路二段,,,,１２５號,295773.174,2627099.324,花蓮縣鳳林鎮鳳禮里中正路二段１２５號
10015,1001502,鳳禮里,7,中正路二段,,,,１２６號,295788.299,2627088.94,花蓮縣鳳林鎮鳳禮里中正路二段１２６號
10015,1001502,鳳禮里,10,中正路二段,,,,１２７號,295774.903,2627103.94,花蓮縣鳳林鎮鳳禮里中正路二段１２７號
10015,1001502,鳳禮里,7,中正路二段,,,,１２８號,295789.905,2627093.18,花蓮縣鳳林鎮鳳禮里中正路二段１２８號
10015,1001502,鳳禮里,10,中正路二段,,,,１２９號,295776.632,2627108.557,花蓮縣鳳林鎮鳳禮里中正路二段１２９號
10015,1001502,鳳禮里,7,中正路二段,,,,１３０號,295791.208,2627096.669,花蓮縣鳳林鎮鳳禮里中正路二段１３０號
10015,1001502,鳳禮里,10,中正路二段,,,,１３１號,295778.361,2627113.174,花蓮縣鳳林鎮鳳禮里中正路二段１３１號
10015,1001502,鳳禮里,7,中正路二段,,,,１３２號,295792.811,2627101.355,花蓮縣鳳林鎮鳳禮里中正路二段１３２號
10015,1001502,鳳禮里,10,中正路二段,,,,１３３號,295780.261,2627118.201,花蓮縣鳳林鎮鳳禮里中正路二段１３３號
10015,1001502,鳳禮里,7,中正路二段,,,,１３４號,295794.313,2627105.343,花蓮縣鳳林鎮鳳禮里中正路二段１３４號
10015,1001502,鳳禮里,10,中正路二段,,,,１３５號,295782.714,2627124.059,花蓮縣鳳林鎮鳳禮里中正路二段１３５號
10015,1001502,鳳禮里,7,中正路二段,,,,１３６號,295795.814,2627109.331,花蓮縣鳳林鎮鳳禮里中正路二段１３６號
10015,1001502,鳳禮里,10,中正路二段,,,,１３７號,295784.03,2627128.056,花蓮縣鳳林鎮鳳禮里中正路二段１３７號
10015,1001502,鳳禮里,7,中正路二段,,,,１３８號,295797.671,2627114.006,花蓮縣鳳林鎮鳳禮里中正路二段１３８號
10015,1001502,鳳禮里,10,中正路二段,,,,１３９號,295785.759,2627132.604,花蓮縣鳳林鎮鳳禮里中正路二段１３９號
10015,1001502,鳳禮里,7,中正路二段,,,,１４０號,295799.822,2627119.399,花蓮縣鳳林鎮鳳禮里中正路二段１４０號
10015,1001502,鳳禮里,10,中正路二段,,,,１４１號,295787.006,2627136.257,花蓮縣鳳林鎮鳳禮里中正路二段１４１號
10015,1001502,鳳禮里,7,中正路二段,,,,１４２號,295801.972,2627124.792,花蓮縣鳳林鎮鳳禮里中正路二段１４２號
10015,1001502,鳳禮里,10,中正路二段,,,,１４３號,295788.735,2627140.874,花蓮縣鳳林鎮鳳禮里中正路二段１４３號
10015,1001502,鳳禮里,7,中正路二段,,,,１４４號,295804.122,2627130.186,花蓮縣鳳林鎮鳳禮里中正路二段１４４號
10015,1001502,鳳禮里,10,中正路二段,,,,１４５號,295790.464,2627145.49,花蓮縣鳳林鎮鳳禮里中正路二段１４５號
10015,1001502,鳳禮里,6,中正路二段,,,,１４６號,295817.889,2627146.666,花蓮縣鳳林鎮鳳禮里中正路二段１４６號
10015,1001502,鳳禮里,10,中正路二段,,,,１４７號,295792.83,2627151.321,花蓮縣鳳林鎮鳳禮里中正路二段１４７號
10015,1001502,鳳禮里,10,中正路二段,,,,１４９號,295794.211,2627155.301,花蓮縣鳳林鎮鳳禮里中正路二段１４９號
10015,1001502,鳳禮里,4,中正路二段,,,,１５０號,295822.42,2627169.535,花蓮縣鳳林鎮鳳禮里中正路二段１５０號
10015,1001502,鳳禮里,10,中正路二段,,,,１５１號,295795.651,2627159.34,花蓮縣鳳林鎮鳳禮里中正路二段１５１號
10015,1001502,鳳禮里,4,中正路二段,,,,１５２號,295824.741,2627176.278,花蓮縣鳳林鎮鳳禮里中正路二段１５２號
10015,1001502,鳳禮里,11,中正路二段,,,,１５３號,295800.725,2627173.048,花蓮縣鳳林鎮鳳禮里中正路二段１５３號
10015,1001502,鳳禮里,4,中正路二段,,,,１５４號,295826.534,2627180.485,花蓮縣鳳林鎮鳳禮里中正路二段１５４號
10015,1001502,鳳禮里,11,中正路二段,,,,１５５號,295802.648,2627180.542,花蓮縣鳳林鎮鳳禮里中正路二段１５５號
10015,1001502,鳳禮里,4,中正路二段,,,,１５６號,295828.328,2627184.693,花蓮縣鳳林鎮鳳禮里中正路二段１５６號
10015,1001502,鳳禮里,11,中正路二段,,,,１５７號,295804.318,2627185.139,花蓮縣鳳林鎮鳳禮里中正路二段１５７號
10015,1001502,鳳禮里,4,中正路二段,,,,１５８號,295829.647,2627188.504,花蓮縣鳳林鎮鳳禮里中正路二段１５８號
10015,1001502,鳳禮里,11,中正路二段,,,,１５９號,295805.988,2627189.735,花蓮縣鳳林鎮鳳禮里中正路二段１５９號
10015,1001502,鳳禮里,4,中正路二段,,,,１６０號,295831.44,2627192.711,花蓮縣鳳林鎮鳳禮里中正路二段１６０號
10015,1001502,鳳禮里,11,中正路二段,,,,１６１號,295807.658,2627194.332,花蓮縣鳳林鎮鳳禮里中正路二段１６１號
10015,1001502,鳳禮里,4,中正路二段,,,,１６２號,295832.767,2627197.644,花蓮縣鳳林鎮鳳禮里中正路二段１６２號
10015,1001502,鳳禮里,11,中正路二段,,,,１６３號,295809.328,2627198.928,花蓮縣鳳林鎮鳳禮里中正路二段１６３號
10015,1001502,鳳禮里,11,中正路二段,,,,１６３號之１,295812.296,2627204.844,花蓮縣鳳林鎮鳳禮里中正路二段１６３號之１
10015,1001502,鳳禮里,4,中正路二段,,,,１６４號,295834.313,2627201.687,花蓮縣鳳林鎮鳳禮里中正路二段１６４號
10015,1001502,鳳禮里,11,中正路二段,,,,１６５號,295813.529,2627208.55,花蓮縣鳳林鎮鳳禮里中正路二段１６５號
10015,1001502,鳳禮里,4,中正路二段,,,,１６６號,295835.86,2627205.73,花蓮縣鳳林鎮鳳禮里中正路二段１６６號
10015,1001502,鳳禮里,11,中正路二段,,,,１６７號,295815.097,2627212.86,花蓮縣鳳林鎮鳳禮里中正路二段１６７號
10015,1001502,鳳禮里,4,中正路二段,,,,１６８號,295837.584,2627210.539,花蓮縣鳳林鎮鳳禮里中正路二段１６８號
10015,1001502,鳳禮里,11,中正路二段,,,,１６９號,295816.666,2627217.171,花蓮縣鳳林鎮鳳禮里中正路二段１６９號
10015,1001502,鳳禮里,4,中正路二段,,,,１７０號,295839.053,2627215.135,花蓮縣鳳林鎮鳳禮里中正路二段１７０號
10015,1001502,鳳禮里,11,中正路二段,,,,１７１號,295818.235,2627221.482,花蓮縣鳳林鎮鳳禮里中正路二段１７１號
10015,1001502,鳳禮里,4,中正路二段,,,,１７２號,295843.516,2627223.92,花蓮縣鳳林鎮鳳禮里中正路二段１７２號
10015,1001502,鳳禮里,11,中正路二段,,,,１７３號,295820.23,2627225.813,花蓮縣鳳林鎮鳳禮里中正路二段１７３號
10015,1001502,鳳禮里,11,中正路二段,,,,１７５號,295821.249,2627228.763,花蓮縣鳳林鎮鳳禮里中正路二段１７５號
10015,1001502,鳳禮里,12,中正路二段,,,,１７７號,295822.268,2627231.714,花蓮縣鳳林鎮鳳禮里中正路二段１７７號
10015,1001502,鳳禮里,12,中正路二段,,,,１７９號,295823.287,2627234.664,花蓮縣鳳林鎮鳳禮里中正路二段１７９號
10015,1001502,鳳禮里,12,中正路二段,,,,１８１號,295824.306,2627237.614,花蓮縣鳳林鎮鳳禮里中正路二段１８１號
10015,1001502,鳳禮里,12,中正路二段,,,,１８３號,295825.325,2627240.564,花蓮縣鳳林鎮鳳禮里中正路二段１８３號
10015,1001502,鳳禮里,12,中正路二段,,,,１８５號,295827.563,2627246.391,花蓮縣鳳林鎮鳳禮里中正路二段１８５號
10015,1001502,鳳禮里,12,中正路二段,,,,１８７號,295831.004,2627253.929,花蓮縣鳳林鎮鳳禮里中正路二段１８７號
10015,1001502,鳳禮里,12,中正路二段,,,,１８９號,295833.134,2627261.11,花蓮縣鳳林鎮鳳禮里中正路二段１８９號
10015,1001502,鳳禮里,12,中正路二段,,,,１９１號,295834.96,2627267.531,花蓮縣鳳林鎮鳳禮里中正路二段１９１號
10015,1001502,鳳禮里,12,中正路二段,,,,１９３號,295836.363,2627272.478,花蓮縣鳳林鎮鳳禮里中正路二段１９３號
10015,1001502,鳳禮里,16,中美路,,,,８８號,295704.493,2627103.379,花蓮縣鳳林鎮鳳禮里中美路８８號
10015,1001502,鳳禮里,16,中美路,,,,９０號,295706.22,2627107.929,花蓮縣鳳林鎮鳳禮里中美路９０號
10015,1001502,鳳禮里,17,中美路,,,,９１號,295681.832,2627092.658,花蓮縣鳳林鎮鳳禮里中美路９１號
10015,1001502,鳳禮里,16,中美路,,,,９２號,295707.948,2627112.478,花蓮縣鳳林鎮鳳禮里中美路９２號
10015,1001502,鳳禮里,17,中美路,,,,９３號,295686.579,2627101.534,花蓮縣鳳林鎮鳳禮里中美路９３號
10015,1001502,鳳禮里,16,中美路,,,,９４號,295709.676,2627117.028,花蓮縣鳳林鎮鳳禮里中美路９４號
10015,1001502,鳳禮里,17,中美路,,,,９５號,295687.609,2627105.909,花蓮縣鳳林鎮鳳禮里中美路９５號
10015,1001502,鳳禮里,16,中美路,,,,９６號,295711.404,2627121.577,花蓮縣鳳林鎮鳳禮里中美路９６號
10015,1001502,鳳禮里,17,中美路,,,,９７號,295689.412,2627110.412,花蓮縣鳳林鎮鳳禮里中美路９７號
10015,1001502,鳳禮里,16,中美路,,,,９８號,295713.132,2627126.126,花蓮縣鳳林鎮鳳禮里中美路９８號
10015,1001502,鳳禮里,17,中美路,,,,９９號,295691.601,2627116.202,花蓮縣鳳林鎮鳳禮里中美路９９號
10015,1001502,鳳禮里,16,中美路,,,,１００號,295714.859,2627130.676,花蓮縣鳳林鎮鳳禮里中美路１００號
10015,1001502,鳳禮里,17,中美路,,,,１０１號,295693.662,2627121.863,花蓮縣鳳林鎮鳳禮里中美路１０１號
10015,1001502,鳳禮里,16,中美路,,,,１０２號,295716.587,2627135.225,花蓮縣鳳林鎮鳳禮里中美路１０２號
10015,1001502,鳳禮里,17,中美路,,,,１０３號,295695.207,2627126.237,花蓮縣鳳林鎮鳳禮里中美路１０３號
10015,1001502,鳳禮里,16,中美路,,,,１０４號,295718.315,2627139.774,花蓮縣鳳林鎮鳳禮里中美路１０４號
10015,1001502,鳳禮里,17,中美路,,,,１０５號,295697.341,2627131.772,花蓮縣鳳林鎮鳳禮里中美路１０５號
10015,1001502,鳳禮里,16,中美路,,,,１０６號,295720.043,2627144.324,花蓮縣鳳林鎮鳳禮里中美路１０６號
10015,1001502,鳳禮里,17,中美路,,,,１０７號,295699.456,2627138.589,花蓮縣鳳林鎮鳳禮里中美路１０７號
10015,1001502,鳳禮里,16,中美路,,,,１０８號,295721.77,2627148.874,花蓮縣鳳林鎮鳳禮里中美路１０８號
10015,1001502,鳳禮里,17,中美路,,,,１０９號,295701.516,2627142.578,花蓮縣鳳林鎮鳳禮里中美路１０９號
10015,1001502,鳳禮里,16,中美路,,,,１１０號,295723.498,2627153.423,花蓮縣鳳林鎮鳳禮里中美路１１０號
10015,1001502,鳳禮里,17,中美路,,,,１１１號,295703.296,2627147.681,花蓮縣鳳林鎮鳳禮里中美路１１１號
10015,1001502,鳳禮里,16,中美路,,,,１１２號,295725.226,2627157.972,花蓮縣鳳林鎮鳳禮里中美路１１２號
10015,1001502,鳳禮里,16,中美路,,,,１１４號,295726.954,2627162.522,花蓮縣鳳林鎮鳳禮里中美路１１４號
10015,1001502,鳳禮里,16,中美路,,,,１１６號,295728.682,2627167.071,花蓮縣鳳林鎮鳳禮里中美路１１６號
10015,1001502,鳳禮里,14,中美路,,,,１１８號,295751.125,2627228.648,花蓮縣鳳林鎮鳳禮里中美路１１８號
10015,1001502,鳳禮里,18,中美路,,,,１１９號,295708.812,2627160.766,花蓮縣鳳林鎮鳳禮里中美路１１９號
10015,1001502,鳳禮里,14,中美路,,,,１２０號,295752.54,2627233.44,花蓮縣鳳林鎮鳳禮里中美路１２０號
10015,1001502,鳳禮里,18,中美路,,,,１２１號,295711.603,2627166.678,花蓮縣鳳林鎮鳳禮里中美路１２１號
10015,1001502,鳳禮里,14,中美路,,,,１２２號,295776.94,2627212.58,花蓮縣鳳林鎮鳳禮里中美路１２２號
10015,1001502,鳳禮里,18,中美路,,,,１２３號,295713.385,2627171.51,花蓮縣鳳林鎮鳳禮里中美路１２３號
10015,1001502,鳳禮里,18,中美路,,,,１２５號,295714.993,2627175.434,花蓮縣鳳林鎮鳳禮里中美路１２５號
10015,1001502,鳳禮里,13,中美路,,,,１２６號,295776.48,2627229.43,花蓮縣鳳林鎮鳳禮里中美路１２６號
10015,1001502,鳳禮里,18,中美路,,,,１２７號,295716.184,2627178.759,花蓮縣鳳林鎮鳳禮里中美路１２７號
10015,1001502,鳳禮里,13,中美路,,,,１２８號,295755.38,2627243.23,花蓮縣鳳林鎮鳳禮里中美路１２８號
10015,1001502,鳳禮里,13,中美路,,,,１２８之１號,295783.58,2627232.85,花蓮縣鳳林鎮鳳禮里中美路１２８之１號
10015,1001502,鳳禮里,18,中美路,,,,１２９號,295718.084,2627182.51,花蓮縣鳳林鎮鳳禮里中美路１２９號
10015,1001502,鳳禮里,13,中美路,,,,１３０號,295762.385,2627259.66,花蓮縣鳳林鎮鳳禮里中美路１３０號
10015,1001502,鳳禮里,18,中美路,,,,１３１號,295719.758,2627187.142,花蓮縣鳳林鎮鳳禮里中美路１３１號
10015,1001502,鳳禮里,13,中美路,,,,１３２號,295764.43,2627264.59,花蓮縣鳳林鎮鳳禮里中美路１３２號
10015,1001502,鳳禮里,18,中美路,,,,１３３號,295720.291,2627189.861,花蓮縣鳳林鎮鳳禮里中美路１３３號
10015,1001502,鳳禮里,13,中美路,,,,１３４號,295765.792,2627267.745,花蓮縣鳳林鎮鳳禮里中美路１３４號
10015,1001502,鳳禮里,19,中美路,,,,１３５號,295724.692,2627203.031,花蓮縣鳳林鎮鳳禮里中美路１３５號
10015,1001502,鳳禮里,13,中美路,,,,１３６號,295767.163,2627271.149,花蓮縣鳳林鎮鳳禮里中美路１３６號
10015,1001502,鳳禮里,19,中美路,,,,１３７號,295726.188,2627206.887,花蓮縣鳳林鎮鳳禮里中美路１３７號
10015,1001502,鳳禮里,13,中美路,,,,１３８號,295769.702,2627276.995,花蓮縣鳳林鎮鳳禮里中美路１３８號
10015,1001502,鳳禮里,19,中美路,,,,１３９號,295727.684,2627210.743,花蓮縣鳳林鎮鳳禮里中美路１３９號
10015,1001502,鳳禮里,13,中美路,,,,１４０號,295771.198,2627280.606,花蓮縣鳳林鎮鳳禮里中美路１４０號
10015,1001502,鳳禮里,19,中美路,,,,１４１號,295729.179,2627214.599,花蓮縣鳳林鎮鳳禮里中美路１４１號
10015,1001502,鳳禮里,13,中美路,,,,１４２號,295772.397,2627283.638,花蓮縣鳳林鎮鳳禮里中美路１４２號
10015,1001502,鳳禮里,19,中美路,,,,１４３號,295730.637,2627218.386,花蓮縣鳳林鎮鳳禮里中美路１４３號
10015,1001502,鳳禮里,13,中美路,,,,１４４號,295773.464,2627287.119,花蓮縣鳳林鎮鳳禮里中美路１４４號
10015,1001502,鳳禮里,19,中美路,,,,１４５號,295732.558,2627222.888,花蓮縣鳳林鎮鳳禮里中美路１４５號
10015,1001502,鳳禮里,13,中美路,,,,１４６號,295774.532,2627290.174,花蓮縣鳳林鎮鳳禮里中美路１４６號
10015,1001502,鳳禮里,19,中美路,,,,１４７號,295734.123,2627226.948,花蓮縣鳳林鎮鳳禮里中美路１４７號
10015,1001502,鳳禮里,13,中美路,,,,１４８號,295775.749,2627293.107,花蓮縣鳳林鎮鳳禮里中美路１４８號
10015,1001502,鳳禮里,19,中美路,,,,１４９號,295735.687,2627231.007,花蓮縣鳳林鎮鳳禮里中美路１４９號
10015,1001502,鳳禮里,13,中美路,,,,１５０號,295776.958,2627296.162,花蓮縣鳳林鎮鳳禮里中美路１５０號
10015,1001502,鳳禮里,20,中美路,,,,１５１號,295737.251,2627235.067,花蓮縣鳳林鎮鳳禮里中美路１５１號
10015,1001502,鳳禮里,20,中美路,,,,１５３號,295738.816,2627239.126,花蓮縣鳳林鎮鳳禮里中美路１５３號
10015,1001502,鳳禮里,20,中美路,,,,１５５號,295740.939,2627243.223,花蓮縣鳳林鎮鳳禮里中美路１５５號
10015,1001502,鳳禮里,20,中美路,,,,１５７號,295742.33,2627247.49,花蓮縣鳳林鎮鳳禮里中美路１５７號
10015,1001502,鳳禮里,20,中美路,,,,１５９號,295744.049,2627252.028,花蓮縣鳳林鎮鳳禮里中美路１５９號
10015,1001502,鳳禮里,20,中美路,,,,１６１號,295749.063,2627263.619,花蓮縣鳳林鎮鳳禮里中美路１６１號
10015,1001502,鳳禮里,20,中美路,,,,１６３號,295751.048,2627268.989,花蓮縣鳳林鎮鳳禮里中美路１６３號
10015,1001502,鳳禮里,20,中美路,,,,１６７號,295753.197,2627273.285,花蓮縣鳳林鎮鳳禮里中美路１６７號
10015,1001502,鳳禮里,20,中美路,,,,１６９號,295755.843,2627281.381,花蓮縣鳳林鎮鳳禮里中美路１６９號
10015,1001502,鳳禮里,20,中美路,,,,１７１號,295759.812,2627290.963,花蓮縣鳳林鎮鳳禮里中美路１７１號
10015,1001502,鳳禮里,20,中美路,,,,１７３號,295763.201,2627299.307,花蓮縣鳳林鎮鳳禮里中美路１７３號
10015,1001502,鳳禮里,1,中華路,,,,３１號,295936.173,2627012.382,花蓮縣鳳林鎮鳳禮里中華路３１號
10015,1001502,鳳禮里,1,中華路,,,,３３號,295939.331,2627020.366,花蓮縣鳳林鎮鳳禮里中華路３３號
10015,1001502,鳳禮里,3,中華路,,,,３９之６號,295990.37,2627143.25,花蓮縣鳳林鎮鳳禮里中華路３９之６號
10015,1001502,鳳禮里,3,中華路,,,,３９號,295971.172,2627133.088,花蓮縣鳳林鎮鳳禮里中華路３９號
10015,1001502,鳳禮里,3,中華路,,,,３９之２號,295977.54,2627124.68,花蓮縣鳳林鎮鳳禮里中華路３９之２號
10015,1001502,鳳禮里,3,中華路,,,,３９號之１,295985.303,2627132.316,花蓮縣鳳林鎮鳳禮里中華路３９號之１
10015,1001502,鳳禮里,3,中華路,,,,４１號,295992.748,2627150.729,花蓮縣鳳林鎮鳳禮里中華路４１號
10015,1001502,鳳禮里,3,中華路,,,,４３號,295994.07,2627155.171,花蓮縣鳳林鎮鳳禮里中華路４３號
10015,1001502,鳳禮里,3,中華路,,,,４５號,295995.901,2627159.482,花蓮縣鳳林鎮鳳禮里中華路４５號
10015,1001502,鳳禮里,3,中華路,,,,４７號,295999.265,2627167.406,花蓮縣鳳林鎮鳳禮里中華路４７號
10015,1001502,鳳禮里,3,中華路,,,,１４０號,295991.461,2627002.282,花蓮縣鳳林鎮鳳禮里中華路１４０號
10015,1001502,鳳禮里,3,中華路,,,,１６４號,296019.517,2627147.227,花蓮縣鳳林鎮鳳禮里中華路１６４號
10015,1001502,鳳禮里,3,信義路,,,,１３５號,296147.203,2626953.164,花蓮縣鳳林鎮鳳禮里信義路１３５號
10015,1001502,鳳禮里,3,信義路,,,,１５１號,296159.049,2627002.117,花蓮縣鳳林鎮鳳禮里信義路１５１號
10015,1001502,鳳禮里,3,信義路,,,,１８９號,296177.819,2627058.952,花蓮縣鳳林鎮鳳禮里信義路１８９號
10015,1001502,鳳禮里,1,光復路,,,,１８號之３,295867.233,2627066.104,花蓮縣鳳林鎮鳳禮里光復路１８號之３
10015,1001502,鳳禮里,2,光復路,,２０巷,,１號,295880.968,2627088.359,花蓮縣鳳林鎮鳳禮里光復路２０巷１號
10015,1001502,鳳禮里,1,光復路,,２０巷,,４號,295882.819,2627060.49,花蓮縣鳳林鎮鳳禮里光復路２０巷４號
10015,1001502,鳳禮里,2,光復路,,２０巷,,５號,295901.248,2627079.48,花蓮縣鳳林鎮鳳禮里光復路２０巷５號
10015,1001502,鳳禮里,1,光復路,,２０巷,,６號,295896.946,2627055.136,花蓮縣鳳林鎮鳳禮里光復路２０巷６號
10015,1001502,鳳禮里,2,光復路,,２０巷,,７號,295908.717,2627076.695,花蓮縣鳳林鎮鳳禮里光復路２０巷７號
10015,1001502,鳳禮里,1,光復路,,２０巷,,８號,295906.094,2627051.872,花蓮縣鳳林鎮鳳禮里光復路２０巷８號
10015,1001502,鳳禮里,1,光復路,,２０巷,,１０號,295915.608,2627049.888,花蓮縣鳳林鎮鳳禮里光復路２０巷１０號
10015,1001502,鳳禮里,2,光復路,,２０巷,,１３號,295933.365,2627061.64,花蓮縣鳳林鎮鳳禮里光復路２０巷１３號
10015,1001502,鳳禮里,1,光復路,,２０巷,,１４號,295933.08,2627044.04,花蓮縣鳳林鎮鳳禮里光復路２０巷１４號
10015,1001502,鳳禮里,2,光復路,,２０巷,,１５號,295938.427,2627059.773,花蓮縣鳳林鎮鳳禮里光復路２０巷１５號
10015,1001502,鳳禮里,1,光復路,,２０巷,,１６號,295940.125,2627041.32,花蓮縣鳳林鎮鳳禮里光復路２０巷１６號
10015,1001502,鳳禮里,1,光復路,,２０巷,,１８號,295948.864,2627038.29,花蓮縣鳳林鎮鳳禮里光復路２０巷１８號
10015,1001502,鳳禮里,1,光復路,,,,２０號,295861.214,2627045.532,花蓮縣鳳林鎮鳳禮里光復路２０號
10015,1001502,鳳禮里,2,光復路,,２０巷,,２３號,295955.528,2627053.738,花蓮縣鳳林鎮鳳禮里光復路２０巷２３號
10015,1001502,鳳禮里,2,光復路,,,,２２號,295908.627,2627171.188,花蓮縣鳳林鎮鳳禮里光復路２２號
10015,1001502,鳳禮里,2,光復路,,,,２４號,295910.434,2627175.842,花蓮縣鳳林鎮鳳禮里光復路２４號
10015,1001502,鳳禮里,2,光復路,,,,２６號,295914.395,2627183.446,花蓮縣鳳林鎮鳳禮里光復路２６號
10015,1001502,鳳禮里,2,光復路,,,,２６號之１,295915.153,2627191.284,花蓮縣鳳林鎮鳳禮里光復路２６號之１
10015,1001502,鳳禮里,6,光復路,,,,８３號,295831.78,2627065.832,花蓮縣鳳林鎮鳳禮里光復路８３號
10015,1001502,鳳禮里,6,光復路,,,,８７號,295836.155,2627081.573,花蓮縣鳳林鎮鳳禮里光復路８７號
10015,1001502,鳳禮里,6,光復路,,,,８９號,295834.359,2627111.612,花蓮縣鳳林鎮鳳禮里光復路８９號
10015,1001502,鳳禮里,6,光復路,,,,９１號,295843.539,2627113.844,花蓮縣鳳林鎮鳳禮里光復路９１號
10015,1001502,鳳禮里,6,光復路,,,,９３號,295863.999,2627116.871,花蓮縣鳳林鎮鳳禮里光復路９３號
10015,1001502,鳳禮里,6,光復路,,,,９５號,295867.618,2627127.787,花蓮縣鳳林鎮鳳禮里光復路９５號
10015,1001502,鳳禮里,3,光復路,,,,９７號,295878.015,2627160.56,花蓮縣鳳林鎮鳳禮里光復路９７號
10015,1001502,鳳禮里,4,光復路,,,,９９號,295880.715,2627164.704,花蓮縣鳳林鎮鳳禮里光復路９９號
10015,1001502,鳳禮里,4,光復路,,,,１０１號,295881.748,2627168.757,花蓮縣鳳林鎮鳳禮里光復路１０１號
10015,1001502,鳳禮里,4,光復路,,,,１０５號,295897.468,2627199.853,花蓮縣鳳林鎮鳳禮里光復路１０５號
10015,1001502,鳳禮里,13,和平街,,,,１號,295787.862,2627291.305,花蓮縣鳳林鎮鳳禮里和平街１號
10015,1001502,鳳禮里,3,大同街,,,,６之６號,296081.03,2626943.69,花蓮縣鳳林鎮鳳禮里大同街６之６號
10015,1001502,鳳禮里,3,大同街,,,,６之４號,296092.163,2626935.596,花蓮縣鳳林鎮鳳禮里大同街６之４號
10015,1001502,鳳禮里,3,大同街,,,,６號,296108.695,2626929.017,花蓮縣鳳林鎮鳳禮里大同街６號
10015,1001502,鳳禮里,3,大同街,,,,６之１號,296104.729,2626930.919,花蓮縣鳳林鎮鳳禮里大同街６之１號
10015,1001502,鳳禮里,3,大同街,,,,６之３號,296097.848,2626933.58,花蓮縣鳳林鎮鳳禮里大同街６之３號
10015,1001502,鳳禮里,3,大同街,,,,６號之５,296088.19,2626937.152,花蓮縣鳳林鎮鳳禮里大同街６號之５
10015,1001502,鳳禮里,1,大同街,,,,１０號,295919.321,2627010.683,花蓮縣鳳林鎮鳳禮里大同街１０號
10015,1001502,鳳禮里,1,大同街,,,,１２號,295912.478,2627014.003,花蓮縣鳳林鎮鳳禮里大同街１２號
10015,1001502,鳳禮里,1,大同街,,,,１４號,295903.027,2627017.603,花蓮縣鳳林鎮鳳禮里大同街１４號
10015,1001502,鳳禮里,1,大同街,,,,１６號,295890.57,2627022.614,花蓮縣鳳林鎮鳳禮里大同街１６號
10015,1001502,鳳禮里,1,大同街,,,,１８號,295879.609,2627026.694,花蓮縣鳳林鎮鳳禮里大同街１８號
10015,1001502,鳳禮里,1,大同街,,,,２０號,295868.648,2627031.182,花蓮縣鳳林鎮鳳禮里大同街２０號
10015,1001502,鳳禮里,1,大同街,,,,２２號,295857.633,2627034.82,花蓮縣鳳林鎮鳳禮里大同街２２號
10015,1001502,鳳禮里,8,大同街,,,,２４號,295833.706,2627035.927,花蓮縣鳳林鎮鳳禮里大同街２４號
10015,1001502,鳳禮里,8,大同街,,,,２６號,295826.754,2627037.594,花蓮縣鳳林鎮鳳禮里大同街２６號
10015,1001502,鳳禮里,8,大同街,,,,２８號,295822.1,2627038.94,花蓮縣鳳林鎮鳳禮里大同街２８號
10015,1001502,鳳禮里,8,大同街,,,,３０號,295817.581,2627040.411,花蓮縣鳳林鎮鳳禮里大同街３０號
10015,1001502,鳳禮里,8,大同街,,,,３２號,295812.931,2627042.27,花蓮縣鳳林鎮鳳禮里大同街３２號
10015,1001502,鳳禮里,9,大同街,,,,３８號,295744.387,2627071.056,花蓮縣鳳林鎮鳳禮里大同街３８號
10015,1001502,鳳禮里,9,大同街,,,,３８之１號,295748.634,2627084.36,花蓮縣鳳林鎮鳳禮里大同街３８之１號
10015,1001502,鳳禮里,9,大同街,,,,４０號,295740.779,2627086.921,花蓮縣鳳林鎮鳳禮里大同街４０號
10015,1001502,鳳禮里,9,大同街,,,,４２號,295722.537,2627076.956,花蓮縣鳳林鎮鳳禮里大同街４２號
10015,1001502,鳳禮里,9,大同街,,,,４２之１號,295728.555,2627074.669,花蓮縣鳳林鎮鳳禮里大同街４２之１號
10015,1001502,鳳禮里,9,大同街,,,,４４號,295718.534,2627078.515,花蓮縣鳳林鎮鳳禮里大同街４４號
10015,1001502,鳳禮里,9,大同街,,,,４６號,295714.233,2627080.073,花蓮縣鳳林鎮鳳禮里大同街４６號
10015,1001502,鳳禮里,9,大同街,,,,４８號,295709.335,2627082.079,花蓮縣鳳林鎮鳳禮里大同街４８號
10015,1001502,鳳禮里,9,大同街,,,,５０號,295705.331,2627083.637,花蓮縣鳳林鎮鳳禮里大同街５０號
10015,1001502,鳳禮里,17,大同街,,,,５６號,295668.554,2627097.76,花蓮縣鳳林鎮鳳禮里大同街５６號
10015,1001502,鳳禮里,3,忠孝街,,,,１號,296120.491,2626954.343,花蓮縣鳳林鎮鳳禮里忠孝街１號
10015,1001502,鳳禮里,23,成功街,,,,１５號,295466.08,2626692.49,花蓮縣鳳林鎮鳳禮里成功街１５號
10015,1001502,鳳禮里,23,成功街,,,,１５５號,295656.048,2627104.263,花蓮縣鳳林鎮鳳禮里成功街１５５號
10015,1001502,鳳禮里,23,成功街,,,,１５７號,295657.997,2627108.56,花蓮縣鳳林鎮鳳禮里成功街１５７號
10015,1001502,鳳禮里,23,成功街,,,,１６１號,295661.893,2627117.153,花蓮縣鳳林鎮鳳禮里成功街１６１號
10015,1001502,鳳禮里,23,成功街,,,,１６３號,295663.841,2627121.449,花蓮縣鳳林鎮鳳禮里成功街１６３號
10015,1001502,鳳禮里,23,成功街,,,,１６５號,295665.79,2627125.745,花蓮縣鳳林鎮鳳禮里成功街１６５號
10015,1001502,鳳禮里,23,成功街,,,,１６７號,295667.738,2627130.042,花蓮縣鳳林鎮鳳禮里成功街１６７號
10015,1001502,鳳禮里,23,成功街,,,,１６９號,295669.686,2627134.338,花蓮縣鳳林鎮鳳禮里成功街１６９號
10015,1001502,鳳禮里,23,成功街,,,,１７１號,295671.634,2627138.635,花蓮縣鳳林鎮鳳禮里成功街１７１號
10015,1001502,鳳禮里,23,成功街,,,,１７３號,295673.582,2627142.931,花蓮縣鳳林鎮鳳禮里成功街１７３號
10015,1001502,鳳禮里,23,成功街,,,,１７５號,295675.53,2627147.227,花蓮縣鳳林鎮鳳禮里成功街１７５號
10015,1001502,鳳禮里,22,成功街,,,,１７７號,295677.479,2627151.524,花蓮縣鳳林鎮鳳禮里成功街１７７號
10015,1001502,鳳禮里,22,成功街,,,,１７９號,295678.683,2627158.36,花蓮縣鳳林鎮鳳禮里成功街１７９號
10015,1001502,鳳禮里,22,成功街,,,,１８１號,295681.269,2627163.401,花蓮縣鳳林鎮鳳禮里成功街１８１號
10015,1001502,鳳禮里,22,成功街,,,,１８３號,295683.198,2627168.117,花蓮縣鳳林鎮鳳禮里成功街１８３號
10015,1001502,鳳禮里,22,成功街,,,,１８５號,295686.5,2627171.3,花蓮縣鳳林鎮鳳禮里成功街１８５號
10015,1001502,鳳禮里,22,成功街,,,,１８９號,295688.956,2627178.352,花蓮縣鳳林鎮鳳禮里成功街１８９號
10015,1001502,鳳禮里,22,成功街,,,,１９１號,295690.904,2627182.649,花蓮縣鳳林鎮鳳禮里成功街１９１號
10015,1001502,鳳禮里,22,成功街,,,,１９３號,295692.852,2627186.945,花蓮縣鳳林鎮鳳禮里成功街１９３號
10015,1001502,鳳禮里,22,成功街,,,,１９７號,295696.749,2627195.538,花蓮縣鳳林鎮鳳禮里成功街１９７號
10015,1001502,鳳禮里,21,成功街,,,,１９９號,295705.933,2627211.657,花蓮縣鳳林鎮鳳禮里成功街１９９號
10015,1001502,鳳禮里,21,成功街,,,,２０１之３號,295708.778,2627219.33,花蓮縣鳳林鎮鳳禮里成功街２０１之３號
10015,1001502,鳳禮里,21,成功街,,,,２０１號,295707.589,2627216.226,花蓮縣鳳林鎮鳳禮里成功街２０１號
10015,1001502,鳳禮里,21,成功街,,,,２０１號之１,295707.984,2627217.875,花蓮縣鳳林鎮鳳禮里成功街２０１號之１
10015,1001502,鳳禮里,21,成功街,,,,２０３號,295709.482,2627222.162,花蓮縣鳳林鎮鳳禮里成功街２０３號
10015,1001502,鳳禮里,21,成功街,,,,２０５號,295712.553,2627227.627,花蓮縣鳳林鎮鳳禮里成功街２０５號
10015,1001502,鳳禮里,21,成功街,,,,２０５之１號,295713.08,2627228.38,花蓮縣鳳林鎮鳳禮里成功街２０５之１號
10015,1001502,鳳禮里,21,成功街,,,,２０７號,295715.3,2627233.137,花蓮縣鳳林鎮鳳禮里成功街２０７號
10015,1001502,鳳禮里,21,成功街,,,,２０９號,295711.724,2627243.242,花蓮縣鳳林鎮鳳禮里成功街２０９號
10015,1001502,鳳禮里,21,成功街,,,,２１１號,295718.267,2627248.422,花蓮縣鳳林鎮鳳禮里成功街２１１號
10015,1001502,鳳禮里,21,成功街,,,,２１３號,295720.811,2627253.818,花蓮縣鳳林鎮鳳禮里成功街２１３號
10015,1001502,鳳禮里,21,成功街,,,,２１５號,295723.354,2627259.215,花蓮縣鳳林鎮鳳禮里成功街２１５號
10015,1001502,鳳禮里,21,成功街,,,,２１７號,295725.898,2627264.612,花蓮縣鳳林鎮鳳禮里成功街２１７號
10015,1001502,鳳禮里,21,成功街,,,,２１９號,295728.441,2627270.009,花蓮縣鳳林鎮鳳禮里成功街２１９號
10015,1001502,鳳禮里,21,成功街,,,,２２３號,295734.541,2627280.882,花蓮縣鳳林鎮鳳禮里成功街２２３號
10015,1001502,鳳禮里,21,成功街,,,,２２５號,295736.262,2627284.932,花蓮縣鳳林鎮鳳禮里成功街２２５號
10015,1001502,鳳禮里,21,成功街,,,,２２７號,295737.984,2627288.982,花蓮縣鳳林鎮鳳禮里成功街２２７號
10015,1001502,鳳禮里,21,成功街,,,,２２９之１號,295741.427,2627297.082,花蓮縣鳳林鎮鳳禮里成功街２２９之１號
10015,1001502,鳳禮里,21,成功街,,,,２２９號,295739.705,2627293.032,花蓮縣鳳林鎮鳳禮里成功街２２９號
10015,1001502,鳳禮里,21,成功街,,,,２３１號,295742.652,2627304.449,花蓮縣鳳林鎮鳳禮里成功街２３１號
10015,1001502,鳳禮里,2,民生街,,,,１號,295954.888,2627089.429,花蓮縣鳳林鎮鳳禮里民生街１號
10015,1001502,鳳禮里,2,民生街,,,,２號,295968.157,2627109.914,花蓮縣鳳林鎮鳳禮里民生街２號
10015,1001502,鳳禮里,2,民生街,,,,３號,295928.153,2627100.764,花蓮縣鳳林鎮鳳禮里民生街３號
10015,1001502,鳳禮里,2,民生街,,,,６之１號,295954.463,2627115.299,花蓮縣鳳林鎮鳳禮里民生街６之１號
10015,1001502,鳳禮里,2,民生街,,,,６號,295962.003,2627112.388,花蓮縣鳳林鎮鳳禮里民生街６號
10015,1001502,鳳禮里,2,民生街,,,,８號,295950.508,2627116.321,花蓮縣鳳林鎮鳳禮里民生街８號
10015,1001502,鳳禮里,6,民生街,,,,９號,295856.528,2627137.252,花蓮縣鳳林鎮鳳禮里民生街９號
10015,1001502,鳳禮里,2,民生街,,,,１０號,295944.429,2627118.646,花蓮縣鳳林鎮鳳禮里民生街１０號
10015,1001502,鳳禮里,6,民生街,,,,１１號,295851.92,2627139.046,花蓮縣鳳林鎮鳳禮里民生街１１號
10015,1001502,鳳禮里,2,民生街,,,,１２號,295936.36,2627122.747,花蓮縣鳳林鎮鳳禮里民生街１２號
10015,1001502,鳳禮里,6,民生街,,,,１３號,295848.422,2627140.373,花蓮縣鳳林鎮鳳禮里民生街１３號
10015,1001502,鳳禮里,2,民生街,,,,１４號,295930.256,2627135.372,花蓮縣鳳林鎮鳳禮里民生街１４號
10015,1001502,鳳禮里,6,民生街,,,,１５號,295845.874,2627141.35,花蓮縣鳳林鎮鳳禮里民生街１５號
10015,1001502,鳳禮里,2,民生街,,,,１６號,295911.663,2627139.596,花蓮縣鳳林鎮鳳禮里民生街１６號
10015,1001502,鳳禮里,6,民生街,,,,１７號,295843.582,2627142.246,花蓮縣鳳林鎮鳳禮里民生街１７號
10015,1001502,鳳禮里,5,民生街,,,,１８號,295875.738,2627145.963,花蓮縣鳳林鎮鳳禮里民生街１８號
10015,1001502,鳳禮里,5,民生街,,,,２０號,295869.107,2627146.832,花蓮縣鳳林鎮鳳禮里民生街２０號
10015,1001502,鳳禮里,5,民生街,,,,２２號,295865.282,2627148.17,花蓮縣鳳林鎮鳳禮里民生街２２號
10015,1001502,鳳禮里,5,民生街,,,,２４號,295861.729,2627149.58,花蓮縣鳳林鎮鳳禮里民生街２４號
10015,1001502,鳳禮里,5,民生街,,,,２６號,295858.176,2627150.991,花蓮縣鳳林鎮鳳禮里民生街２６號
10015,1001502,鳳禮里,15,民生街,,,,２７號,295776.322,2627168.516,花蓮縣鳳林鎮鳳禮里民生街２７號
10015,1001502,鳳禮里,5,民生街,,,,２８號,295855.327,2627152.147,花蓮縣鳳林鎮鳳禮里民生街２８號
10015,1001502,鳳禮里,15,民生街,,,,２９號,295772.282,2627170.062,花蓮縣鳳林鎮鳳禮里民生街２９號
10015,1001502,鳳禮里,5,民生街,,,,３０號,295852.094,2627153.494,花蓮縣鳳林鎮鳳禮里民生街３０號
10015,1001502,鳳禮里,5,民生街,,,,３２號,295847.519,2627155.224,花蓮縣鳳林鎮鳳禮里民生街３２號
10015,1001502,鳳禮里,15,民生街,,,,３３號,295764.202,2627173.154,花蓮縣鳳林鎮鳳禮里民生街３３號
10015,1001502,鳳禮里,15,民生街,,,,３５號,295760.161,2627174.699,花蓮縣鳳林鎮鳳禮里民生街３５號
10015,1001502,鳳禮里,5,民生街,,,,３６號,295840.413,2627158.046,花蓮縣鳳林鎮鳳禮里民生街３６號
10015,1001502,鳳禮里,5,民生街,,,,３６號之１,295834.653,2627160.791,花蓮縣鳳林鎮鳳禮里民生街３６號之１
10015,1001502,鳳禮里,5,民生街,,,,３６號之２,295830.288,2627162.378,花蓮縣鳳林鎮鳳禮里民生街３６號之２
10015,1001502,鳳禮里,15,民生街,,,,３７號,295756.121,2627176.245,花蓮縣鳳林鎮鳳禮里民生街３７號
10015,1001502,鳳禮里,15,民生街,,,,３９號,295752.081,2627177.791,花蓮縣鳳林鎮鳳禮里民生街３９號
10015,1001502,鳳禮里,11,民生街,,,,４０號,295787.849,2627178.299,花蓮縣鳳林鎮鳳禮里民生街４０號
10015,1001502,鳳禮里,15,民生街,,,,４１號,295748.041,2627179.337,花蓮縣鳳林鎮鳳禮里民生街４１號
10015,1001502,鳳禮里,11,民生街,,,,４４號,295774.27,2627183.799,花蓮縣鳳林鎮鳳禮里民生街４４號
10015,1001502,鳳禮里,14,民生街,,,,４６號,295765.373,2627186.377,花蓮縣鳳林鎮鳳禮里民生街４６號
10015,1001502,鳳禮里,14,民生街,,,,４８號,295760.977,2627188.104,花蓮縣鳳林鎮鳳禮里民生街４８號
10015,1001502,鳳禮里,14,民生街,,,,５０號,295756.581,2627189.832,花蓮縣鳳林鎮鳳禮里民生街５０號
10015,1001502,鳳禮里,14,民生街,,,,５２號,295752.185,2627191.56,花蓮縣鳳林鎮鳳禮里民生街５２號
10015,1001502,鳳禮里,14,民生街,,,,５４號,295747.789,2627193.288,花蓮縣鳳林鎮鳳禮里民生街５４號
10015,1001502,鳳禮里,14,民生街,,,,５６號,295743.393,2627195.015,花蓮縣鳳林鎮鳳禮里民生街５６號
10015,1001502,鳳禮里,14,民生街,,,,５８號,295738.785,2627198.861,花蓮縣鳳林鎮鳳禮里民生街５８號
10015,1001502,鳳禮里,21,民生街,,,,６０號,295691.343,2627222.891,花蓮縣鳳林鎮鳳禮里民生街６０號
10015,1001502,鳳義里,13,平信路,,,,２０號,295116.246,2626324.617,花蓮縣鳳林鎮鳳義里平信路２０號
10015,1001502,鳳義里,13,平信路,,,,２２號,295141.381,2626308.08,花蓮縣鳳林鎮鳳義里平信路２２號
10015,1001502,鳳義里,13,平信路,,,,２６號,295184.031,2626443.652,花蓮縣鳳林鎮鳳義里平信路２６號
10015,1001502,鳳義里,13,平信路,,,,４９之５號,295148.35,2626276.48,花蓮縣鳳林鎮鳳義里平信路４９之５號
10015,1001502,鳳義里,13,平信路,,,,４９號,295049.21,2626164.13,花蓮縣鳳林鎮鳳義里平信路４９號
10015,1001502,鳳義里,14,平信路,,,,５７號,294643.032,2626279.46,花蓮縣鳳林鎮鳳義里平信路５７號
10015,1001502,鳳義里,14,平信路,,,,５９號,294684.819,2626265.03,花蓮縣鳳林鎮鳳義里平信路５９號
10015,1001502,鳳義里,14,平信路,,,,６０號,294532.01,2626489.51,花蓮縣鳳林鎮鳳義里平信路６０號
10015,1001502,鳳義里,14,平信路,,,,６０號二樓,294532.01,2626489.51,花蓮縣鳳林鎮鳳義里平信路６０號二樓
10015,1001502,鳳義里,14,平信路,,,,６５號,294454.953,2626289.981,花蓮縣鳳林鎮鳳義里平信路６５號
10015,1001502,鳳義里,14,平信路,,,,７１號,294342.262,2626204.853,花蓮縣鳳林鎮鳳義里平信路７１號
10015,1001502,鳳義里,14,平信路,,,,７７號,294298.697,2626240.315,花蓮縣鳳林鎮鳳義里平信路７７號
10015,1001502,鳳義里,14,平信路,,,,７８號,294323.11,2626345.12,花蓮縣鳳林鎮鳳義里平信路７８號
10015,1001502,鳳義里,14,平信路,,,,７９號,294287.818,2626203.562,花蓮縣鳳林鎮鳳義里平信路７９號
10015,1001502,鳳義里,14,平信路,,,,８７號,294142.603,2626312.021,花蓮縣鳳林鎮鳳義里平信路８７號
10015,1001502,鳳義里,16,平信路,,,,８７之１號,294145.625,2626374.75,花蓮縣鳳林鎮鳳義里平信路８７之１號
10015,1001502,鳳義里,16,平信路,,,,９１之１號,294060.124,2626421.435,花蓮縣鳳林鎮鳳義里平信路９１之１號
10015,1001502,鳳義里,16,平信路,,,,９１號,294060.124,2626421.435,花蓮縣鳳林鎮鳳義里平信路９１號
10015,1001502,鳳義里,16,平信路,,,,９３號,294046.739,2626389.911,花蓮縣鳳林鎮鳳義里平信路９３號
10015,1001502,鳳義里,16,平信路,,,,９５號,294046.308,2626373.142,花蓮縣鳳林鎮鳳義里平信路９５號
10015,1001502,鳳義里,16,平信路,,,,９７號,294012.734,2626343.218,花蓮縣鳳林鎮鳳義里平信路９７號
10015,1001502,鳳義里,16,平信路,,,,１０１號,293962.24,2626321.2,花蓮縣鳳林鎮鳳義里平信路１０１號
10015,1001502,鳳義里,16,平信路,,,,１０３之１號,293877.66,2626142.21,花蓮縣鳳林鎮鳳義里平信路１０３之１號
10015,1001502,鳳義里,16,平信路,,,,１０５之１號,293861.62,2626324.57,花蓮縣鳳林鎮鳳義里平信路１０５之１號
10015,1001502,鳳義里,16,平信路,,,,１２３號,292928.04,2626744.29,花蓮縣鳳林鎮鳳義里平信路１２３號
10015,1001502,鳳義里,16,平信路,,,,１２５之１號,292900.62,2626676.78,花蓮縣鳳林鎮鳳義里平信路１２５之１號
10015,1001502,鳳義里,16,平信路,,,,１２５號,292907.68,2626696.38,花蓮縣鳳林鎮鳳義里平信路１２５號
10015,1001502,鳳義里,16,平信路,,,,１２５號之２,292763.01,2626564.76,花蓮縣鳳林鎮鳳義里平信路１２５號之２
10015,1001502,鳳義里,5,忠義路,,１巷,,１號,295488.939,2627039.464,花蓮縣鳳林鎮鳳義里忠義路１巷１號
10015,1001502,鳳義里,5,忠義路,,１巷,,２號,295493.094,2627069.031,花蓮縣鳳林鎮鳳義里忠義路１巷２號
10015,1001502,鳳義里,5,忠義路,,１巷,,６號,295457.737,2627083.425,花蓮縣鳳林鎮鳳義里忠義路１巷６號
10015,1001502,鳳義里,5,忠義路,,１巷,,８號,295464.448,2627098.472,花蓮縣鳳林鎮鳳義里忠義路１巷８號
10015,1001502,鳳義里,5,忠義路,,１巷,,１６號,295412.849,2627127.589,花蓮縣鳳林鎮鳳義里忠義路１巷１６號
10015,1001502,鳳義里,5,忠義路,,１巷,,２２號,295354.454,2627316.744,花蓮縣鳳林鎮鳳義里忠義路１巷２２號
10015,1001502,鳳義里,5,忠義路,,,,８號,295501.116,2627090.294,花蓮縣鳳林鎮鳳義里忠義路８號
10015,1001502,鳳義里,15,正信路,,,,５３號,294361.918,2625933.311,花蓮縣鳳林鎮鳳義里正信路５３號
10015,1001502,鳳義里,15,正信路,,,,５６號,294356.947,2626144.964,花蓮縣鳳林鎮鳳義里正信路５６號
10015,1001502,鳳義里,15,正信路,,,,６０號,294258.845,2626146.92,花蓮縣鳳林鎮鳳義里正信路６０號
10015,1001502,鳳義里,15,正信路,,,,６２號,294249.213,2626008.284,花蓮縣鳳林鎮鳳義里正信路６２號
10015,1001502,鳳義里,15,正信路,,,,６５號,294283.153,2626060.303,花蓮縣鳳林鎮鳳義里正信路６５號
10015,1001502,鳳義里,15,正信路,,,,７１號,294217.823,2625802.223,花蓮縣鳳林鎮鳳義里正信路７１號
10015,1001502,鳳義里,15,正信路,,,,７３號,294193.549,2625817.606,花蓮縣鳳林鎮鳳義里正信路７３號
10015,1001502,鳳義里,15,正信路,,,,７５號,294184.396,2625839.938,花蓮縣鳳林鎮鳳義里正信路７５號
10015,1001502,鳳義里,15,正信路,,,,７９號,294133.693,2625893.546,花蓮縣鳳林鎮鳳義里正信路７９號
10015,1001502,鳳義里,15,正信路,,,,７９號之１,294111.921,2625880.77,花蓮縣鳳林鎮鳳義里正信路７９號之１
10015,1001502,鳳義里,15,正信路,,,,８５號,294216.908,2626112.779,花蓮縣鳳林鎮鳳義里正信路８５號
10015,1001502,鳳義里,15,正信路,,,,８９號,294173.754,2626086.2,花蓮縣鳳林鎮鳳義里正信路８９號
10015,1001502,鳳義里,15,正信路,,,,９１號,294180.768,2626121.973,花蓮縣鳳林鎮鳳義里正信路９１號
10015,1001502,鳳義里,15,正信路,,,,９５號,294230.494,2626153.479,花蓮縣鳳林鎮鳳義里正信路９５號
10015,1001502,鳳義里,14,正信路,,,,９８之１２號,294444.93,2626565.73,花蓮縣鳳林鎮鳳義里正信路９８之１２號
10015,1001502,鳳義里,15,正信路,,,,１０１號,294186.11,2626201.007,花蓮縣鳳林鎮鳳義里正信路１０１號
10015,1001502,鳳義里,15,正信路,,,,１０１號之１,294163.12,2626216.15,花蓮縣鳳林鎮鳳義里正信路１０１號之１
10015,1001502,鳳義里,15,正信路,,,,１０５號,294209.156,2626256.479,花蓮縣鳳林鎮鳳義里正信路１０５號
10015,1001502,鳳義里,16,正信路,,,,１１１之１號,294230.56,2626569.63,花蓮縣鳳林鎮鳳義里正信路１１１之１號
10015,1001502,鳳義里,16,正信路,,,,１１７號,293961.442,2626736.044,花蓮縣鳳林鎮鳳義里正信路１１７號
10015,1001502,鳳義里,12,正信路,,,,１２３號,294285.488,2627169.82,花蓮縣鳳林鎮鳳義里正信路１２３號
10015,1001502,鳳義里,12,正信路,,,,１２５號,294259.18,2627086.81,花蓮縣鳳林鎮鳳義里正信路１２５號
10015,1001502,鳳義里,12,正信路,,,,１２９號,294030.525,2626975.345,花蓮縣鳳林鎮鳳義里正信路１２９號
10015,1001502,鳳義里,14,正信路,,,,１３０之１號,294388.15,2626848.47,花蓮縣鳳林鎮鳳義里正信路１３０之１號
10015,1001502,鳳義里,12,正信路,,,,１３１號,293963.468,2626947.037,花蓮縣鳳林鎮鳳義里正信路１３１號
10015,1001502,鳳義里,12,正信路,,,,１３３之２號,293502.716,2627150.24,花蓮縣鳳林鎮鳳義里正信路１３３之２號
10015,1001502,鳳義里,12,正信路,,,,１３５號,294246.578,2627220.851,花蓮縣鳳林鎮鳳義里正信路１３５號
10015,1001502,鳳義里,12,正信路,,,,１３５之１０號,294247.75,2626755.19,花蓮縣鳳林鎮鳳義里正信路１３５之１０號
10015,1001502,鳳義里,12,正信路,,,,１３９號,294093.385,2627322.128,花蓮縣鳳林鎮鳳義里正信路１３９號
10015,1001502,鳳義里,14,正信路,,,,１４０號,294437.65,2626892.779,花蓮縣鳳林鎮鳳義里正信路１４０號
10015,1001502,鳳義里,12,正信路,,,,１４３號,294209.291,2627284.808,花蓮縣鳳林鎮鳳義里正信路１４３號
10015,1001502,鳳義里,12,正信路,,,,１４５號,294201.644,2627296.944,花蓮縣鳳林鎮鳳義里正信路１４５號
10015,1001502,鳳義里,12,正信路,,,,１４９之１號,294346.52,2627225.94,花蓮縣鳳林鎮鳳義里正信路１４９之１號
10015,1001502,鳳義里,14,正信路,,,,１５０之１號,294448.43,2627095.44,花蓮縣鳳林鎮鳳義里正信路１５０之１號
10015,1001502,鳳義里,12,正信路,,,,１５３號,294371.519,2627297.804,花蓮縣鳳林鎮鳳義里正信路１５３號
10015,1001502,鳳義里,12,正信路,,,,１５７號,294358.16,2627432.16,花蓮縣鳳林鎮鳳義里正信路１５７號
10015,1001502,鳳義里,6,正信路,,,,１６０號,294424.386,2627314.15,花蓮縣鳳林鎮鳳義里正信路１６０號
10015,1001502,鳳義里,6,正信路,,,,１６０之１號,294460.38,2627280.19,花蓮縣鳳林鎮鳳義里正信路１６０之１號
10015,1001502,鳳義里,6,正信路,,,,１６０之２號,294463.96,2627283.03,花蓮縣鳳林鎮鳳義里正信路１６０之２號
10015,1001502,鳳義里,12,正信路,,,,１６１號,294453.184,2627493.721,花蓮縣鳳林鎮鳳義里正信路１６１號
10015,1001502,鳳義里,12,正信路,,,,１６１之１號,294457.842,2627547.992,花蓮縣鳳林鎮鳳義里正信路１６１之１號
10015,1001502,鳳義里,9,正信路,,,,１６３號,294468.7,2627598.6,花蓮縣鳳林鎮鳳義里正信路１６３號
10015,1001502,鳳義里,9,正信路,,,,１６７號,294483.352,2627665.291,花蓮縣鳳林鎮鳳義里正信路１６７號
10015,1001502,鳳義里,6,正信路,,,,１６８號,294439.95,2627342.67,花蓮縣鳳林鎮鳳義里正信路１６８號
10015,1001502,鳳義里,9,正信路,,,,１６９號,294506.132,2627740.583,花蓮縣鳳林鎮鳳義里正信路１６９號
10015,1001502,鳳義里,9,正信路,,,,１７１號,294338.082,2627767.003,花蓮縣鳳林鎮鳳義里正信路１７１號
10015,1001502,鳳義里,9,正信路,,,,１７５號,294312.351,2627905.813,花蓮縣鳳林鎮鳳義里正信路１７５號
10015,1001502,鳳義里,9,正信路,,,,１７８號,294289.977,2627788.657,花蓮縣鳳林鎮鳳義里正信路１７８號
10015,1001502,鳳義里,6,正信路,,,,２８０號,294614.6,2627898.6,花蓮縣鳳林鎮鳳義里正信路２８０號
10015,1001502,鳳義里,1,正義路,,,,８號,295838.174,2627924.844,花蓮縣鳳林鎮鳳義里正義路８號
10015,1001502,鳳義里,1,正義路,,,,９號,295668.99,2627867.15,花蓮縣鳳林鎮鳳義里正義路９號
10015,1001502,鳳義里,1,正義路,,,,１２號,295878.442,2627981.27,花蓮縣鳳林鎮鳳義里正義路１２號
10015,1001502,鳳義里,1,正義路,,,,１４號,295842.999,2627988.354,花蓮縣鳳林鎮鳳義里正義路１４號
10015,1001502,鳳義里,7,正義路,,,,１５號,295513.171,2628425.775,花蓮縣鳳林鎮鳳義里正義路１５號
10015,1001502,鳳義里,1,正義路,,,,１６號,295864.095,2628004.032,花蓮縣鳳林鎮鳳義里正義路１６號
10015,1001502,鳳義里,7,正義路,,,,２８號,296105.004,2628588.009,花蓮縣鳳林鎮鳳義里正義路２８號
10015,1001502,鳳義里,7,正義路,,,,３０號之１,295495.56,2628484.733,花蓮縣鳳林鎮鳳義里正義路３０號之１
10015,1001502,鳳義里,7,正義路,,,,３２號,295573.05,2628468.78,花蓮縣鳳林鎮鳳義里正義路３２號
10015,1001502,鳳義里,7,正義路,,,,３６號,295763.028,2628542.838,花蓮縣鳳林鎮鳳義里正義路３６號
10015,1001502,鳳義里,7,正義路,,,,３６之１２號,295840.01,2628474.92,花蓮縣鳳林鎮鳳義里正義路３６之１２號
10015,1001502,鳳義里,7,正義路,,,,３６號之６,295784.088,2628400.927,花蓮縣鳳林鎮鳳義里正義路３６號之６
10015,1001502,鳳義里,7,正義路,,,,３８號,295936.05,2628345.56,花蓮縣鳳林鎮鳳義里正義路３８號
10015,1001502,鳳義里,7,正義路,,,,４２號,296004.93,2628327.41,花蓮縣鳳林鎮鳳義里正義路４２號
10015,1001502,鳳義里,13,水源路,,,,５號,295295.932,2626887.51,花蓮縣鳳林鎮鳳義里水源路５號
10015,1001502,鳳義里,5,水源路,,６巷,,１號,295414.259,2626958.551,花蓮縣鳳林鎮鳳義里水源路６巷１號
10015,1001502,鳳義里,5,水源路,,６巷,,５號,295426.011,2626980.841,花蓮縣鳳林鎮鳳義里水源路６巷５號
10015,1001502,鳳義里,5,水源路,,６巷,,７號,295428.58,2626985.631,花蓮縣鳳林鎮鳳義里水源路６巷７號
10015,1001502,鳳義里,5,水源路,,６巷,,１１號,295431.149,2626990.421,花蓮縣鳳林鎮鳳義里水源路６巷１１號
10015,1001502,鳳義里,5,水源路,,６巷,,１２號,295463.668,2627022.286,花蓮縣鳳林鎮鳳義里水源路６巷１２號
10015,1001502,鳳義里,5,水源路,,６巷,,１３號,295452.382,2627030.613,花蓮縣鳳林鎮鳳義里水源路６巷１３號
10015,1001502,鳳義里,5,水源路,,６巷,,１４號,295466.361,2627026.425,花蓮縣鳳林鎮鳳義里水源路６巷１４號
10015,1001502,鳳義里,5,水源路,,６巷,,１５號,295455.103,2627036.045,花蓮縣鳳林鎮鳳義里水源路６巷１５號
10015,1001502,鳳義里,5,水源路,,６巷,,１７號,295457.824,2627041.477,花蓮縣鳳林鎮鳳義里水源路６巷１７號
10015,1001502,鳳義里,5,水源路,,６巷,,１９號,295460.546,2627046.908,花蓮縣鳳林鎮鳳義里水源路６巷１９號
10015,1001502,鳳義里,5,水源路,,６巷,,２１號,295463.267,2627052.34,花蓮縣鳳林鎮鳳義里水源路６巷２１號
10015,1001502,鳳義里,5,水源路,,６巷,,２３號,295465.988,2627057.772,花蓮縣鳳林鎮鳳義里水源路６巷２３號
10015,1001502,鳳義里,5,水源路,,,,８之２號,295323.051,2626928.52,花蓮縣鳳林鎮鳳義里水源路８之２號
10015,1001502,鳳義里,5,水源路,,,,８號,295320.806,2627022.832,花蓮縣鳳林鎮鳳義里水源路８號
10015,1001502,鳳義里,5,水源路,,,,１２號,295235.032,2627032.59,花蓮縣鳳林鎮鳳義里水源路１２號
10015,1001502,鳳義里,6,水源路,,,,１３號,294962.325,2627084.435,花蓮縣鳳林鎮鳳義里水源路１３號
10015,1001502,鳳義里,6,水源路,,,,１５之８號,294620.57,2627225.83,花蓮縣鳳林鎮鳳義里水源路１５之８號
10015,1001502,鳳義里,6,水源路,,,,１５之９號,294569.62,2627101.21,花蓮縣鳳林鎮鳳義里水源路１５之９號
10015,1001502,鳳義里,5,水源路,,,,１６號,295164.899,2627116.019,花蓮縣鳳林鎮鳳義里水源路１６號
10015,1001502,鳳義里,6,水源路,,,,１７號,294594.542,2627378.696,花蓮縣鳳林鎮鳳義里水源路１７號
10015,1001502,鳳義里,5,水源路,,,,１８號,295164.246,2627127.306,花蓮縣鳳林鎮鳳義里水源路１８號
10015,1001502,鳳義里,12,水源路,,,,２１號,294326.382,2627523.54,花蓮縣鳳林鎮鳳義里水源路２１號
10015,1001502,鳳義里,12,水源路,,,,２３號,294235.21,2627414.703,花蓮縣鳳林鎮鳳義里水源路２３號
10015,1001502,鳳義里,12,水源路,,,,２５之１號,294265.9,2627483.24,花蓮縣鳳林鎮鳳義里水源路２５之１號
10015,1001502,鳳義里,12,水源路,,,,２５號,294278.185,2627515.806,花蓮縣鳳林鎮鳳義里水源路２５號
10015,1001502,鳳義里,6,水源路,,,,２６號,295091.711,2627132.183,花蓮縣鳳林鎮鳳義里水源路２６號
10015,1001502,鳳義里,12,水源路,,,,２７號,294284.735,2627528.897,花蓮縣鳳林鎮鳳義里水源路２７號
10015,1001502,鳳義里,12,水源路,,,,２７號之１,294261.411,2627548.307,花蓮縣鳳林鎮鳳義里水源路２７號之１
10015,1001502,鳳義里,6,水源路,,,,２８號,295095.077,2627140.018,花蓮縣鳳林鎮鳳義里水源路２８號
10015,1001502,鳳義里,6,水源路,,３０巷,,２號,295079.238,2627155.268,花蓮縣鳳林鎮鳳義里水源路３０巷２號
10015,1001502,鳳義里,6,水源路,,３０巷,,４號,295075.269,2627194.294,花蓮縣鳳林鎮鳳義里水源路３０巷４號
10015,1001502,鳳義里,6,水源路,,３０巷,,７號,295045.755,2627188.965,花蓮縣鳳林鎮鳳義里水源路３０巷７號
10015,1001502,鳳義里,5,水源路,,３０巷,,８號,295095.71,2627229.939,花蓮縣鳳林鎮鳳義里水源路３０巷８號
10015,1001502,鳳義里,5,水源路,,３０巷,,１２號,295114.34,2627252.151,花蓮縣鳳林鎮鳳義里水源路３０巷１２號
10015,1001502,鳳義里,5,水源路,,３０巷,,１５號,295119.583,2627319.154,花蓮縣鳳林鎮鳳義里水源路３０巷１５號
10015,1001502,鳳義里,11,水源路,,,,３１號,294177.96,2627585.93,花蓮縣鳳林鎮鳳義里水源路３１號
10015,1001502,鳳義里,11,水源路,,,,３３號,294038.304,2627678.58,花蓮縣鳳林鎮鳳義里水源路３３號
10015,1001502,鳳義里,6,水源路,,,,３６號,294988.924,2627203.906,花蓮縣鳳林鎮鳳義里水源路３６號
10015,1001502,鳳義里,12,水源路,,,,３７號,294048.001,2627518.529,花蓮縣鳳林鎮鳳義里水源路３７號
10015,1001502,鳳義里,12,水源路,,,,３９號,294041.927,2627492.651,花蓮縣鳳林鎮鳳義里水源路３９號
10015,1001502,鳳義里,12,水源路,,,,４１號,294049.457,2627463.311,花蓮縣鳳林鎮鳳義里水源路４１號
10015,1001502,鳳義里,6,水源路,,,,４２號,294767.352,2627339.749,花蓮縣鳳林鎮鳳義里水源路４２號
10015,1001502,鳳義里,6,水源路,,,,４２之１號,294708,2627357,花蓮縣鳳林鎮鳳義里水源路４２之１號
10015,1001502,鳳義里,11,水源路,,,,４５號,294018.358,2627515.831,花蓮縣鳳林鎮鳳義里水源路４５號
10015,1001502,鳳義里,6,水源路,,,,４６號,294758.312,2627469.99,花蓮縣鳳林鎮鳳義里水源路４６號
10015,1001502,鳳義里,6,水源路,,,,４６號之１,294753.536,2627467.609,花蓮縣鳳林鎮鳳義里水源路４６號之１
10015,1001502,鳳義里,6,水源路,,,,４８號,294706.362,2627519.578,花蓮縣鳳林鎮鳳義里水源路４８號
10015,1001502,鳳義里,6,水源路,,,,４８之１號,294726.594,2627518.75,花蓮縣鳳林鎮鳳義里水源路４８之１號
10015,1001502,鳳義里,6,水源路,,,,４８號之２,294704.852,2627543.544,花蓮縣鳳林鎮鳳義里水源路４８號之２
10015,1001502,鳳義里,6,水源路,,,,５０號,294832.161,2627574.381,花蓮縣鳳林鎮鳳義里水源路５０號
10015,1001502,鳳義里,11,水源路,,,,５１號,293924.907,2627555.005,花蓮縣鳳林鎮鳳義里水源路５１號
10015,1001502,鳳義里,6,水源路,,,,５２號,294867.671,2627632.224,花蓮縣鳳林鎮鳳義里水源路５２號
10015,1001502,鳳義里,6,水源路,,,,５２號之１,294867.968,2627666.046,花蓮縣鳳林鎮鳳義里水源路５２號之１
10015,1001502,鳳義里,11,水源路,,,,５３號,293913.97,2627522.79,花蓮縣鳳林鎮鳳義里水源路５３號
10015,1001502,鳳義里,11,水源路,,,,５３號之５,293944.04,2627433.26,花蓮縣鳳林鎮鳳義里水源路５３號之５
10015,1001502,鳳義里,6,水源路,,,,５４號,294610.72,2627400.171,花蓮縣鳳林鎮鳳義里水源路５４號
10015,1001502,鳳義里,6,水源路,,,,５８號,294653.828,2627501.534,花蓮縣鳳林鎮鳳義里水源路５８號
10015,1001502,鳳義里,11,水源路,,,,５９號,293788.291,2627745.264,花蓮縣鳳林鎮鳳義里水源路５９號
10015,1001502,鳳義里,11,水源路,,,,６１號,293690.872,2627696.668,花蓮縣鳳林鎮鳳義里水源路６１號
10015,1001502,鳳義里,6,水源路,,,,６２號,294517.347,2627484.113,花蓮縣鳳林鎮鳳義里水源路６２號
10015,1001502,鳳義里,11,水源路,,,,６５號,293633.169,2627746.318,花蓮縣鳳林鎮鳳義里水源路６５號
10015,1001502,鳳義里,12,水源路,,,,７２號,294320.258,2627552.669,花蓮縣鳳林鎮鳳義里水源路７２號
10015,1001502,鳳義里,12,水源路,,,,７２號之１,294313.931,2627555.451,花蓮縣鳳林鎮鳳義里水源路７２號之１
10015,1001502,鳳義里,11,水源路,,,,７５號,293739.699,2627843.56,花蓮縣鳳林鎮鳳義里水源路７５號
10015,1001502,鳳義里,12,水源路,,,,７６號,294301.65,2627588.072,花蓮縣鳳林鎮鳳義里水源路７６號
10015,1001502,鳳義里,11,水源路,,,,７７號,293710.476,2627859.762,花蓮縣鳳林鎮鳳義里水源路７７號
10015,1001502,鳳義里,12,水源路,,,,７８號,294293.163,2627578.239,花蓮縣鳳林鎮鳳義里水源路７８號
10015,1001502,鳳義里,11,水源路,,,,７９號,293665.832,2627866.565,花蓮縣鳳林鎮鳳義里水源路７９號
10015,1001502,鳳義里,11,水源路,,,,８１號,293713.231,2627772.244,花蓮縣鳳林鎮鳳義里水源路８１號
10015,1001502,鳳義里,11,水源路,,,,８３號,293610.783,2627868.526,花蓮縣鳳林鎮鳳義里水源路８３號
10015,1001502,鳳義里,12,水源路,,,,８６號,294162.18,2627639.71,花蓮縣鳳林鎮鳳義里水源路８６號
10015,1001502,鳳義里,11,水源路,,,,８９號,293470.709,2627827.95,花蓮縣鳳林鎮鳳義里水源路８９號
10015,1001502,鳳義里,9,水源路,,,,９０號,294106.874,2627869.19,花蓮縣鳳林鎮鳳義里水源路９０號
10015,1001502,鳳義里,9,水源路,,,,９０號之１,294113.906,2627878.374,花蓮縣鳳林鎮鳳義里水源路９０號之１
10015,1001502,鳳義里,9,水源路,,,,９２號,294026.881,2627764.595,花蓮縣鳳林鎮鳳義里水源路９２號
10015,1001502,鳳義里,9,水源路,,,,９４號,294056.837,2627949.22,花蓮縣鳳林鎮鳳義里水源路９４號
10015,1001502,鳳義里,9,水源路,,,,９８號,293837.286,2628004.361,花蓮縣鳳林鎮鳳義里水源路９８號
10015,1001502,鳳義里,9,水源路,,,,１０２號,293956.183,2627839.928,花蓮縣鳳林鎮鳳義里水源路１０２號
10015,1001502,鳳義里,9,水源路,,,,１０４號,293903.246,2627822.969,花蓮縣鳳林鎮鳳義里水源路１０４號
10015,1001502,鳳義里,11,水源路,,,,１０５號,293298.887,2627465.925,花蓮縣鳳林鎮鳳義里水源路１０５號
10015,1001502,鳳義里,10,水源路,,,,１０６號,293849.171,2627814.702,花蓮縣鳳林鎮鳳義里水源路１０６號
10015,1001502,鳳義里,11,水源路,,,,１０７號,293407.198,2627248.907,花蓮縣鳳林鎮鳳義里水源路１０７號
10015,1001502,鳳義里,10,水源路,,,,１０８號,293814.744,2627832.203,花蓮縣鳳林鎮鳳義里水源路１０８號
10015,1001502,鳳義里,10,水源路,,,,１１０號,293802.887,2627843.498,花蓮縣鳳林鎮鳳義里水源路１１０號
10015,1001502,鳳義里,11,水源路,,,,１１１號,293549.44,2627377.35,花蓮縣鳳林鎮鳳義里水源路１１１號
10015,1001502,鳳義里,10,水源路,,,,１１２號,293769.82,2627891.538,花蓮縣鳳林鎮鳳義里水源路１１２號
10015,1001502,鳳義里,10,水源路,,,,１１４號,293793.057,2628004.679,花蓮縣鳳林鎮鳳義里水源路１１４號
10015,1001502,鳳義里,10,水源路,,,,１１６號,293744.539,2627867.694,花蓮縣鳳林鎮鳳義里水源路１１６號
10015,1001502,鳳義里,10,水源路,,,,１１８號,293769.176,2627988.29,花蓮縣鳳林鎮鳳義里水源路１１８號
10015,1001502,鳳義里,10,水源路,,,,１２０號,293724.835,2627879.842,花蓮縣鳳林鎮鳳義里水源路１２０號
10015,1001502,鳳義里,10,水源路,,,,１２２號,293712.701,2627989.206,花蓮縣鳳林鎮鳳義里水源路１２２號
10015,1001502,鳳義里,10,水源路,,,,１２２之１號,293710.001,2628039.829,花蓮縣鳳林鎮鳳義里水源路１２２之１號
10015,1001502,鳳義里,10,水源路,,,,１２４號,293682.361,2627928.757,花蓮縣鳳林鎮鳳義里水源路１２４號
10015,1001502,鳳義里,10,水源路,,,,１２６號,293669.404,2627978.782,花蓮縣鳳林鎮鳳義里水源路１２６號
10015,1001502,鳳義里,10,水源路,,,,１３０號,293653.349,2627903.798,花蓮縣鳳林鎮鳳義里水源路１３０號
10015,1001502,鳳義里,10,水源路,,,,１３４號,293610.167,2627903.877,花蓮縣鳳林鎮鳳義里水源路１３４號
10015,1001502,鳳義里,10,水源路,,,,１３４號之１,293587.914,2627905.957,花蓮縣鳳林鎮鳳義里水源路１３４號之１
10015,1001502,鳳義里,10,水源路,,,,１４８號,293485.005,2627990.383,花蓮縣鳳林鎮鳳義里水源路１４８號
10015,1001502,鳳義里,10,水源路,,,,１５０號,293429.249,2628083.881,花蓮縣鳳林鎮鳳義里水源路１５０號
10015,1001502,鳳義里,8,水源路,,,,１６０之１號,293495.673,2628116.891,花蓮縣鳳林鎮鳳義里水源路１６０之１號
10015,1001502,鳳義里,2,鳳凰路,,,,５２號,295255.116,2627560.781,花蓮縣鳳林鎮鳳義里鳳凰路５２號
10015,1001502,鳳義里,2,鳳凰路,,,,５８之１號,295094.84,2627620.04,花蓮縣鳳林鎮鳳義里鳳凰路５８之１號
10015,1001502,鳳義里,2,鳳凰路,,,,５８號,295226.849,2627569.634,花蓮縣鳳林鎮鳳義里鳳凰路５８號
10015,1001502,鳳義里,6,鳳凰路,,,,９８之１號,294937.15,2627676.06,花蓮縣鳳林鎮鳳義里鳳凰路９８之１號
10015,1001502,鳳義里,6,鳳凰路,,,,１０１號,294598.25,2627717,花蓮縣鳳林鎮鳳義里鳳凰路１０１號
10015,1001502,鳳義里,6,鳳凰路,,,,１０３號,294587.719,2627734,花蓮縣鳳林鎮鳳義里鳳凰路１０３號
10015,1001502,鳳義里,9,鳳凰路,,,,３００號,293833.969,2628171.01,花蓮縣鳳林鎮鳳義里鳳凰路３００號
10015,1001502,鳳義里,13,,鳳義,,,１之１１號,295016.67,2626808.83,花蓮縣鳳林鎮鳳義里鳳義１之１１號
10015,1001502,鳳義里,13,,鳳義,,,１之２號,295289.103,2626627.544,花蓮縣鳳林鎮鳳義里鳳義１之２號
10015,1001502,鳳義里,13,,鳳義,,,１之６號,295175.307,2626762.73,花蓮縣鳳林鎮鳳義里鳳義１之６號
10015,1001502,鳳義里,13,,鳳義,,,１號,295300.97,2626610.424,花蓮縣鳳林鎮鳳義里鳳義１號
10015,1001502,鳳義里,13,,鳳義,,,１號之１,295268.686,2626599.775,花蓮縣鳳林鎮鳳義里鳳義１號之１
10015,1001502,鳳義里,13,,鳳義,,,２號,295240.847,2626506.12,花蓮縣鳳林鎮鳳義里鳳義２號
10015,1001502,鳳義里,13,,鳳義,,,３號,295313.065,2626628.278,花蓮縣鳳林鎮鳳義里鳳義３號
10015,1001502,鳳義里,13,,鳳義,,,４號,295321.966,2626630.183,花蓮縣鳳林鎮鳳義里鳳義４號
10015,1001502,鳳義里,13,,鳳義,,,５號,295319.745,2626636.71,花蓮縣鳳林鎮鳳義里鳳義５號
10015,1001502,鳳義里,13,,鳳義,,,６號,295321.175,2626640.045,花蓮縣鳳林鎮鳳義里鳳義６號
10015,1001502,鳳義里,13,,鳳義,,,７號,295322.606,2626646.399,花蓮縣鳳林鎮鳳義里鳳義７號
10015,1001502,鳳義里,13,,鳳義,,,８號,295322.924,2626657.04,花蓮縣鳳林鎮鳳義里鳳義８號
10015,1001502,鳳義里,13,,鳳義,,,９號,295327.851,2626679.912,花蓮縣鳳林鎮鳳義里鳳義９號
10015,1001502,鳳義里,13,,鳳義,,,１１號,295349.95,2626807.48,花蓮縣鳳林鎮鳳義里鳳義１１號
10015,1001502,鳳義里,13,,鳳義,,,１５號,295182.99,2626781.76,花蓮縣鳳林鎮鳳義里鳳義１５號
10015,1001502,鳳義里,13,,鳳義,,,１７號,295190.99,2626803.68,花蓮縣鳳林鎮鳳義里鳳義１７號
10015,1001502,鳳義里,10,,鳳義,,,８５號,293827.61,2628249.3,花蓮縣鳳林鎮鳳義里鳳義８５號
10015,1001502,鳳義里,4,鳳鳴一路,,５巷,,２號,295507.824,2627326.441,花蓮縣鳳林鎮鳳義里鳳鳴一路５巷２號
10015,1001502,鳳義里,4,鳳鳴一路,,５巷,,４號,295487.169,2627302.3,花蓮縣鳳林鎮鳳義里鳳鳴一路５巷４號
10015,1001502,鳳義里,4,鳳鳴一路,,５巷,,６號,295480.662,2627295.251,花蓮縣鳳林鎮鳳義里鳳鳴一路５巷６號
10015,1001502,鳳義里,4,鳳鳴一路,,５巷,,８號,295475.593,2627290.715,花蓮縣鳳林鎮鳳義里鳳鳴一路５巷８號
10015,1001502,鳳義里,4,鳳鳴一路,,５巷,,１０號,295469.088,2627277.713,花蓮縣鳳林鎮鳳義里鳳鳴一路５巷１０號
10015,1001502,鳳義里,4,鳳鳴一路,,５巷,,１２號,295456.365,2627271.645,花蓮縣鳳林鎮鳳義里鳳鳴一路５巷１２號
10015,1001502,鳳義里,4,鳳鳴一路,,５巷,,１４之１號,295414.972,2627253.313,花蓮縣鳳林鎮鳳義里鳳鳴一路５巷１４之１號
10015,1001502,鳳義里,4,鳳鳴一路,,５巷,,１４號,295448.403,2627253.847,花蓮縣鳳林鎮鳳義里鳳鳴一路５巷１４號
10015,1001502,鳳義里,4,鳳鳴一路,,５巷,,１６號,295411.494,2627242.741,花蓮縣鳳林鎮鳳義里鳳鳴一路５巷１６號
10015,1001502,鳳義里,4,鳳鳴一路,,５巷,,１８號,295404.689,2627234.231,花蓮縣鳳林鎮鳳義里鳳鳴一路５巷１８號
10015,1001502,鳳義里,4,鳳鳴一路,,５巷,,１９號,295501.347,2627201.424,花蓮縣鳳林鎮鳳義里鳳鳴一路５巷１９號
10015,1001502,鳳義里,4,鳳鳴一路,,５巷,,２３號,295492.767,2627169.583,花蓮縣鳳林鎮鳳義里鳳鳴一路５巷２３號
10015,1001502,鳳義里,2,鳳鳴一路,,８巷,,１號,295504.514,2627466.946,花蓮縣鳳林鎮鳳義里鳳鳴一路８巷１號
10015,1001502,鳳義里,2,鳳鳴一路,,８巷,,２號,295597.999,2627411.201,花蓮縣鳳林鎮鳳義里鳳鳴一路８巷２號
10015,1001502,鳳義里,2,鳳鳴一路,,８巷,,３號,295520.98,2627490.188,花蓮縣鳳林鎮鳳義里鳳鳴一路８巷３號
10015,1001502,鳳義里,2,鳳鳴一路,,８巷,,３之１號,295514.37,2627476.51,花蓮縣鳳林鎮鳳義里鳳鳴一路８巷３之１號
10015,1001502,鳳義里,1,鳳鳴一路,,８巷,,５號,295537.183,2627501.678,花蓮縣鳳林鎮鳳義里鳳鳴一路８巷５號
10015,1001502,鳳義里,1,鳳鳴一路,,８巷,,７號,295545.546,2627508.729,花蓮縣鳳林鎮鳳義里鳳鳴一路８巷７號
10015,1001502,鳳義里,1,鳳鳴一路,,８巷,,９號,295558.875,2627517.607,花蓮縣鳳林鎮鳳義里鳳鳴一路８巷９號
10015,1001502,鳳義里,1,鳳鳴一路,,８巷,,１１號,295566.45,2627523.87,花蓮縣鳳林鎮鳳義里鳳鳴一路８巷１１號
10015,1001502,鳳義里,1,鳳鳴一路,,８巷,,１３號,295563.057,2627537.715,花蓮縣鳳林鎮鳳義里鳳鳴一路８巷１３號
10015,1001502,鳳義里,1,鳳鳴一路,,８巷,,１４號,295599.238,2627569.563,花蓮縣鳳林鎮鳳義里鳳鳴一路８巷１４號
10015,1001502,鳳義里,1,鳳鳴一路,,８巷,,１５號,295570.113,2627546.333,花蓮縣鳳林鎮鳳義里鳳鳴一路８巷１５號
10015,1001502,鳳義里,1,鳳鳴一路,,８巷,,１６號,295609.808,2627589.679,花蓮縣鳳林鎮鳳義里鳳鳴一路８巷１６號
10015,1001502,鳳義里,1,鳳鳴一路,,８巷,,４８號,295757.43,2627752.39,花蓮縣鳳林鎮鳳義里鳳鳴一路８巷４８號
10015,1001502,鳳義里,3,鳳鳴一路,,９巷,,２號,295467.083,2627436.804,花蓮縣鳳林鎮鳳義里鳳鳴一路９巷２號
10015,1001502,鳳義里,3,鳳鳴一路,,９巷,,４號,295454.393,2627430.876,花蓮縣鳳林鎮鳳義里鳳鳴一路９巷４號
10015,1001502,鳳義里,3,鳳鳴一路,,９巷,,６號,295428.579,2627449.845,花蓮縣鳳林鎮鳳義里鳳鳴一路９巷６號
10015,1001502,鳳義里,3,鳳鳴一路,,９巷,,８號,295427.188,2627436.764,花蓮縣鳳林鎮鳳義里鳳鳴一路９巷８號
10015,1001502,鳳義里,3,鳳鳴一路,,９巷,,１０號,295449.155,2627424.852,花蓮縣鳳林鎮鳳義里鳳鳴一路９巷１０號
10015,1001502,鳳義里,3,鳳鳴一路,,９巷,,１２號,295423.517,2627405.192,花蓮縣鳳林鎮鳳義里鳳鳴一路９巷１２號
10015,1001502,鳳義里,3,鳳鳴一路,,９巷,,１２之１號,295445.174,2627394.933,花蓮縣鳳林鎮鳳義里鳳鳴一路９巷１２之１號
10015,1001502,鳳義里,3,鳳鳴一路,,９巷,,１３號,295460.262,2627352.935,花蓮縣鳳林鎮鳳義里鳳鳴一路９巷１３號
10015,1001502,鳳義里,3,鳳鳴一路,,９巷,,１４號,295416.237,2627382.655,花蓮縣鳳林鎮鳳義里鳳鳴一路９巷１４號
10015,1001502,鳳義里,3,鳳鳴一路,,９巷,,１６號,295412.836,2627373.632,花蓮縣鳳林鎮鳳義里鳳鳴一路９巷１６號
10015,1001502,鳳義里,3,鳳鳴一路,,９巷,,１８號,295402.285,2627355.321,花蓮縣鳳林鎮鳳義里鳳鳴一路９巷１８號
10015,1001502,鳳義里,2,鳳鳴一路,,１２巷,,１之１號,295505.106,2627511.126,花蓮縣鳳林鎮鳳義里鳳鳴一路１２巷１之１號
10015,1001502,鳳義里,2,鳳鳴一路,,１２巷,,１號,295500.509,2627502.848,花蓮縣鳳林鎮鳳義里鳳鳴一路１２巷１號
10015,1001502,鳳義里,2,鳳鳴一路,,１２巷,,２之２號,295534.98,2627532.04,花蓮縣鳳林鎮鳳義里鳳鳴一路１２巷２之２號
10015,1001502,鳳義里,2,鳳鳴一路,,１２巷,,２號,295529.343,2627519.174,花蓮縣鳳林鎮鳳義里鳳鳴一路１２巷２號
10015,1001502,鳳義里,2,鳳鳴一路,,１２巷,,３號,295514.486,2627527.563,花蓮縣鳳林鎮鳳義里鳳鳴一路１２巷３號
10015,1001502,鳳義里,2,鳳鳴一路,,１２巷,,５號,295481.516,2627526.486,花蓮縣鳳林鎮鳳義里鳳鳴一路１２巷５號
10015,1001502,鳳義里,1,鳳鳴一路,,１２巷,,６號,295549.205,2627537.454,花蓮縣鳳林鎮鳳義里鳳鳴一路１２巷６號
10015,1001502,鳳義里,2,鳳鳴一路,,１２巷,,７號,295491.186,2627538.237,花蓮縣鳳林鎮鳳義里鳳鳴一路１２巷７號
10015,1001502,鳳義里,1,鳳鳴一路,,１２巷,,８號,295555.216,2627551.033,花蓮縣鳳林鎮鳳義里鳳鳴一路１２巷８號
10015,1001502,鳳義里,2,鳳鳴一路,,１２巷,,９號,295515.529,2627549.943,花蓮縣鳳林鎮鳳義里鳳鳴一路１２巷９號
10015,1001502,鳳義里,2,鳳鳴一路,,１２巷,,１１號,295514.969,2627572.708,花蓮縣鳳林鎮鳳義里鳳鳴一路１２巷１１號
10015,1001502,鳳義里,2,鳳鳴一路,,１２巷,,１３號,295524.116,2627560.173,花蓮縣鳳林鎮鳳義里鳳鳴一路１２巷１３號
10015,1001502,鳳義里,2,鳳鳴一路,,,,１５號,295471.188,2627481.497,花蓮縣鳳林鎮鳳義里鳳鳴一路１５號
10015,1001502,鳳義里,2,鳳鳴一路,,,,１７號,295458.961,2627502.172,花蓮縣鳳林鎮鳳義里鳳鳴一路１７號
10015,1001502,鳳義里,2,鳳鳴一路,,,,２５號,295435.273,2627575.818,花蓮縣鳳林鎮鳳義里鳳鳴一路２５號
10015,1001502,鳳義里,1,鳳鳴一路,,,,２６號,295435.273,2627676.025,花蓮縣鳳林鎮鳳義里鳳鳴一路２６號
10015,1001502,鳳義里,2,鳳鳴一路,,,,２７號,295411.264,2627630.065,花蓮縣鳳林鎮鳳義里鳳鳴一路２７號
10015,1001502,鳳義里,1,鳳鳴一路,,,,２８號,295450.861,2627680.433,花蓮縣鳳林鎮鳳義里鳳鳴一路２８號
10015,1001502,鳳義里,1,鳳鳴一路,,,,３２號,295456.269,2627685.758,花蓮縣鳳林鎮鳳義里鳳鳴一路３２號
10015,1001502,鳳義里,1,鳳鳴一路,,,,３６號,295323.977,2627710.166,花蓮縣鳳林鎮鳳義里鳳鳴一路３６號
10015,1001502,鳳義里,1,鳳鳴一路,,,,３７號,295271.11,2627700.73,花蓮縣鳳林鎮鳳義里鳳鳴一路３７號
10015,1001502,鳳義里,1,鳳鳴一路,,,,３７號之１,295186.659,2627726.041,花蓮縣鳳林鎮鳳義里鳳鳴一路３７號之１
10015,1001502,鳳義里,1,鳳鳴一路,,,,３７號之３,295156.893,2627734.64,花蓮縣鳳林鎮鳳義里鳳鳴一路３７號之３
10015,1001502,鳳義里,1,鳳鳴一路,,,,３８號,295282.212,2627742.742,花蓮縣鳳林鎮鳳義里鳳鳴一路３８號
10015,1001502,鳳義里,1,鳳鳴一路,,,,３９號,295188.998,2627839.428,花蓮縣鳳林鎮鳳義里鳳鳴一路３９號
10015,1001502,鳳義里,1,鳳鳴一路,,,,４０號,295214.727,2627857.82,花蓮縣鳳林鎮鳳義里鳳鳴一路４０號
10015,1001502,鳳義里,1,鳳鳴一路,,,,４１號,295255.53,2627730.606,花蓮縣鳳林鎮鳳義里鳳鳴一路４１號
10015,1001502,鳳義里,1,鳳鳴一路,,,,４５號,295234.198,2627739.75,花蓮縣鳳林鎮鳳義里鳳鳴一路４５號
10015,1001502,鳳義里,1,鳳鳴一路,,,,４５號之１,295235.36,2627779.6,花蓮縣鳳林鎮鳳義里鳳鳴一路４５號之１
10015,1001502,鳳義里,1,鳳鳴一路,,,,４６之１號,295169.196,2627892.464,花蓮縣鳳林鎮鳳義里鳳鳴一路４６之１號
10015,1001502,鳳義里,1,鳳鳴一路,,,,４７號,295172.056,2627857.611,花蓮縣鳳林鎮鳳義里鳳鳴一路４７號
10015,1001502,鳳義里,1,鳳鳴一路,,,,４７號之３,295009.52,2628112.531,花蓮縣鳳林鎮鳳義里鳳鳴一路４７號之３
10015,1001502,鳳義里,8,鳳鳴一路,,,,５０號,295015.385,2628174.015,花蓮縣鳳林鎮鳳義里鳳鳴一路５０號
10015,1001502,鳳義里,8,鳳鳴一路,,,,５０號之５,294962.557,2628071.52,花蓮縣鳳林鎮鳳義里鳳鳴一路５０號之５
10015,1001502,鳳義里,8,鳳鳴一路,,,,５１之１號,294214.5,2628289.21,花蓮縣鳳林鎮鳳義里鳳鳴一路５１之１號
10015,1001502,鳳義里,8,鳳鳴一路,,,,５１號,294212.29,2628274.25,花蓮縣鳳林鎮鳳義里鳳鳴一路５１號
10015,1001502,鳳義里,8,鳳鳴一路,,,,５２號,295009.006,2628201.636,花蓮縣鳳林鎮鳳義里鳳鳴一路５２號
10015,1001502,鳳義里,9,鳳鳴一路,,,,５３號,294276.273,2628266.608,花蓮縣鳳林鎮鳳義里鳳鳴一路５３號
10015,1001502,鳳義里,9,鳳鳴一路,,,,５３之１號,294272.06,2628320,花蓮縣鳳林鎮鳳義里鳳鳴一路５３之１號
10015,1001502,鳳義里,9,鳳鳴一路,,,,５５號,294055.807,2628257.467,花蓮縣鳳林鎮鳳義里鳳鳴一路５５號
10015,1001502,鳳義里,8,鳳鳴一路,,,,５７號,294494.023,2628244.954,花蓮縣鳳林鎮鳳義里鳳鳴一路５７號
10015,1001502,鳳義里,8,鳳鳴一路,,,,６４號,294906.118,2628395.552,花蓮縣鳳林鎮鳳義里鳳鳴一路６４號
10015,1001502,鳳義里,8,鳳鳴一路,,,,６５號,294812.079,2628378.766,花蓮縣鳳林鎮鳳義里鳳鳴一路６５號
10015,1001502,鳳義里,8,鳳鳴一路,,,,６７號,294804.554,2628415.91,花蓮縣鳳林鎮鳳義里鳳鳴一路６７號
10015,1001502,鳳義里,8,鳳鳴一路,,,,６９號,294774.519,2628396.385,花蓮縣鳳林鎮鳳義里鳳鳴一路６９號
10015,1001502,鳳義里,8,鳳鳴一路,,,,７１號,294680.795,2628624.355,花蓮縣鳳林鎮鳳義里鳳鳴一路７１號
10015,1001502,鳳義里,1,鳳鳴二路,,,,１號,295331.415,2627710.03,花蓮縣鳳林鎮鳳義里鳳鳴二路１號
10015,1001502,鳳義里,1,鳳鳴二路,,,,４號,295405.37,2627751.934,花蓮縣鳳林鎮鳳義里鳳鳴二路４號
10015,1001502,鳳義里,1,鳳鳴二路,,,,５號,295306.496,2627743.21,花蓮縣鳳林鎮鳳義里鳳鳴二路５號
10015,1001502,鳳義里,1,鳳鳴二路,,,,６號,295341.638,2627792.055,花蓮縣鳳林鎮鳳義里鳳鳴二路６號
10015,1001502,鳳義里,1,鳳鳴二路,,,,６之１號,295403.625,2627858,花蓮縣鳳林鎮鳳義里鳳鳴二路６之１號
10015,1001502,鳳義里,1,鳳鳴二路,,,,７號,295306.46,2627774.66,花蓮縣鳳林鎮鳳義里鳳鳴二路７號
10015,1001502,鳳義里,7,鳳鳴二路,,,,１２號,294163.12,2626216.15,花蓮縣鳳林鎮鳳義里鳳鳴二路１２號
10015,1001502,鳳義里,1,鳳鳴二路,,,,１３之２號,295296.49,2627850.25,花蓮縣鳳林鎮鳳義里鳳鳴二路１３之２號
10015,1001502,鳳義里,7,鳳鳴二路,,,,２５號,295247.68,2628292.67,花蓮縣鳳林鎮鳳義里鳳鳴二路２５號
10015,1001502,鳳義里,7,鳳鳴二路,,,,２５號之１,295258.228,2628299.062,花蓮縣鳳林鎮鳳義里鳳鳴二路２５號之１
10015,1001502,鳳義里,7,鳳鳴二路,,,,２７號,295267.71,2628333.999,花蓮縣鳳林鎮鳳義里鳳鳴二路２７號
10015,1001502,鳳義里,7,鳳鳴二路,,,,２７之２號,295348.77,2628322.62,花蓮縣鳳林鎮鳳義里鳳鳴二路２７之２號
10015,1001502,鳳義里,7,鳳鳴二路,,,,２７號之５,295388.536,2628304.354,花蓮縣鳳林鎮鳳義里鳳鳴二路２７號之５
10015,1001502,鳳義里,7,鳳鳴二路,,,,２８號,295383.428,2628391.237,花蓮縣鳳林鎮鳳義里鳳鳴二路２８號
10015,1001502,鳳義里,7,鳳鳴二路,,,,３５號,295119.386,2628469.393,花蓮縣鳳林鎮鳳義里鳳鳴二路３５號
10015,1001502,鳳義里,7,鳳鳴二路,,,,４１號,295235.245,2628484.422,花蓮縣鳳林鎮鳳義里鳳鳴二路４１號
10015,1001502,鳳義里,7,鳳鳴二路,,,,４３號之１,295221.716,2628507.223,花蓮縣鳳林鎮鳳義里鳳鳴二路４３號之１
10015,1001502,鳳義里,7,鳳鳴二路,,,,５３號,295321.368,2628364.731,花蓮縣鳳林鎮鳳義里鳳鳴二路５３號
10015,1001502,鳳義里,7,鳳鳴二路,,,,５９號,295336.783,2628562.346,花蓮縣鳳林鎮鳳義里鳳鳴二路５９號
10015,1001502,鳳義里,7,鳳鳴二路,,,,６１之１號,295408.76,2628568.26,花蓮縣鳳林鎮鳳義里鳳鳴二路６１之１號
10015,1001502,鳳義里,7,鳳鳴二路,,,,６１號,295400.56,2628557.28,花蓮縣鳳林鎮鳳義里鳳鳴二路６１號
10015,1001507,北富村,14,中正路二段,,,,１之８號,294774.11,2617864.35,花蓮縣光復鄉北富村中正路二段１之８號
10015,1001507,北富村,14,中正路二段,,３巷,,１號,295162.381,2617628.066,花蓮縣光復鄉北富村中正路二段３巷１號
10015,1001507,北富村,14,中正路二段,,,,３之３號,295094.525,2617575.105,花蓮縣光復鄉北富村中正路二段３之３號
10015,1001507,北富村,14,中正路二段,,３巷,,３號,295145.09,2617634.776,花蓮縣光復鄉北富村中正路二段３巷３號
10015,1001507,北富村,14,中正路二段,,,,３之２號,294985.8,2617595.16,花蓮縣光復鄉北富村中正路二段３之２號
10015,1001507,北富村,14,中正路二段,,,,３號,295070.051,2617574.774,花蓮縣光復鄉北富村中正路二段３號
10015,1001507,北富村,14,中正路二段,,,,３之１號,294970.17,2617601.23,花蓮縣光復鄉北富村中正路二段３之１號
10015,1001507,北富村,14,中正路二段,,３巷,,５號,295153.521,2617630.065,花蓮縣光復鄉北富村中正路二段３巷５號
10015,1001507,北富村,14,中正路二段,,,,７號,295207.366,2617584.873,花蓮縣光復鄉北富村中正路二段７號
10015,1001507,北富村,14,中正路二段,,,,１１之１號,295266.47,2617567.17,花蓮縣光復鄉北富村中正路二段１１之１號
10015,1001507,北富村,14,中正路二段,,,,１１號,295217.134,2617601.311,花蓮縣光復鄉北富村中正路二段１１號
10015,1001507,北富村,14,中正路二段,,,,１５號,295331.229,2617562.092,花蓮縣光復鄉北富村中正路二段１５號
10015,1001507,北富村,14,中正路二段,,１７巷,,１之５號,295324.517,2617618.675,花蓮縣光復鄉北富村中正路二段１７巷１之５號
10015,1001507,北富村,14,中正路二段,,１７巷,,１號,295416.471,2617586.964,花蓮縣光復鄉北富村中正路二段１７巷１號
10015,1001507,北富村,14,中正路二段,,１７巷,,１之１號,295421.66,2617596.67,花蓮縣光復鄉北富村中正路二段１７巷１之１號
10015,1001507,北富村,14,中正路二段,,１７巷,,３號,295426.456,2617667.424,花蓮縣光復鄉北富村中正路二段１７巷３號
10015,1001507,北富村,14,中正路二段,,１７巷,,５號,295458.363,2617667.207,花蓮縣光復鄉北富村中正路二段１７巷５號
10015,1001507,北富村,14,中正路二段,,１７巷,,６號,295420.161,2617644.87,花蓮縣光復鄉北富村中正路二段１７巷６號
10015,1001507,北富村,14,中正路二段,,１７巷,,７號,295246.181,2617634.956,花蓮縣光復鄉北富村中正路二段１７巷７號
10015,1001507,北富村,14,中正路二段,,１７巷,,８號,295112.979,2617822.089,花蓮縣光復鄉北富村中正路二段１７巷８號
10015,1001507,北富村,14,中正路二段,,１７巷,,９號,295154.3,2617734.622,花蓮縣光復鄉北富村中正路二段１７巷９號
10015,1001507,北富村,14,中正路二段,,１７巷,,１１號,295129.521,2617834.337,花蓮縣光復鄉北富村中正路二段１７巷１１號
10015,1001507,北富村,14,中正路二段,,１７巷,,１３號,295065.786,2617831.345,花蓮縣光復鄉北富村中正路二段１７巷１３號
10015,1001507,北富村,14,中正路二段,,１７巷,,１５號,295054.409,2617837.562,花蓮縣光復鄉北富村中正路二段１７巷１５號
10015,1001507,北富村,14,中正路二段,,１７巷,,１８之１號,294951.48,2617924.07,花蓮縣光復鄉北富村中正路二段１７巷１８之１號
10015,1001507,北富村,1,中正路二段,,２１巷,,１號,295679.582,2617616.06,花蓮縣光復鄉北富村中正路二段２１巷１號
10015,1001507,北富村,1,中正路二段,,,,２３號,295739.957,2617451.868,花蓮縣光復鄉北富村中正路二段２３號
10015,1001507,北富村,2,中正路二段,,,,２５號,295753.331,2617378.666,花蓮縣光復鄉北富村中正路二段２５號
10015,1001507,北富村,2,中正路二段,,,,２７號,295768.007,2617372.71,花蓮縣光復鄉北富村中正路二段２７號
10015,1001507,北富村,2,中正路二段,,,,３１號,295774.529,2617370.407,花蓮縣光復鄉北富村中正路二段３１號
10015,1001507,北富村,2,中正路二段,,,,３３號,295782.683,2617368.553,花蓮縣光復鄉北富村中正路二段３３號
10015,1001507,北富村,14,中正路二段,,,,３５號,295789.914,2617366.689,花蓮縣光復鄉北富村中正路二段３５號
10015,1001507,北富村,2,中正路二段,,,,３５號,295789.914,2617366.689,花蓮縣光復鄉北富村中正路二段３５號
10015,1001507,北富村,2,中正路二段,,,,３７號,295799.958,2617364.857,花蓮縣光復鄉北富村中正路二段３７號
10015,1001507,北富村,2,中正路二段,,,,４３號,295821.332,2617358.273,花蓮縣光復鄉北富村中正路二段４３號
10015,1001507,北富村,2,中正路二段,,,,４７號,295836.161,2617352.729,花蓮縣光復鄉北富村中正路二段４７號
10015,1001507,北富村,2,中正路二段,,,,５１號,295845.948,2617353.435,花蓮縣光復鄉北富村中正路二段５１號
10015,1001507,北富村,2,中正路二段,,,,５３號,296014.84,2617168.09,花蓮縣光復鄉北富村中正路二段５３號
10015,1001507,北富村,2,中正路二段,,,,５５號,295898.423,2617344.876,花蓮縣光復鄉北富村中正路二段５５號
10015,1001507,北富村,2,中正路二段,,,,５５之１號,295895.754,2617359.817,花蓮縣光復鄉北富村中正路二段５５之１號
10015,1001507,北富村,2,中正路二段,,,,５７號,295908.79,2617344.674,花蓮縣光復鄉北富村中正路二段５７號
10015,1001507,北富村,2,中正路二段,,,,６１號,295905.771,2617321.946,花蓮縣光復鄉北富村中正路二段６１號
10015,1001507,北富村,2,中正路二段,,６５巷,,１號,295920.164,2617338.942,花蓮縣光復鄉北富村中正路二段６５巷１號
10015,1001507,北富村,2,中正路二段,,６５巷,,２號,295926.002,2617352.016,花蓮縣光復鄉北富村中正路二段６５巷２號
10015,1001507,北富村,2,中正路二段,,６５巷,,３號,295939.144,2617323.106,花蓮縣光復鄉北富村中正路二段６５巷３號
10015,1001507,北富村,2,中正路二段,,,,６５號,295917.94,2617316.38,花蓮縣光復鄉北富村中正路二段６５號
10015,1001507,北富村,2,中正路二段,,,,６７號,295921.057,2617311.833,花蓮縣光復鄉北富村中正路二段６７號
10015,1001507,北富村,2,中正路二段,,,,６９之１號,295930.905,2617303.219,花蓮縣光復鄉北富村中正路二段６９之１號
10015,1001507,北富村,2,中正路二段,,,,６９號,295927.166,2617306.653,花蓮縣光復鄉北富村中正路二段６９號
10015,1001507,北富村,2,中正路二段,,,,７１號,295935.594,2617299.425,花蓮縣光復鄉北富村中正路二段７１號
10015,1001507,北富村,12,中正路二段,,,,７５號,295966.815,2617267.319,花蓮縣光復鄉北富村中正路二段７５號
10015,1001507,北富村,12,中正路二段,,,,７７號,295965.576,2617254.753,花蓮縣光復鄉北富村中正路二段７７號
10015,1001507,北富村,12,中正路二段,,,,７９號,295975.551,2617237.897,花蓮縣光復鄉北富村中正路二段７９號
10015,1001507,北富村,12,中正路二段,,,,７９之１號,295967.53,2617230.82,花蓮縣光復鄉北富村中正路二段７９之１號
10015,1001507,北富村,12,中正路二段,,８１巷,,１號,295995.676,2617224.042,花蓮縣光復鄉北富村中正路二段８１巷１號
10015,1001507,北富村,12,中正路二段,,８１巷,,２號,295990.003,2617248.842,花蓮縣光復鄉北富村中正路二段８１巷２號
10015,1001507,北富村,12,中正路二段,,８１巷,,３號,295994.81,2617255.33,花蓮縣光復鄉北富村中正路二段８１巷３號
10015,1001507,北富村,12,中正路二段,,８１巷,,５號,295999.617,2617261.819,花蓮縣光復鄉北富村中正路二段８１巷５號
10015,1001507,北富村,12,中正路二段,,,,８３號,295978.829,2617215.481,花蓮縣光復鄉北富村中正路二段８３號
10015,1001507,北富村,12,中正路二段,,,,８５號,295981.78,2617210.941,花蓮縣光復鄉北富村中正路二段８５號
10015,1001507,北富村,12,中正路二段,,,,８７號,295985.809,2617204.528,花蓮縣光復鄉北富村中正路二段８７號
10015,1001507,北富村,13,中正路二段,,,,９３號,296003.048,2617189.861,花蓮縣光復鄉北富村中正路二段９３號
10015,1001507,北富村,13,中正路二段,,９５巷,,１號,296023.406,2617186.883,花蓮縣光復鄉北富村中正路二段９５巷１號
10015,1001507,北富村,13,中正路二段,,９５巷,,２號,296016.269,2617198.192,花蓮縣光復鄉北富村中正路二段９５巷２號
10015,1001507,北富村,13,中正路二段,,９５巷,,３號,296024.156,2617206.373,花蓮縣光復鄉北富村中正路二段９５巷３號
10015,1001507,北富村,13,中正路二段,,９５巷,,５號,296029.869,2617193.435,花蓮縣光復鄉北富村中正路二段９５巷５號
10015,1001507,北富村,13,中正路二段,,９５巷,,７號,296037.283,2617203.502,花蓮縣光復鄉北富村中正路二段９５巷７號
10015,1001507,北富村,13,中正路二段,,９５巷,,７之１號,296031.9,2617221.36,花蓮縣光復鄉北富村中正路二段９５巷７之１號
10015,1001507,北富村,13,中正路二段,,,,９７號,296010.328,2617172.492,花蓮縣光復鄉北富村中正路二段９７號
10015,1001507,北富村,13,中正路二段,,,,１０１號,296018.28,2617164.87,花蓮縣光復鄉北富村中正路二段１０１號
10015,1001507,北富村,13,中正路二段,,,,１０３號,296023.845,2617161.04,花蓮縣光復鄉北富村中正路二段１０３號
10015,1001507,北富村,13,中正路二段,,,,１０３之１號,296031.209,2617152.278,花蓮縣光復鄉北富村中正路二段１０３之１號
10015,1001507,北富村,13,中正路二段,,,,１０５號,296039.98,2617149.66,花蓮縣光復鄉北富村中正路二段１０５號
10015,1001507,北富村,13,中正路二段,,,,１０５之１號,296045.049,2617150.33,花蓮縣光復鄉北富村中正路二段１０５之１號
10015,1001507,北富村,13,中正路二段,,,,１０７號,296065.717,2617143.898,花蓮縣光復鄉北富村中正路二段１０７號
10015,1001507,北富村,13,中正路二段,,,,１０９之１號,296082.912,2617141.528,花蓮縣光復鄉北富村中正路二段１０９之１號
10015,1001507,北富村,13,中正路二段,,,,１０９號,296069.94,2617131.87,花蓮縣光復鄉北富村中正路二段１０９號
10015,1001507,北富村,13,中正路二段,,,,１１１號,296067.102,2617122.237,花蓮縣光復鄉北富村中正路二段１１１號
10015,1001507,北富村,13,中正路二段,,,,１１３號,296068.329,2617106.83,花蓮縣光復鄉北富村中正路二段１１３號
10015,1001507,北富村,13,中正路二段,,,,１１５號,296073.734,2617095.87,花蓮縣光復鄉北富村中正路二段１１５號
10015,1001507,北富村,13,中正路二段,,,,１１７號,296079.635,2617086.388,花蓮縣光復鄉北富村中正路二段１１７號
10015,1001507,北富村,13,中正路二段,,,,１１９號,296084.64,2617075.341,花蓮縣光復鄉北富村中正路二段１１９號
10015,1001507,北富村,13,中正路二段,,,,１２３號,296094.49,2617061.184,花蓮縣光復鄉北富村中正路二段１２３號
10015,1001507,北富村,5,光豐路,,,,１號,295875.628,2617529.077,花蓮縣光復鄉北富村光豐路１號
10015,1001507,北富村,3,光豐路,,,,２號,295860.167,2617498.733,花蓮縣光復鄉北富村光豐路２號
10015,1001507,北富村,5,光豐路,,,,３號,295894.745,2617502.398,花蓮縣光復鄉北富村光豐路３號
10015,1001507,北富村,5,光豐路,,,,５號,295899.726,2617498.539,花蓮縣光復鄉北富村光豐路５號
10015,1001507,北富村,3,光豐路,,,,６號,295882.172,2617491.215,花蓮縣光復鄉北富村光豐路６號
10015,1001507,北富村,5,光豐路,,,,７號,295916.295,2617487.671,花蓮縣光復鄉北富村光豐路７號
10015,1001507,北富村,3,光豐路,,,,８號,295873.539,2617476.036,花蓮縣光復鄉北富村光豐路８號
10015,1001507,北富村,3,光豐路,,,,１０號,295895.877,2617478.206,花蓮縣光復鄉北富村光豐路１０號
10015,1001507,北富村,5,光豐路,,,,１１號,295929.306,2617475.889,花蓮縣光復鄉北富村光豐路１１號
10015,1001507,北富村,5,光豐路,,,,１３號,295937.235,2617465.327,花蓮縣光復鄉北富村光豐路１３號
10015,1001507,北富村,3,光豐路,,,,１４號,295912.663,2617466.278,花蓮縣光復鄉北富村光豐路１４號
10015,1001507,北富村,4,光豐路,,１５巷,,１號,295956.788,2617455.895,花蓮縣光復鄉北富村光豐路１５巷１號
10015,1001507,北富村,5,光豐路,,１５巷,,２號,295958.901,2617481.07,花蓮縣光復鄉北富村光豐路１５巷２號
10015,1001507,北富村,3,光豐路,,,,１６號,295912.663,2617449.394,花蓮縣光復鄉北富村光豐路１６號
10015,1001507,北富村,4,光豐路,,,,１７號,295947.605,2617449.994,花蓮縣光復鄉北富村光豐路１７號
10015,1001507,北富村,3,光豐路,,,,１８號,295929.737,2617425.628,花蓮縣光復鄉北富村光豐路１８號
10015,1001507,北富村,4,光豐路,,,,１９號,295950.87,2617440.153,花蓮縣光復鄉北富村光豐路１９號
10015,1001507,北富村,3,光豐路,,２０巷,,１號,295927.75,2617402.756,花蓮縣光復鄉北富村光豐路２０巷１號
10015,1001507,北富村,3,光豐路,,２０巷,,２號,295947.249,2617375.7,花蓮縣光復鄉北富村光豐路２０巷２號
10015,1001507,北富村,3,光豐路,,２０巷,,３之１號,295918.163,2617388.636,花蓮縣光復鄉北富村光豐路２０巷３之１號
10015,1001507,北富村,3,光豐路,,２０巷,,３號,295925.306,2617395.383,花蓮縣光復鄉北富村光豐路２０巷３號
10015,1001507,北富村,4,光豐路,,,,２１號,295964.268,2617434.038,花蓮縣光復鄉北富村光豐路２１號
10015,1001507,北富村,4,光豐路,,,,２３號,295973.796,2617427.43,花蓮縣光復鄉北富村光豐路２３號
10015,1001507,北富村,3,光豐路,,,,２４號,295964.208,2617418.609,花蓮縣光復鄉北富村光豐路２４號
10015,1001507,北富村,4,光豐路,,,,２５號,295999.848,2617442.97,花蓮縣光復鄉北富村光豐路２５號
10015,1001507,北富村,4,光豐路,,,,２７號,296020.222,2617402.665,花蓮縣光復鄉北富村光豐路２７號
10015,1001507,北富村,11,光豐路,,,,２９號,296043.754,2617398.734,花蓮縣光復鄉北富村光豐路２９號
10015,1001507,北富村,3,光豐路,,,,３０號,295986.959,2617409.986,花蓮縣光復鄉北富村光豐路３０號
10015,1001507,北富村,11,光豐路,,,,３１號,296053.371,2617393.358,花蓮縣光復鄉北富村光豐路３１號
10015,1001507,北富村,3,光豐路,,,,３２號,296006.055,2617400.224,花蓮縣光復鄉北富村光豐路３２號
10015,1001507,北富村,11,光豐路,,,,３３號,296081.855,2617381.132,花蓮縣光復鄉北富村光豐路３３號
10015,1001507,北富村,12,光豐路,,３４巷,,１號,296041.684,2617317.246,花蓮縣光復鄉北富村光豐路３４巷１號
10015,1001507,北富村,12,光豐路,,３４巷,,３號,296038.406,2617302.237,花蓮縣光復鄉北富村光豐路３４巷３號
10015,1001507,北富村,12,光豐路,,３４巷,,６號,296045.729,2617335.467,花蓮縣光復鄉北富村光豐路３４巷６號
10015,1001507,北富村,12,光豐路,,３４巷,,８號,296049.172,2617341.086,花蓮縣光復鄉北富村光豐路３４巷８號
10015,1001507,北富村,12,光豐路,,３４巷,,１０號,296051.683,2617346.357,花蓮縣光復鄉北富村光豐路３４巷１０號
10015,1001507,北富村,12,光豐路,,,,３４之４號,296058.497,2617361.803,花蓮縣光復鄉北富村光豐路３４之４號
10015,1001507,北富村,12,光豐路,,,,３４之１號,296068.751,2617355.594,花蓮縣光復鄉北富村光豐路３４之１號
10015,1001507,北富村,3,光豐路,,,,３４之２號,296065.735,2617357.579,花蓮縣光復鄉北富村光豐路３４之２號
10015,1001507,北富村,12,光豐路,,,,３４之２號,296065.735,2617357.579,花蓮縣光復鄉北富村光豐路３４之２號
10015,1001507,北富村,12,光豐路,,,,３４之３號,296062.792,2617359.147,花蓮縣光復鄉北富村光豐路３４之３號
10015,1001507,北富村,11,光豐路,,,,３５號,296089.192,2617380.216,花蓮縣光復鄉北富村光豐路３５號
10015,1001507,北富村,12,光豐路,,,,３６號,296069.375,2617328.631,花蓮縣光復鄉北富村光豐路３６號
10015,1001507,北富村,11,光豐路,,,,３７之１號,296098.592,2617393.529,花蓮縣光復鄉北富村光豐路３７之１號
10015,1001507,北富村,11,光豐路,,,,３７號,296099.586,2617374.922,花蓮縣光復鄉北富村光豐路３７號
10015,1001507,北富村,12,光豐路,,,,３８號,296092.724,2617326.115,花蓮縣光復鄉北富村光豐路３８號
10015,1001507,北富村,12,光豐路,,,,３８之１號,296088.761,2617313.469,花蓮縣光復鄉北富村光豐路３８之１號
10015,1001507,北富村,12,光豐路,,,,３８之２號,296093.32,2617332.9,花蓮縣光復鄉北富村光豐路３８之２號
10015,1001507,北富村,11,光豐路,,,,３９號,296111.533,2617376.464,花蓮縣光復鄉北富村光豐路３９號
10015,1001507,北富村,12,光豐路,,,,４０號,296079.688,2617306.453,花蓮縣光復鄉北富村光豐路４０號
10015,1001507,北富村,11,光豐路,,,,４１號,296129.041,2617372.019,花蓮縣光復鄉北富村光豐路４１號
10015,1001507,北富村,12,光豐路,,,,４２之１號,296107.727,2617340.736,花蓮縣光復鄉北富村光豐路４２之１號
10015,1001507,北富村,11,光豐路,,,,４３號,296124.215,2617349.747,花蓮縣光復鄉北富村光豐路４３號
10015,1001507,北富村,11,光豐路,,,,４５號,296144.785,2617338.181,花蓮縣光復鄉北富村光豐路４５號
10015,1001507,北富村,12,光豐路,,,,４６號,296122.412,2617329.755,花蓮縣光復鄉北富村光豐路４６號
10015,1001507,北富村,11,光豐路,,,,４７號,296161.946,2617332.226,花蓮縣光復鄉北富村光豐路４７號
10015,1001507,北富村,12,光豐路,,,,４８號,296133.658,2617324.706,花蓮縣光復鄉北富村光豐路４８號
10015,1001507,北富村,12,光豐路,,,,４８之１號,296126.36,2617309.906,花蓮縣光復鄉北富村光豐路４８之１號
10015,1001507,北富村,12,光豐路,,,,５０號,296148.82,2617312.515,花蓮縣光復鄉北富村光豐路５０號
10015,1001507,北富村,11,光豐路,,,,５１號,296165.825,2617330.002,花蓮縣光復鄉北富村光豐路５１號
10015,1001507,北富村,12,光豐路,,,,５２號,296166.464,2617302.715,花蓮縣光復鄉北富村光豐路５２號
10015,1001507,北富村,11,光豐路,,,,５３號,296169.478,2617328.053,花蓮縣光復鄉北富村光豐路５３號
10015,1001507,北富村,11,光豐路,,,,５５號,296172.574,2617326.184,花蓮縣光復鄉北富村光豐路５５號
10015,1001507,北富村,12,光豐路,,,,５６號,296209.489,2617279.835,花蓮縣光復鄉北富村光豐路５６號
10015,1001507,北富村,11,光豐路,,５７巷,,１號,296179.295,2617343.744,花蓮縣光復鄉北富村光豐路５７巷１號
10015,1001507,北富村,11,光豐路,,５７巷,,２號,296172.15,2617346.905,花蓮縣光復鄉北富村光豐路５７巷２號
10015,1001507,北富村,11,光豐路,,５７巷,,３號,296177.355,2617368.32,花蓮縣光復鄉北富村光豐路５７巷３號
10015,1001507,北富村,11,光豐路,,５７巷,,５號,296165.516,2617370.257,花蓮縣光復鄉北富村光豐路５７巷５號
10015,1001507,北富村,11,光豐路,,５７巷,,６號,296165.312,2617350.678,花蓮縣光復鄉北富村光豐路５７巷６號
10015,1001507,北富村,11,光豐路,,５７巷,,７之１號,296197.09,2617333.78,花蓮縣光復鄉北富村光豐路５７巷７之１號
10015,1001507,北富村,11,光豐路,,,,５９號,296247.458,2617285.468,花蓮縣光復鄉北富村光豐路５９號
10015,1001507,北富村,4,光豐路,,,,６０號,296238.527,2617272.871,花蓮縣光復鄉北富村光豐路６０號
10015,1001507,北富村,12,光豐路,,,,６０號,296238.527,2617272.871,花蓮縣光復鄉北富村光豐路６０號
10015,1001507,北富村,6,富強街,,,,１號,296059.525,2617632.774,花蓮縣光復鄉北富村富強街１號
10015,1001507,北富村,6,富強街,,,,２號,296042.896,2617613.91,花蓮縣光復鄉北富村富強街２號
10015,1001507,北富村,6,富強街,,,,５號,296100.42,2617618.137,花蓮縣光復鄉北富村富強街５號
10015,1001507,北富村,6,富強街,,,,５之１號,296090.531,2617620.676,花蓮縣光復鄉北富村富強街５之１號
10015,1001507,北富村,6,富強街,,,,６號,296046.665,2617583.168,花蓮縣光復鄉北富村富強街６號
10015,1001507,北富村,6,富強街,,,,１０號,296117.752,2617569.955,花蓮縣光復鄉北富村富強街１０號
10015,1001507,北富村,9,富強街,,,,１１號,296193.79,2617567.501,花蓮縣光復鄉北富村富強街１１號
10015,1001507,北富村,6,富強街,,,,１２號,296116.047,2617557.66,花蓮縣光復鄉北富村富強街１２號
10015,1001507,北富村,6,富強街,,,,１２之１號,296124.646,2617558.652,花蓮縣光復鄉北富村富強街１２之１號
10015,1001507,北富村,9,富強街,,,,１３號,296214.317,2617564.445,花蓮縣光復鄉北富村富強街１３號
10015,1001507,北富村,10,富強街,,,,１４號,296206.194,2617537.648,花蓮縣光復鄉北富村富強街１４號
10015,1001507,北富村,9,富強街,,,,１５號,296233.677,2617550.864,花蓮縣光復鄉北富村富強街１５號
10015,1001507,北富村,10,富強街,,１８巷,,１號,296231.59,2617515.866,花蓮縣光復鄉北富村富強街１８巷１號
10015,1001507,北富村,10,富強街,,１８巷,,２號,296229.397,2617510.995,花蓮縣光復鄉北富村富強街１８巷２號
10015,1001507,北富村,10,富強街,,１８巷,,３號,296227.426,2617506.866,花蓮縣光復鄉北富村富強街１８巷３號
10015,1001507,北富村,10,富強街,,１８巷,,５號,296195.901,2617488.373,花蓮縣光復鄉北富村富強街１８巷５號
10015,1001507,北富村,10,富強街,,１８巷,,５之１號,296199.409,2617477.42,花蓮縣光復鄉北富村富強街１８巷５之１號
10015,1001507,北富村,10,富強街,,１８巷,,５之２號,296215.52,2617464.98,花蓮縣光復鄉北富村富強街１８巷５之２號
10015,1001507,北富村,10,富強街,,１８巷,,６號,296197.655,2617451.571,花蓮縣光復鄉北富村富強街１８巷６號
10015,1001507,北富村,9,富強街,,,,１９號,296303.338,2617532.353,花蓮縣光復鄉北富村富強街１９號
10015,1001507,北富村,10,富強街,,,,２０號,296226.99,2617536.75,花蓮縣光復鄉北富村富強街２０號
10015,1001507,北富村,9,富強街,,２１巷,,１號,296358.122,2617550.734,花蓮縣光復鄉北富村富強街２１巷１號
10015,1001507,北富村,9,富強街,,２１巷,,２號,296384.94,2617561.66,花蓮縣光復鄉北富村富強街２１巷２號
10015,1001507,北富村,9,富強街,,２１巷,,３號,296352.65,2617542.61,花蓮縣光復鄉北富村富強街２１巷３號
10015,1001507,北富村,10,富強街,,,,２２號,296248.923,2617522.648,花蓮縣光復鄉北富村富強街２２號
10015,1001507,北富村,9,富強街,,,,２５之１號,296389.161,2617471.417,花蓮縣光復鄉北富村富強街２５之１號
10015,1001507,北富村,9,富強街,,,,２５號,296386.78,2617472.872,花蓮縣光復鄉北富村富強街２５號
10015,1001507,北富村,10,富強街,,,,２６號,296265.781,2617515.666,花蓮縣光復鄉北富村富強街２６號
10015,1001507,北富村,10,富強街,,２８巷,,１號,296257.099,2617490.38,花蓮縣光復鄉北富村富強街２８巷１號
10015,1001507,北富村,10,富強街,,２８巷,,２號,296266.335,2617482.628,花蓮縣光復鄉北富村富強街２８巷２號
10015,1001507,北富村,10,富強街,,,,３０號,296290.554,2617497.592,花蓮縣光復鄉北富村富強街３０號
10015,1001507,北富村,10,富強街,,,,３２號,296308.812,2617494.126,花蓮縣光復鄉北富村富強街３２號
10015,1001507,北富村,10,富強街,,,,３６號,296349.571,2617472.247,花蓮縣光復鄉北富村富強街３６號
10015,1001507,北富村,1,富田一街,,,,３２號,295760.023,2617391.537,花蓮縣光復鄉北富村富田一街３２號
10015,1001507,北富村,1,富田一街,,,,３６之１號,295777.15,2617409.53,花蓮縣光復鄉北富村富田一街３６之１號
10015,1001507,北富村,1,富田一街,,,,３６號,295766.025,2617403.053,花蓮縣光復鄉北富村富田一街３６號
10015,1001507,北富村,1,富田一街,,,,４０號,295816.145,2617479.553,花蓮縣光復鄉北富村富田一街４０號
10015,1001507,北富村,1,富田一街,,,,４１號,295867.226,2617550.644,花蓮縣光復鄉北富村富田一街４１號
10015,1001507,北富村,5,富田一街,,,,４２號,295894.69,2617535.255,花蓮縣光復鄉北富村富田一街４２號
10015,1001507,北富村,1,富田一街,,,,４５號,295880.781,2617585.132,花蓮縣光復鄉北富村富田一街４５號
10015,1001507,北富村,5,富田一街,,,,４６號,295913.239,2617561.36,花蓮縣光復鄉北富村富田一街４６號
10015,1001507,北富村,6,富田一街,,,,４８號,295930.682,2617574.674,花蓮縣光復鄉北富村富田一街４８號
10015,1001507,北富村,6,富田一街,,,,５０號,295936.525,2617586.47,花蓮縣光復鄉北富村富田一街５０號
10015,1001507,北富村,6,富田一街,,,,５２號,295963.952,2617591.355,花蓮縣光復鄉北富村富田一街５２號
10015,1001507,北富村,6,富田一街,,５４巷,,６號,296009.95,2617603.467,花蓮縣光復鄉北富村富田一街５４巷６號
10015,1001507,北富村,6,富田一街,,５４巷,,８號,296013.336,2617600.114,花蓮縣光復鄉北富村富田一街５４巷８號
10015,1001507,北富村,6,富田一街,,５４巷,,１０號,296016.722,2617596.761,花蓮縣光復鄉北富村富田一街５４巷１０號
10015,1001507,北富村,6,富田一街,,５４巷,,１１號,295996.511,2617596.102,花蓮縣光復鄉北富村富田一街５４巷１１號
10015,1001507,北富村,6,富田一街,,５４巷,,１２號,296020.108,2617593.409,花蓮縣光復鄉北富村富田一街５４巷１２號
10015,1001507,北富村,6,富田一街,,５４巷,,１３號,295999.981,2617592.969,花蓮縣光復鄉北富村富田一街５４巷１３號
10015,1001507,北富村,6,富田一街,,５４巷,,１５號,296003.45,2617589.837,花蓮縣光復鄉北富村富田一街５４巷１５號
10015,1001507,北富村,6,富田一街,,５４巷,,１７號,296006.92,2617586.704,花蓮縣光復鄉北富村富田一街５４巷１７號
10015,1001507,北富村,6,富田一街,,５４巷,,１９號,296010.389,2617583.571,花蓮縣光復鄉北富村富田一街５４巷１９號
10015,1001507,北富村,6,富田一街,,５４巷,,２１號,296013.859,2617580.438,花蓮縣光復鄉北富村富田一街５４巷２１號
10015,1001507,北富村,6,富田一街,,,,５４號,295962.659,2617613.161,花蓮縣光復鄉北富村富田一街５４號
10015,1001507,北富村,6,富田一街,,,,５６號,295997.96,2617616.7,花蓮縣光復鄉北富村富田一街５６號
10015,1001507,北富村,6,富田一街,,,,５８號,296055.514,2617667.157,花蓮縣光復鄉北富村富田一街５８號
10015,1001507,北富村,1,富田一街,,,,１０１之１號,296246.69,2618252.21,花蓮縣光復鄉北富村富田一街１０１之１號
10015,1001507,北富村,3,富田二街,,,,２９號,295949.662,2617305.565,花蓮縣光復鄉北富村富田二街２９號
10015,1001507,北富村,3,富田二街,,,,３１號,295953.783,2617311.994,花蓮縣光復鄉北富村富田二街３１號
10015,1001507,北富村,3,富田二街,,,,３３號,295958.709,2617319.025,花蓮縣光復鄉北富村富田二街３３號
10015,1001507,北富村,3,富田二街,,,,３５號,295963.193,2617323.761,花蓮縣光復鄉北富村富田二街３５號
10015,1001507,北富村,3,富田二街,,,,３７號,295966.097,2617328.936,花蓮縣光復鄉北富村富田二街３７號
10015,1001507,北富村,3,富田二街,,,,３９號,295969.001,2617334.112,花蓮縣光復鄉北富村富田二街３９號
10015,1001507,北富村,3,富田二街,,,,３９之１號,295972.801,2617339.528,花蓮縣光復鄉北富村富田二街３９之１號
10015,1001507,北富村,2,富田二街,,,,４０號,295953.229,2617283.995,花蓮縣光復鄉北富村富田二街４０號
10015,1001507,北富村,3,富田二街,,,,４１號,295975.518,2617344.233,花蓮縣光復鄉北富村富田二街４１號
10015,1001507,北富村,3,富田二街,,,,４３號,295978.084,2617348.201,花蓮縣光復鄉北富村富田二街４３號
10015,1001507,北富村,3,富田二街,,,,４５號,295980.651,2617352.17,花蓮縣光復鄉北富村富田二街４５號
10015,1001507,北富村,12,富田二街,,,,４６號,295963.61,2617297.527,花蓮縣光復鄉北富村富田二街４６號
10015,1001507,北富村,3,富田二街,,,,４７號,295983.217,2617356.139,花蓮縣光復鄉北富村富田二街４７號
10015,1001507,北富村,12,富田二街,,５０巷,,１號,296002.171,2617287.739,花蓮縣光復鄉北富村富田二街５０巷１號
10015,1001507,北富村,12,富田二街,,５０巷,,２號,296008.091,2617302.674,花蓮縣光復鄉北富村富田二街５０巷２號
10015,1001507,北富村,12,富田二街,,５０巷,,３號,296013.52,2617298.707,花蓮縣光復鄉北富村富田二街５０巷３號
10015,1001507,北富村,12,富田二街,,５０巷,,５號,296019.03,2617289.477,花蓮縣光復鄉北富村富田二街５０巷５號
10015,1001507,北富村,12,富田二街,,５０巷,,６號,296035.157,2617287.987,花蓮縣光復鄉北富村富田二街５０巷６號
10015,1001507,北富村,3,富田二街,,,,５１號,295981.967,2617364.851,花蓮縣光復鄉北富村富田二街５１號
10015,1001507,北富村,3,富田二街,,,,５３號,295992.768,2617366.596,花蓮縣光復鄉北富村富田二街５３號
10015,1001507,北富村,3,富田二街,,,,５３之１號,295995.279,2617370.332,花蓮縣光復鄉北富村富田二街５３之１號
10015,1001507,北富村,3,富田二街,,,,５５號,295997.842,2617375.526,花蓮縣光復鄉北富村富田二街５５號
10015,1001507,北富村,12,富田二街,,,,５６號,295984.52,2617329.574,花蓮縣光復鄉北富村富田二街５６號
10015,1001507,北富村,12,富田二街,,,,５８號,295988.304,2617334.864,花蓮縣光復鄉北富村富田二街５８號
10015,1001507,北富村,3,富田二街,,,,５９號,296002.193,2617383.527,花蓮縣光復鄉北富村富田二街５９號
10015,1001507,北富村,3,富田二街,,,,６１號,296002.437,2617387.463,花蓮縣光復鄉北富村富田二街６１號
10015,1001507,北富村,12,富田二街,,,,６２號,295995.874,2617345.446,花蓮縣光復鄉北富村富田二街６２號
10015,1001507,北富村,4,富田二街,,,,６３號,296032.232,2617417.694,花蓮縣光復鄉北富村富田二街６３號
10015,1001507,北富村,12,富田二街,,,,６４號,296000.922,2617350.086,花蓮縣光復鄉北富村富田二街６４號
10015,1001507,北富村,4,富田二街,,,,６５號,296040.614,2617426.089,花蓮縣光復鄉北富村富田二街６５號
10015,1001507,北富村,12,富田二街,,,,６６號,296004.706,2617355.377,花蓮縣光復鄉北富村富田二街６６號
10015,1001507,北富村,4,富田二街,,,,６７號,296045.251,2617432.498,花蓮縣光復鄉北富村富田二街６７號
10015,1001507,北富村,12,富田二街,,,,６８號,296008.491,2617360.668,花蓮縣光復鄉北富村富田二街６８號
10015,1001507,北富村,4,富田二街,,６９巷,,１號,296033.943,2617462.95,花蓮縣光復鄉北富村富田二街６９巷１號
10015,1001507,北富村,4,富田二街,,６９巷,,１之１號,296027.941,2617470.071,花蓮縣光復鄉北富村富田二街６９巷１之１號
10015,1001507,北富村,4,富田二街,,６９巷,,２之１號,296042.664,2617487.937,花蓮縣光復鄉北富村富田二街６９巷２之１號
10015,1001507,北富村,4,富田二街,,６９巷,,２號,296040.944,2617474.443,花蓮縣光復鄉北富村富田二街６９巷２號
10015,1001507,北富村,4,富田二街,,６９巷,,３號,296021.08,2617490.35,花蓮縣光復鄉北富村富田二街６９巷３號
10015,1001507,北富村,5,富田二街,,６９巷,,５號,295984.654,2617496.814,花蓮縣光復鄉北富村富田二街６９巷５號
10015,1001507,北富村,4,富田二街,,６９巷,,６之１號,296025.524,2617505.073,花蓮縣光復鄉北富村富田二街６９巷６之１號
10015,1001507,北富村,4,富田二街,,６９巷,,６號,296032.94,2617498.61,花蓮縣光復鄉北富村富田二街６９巷６號
10015,1001507,北富村,6,富田二街,,６９巷,,６之２號,296017.654,2617513.81,花蓮縣光復鄉北富村富田二街６９巷６之２號
10015,1001507,北富村,5,富田二街,,６９巷,,７之１號,296002.51,2617481.21,花蓮縣光復鄉北富村富田二街６９巷７之１號
10015,1001507,北富村,5,富田二街,,６９巷,,７號,296007.904,2617506.004,花蓮縣光復鄉北富村富田二街６９巷７號
10015,1001507,北富村,6,富田二街,,６９巷,,８號,296013.8,2617525.688,花蓮縣光復鄉北富村富田二街６９巷８號
10015,1001507,北富村,6,富田二街,,６９巷,,８之１號,296005.261,2617529.572,花蓮縣光復鄉北富村富田二街６９巷８之１號
10015,1001507,北富村,6,富田二街,,６９巷,,１０號,295990.814,2617538.475,花蓮縣光復鄉北富村富田二街６９巷１０號
10015,1001507,北富村,5,富田二街,,６９巷,,１１號,296002.608,2617511.149,花蓮縣光復鄉北富村富田二街６９巷１１號
10015,1001507,北富村,6,富田二街,,６９巷,,１２號,295982.108,2617541.541,花蓮縣光復鄉北富村富田二街６９巷１２號
10015,1001507,北富村,5,富田二街,,６９巷,,１３號,295998.283,2617516.841,花蓮縣光復鄉北富村富田二街６９巷１３號
10015,1001507,北富村,6,富田二街,,６９巷,,１４號,295973.16,2617553.514,花蓮縣光復鄉北富村富田二街６９巷１４號
10015,1001507,北富村,5,富田二街,,６９巷,,１５之１號,295983.923,2617524.827,花蓮縣光復鄉北富村富田二街６９巷１５之１號
10015,1001507,北富村,5,富田二街,,６９巷,,１５號,295988.898,2617522.221,花蓮縣光復鄉北富村富田二街６９巷１５號
10015,1001507,北富村,6,富田二街,,６９巷,,１６號,295967.39,2617559.51,花蓮縣光復鄉北富村富田二街６９巷１６號
10015,1001507,北富村,5,富田二街,,６９巷,,１７號,295978.888,2617526.403,花蓮縣光復鄉北富村富田二街６９巷１７號
10015,1001507,北富村,6,富田二街,,６９巷,,１８號,295958.513,2617567.784,花蓮縣光復鄉北富村富田二街６９巷１８號
10015,1001507,北富村,4,富田二街,,,,７１號,296053.324,2617456.591,花蓮縣光復鄉北富村富田二街７１號
10015,1001507,北富村,4,富田二街,,,,７１之１號,296057.277,2617459.177,花蓮縣光復鄉北富村富田二街７１之１號
10015,1001507,北富村,12,富田二街,,,,７２號,296037.092,2617376.541,花蓮縣光復鄉北富村富田二街７２號
10015,1001507,北富村,4,富田二街,,,,７３號,296060.823,2617468.197,花蓮縣光復鄉北富村富田二街７３號
10015,1001507,北富村,12,富田二街,,,,７４號,296044.788,2617373.775,花蓮縣光復鄉北富村富田二街７４號
10015,1001507,北富村,4,富田二街,,,,７５號,296054.197,2617476.442,花蓮縣光復鄉北富村富田二街７５號
10015,1001507,北富村,12,富田二街,,,,７６號,296050.413,2617370.424,花蓮縣光復鄉北富村富田二街７６號
10015,1001507,北富村,4,富田二街,,,,７７號,296064.3,2617503.77,花蓮縣光復鄉北富村富田二街７７號
10015,1001507,北富村,11,富田二街,,７８巷,,１號,296105.325,2617420.731,花蓮縣光復鄉北富村富田二街７８巷１號
10015,1001507,北富村,11,富田二街,,７８巷,,２號,296130.27,2617405.701,花蓮縣光復鄉北富村富田二街７８巷２號
10015,1001507,北富村,11,富田二街,,７８巷,,３號,296137.624,2617424.913,花蓮縣光復鄉北富村富田二街７８巷３號
10015,1001507,北富村,4,富田二街,,,,７９之１號,296080.604,2617516.271,花蓮縣光復鄉北富村富田二街７９之１號
10015,1001507,北富村,11,富田二街,,,,８０號,296063.232,2617437.368,花蓮縣光復鄉北富村富田二街８０號
10015,1001507,北富村,11,富田二街,,,,８１號,296091.741,2617501.131,花蓮縣光復鄉北富村富田二街８１號
10015,1001507,北富村,6,富田二街,,,,８３號,296105.518,2617543.523,花蓮縣光復鄉北富村富田二街８３號
10015,1001507,北富村,11,富田二街,,,,８４號,296093.882,2617450.036,花蓮縣光復鄉北富村富田二街８４號
10015,1001507,北富村,11,富田二街,,,,８６號,296095.898,2617461.992,花蓮縣光復鄉北富村富田二街８６號
10015,1001507,北富村,7,富田二街,,,,８７號,296187.754,2617578.232,花蓮縣光復鄉北富村富田二街８７號
10015,1001507,北富村,11,富田二街,,,,８８號,296097.787,2617472.815,花蓮縣光復鄉北富村富田二街８８號
10015,1001507,北富村,7,富田二街,,,,８９號,296193.699,2617592.355,花蓮縣光復鄉北富村富田二街８９號
10015,1001507,北富村,7,富田二街,,,,８９之１號,296200.964,2617596.711,花蓮縣光復鄉北富村富田二街８９之１號
10015,1001507,北富村,11,富田二街,,,,９０號,296104.966,2617489.678,花蓮縣光復鄉北富村富田二街９０號
10015,1001507,北富村,7,富田二街,,,,９１號,296215.209,2617610.136,花蓮縣光復鄉北富村富田二街９１號
10015,1001507,北富村,10,富田二街,,,,９２號,296128.14,2617507.639,花蓮縣光復鄉北富村富田二街９２號
10015,1001507,北富村,7,富田二街,,９３巷,,１號,296216.542,2617653.935,花蓮縣光復鄉北富村富田二街９３巷１號
10015,1001507,北富村,7,富田二街,,９３巷,,２之１號,296193.097,2617617.784,花蓮縣光復鄉北富村富田二街９３巷２之１號
10015,1001507,北富村,7,富田二街,,９３巷,,２號,296202.2,2617627.304,花蓮縣光復鄉北富村富田二街９３巷２號
10015,1001507,北富村,7,富田二街,,９３巷,,３號,296192.478,2617667.541,花蓮縣光復鄉北富村富田二街９３巷３號
10015,1001507,北富村,7,富田二街,,９３巷,,５號,296168.78,2617682.247,花蓮縣光復鄉北富村富田二街９３巷５號
10015,1001507,北富村,10,富田二街,,,,９４號,296136.07,2617518.75,花蓮縣光復鄉北富村富田二街９４號
10015,1001507,北富村,7,富田二街,,,,９５號,296224.602,2617621.835,花蓮縣光復鄉北富村富田二街９５號
10015,1001507,北富村,10,富田二街,,,,９６號,296147.701,2617523.139,花蓮縣光復鄉北富村富田二街９６號
10015,1001507,北富村,7,富田二街,,,,９７號,296239.87,2617647.12,花蓮縣光復鄉北富村富田二街９７號
10015,1001507,北富村,10,富田二街,,,,９８號,296159.977,2617536.349,花蓮縣光復鄉北富村富田二街９８號
10015,1001507,北富村,7,富田二街,,,,９９號,296014.84,2617168.09,花蓮縣光復鄉北富村富田二街９９號
10015,1001507,北富村,10,富田二街,,,,１００號,296166.327,2617542.001,花蓮縣光復鄉北富村富田二街１００號
10015,1001507,北富村,7,富田二街,,１０１巷,,１號,296235.389,2617691.055,花蓮縣光復鄉北富村富田二街１０１巷１號
10015,1001507,北富村,7,富田二街,,１０１巷,,２號,296211.892,2617685.881,花蓮縣光復鄉北富村富田二街１０１巷２號
10015,1001507,北富村,7,富田二街,,１０１巷,,３號,296253.046,2617698.217,花蓮縣光復鄉北富村富田二街１０１巷３號
10015,1001507,北富村,9,富田二街,,,,１０２號,296235.234,2617593.722,花蓮縣光復鄉北富村富田二街１０２號
10015,1001507,北富村,9,富田二街,,,,１０２之１號,296241.05,2617615.28,花蓮縣光復鄉北富村富田二街１０２之１號
10015,1001507,北富村,7,富田二街,,,,１０３號,296274.774,2617672.678,花蓮縣光復鄉北富村富田二街１０３號
10015,1001507,北富村,7,富田二街,,,,１０５號,296274.774,2617694.72,花蓮縣光復鄉北富村富田二街１０５號
10015,1001507,北富村,9,富田二街,,,,１０６號,296256.844,2617629.128,花蓮縣光復鄉北富村富田二街１０６號
10015,1001507,北富村,9,富田二街,,,,１０８號,296276.455,2617653.836,花蓮縣光復鄉北富村富田二街１０８號
10015,1001507,北富村,9,富田二街,,,,１１０號,296281.08,2617662.175,花蓮縣光復鄉北富村富田二街１１０號
10015,1001507,北富村,9,富田二街,,,,１１２號,296308.798,2617691.515,花蓮縣光復鄉北富村富田二街１１２號
10015,1001507,北富村,9,富田二街,,,,１１４號,296300.15,2617679.088,花蓮縣光復鄉北富村富田二街１１４號
10015,1001507,北富村,13,建國路二段,,,,１１５號,296114.738,2617089.938,花蓮縣光復鄉北富村建國路二段１１５號
10015,1001507,北富村,13,建國路二段,,,,１１９號,296131.345,2617124.649,花蓮縣光復鄉北富村建國路二段１１９號
10015,1001507,北富村,13,建國路二段,,,,１２１號,296144.86,2617154.337,花蓮縣光復鄉北富村建國路二段１２１號
10015,1001507,北富村,13,建國路二段,,,,１２３之１號,296149.883,2617173.106,花蓮縣光復鄉北富村建國路二段１２３之１號
10015,1001507,北富村,13,建國路二段,,,,１２３號,296158.962,2617154.181,花蓮縣光復鄉北富村建國路二段１２３號
10015,1001507,北富村,13,建國路二段,,,,１２５號,296174.99,2617219.233,花蓮縣光復鄉北富村建國路二段１２５號
10015,1001507,北富村,13,建國路二段,,,,１２９號,296200.577,2617227.052,花蓮縣光復鄉北富村建國路二段１２９號
10015,1001507,北富村,12,建國路二段,,,,１２９之２號,296219.74,2617242.02,花蓮縣光復鄉北富村建國路二段１２９之２號
10015,1001507,北富村,13,建國路二段,,１３３巷,,１號,296133.078,2617201.622,花蓮縣光復鄉北富村建國路二段１３３巷１號
10015,1001507,北富村,13,建國路二段,,１３３巷,,２號,296112.366,2617194.441,花蓮縣光復鄉北富村建國路二段１３３巷２號
10015,1001507,北富村,13,建國路二段,,１３３巷,,３號,296113.285,2617225.81,花蓮縣光復鄉北富村建國路二段１３３巷３號
10015,1001507,北富村,13,建國路二段,,１３３巷,,５號,296136.575,2617212.627,花蓮縣光復鄉北富村建國路二段１３３巷５號
10015,1001507,北富村,13,建國路二段,,１３３巷,,６號,296161.989,2617240.277,花蓮縣光復鄉北富村建國路二段１３３巷６號
10015,1001507,北富村,11,建國路二段,,,,１３５之１號,296255.16,2617292.703,花蓮縣光復鄉北富村建國路二段１３５之１號
10015,1001507,北富村,12,建國路二段,,,,１３５號,296228.166,2617258.437,花蓮縣光復鄉北富村建國路二段１３５號
10015,1001507,北富村,11,建國路二段,,,,１３７號,296298.345,2617365.044,花蓮縣光復鄉北富村建國路二段１３７號
10015,1001507,北富村,10,建國路二段,,,,１４１號,296336.238,2617417.258,花蓮縣光復鄉北富村建國路二段１４１號
10015,1001507,北富村,10,建國路二段,,,,１４３號,296345.412,2617431.007,花蓮縣光復鄉北富村建國路二段１４３號
10015,1001507,北富村,10,建國路二段,,,,１４５號,296358.836,2617445.788,花蓮縣光復鄉北富村建國路二段１４５號
10015,1001507,北富村,10,建國路二段,,,,１４７號,296368.673,2617451.794,花蓮縣光復鄉北富村建國路二段１４７號
10015,1001507,北富村,9,建國路二段,,,,１５１號,296394.707,2617496.807,花蓮縣光復鄉北富村建國路二段１５１號
10015,1001507,北富村,9,建國路二段,,,,１５１之１號,296420.36,2617521.42,花蓮縣光復鄉北富村建國路二段１５１之１號
10015,1001507,北富村,9,建國路二段,,,,１５３之１號,296433.884,2617542.409,花蓮縣光復鄉北富村建國路二段１５３之１號
10015,1001507,北富村,9,建國路二段,,,,１５３之１２號,296431.967,2617555.459,花蓮縣光復鄉北富村建國路二段１５３之１２號
10015,1001507,北富村,9,建國路二段,,,,１５３之８號,296437.413,2617571.932,花蓮縣光復鄉北富村建國路二段１５３之８號
10015,1001507,北富村,9,建國路二段,,,,１５３之１０號,296447.534,2617561.951,花蓮縣光復鄉北富村建國路二段１５３之１０號
10015,1001507,北富村,9,建國路二段,,,,１５３之９號,296442.545,2617568.888,花蓮縣光復鄉北富村建國路二段１５３之９號
10015,1001507,北富村,9,建國路二段,,,,１５３之１１號,296451.376,2617567.473,花蓮縣光復鄉北富村建國路二段１５３之１１號
10015,1001507,北富村,9,建國路二段,,,,１５３之２號,296438.061,2617547.202,花蓮縣光復鄉北富村建國路二段１５３之２號
10015,1001507,北富村,9,建國路二段,,,,１５３之３號,296441.054,2617552.405,花蓮縣光復鄉北富村建國路二段１５３之３號
10015,1001507,北富村,9,建國路二段,,,,１５３之５號,296427.214,2617560.293,花蓮縣光復鄉北富村建國路二段１５３之５號
10015,1001507,北富村,9,建國路二段,,,,１５３號,296417.993,2617530.289,花蓮縣光復鄉北富村建國路二段１５３號
10015,1001507,北富村,9,建國路二段,,,,１５３之６號,296420.496,2617564.478,花蓮縣光復鄉北富村建國路二段１５３之６號
10015,1001507,北富村,9,建國路二段,,,,１５３之７號,296425.023,2617572.217,花蓮縣光復鄉北富村建國路二段１５３之７號
10015,1001507,北富村,9,建國路二段,,１５５巷,１弄,１號,296345.484,2617607.668,花蓮縣光復鄉北富村建國路二段１５５巷１弄１號
10015,1001507,北富村,9,建國路二段,,１５５巷,１弄,２號,296310.676,2617647.088,花蓮縣光復鄉北富村建國路二段１５５巷１弄２號
10015,1001507,北富村,9,建國路二段,,１５５巷,１弄,３號,296328.636,2617621.325,花蓮縣光復鄉北富村建國路二段１５５巷１弄３號
10015,1001507,北富村,9,建國路二段,,１５５巷,１弄,５號,296308.649,2617631.398,花蓮縣光復鄉北富村建國路二段１５５巷１弄５號
10015,1001507,北富村,8,建國路二段,,１５５巷,,２號,296439.983,2617622.17,花蓮縣光復鄉北富村建國路二段１５５巷２號
10015,1001507,北富村,8,建國路二段,,１５５巷,,６號,296424.189,2617636.052,花蓮縣光復鄉北富村建國路二段１５５巷６號
10015,1001507,北富村,8,建國路二段,,１５５巷,,８號,296402.033,2617641.921,花蓮縣光復鄉北富村建國路二段１５５巷８號
10015,1001507,北富村,8,建國路二段,,１５５巷,,１０號,296391.401,2617647.344,花蓮縣光復鄉北富村建國路二段１５５巷１０號
10015,1001507,北富村,8,建國路二段,,１５５巷,,１２號,296371.526,2617688.355,花蓮縣光復鄉北富村建國路二段１５５巷１２號
10015,1001507,北富村,8,建國路二段,,１５５巷,,１２之１號,296372.656,2617665.108,花蓮縣光復鄉北富村建國路二段１５５巷１２之１號
10015,1001507,北富村,8,建國路二段,,１５５巷,,１２之２號,296380.15,2617671.66,花蓮縣光復鄉北富村建國路二段１５５巷１２之２號
10015,1001507,北富村,8,建國路二段,,１５５巷,,１６號,296344.759,2617687.065,花蓮縣光復鄉北富村建國路二段１５５巷１６號
10015,1001507,北富村,8,建國路二段,,１５５巷,,１８號,296353.139,2617695.519,花蓮縣光復鄉北富村建國路二段１５５巷１８號
10015,1001507,北富村,8,建國路二段,,,,１５７號,296471.935,2617599.303,花蓮縣光復鄉北富村建國路二段１５７號
10015,1001507,北富村,8,建國路二段,,,,１６１號,296482.514,2617612.399,花蓮縣光復鄉北富村建國路二段１６１號
10015,1001507,北富村,8,建國路二段,,,,１６３號,296496.082,2617637.031,花蓮縣光復鄉北富村建國路二段１６３號
10015,1001507,南富村,1,中正路二段,,７２巷,,６號,295863.008,2617247.011,花蓮縣光復鄉南富村中正路二段７２巷６號
10015,1001507,南富村,1,中正路二段,,７２巷,,８號,295872.837,2617260.539,花蓮縣光復鄉南富村中正路二段７２巷８號
10015,1001507,南富村,1,中正路二段,,７２巷,,１２號,295855.702,2617222.503,花蓮縣光復鄉南富村中正路二段７２巷１２號
10015,1001507,南富村,1,中正路二段,,,,７６之１號,295895.759,2617307.788,花蓮縣光復鄉南富村中正路二段７６之１號
10015,1001507,南富村,1,中正路二段,,,,７６號,295891.394,2617309.9,花蓮縣光復鄉南富村中正路二段７６號
10015,1001507,南富村,1,中正路二段,,,,７８號,295901.087,2617310.049,花蓮縣光復鄉南富村中正路二段７８號
10015,1001507,南富村,1,中正路二段,,,,８０號,295906.978,2617305.57,花蓮縣光復鄉南富村中正路二段８０號
10015,1001507,南富村,1,中正路二段,,,,８２號,295911.742,2617301.194,花蓮縣光復鄉南富村中正路二段８２號
10015,1001507,南富村,1,中正路二段,,,,８４號,295918.543,2617295.732,花蓮縣光復鄉南富村中正路二段８４號
10015,1001507,南富村,1,中正路二段,,,,８６號,295916.632,2617281.3,花蓮縣光復鄉南富村中正路二段８６號
10015,1001507,南富村,1,中正路二段,,,,８８之１號,295942.785,2617247.93,花蓮縣光復鄉南富村中正路二段８８之１號
10015,1001507,南富村,1,中正路二段,,,,８８號,295905.561,2617267.976,花蓮縣光復鄉南富村中正路二段８８號
10015,1001507,南富村,1,中正路二段,,,,９０號,295948.507,2617206.097,花蓮縣光復鄉南富村中正路二段９０號
10015,1001507,南富村,3,中正路二段,,９２巷,,１號,295934.846,2617180.055,花蓮縣光復鄉南富村中正路二段９２巷１號
10015,1001507,南富村,1,中正路二段,,９２巷,,３號,295918.49,2617192.634,花蓮縣光復鄉南富村中正路二段９２巷３號
10015,1001507,南富村,3,中正路二段,,９２巷,,３號,295918.49,2617192.634,花蓮縣光復鄉南富村中正路二段９２巷３號
10015,1001507,南富村,3,中正路二段,,９２巷,,５號,295937.743,2617148.319,花蓮縣光復鄉南富村中正路二段９２巷５號
10015,1001507,南富村,3,中正路二段,,,,９６號,295973.687,2617200.206,花蓮縣光復鄉南富村中正路二段９６號
10015,1001507,南富村,3,中正路二段,,,,９８號,295975.63,2617196.256,花蓮縣光復鄉南富村中正路二段９８號
10015,1001507,南富村,3,中正路二段,,,,１００之１號,295980.858,2617187.946,花蓮縣光復鄉南富村中正路二段１００之１號
10015,1001507,南富村,3,中正路二段,,,,１００號,295978.444,2617192.774,花蓮縣光復鄉南富村中正路二段１００號
10015,1001507,南富村,3,中正路二段,,,,１０２號,295984.572,2617183.127,花蓮縣光復鄉南富村中正路二段１０２號
10015,1001507,南富村,3,中正路二段,,,,１０４號,295987.049,2617179.622,花蓮縣光復鄉南富村中正路二段１０４號
10015,1001507,南富村,3,中正路二段,,,,１０８號,296014.486,2617149.398,花蓮縣光復鄉南富村中正路二段１０８號
10015,1001507,南富村,3,中正路二段,,,,１１０號,296018.54,2617145.476,花蓮縣光復鄉南富村中正路二段１１０號
10015,1001507,南富村,3,中正路二段,,,,１１２之１號,296034.26,2617129.7,花蓮縣光復鄉南富村中正路二段１１２之１號
10015,1001507,南富村,3,中正路二段,,,,１１２之２號,296041.404,2617122.824,花蓮縣光復鄉南富村中正路二段１１２之２號
10015,1001507,南富村,3,中正路二段,,,,１１４號,296034.07,2617105.39,花蓮縣光復鄉南富村中正路二段１１４號
10015,1001507,南富村,3,中正路二段,,,,１１６之２號,296056.206,2617089.901,花蓮縣光復鄉南富村中正路二段１１６之２號
10015,1001507,南富村,3,中正路二段,,,,１１６號,296053.031,2617094.796,花蓮縣光復鄉南富村中正路二段１１６號
10015,1001507,南富村,3,中正路二段,,,,１１８號,296054.421,2617077.059,花蓮縣光復鄉南富村中正路二段１１８號
10015,1001507,南富村,3,中正路二段,,１２０巷,,１號,296030.647,2617074.097,花蓮縣光復鄉南富村中正路二段１２０巷１號
10015,1001507,南富村,3,中正路二段,,１２０巷,,２號,296025.88,2617062.69,花蓮縣光復鄉南富村中正路二段１２０巷２號
10015,1001507,南富村,3,中正路二段,,,,１２２號,296067.579,2617069.376,花蓮縣光復鄉南富村中正路二段１２２號
10015,1001507,南富村,3,中正路二段,,,,１２６號,296075.354,2617054.181,花蓮縣光復鄉南富村中正路二段１２６號
10015,1001507,南富村,3,中正路二段,,,,１２８號,296082.817,2617047.521,花蓮縣光復鄉南富村中正路二段１２８號
10015,1001507,南富村,4,中正路二段,,,,１３０號,296092.657,2617033.329,花蓮縣光復鄉南富村中正路二段１３０號
10015,1001507,南富村,4,中正路二段,,,,１３２號,296097.106,2617028.106,花蓮縣光復鄉南富村中正路二段１３２號
10015,1001507,南富村,4,中正路二段,,,,１３４號,296101.648,2617017.109,花蓮縣光復鄉南富村中正路二段１３４號
10015,1001507,南富村,4,中正路二段,,,,１３６號,296105.314,2617013.671,花蓮縣光復鄉南富村中正路二段１３６號
10015,1001507,南富村,4,中正路二段,,,,１３８之１號,296116.044,2616972.778,花蓮縣光復鄉南富村中正路二段１３８之１號
10015,1001507,南富村,4,中正路二段,,,,１３８號,296108.98,2617010.233,花蓮縣光復鄉南富村中正路二段１３８號
10015,1001507,南富村,4,中正路二段,,,,１４０號,296114.491,2617002.303,花蓮縣光復鄉南富村中正路二段１４０號
10015,1001507,南富村,4,中正路二段,,,,１４２號,296118.189,2616998.784,花蓮縣光復鄉南富村中正路二段１４２號
10015,1001507,南富村,4,中正路二段,,,,１４４號,296121.886,2616995.264,花蓮縣光復鄉南富村中正路二段１４４號
10015,1001507,南富村,4,中正路二段,,,,１４６號,296128.226,2616988.552,花蓮縣光復鄉南富村中正路二段１４６號
10015,1001507,南富村,4,中正路二段,,,,１４８號,296136.28,2616974.27,花蓮縣光復鄉南富村中正路二段１４８號
10015,1001507,南富村,4,中正路二段,,,,１４８之１號,296140.089,2616968.505,花蓮縣光復鄉南富村中正路二段１４８之１號
10015,1001507,南富村,4,中正路二段,,,,１５０之１號,296171.487,2616909.129,花蓮縣光復鄉南富村中正路二段１５０之１號
10015,1001507,南富村,4,中正路二段,,,,１５０號,296165.683,2616915.288,花蓮縣光復鄉南富村中正路二段１５０號
10015,1001507,南富村,4,中正路二段,,,,１５２之１號,296132.09,2616927.42,花蓮縣光復鄉南富村中正路二段１５２之１號
10015,1001507,南富村,4,中正路二段,,,,１５２號,296158.515,2616939.787,花蓮縣光復鄉南富村中正路二段１５２號
10015,1001507,南富村,4,中正路二段,,,,１５６號,296191.131,2616870.783,花蓮縣光復鄉南富村中正路二段１５６號
10015,1001507,南富村,7,中正路二段,,,,１６３號,296319.75,2616559.51,花蓮縣光復鄉南富村中正路二段１６３號
10015,1001507,南富村,7,中正路二段,,,,１６７號,296322.14,2616550.651,花蓮縣光復鄉南富村中正路二段１６７號
10015,1001507,南富村,7,中正路二段,,,,１６８號,296274.947,2616434.904,花蓮縣光復鄉南富村中正路二段１６８號
10015,1001507,南富村,7,中正路二段,,,,１７１之１號,296606.98,2616348.83,花蓮縣光復鄉南富村中正路二段１７１之１號
10015,1001507,南富村,7,中正路二段,,,,１７２號,296541.104,2616347.706,花蓮縣光復鄉南富村中正路二段１７２號
10015,1001507,南富村,7,富愛街,,,,２號,296222.569,2616753.27,花蓮縣光復鄉南富村富愛街２號
10015,1001507,南富村,5,富愛街,,,,５之１號,296069.749,2616815.344,花蓮縣光復鄉南富村富愛街５之１號
10015,1001507,南富村,5,富愛街,,,,５號,296058.772,2616839.743,花蓮縣光復鄉南富村富愛街５號
10015,1001507,南富村,4,富愛街,,,,６號,296072.947,2616875.243,花蓮縣光復鄉南富村富愛街６號
10015,1001507,南富村,5,富愛街,,,,７號,296053.777,2616857.906,花蓮縣光復鄉南富村富愛街７號
10015,1001507,南富村,5,富愛街,,,,７之１號,296033.44,2616872.66,花蓮縣光復鄉南富村富愛街７之１號
10015,1001507,南富村,4,富愛街,,８巷,,１號,296078.303,2616906.213,花蓮縣光復鄉南富村富愛街８巷１號
10015,1001507,南富村,4,富愛街,,８巷,,１之１號,296115.87,2616913.62,花蓮縣光復鄉南富村富愛街８巷１之１號
10015,1001507,南富村,4,富愛街,,,,８號,296058.892,2616879.151,花蓮縣光復鄉南富村富愛街８號
10015,1001507,南富村,5,富愛街,,,,９號,296013.85,2616897.197,花蓮縣光復鄉南富村富愛街９號
10015,1001507,南富村,5,富愛街,,,,９之１號,296017.025,2616894.419,花蓮縣光復鄉南富村富愛街９之１號
10015,1001507,南富村,4,富愛街,,,,１０之１號,296038.909,2616902.741,花蓮縣光復鄉南富村富愛街１０之１號
10015,1001507,南富村,4,富愛街,,,,１０號,296054.202,2616882.334,花蓮縣光復鄉南富村富愛街１０號
10015,1001507,南富村,5,富愛街,,,,１１號,296021.246,2616892.388,花蓮縣光復鄉南富村富愛街１１號
10015,1001507,南富村,4,富愛街,,,,１２號,296024.86,2616903.82,花蓮縣光復鄉南富村富愛街１２號
10015,1001507,南富村,6,富愛街,,,,１３之２號,295902.318,2616980.886,花蓮縣光復鄉南富村富愛街１３之２號
10015,1001507,南富村,6,富愛街,,,,１３號,295919.475,2616967.172,花蓮縣光復鄉南富村富愛街１３號
10015,1001507,南富村,6,富愛街,,,,１３之１號,295908.029,2616975.976,花蓮縣光復鄉南富村富愛街１３之１號
10015,1001507,南富村,4,富愛街,,,,１４號,296021.167,2616908.499,花蓮縣光復鄉南富村富愛街１４號
10015,1001507,南富村,6,富愛街,,,,１５號,295870.966,2616997.082,花蓮縣光復鄉南富村富愛街１５號
10015,1001507,南富村,3,富愛街,,,,１６號,295929.31,2617130.16,花蓮縣光復鄉南富村富愛街１６號
10015,1001507,南富村,2,富愛街,,,,１７號,295840.752,2617027.719,花蓮縣光復鄉南富村富愛街１７號
10015,1001507,南富村,3,富愛街,,,,１８號,295891.555,2617009.568,花蓮縣光復鄉南富村富愛街１８號
10015,1001507,南富村,2,富愛街,,,,１９號,295828.303,2617120.758,花蓮縣光復鄉南富村富愛街１９號
10015,1001507,南富村,3,富愛街,,,,２０號,295879.019,2617013.712,花蓮縣光復鄉南富村富愛街２０號
10015,1001507,南富村,3,富愛街,,,,２２號,295867.897,2617030.663,花蓮縣光復鄉南富村富愛街２２號
10015,1001507,南富村,3,富愛街,,,,２４號,295879.396,2617031.511,花蓮縣光復鄉南富村富愛街２４號
10015,1001507,南富村,1,富愛街,,,,３０號,295844.83,2617129.62,花蓮縣光復鄉南富村富愛街３０號
10015,1001507,南富村,1,富愛街,,,,３２號,295840.827,2617133.137,花蓮縣光復鄉南富村富愛街３２號
10015,1001507,南富村,1,富愛街,,,,３４號,295836.817,2617136.514,花蓮縣光復鄉南富村富愛街３４號
10015,1001507,南富村,1,富愛街,,,,３６號一樓,295821.99,2617148.32,花蓮縣光復鄉南富村富愛街３６號一樓
10015,1001507,南富村,1,富愛街,,,,３６號二樓,295821.99,2617148.32,花蓮縣光復鄉南富村富愛街３６號二樓
10015,1001507,南富村,1,富愛街,,,,３６號,295820.477,2617145.551,花蓮縣光復鄉南富村富愛街３６號
10015,1001507,南富村,1,富愛街,,,,３８號,295827.334,2617168.75,花蓮縣光復鄉南富村富愛街３８號
10015,1001507,南富村,4,富田三街,,,,１號,296122.37,2616837.64,花蓮縣光復鄉南富村富田三街１號
10015,1001507,南富村,5,富田三街,,,,２之１號,296027.743,2616663.113,花蓮縣光復鄉南富村富田三街２之１號
10015,1001507,南富村,5,富田三街,,,,２號,296020.867,2616696.914,花蓮縣光復鄉南富村富田三街２號
10015,1001507,南富村,4,富田三街,,,,３號,296134.31,2616850.29,花蓮縣光復鄉南富村富田三街３號
10015,1001507,南富村,5,富田三街,,,,５號,296083.434,2616794.744,花蓮縣光復鄉南富村富田三街５號
10015,1001507,南富村,5,富田三街,,,,６號,296025.621,2616707.649,花蓮縣光復鄉南富村富田三街６號
10015,1001507,南富村,5,富田三街,,,,８號,296082.446,2616709.677,花蓮縣光復鄉南富村富田三街８號
10015,1001507,南富村,5,富田三街,,,,１０號,296072.312,2616743.234,花蓮縣光復鄉南富村富田三街１０號
10015,1001507,南富村,4,富田三街,,,,１１號,296135.597,2616871.938,花蓮縣光復鄉南富村富田三街１１號
10015,1001507,南富村,4,富田三街,,,,１１之１號,296147.5,2616878.15,花蓮縣光復鄉南富村富田三街１１之１號
10015,1001507,南富村,5,富田三街,,,,１２號,296079.196,2616755.393,花蓮縣光復鄉南富村富田三街１２號
10015,1001507,南富村,4,富田三街,,,,１３之１號,296153.911,2616882.992,花蓮縣光復鄉南富村富田三街１３之１號
10015,1001507,南富村,4,富田三街,,,,１３號,296131.122,2616906.721,花蓮縣光復鄉南富村富田三街１３號
10015,1001507,南富村,5,富田三街,,,,１４號,296081.227,2616773.3,花蓮縣光復鄉南富村富田三街１４號
10015,1001507,南富村,4,富田三街,,,,１５號,296166.328,2616889.873,花蓮縣光復鄉南富村富田三街１５號
10015,1001507,南富村,5,富田三街,,,,１６號,296104.737,2616773.926,花蓮縣光復鄉南富村富田三街１６號
10015,1001507,南富村,4,富田三街,,,,１８號,296153.796,2616856.653,花蓮縣光復鄉南富村富田三街１８號
10015,1001507,南富村,4,富田三街,,,,２０之１號,296171.002,2616875.306,花蓮縣光復鄉南富村富田三街２０之１號
10015,1001507,南富村,4,富田三街,,,,２０之２號,296174.275,2616878.933,花蓮縣光復鄉南富村富田三街２０之２號
10015,1001507,南富村,4,富田三街,,,,２０之３號,296177.576,2616882.721,花蓮縣光復鄉南富村富田三街２０之３號
10015,1001507,南富村,4,富田三街,,,,２０之４號,296180.818,2616886.423,花蓮縣光復鄉南富村富田三街２０之４號
10015,1001507,南富村,4,富田三街,,,,２０之５號,296184.473,2616890.237,花蓮縣光復鄉南富村富田三街２０之５號
10015,1001507,南富村,7,富田三街,,,,２０之５號,296184.473,2616890.237,花蓮縣光復鄉南富村富田三街２０之５號
10015,1001507,南富村,4,富田三街,,,,２０號,296168.187,2616872.18,花蓮縣光復鄉南富村富田三街２０號
10015,1001507,南富村,2,富田二街,,,,１之１號,295748.404,2616875.685,花蓮縣光復鄉南富村富田二街１之１號
10015,1001507,南富村,2,富田二街,,,,１之２０號,295538.85,2616468.22,花蓮縣光復鄉南富村富田二街１之２０號
10015,1001507,南富村,2,富田二街,,,,１號,295737.978,2616821.248,花蓮縣光復鄉南富村富田二街１號
10015,1001507,南富村,2,富田二街,,,,１之３號,295740.731,2616878.199,花蓮縣光復鄉南富村富田二街１之３號
10015,1001507,南富村,2,富田二街,,,,２號,295783.79,2616981.699,花蓮縣光復鄉南富村富田二街２號
10015,1001507,南富村,2,富田二街,,,,２之２５號,295622.39,2616186.75,花蓮縣光復鄉南富村富田二街２之２５號
10015,1001507,南富村,2,富田二街,,,,３號,295773.8,2617011.116,花蓮縣光復鄉南富村富田二街３號
10015,1001507,南富村,2,富田二街,,,,５號,295787.055,2617030.087,花蓮縣光復鄉南富村富田二街５號
10015,1001507,南富村,2,富田二街,,,,６號,295806.145,2616969.478,花蓮縣光復鄉南富村富田二街６號
10015,1001507,南富村,2,富田二街,,,,７號,295797.324,2617045.836,花蓮縣光復鄉南富村富田二街７號
10015,1001507,南富村,2,富田二街,,,,８號,295810.363,2616983.596,花蓮縣光復鄉南富村富田二街８號
10015,1001507,南富村,2,富田二街,,,,１０號,295787.635,2617003.487,花蓮縣光復鄉南富村富田二街１０號
10015,1001507,南富村,2,富田二街,,,,１１號,295818.7,2617091.21,花蓮縣光復鄉南富村富田二街１１號
10015,1001507,南富村,2,富田二街,,,,１２號,295813.822,2617030.988,花蓮縣光復鄉南富村富田二街１２號
10015,1001507,南富村,1,富田二街,,,,１３之１號,295853.17,2617149.33,花蓮縣光復鄉南富村富田二街１３之１號
10015,1001507,南富村,1,富田二街,,,,１３之２號,295865.61,2617151.05,花蓮縣光復鄉南富村富田二街１３之２號
10015,1001507,南富村,2,富田二街,,,,１３號,295836.515,2617116.854,花蓮縣光復鄉南富村富田二街１３號
10015,1001507,南富村,2,富田二街,,,,１４之１號,295828.72,2617054.253,花蓮縣光復鄉南富村富田二街１４之１號
10015,1001507,南富村,2,富田二街,,,,１４號,295817.765,2617043.645,花蓮縣光復鄉南富村富田二街１４號
10015,1001507,南富村,1,富田二街,,,,１５之１號,295873.148,2617179.41,花蓮縣光復鄉南富村富田二街１５之１號
10015,1001507,南富村,1,富田二街,,,,１５號,295869.381,2617170.342,花蓮縣光復鄉南富村富田二街１５號
10015,1001507,南富村,2,富田二街,,,,１６號,295829.72,2617069.308,花蓮縣光復鄉南富村富田二街１６號
10015,1001507,南富村,1,富田二街,,,,１７號,295875.888,2617187.451,花蓮縣光復鄉南富村富田二街１７號
10015,1001507,南富村,2,富田二街,,,,１８號,295838.894,2617083.058,花蓮縣光復鄉南富村富田二街１８號
10015,1001507,南富村,2,富田二街,,,,２０號,295853.684,2617105.711,花蓮縣光復鄉南富村富田二街２０號
10015,1001507,南富村,1,富田二街,,,,２１之１號,295912.034,2617223.188,花蓮縣光復鄉南富村富田二街２１之１號
10015,1001507,南富村,1,富田二街,,,,２１號,295899.643,2617221.691,花蓮縣光復鄉南富村富田二街２１號
10015,1001507,南富村,2,富田二街,,,,２２號,295847.272,2617088.397,花蓮縣光復鄉南富村富田二街２２號
10015,1001507,南富村,1,富田二街,,,,２３號,295915.983,2617238.561,花蓮縣光復鄉南富村富田二街２３號
10015,1001507,南富村,1,富田二街,,,,２５號,295919.398,2617266.101,花蓮縣光復鄉南富村富田二街２５號
10015,1001507,南富村,2,富田二街,,,,２６號,295864.686,2617115.317,花蓮縣光復鄉南富村富田二街２６號
10015,1001507,南富村,1,富田二街,,,,２７號,295927.848,2617279.053,花蓮縣光復鄉南富村富田二街２７號
10015,1001507,南富村,1,富田二街,,,,２８號,295871.949,2617129.513,花蓮縣光復鄉南富村富田二街２８號
10015,1001507,南富村,1,富田二街,,,,３０號,295876.192,2617142.208,花蓮縣光復鄉南富村富田二街３０號
10015,1001507,南富村,1,富田二街,,,,３２號,295902.405,2617141.869,花蓮縣光復鄉南富村富田二街３２號
10015,1001507,南富村,1,富田二街,,,,３４之３號,295909.94,2617162.894,花蓮縣光復鄉南富村富田二街３４之３號
10015,1001507,南富村,1,富田二街,,,,３４之１０號,295908.071,2617178.314,花蓮縣光復鄉南富村富田二街３４之１０號
10015,1001507,南富村,1,富田二街,,,,３４之５號,295903.496,2617166.716,花蓮縣光復鄉南富村富田二街３４之５號
10015,1001507,南富村,1,富田二街,,,,３４號,295901.642,2617153.99,花蓮縣光復鄉南富村富田二街３４號
10015,1001507,南富村,1,富田二街,,,,３４之１號,295917.189,2617158.132,花蓮縣光復鄉南富村富田二街３４之１號
10015,1001507,南富村,1,富田二街,,,,３４之６號,295921.313,2617168.219,花蓮縣光復鄉南富村富田二街３４之６號
10015,1001507,南富村,1,富田二街,,,,３４之２號,295926.737,2617164.234,花蓮縣光復鄉南富村富田二街３４之２號
10015,1001507,南富村,1,富田二街,,,,３４之８號,295914.878,2617173.213,花蓮縣光復鄉南富村富田二街３４之８號
10015,1001507,南富村,14,建國路二段,,,,７號,294805.813,2613888,花蓮縣光復鄉南富村建國路二段７號
10015,1001507,南富村,14,建國路二段,,１５巷,,１１號,295145.6,2614194.739,花蓮縣光復鄉南富村建國路二段１５巷１１號
10015,1001507,南富村,14,建國路二段,,１８巷,,２號,295246.236,2613981.601,花蓮縣光復鄉南富村建國路二段１８巷２號
10015,1001507,南富村,14,建國路二段,,１８巷,,３之２號,295219.888,2613943.358,花蓮縣光復鄉南富村建國路二段１８巷３之２號
10015,1001507,南富村,14,建國路二段,,１８巷,,３號,295239.432,2613946.201,花蓮縣光復鄉南富村建國路二段１８巷３號
10015,1001507,南富村,14,建國路二段,,１８巷,,３之１號,295247.18,2613954.68,花蓮縣光復鄉南富村建國路二段１８巷３之１號
10015,1001507,南富村,14,建國路二段,,１８巷,,４號,295180.983,2613860.006,花蓮縣光復鄉南富村建國路二段１８巷４號
10015,1001507,南富村,14,建國路二段,,１８巷,,５號,295193.678,2613868.386,花蓮縣光復鄉南富村建國路二段１８巷５號
10015,1001507,南富村,14,建國路二段,,１８巷,,６號,295311.049,2613879.312,花蓮縣光復鄉南富村建國路二段１８巷６號
10015,1001507,南富村,14,建國路二段,,１８巷,,６之１號,295282.14,2613890.3,花蓮縣光復鄉南富村建國路二段１８巷６之１號
10015,1001507,南富村,14,建國路二段,,１８巷,,１１號,294633.404,2613750.104,花蓮縣光復鄉南富村建國路二段１８巷１１號
10015,1001507,南富村,14,建國路二段,,２０巷,,６之１號,295597.42,2614414.05,花蓮縣光復鄉南富村建國路二段２０巷６之１號
10015,1001507,南富村,14,建國路二段,,２０巷,,６號,295589.267,2614424.7,花蓮縣光復鄉南富村建國路二段２０巷６號
10015,1001507,南富村,11,建國路二段,,,,２０號,295722.428,2615021.21,花蓮縣光復鄉南富村建國路二段２０號
10015,1001507,南富村,13,建國路二段,,２１巷,,２號,295215.94,2614657.008,花蓮縣光復鄉南富村建國路二段２１巷２號
10015,1001507,南富村,13,建國路二段,,２１巷,,３號,295136.464,2614639.451,花蓮縣光復鄉南富村建國路二段２１巷３號
10015,1001507,南富村,13,建國路二段,,２１巷,,５號,295148.129,2614717.668,花蓮縣光復鄉南富村建國路二段２１巷５號
10015,1001507,南富村,13,建國路二段,,２１巷,,６號,295268.362,2614727.337,花蓮縣光復鄉南富村建國路二段２１巷６號
10015,1001507,南富村,13,建國路二段,,２１巷,,７號,295260.223,2614738.849,花蓮縣光復鄉南富村建國路二段２１巷７號
10015,1001507,南富村,12,建國路二段,,,,２２號,295718.46,2615100.033,花蓮縣光復鄉南富村建國路二段２２號
10015,1001507,南富村,13,建國路二段,,,,２３之２號,295513.18,2614914.67,花蓮縣光復鄉南富村建國路二段２３之２號
10015,1001507,南富村,13,建國路二段,,,,２３之１號,295575.05,2614984.63,花蓮縣光復鄉南富村建國路二段２３之１號
10015,1001507,南富村,13,建國路二段,,,,２３號,295615.272,2615030.271,花蓮縣光復鄉南富村建國路二段２３號
10015,1001507,南富村,11,建國路二段,,,,２４號,295717.167,2615147.385,花蓮縣光復鄉南富村建國路二段２４號
10015,1001507,南富村,11,建國路二段,,,,３１號,295930.504,2615134.528,花蓮縣光復鄉南富村建國路二段３１號
10015,1001507,南富村,11,建國路二段,,,,３２號,295861.891,2615071.224,花蓮縣光復鄉南富村建國路二段３２號
10015,1001507,南富村,11,建國路二段,,,,３３號,295933.045,2615176.702,花蓮縣光復鄉南富村建國路二段３３號
10015,1001507,南富村,11,建國路二段,,,,３４號,295882.577,2615032.818,花蓮縣光復鄉南富村建國路二段３４號
10015,1001507,南富村,11,建國路二段,,,,３５號,295932.163,2615191.677,花蓮縣光復鄉南富村建國路二段３５號
10015,1001507,南富村,11,建國路二段,,,,３６之１號,295770.332,2615024.506,花蓮縣光復鄉南富村建國路二段３６之１號
10015,1001507,南富村,11,建國路二段,,,,３６號,295914.959,2615073.309,花蓮縣光復鄉南富村建國路二段３６號
10015,1001507,南富村,10,建國路二段,,,,３７之１號,296005.059,2615407.218,花蓮縣光復鄉南富村建國路二段３７之１號
10015,1001507,南富村,10,建國路二段,,,,３７號,296012.715,2615423.619,花蓮縣光復鄉南富村建國路二段３７號
10015,1001507,南富村,11,建國路二段,,,,３８之５號,295999.721,2615050.731,花蓮縣光復鄉南富村建國路二段３８之５號
10015,1001507,南富村,11,建國路二段,,,,３８之１０號,296188.898,2615043.719,花蓮縣光復鄉南富村建國路二段３８之１０號
10015,1001507,南富村,11,建國路二段,,,,３８之３號,295958.836,2615082.482,花蓮縣光復鄉南富村建國路二段３８之３號
10015,1001507,南富村,11,建國路二段,,,,３８之２號,295955.445,2615075.314,花蓮縣光復鄉南富村建國路二段３８之２號
10015,1001507,南富村,11,建國路二段,,,,３８之１號,295951.547,2615069.737,花蓮縣光復鄉南富村建國路二段３８之１號
10015,1001507,南富村,11,建國路二段,,,,３８號,295885.156,2615067.002,花蓮縣光復鄉南富村建國路二段３８號
10015,1001507,南富村,11,建國路二段,,,,３８之７號,296201.59,2614745.78,花蓮縣光復鄉南富村建國路二段３８之７號
10015,1001507,南富村,10,建國路二段,,,,３９號,296027.79,2615439.36,花蓮縣光復鄉南富村建國路二段３９號
10015,1001507,南富村,11,建國路二段,,,,４０號,295916.335,2615072.395,花蓮縣光復鄉南富村建國路二段４０號
10015,1001507,南富村,11,建國路二段,,,,４０之１號,295962.754,2615087.413,花蓮縣光復鄉南富村建國路二段４０之１號
10015,1001507,南富村,10,建國路二段,,,,４１號,296002.089,2615441.8,花蓮縣光復鄉南富村建國路二段４１號
10015,1001507,南富村,11,建國路二段,,,,４２號,295958.284,2615159.418,花蓮縣光復鄉南富村建國路二段４２號
10015,1001507,南富村,11,建國路二段,,,,４２之３號,295985.368,2615219.902,花蓮縣光復鄉南富村建國路二段４２之３號
10015,1001507,南富村,10,建國路二段,,,,４３號,296049.87,2615442.843,花蓮縣光復鄉南富村建國路二段４３號
10015,1001507,南富村,10,建國路二段,,,,４５號,296045.563,2615448.461,花蓮縣光復鄉南富村建國路二段４５號
10015,1001507,南富村,11,建國路二段,,,,４６號,296044.257,2615413.458,花蓮縣光復鄉南富村建國路二段４６號
10015,1001507,南富村,10,建國路二段,,,,４７號,296045.978,2615465.857,花蓮縣光復鄉南富村建國路二段４７號
10015,1001507,南富村,10,建國路二段,,,,４８號,296066.961,2615389.985,花蓮縣光復鄉南富村建國路二段４８號
10015,1001507,南富村,8,建國路二段,,,,４９號,296023.46,2615503.81,花蓮縣光復鄉南富村建國路二段４９號
10015,1001507,南富村,9,建國路二段,,５０巷,,１號,296143.878,2615552.576,花蓮縣光復鄉南富村建國路二段５０巷１號
10015,1001507,南富村,10,建國路二段,,５０巷,,２之１號,296102.641,2615416.131,花蓮縣光復鄉南富村建國路二段５０巷２之１號
10015,1001507,南富村,10,建國路二段,,５０巷,,２之２號,296126.71,2615363.08,花蓮縣光復鄉南富村建國路二段５０巷２之２號
10015,1001507,南富村,10,建國路二段,,５０巷,,２號,296097,2615397.16,花蓮縣光復鄉南富村建國路二段５０巷２號
10015,1001507,南富村,10,建國路二段,,５０巷,,２之８號,296266.46,2615169.61,花蓮縣光復鄉南富村建國路二段５０巷２之８號
10015,1001507,南富村,9,建國路二段,,５０巷,,３號,296118.997,2615650.867,花蓮縣光復鄉南富村建國路二段５０巷３號
10015,1001507,南富村,9,建國路二段,,５０巷,,５號,296093.33,2615672.96,花蓮縣光復鄉南富村建國路二段５０巷５號
10015,1001507,南富村,10,建國路二段,,５０巷,,６號,296101.797,2615432.564,花蓮縣光復鄉南富村建國路二段５０巷６號
10015,1001507,南富村,9,建國路二段,,５０巷,,７號,296059.496,2615696.574,花蓮縣光復鄉南富村建國路二段５０巷７號
10015,1001507,南富村,10,建國路二段,,５０巷,,８號,296112.722,2615450.376,花蓮縣光復鄉南富村建國路二段５０巷８號
10015,1001507,南富村,9,建國路二段,,５０巷,,９號,296051.578,2615698.686,花蓮縣光復鄉南富村建國路二段５０巷９號
10015,1001507,南富村,10,建國路二段,,５０巷,,１０號,296115.206,2615391.661,花蓮縣光復鄉南富村建國路二段５０巷１０號
10015,1001507,南富村,10,建國路二段,,５０巷,,１２號,296115.849,2615454.863,花蓮縣光復鄉南富村建國路二段５０巷１２號
10015,1001507,南富村,10,建國路二段,,５０巷,,１４之１號,296156.404,2615427.927,花蓮縣光復鄉南富村建國路二段５０巷１４之１號
10015,1001507,南富村,10,建國路二段,,５０巷,,１４號,296126.988,2615424.855,花蓮縣光復鄉南富村建國路二段５０巷１４號
10015,1001507,南富村,10,建國路二段,,５０巷,,１６號,296133.025,2615473.973,花蓮縣光復鄉南富村建國路二段５０巷１６號
10015,1001507,南富村,10,建國路二段,,５０巷,,１６之３號,296211.6,2615512.66,花蓮縣光復鄉南富村建國路二段５０巷１６之３號
10015,1001507,南富村,9,建國路二段,,５０巷,,１８號,296242.93,2615591.443,花蓮縣光復鄉南富村建國路二段５０巷１８號
10015,1001507,南富村,9,建國路二段,,５０巷,,２０號,296270.393,2615586.488,花蓮縣光復鄉南富村建國路二段５０巷２０號
10015,1001507,南富村,10,建國路二段,,５０巷,,２２號,296233.746,2615725.067,花蓮縣光復鄉南富村建國路二段５０巷２２號
10015,1001507,南富村,10,建國路二段,,５０巷,,２２之５號,296281.23,2615824.68,花蓮縣光復鄉南富村建國路二段５０巷２２之５號
10015,1001507,南富村,10,建國路二段,,５０巷,,２４號,296278.65,2615758.4,花蓮縣光復鄉南富村建國路二段５０巷２４號
10015,1001507,南富村,10,建國路二段,,５０巷,,２６號,296299.594,2615613.196,花蓮縣光復鄉南富村建國路二段５０巷２６號
10015,1001507,南富村,10,建國路二段,,５０巷,,２８號,296336.107,2615605.655,花蓮縣光復鄉南富村建國路二段５０巷２８號
10015,1001507,南富村,10,建國路二段,,５０巷,,２８之１號,296429.76,2615595.73,花蓮縣光復鄉南富村建國路二段５０巷２８之１號
10015,1001507,南富村,10,建國路二段,,５０巷,,３６號,296117.06,2615688.55,花蓮縣光復鄉南富村建國路二段５０巷３６號
10015,1001507,南富村,10,建國路二段,,,,５２號,296076.515,2615440.065,花蓮縣光復鄉南富村建國路二段５２號
10015,1001507,南富村,10,建國路二段,,,,５４號,296064.69,2615491.76,花蓮縣光復鄉南富村建國路二段５４號
10015,1001507,南富村,10,建國路二段,,,,５６號,296052.75,2615517.715,花蓮縣光復鄉南富村建國路二段５６號
10015,1001507,南富村,8,建國路二段,,,,５７號,295944.08,2615644.487,花蓮縣光復鄉南富村建國路二段５７號
10015,1001507,南富村,8,建國路二段,,,,５８之２號,296009.66,2615584.2,花蓮縣光復鄉南富村建國路二段５８之２號
10015,1001507,南富村,8,建國路二段,,,,５８之１號,296023.569,2615574.915,花蓮縣光復鄉南富村建國路二段５８之１號
10015,1001507,南富村,8,建國路二段,,,,５８號,296025.499,2615561.929,花蓮縣光復鄉南富村建國路二段５８號
10015,1001507,南富村,8,建國路二段,,,,６０號,295996.355,2615620.652,花蓮縣光復鄉南富村建國路二段６０號
10015,1001507,南富村,8,建國路二段,,,,６１號,295934.36,2615658.345,花蓮縣光復鄉南富村建國路二段６１號
10015,1001507,南富村,8,建國路二段,,,,６２號,295989.88,2615631.975,花蓮縣光復鄉南富村建國路二段６２號
10015,1001507,南富村,8,建國路二段,,,,６３號,295932.171,2615669.474,花蓮縣光復鄉南富村建國路二段６３號
10015,1001507,南富村,8,建國路二段,,,,６４號,295962.619,2615677.552,花蓮縣光復鄉南富村建國路二段６４號
10015,1001507,南富村,8,建國路二段,,,,６５號,295915.046,2615677.654,花蓮縣光復鄉南富村建國路二段６５號
10015,1001507,南富村,8,建國路二段,,,,６５之１號,295880.778,2615726.567,花蓮縣光復鄉南富村建國路二段６５之１號
10015,1001507,南富村,8,建國路二段,,,,６６號,295983.692,2615644.348,花蓮縣光復鄉南富村建國路二段６６號
10015,1001507,南富村,8,建國路二段,,,,６７號,295881.864,2615711.805,花蓮縣光復鄉南富村建國路二段６７號
10015,1001507,南富村,8,建國路二段,,,,６８號,295948.581,2615696.814,花蓮縣光復鄉南富村建國路二段６８號
10015,1001507,南富村,8,建國路二段,,,,７０號,295932.309,2615716.13,花蓮縣光復鄉南富村建國路二段７０號
10015,1001507,南富村,8,建國路二段,,,,７０之１號,295930.212,2615730.928,花蓮縣光復鄉南富村建國路二段７０之１號
10015,1001507,南富村,8,建國路二段,,,,７１號,295878.518,2615743.888,花蓮縣光復鄉南富村建國路二段７１號
10015,1001507,南富村,8,建國路二段,,,,７２之１號,295913.584,2615748.276,花蓮縣光復鄉南富村建國路二段７２之１號
10015,1001507,南富村,8,建國路二段,,,,７２號,295927.271,2615747.191,花蓮縣光復鄉南富村建國路二段７２號
10015,1001507,南富村,8,建國路二段,,７３巷,,１號,295852.273,2615777.116,花蓮縣光復鄉南富村建國路二段７３巷１號
10015,1001507,南富村,8,建國路二段,,７３巷,,２５號,295620.098,2615470.584,花蓮縣光復鄉南富村建國路二段７３巷２５號
10015,1001507,南富村,8,建國路二段,,７４巷,,２號,295980.75,2615742.37,花蓮縣光復鄉南富村建國路二段７４巷２號
10015,1001507,南富村,8,建國路二段,,７４巷,,３號,296032.48,2615825.26,花蓮縣光復鄉南富村建國路二段７４巷３號
10015,1001507,南富村,8,建國路二段,,７４巷,,３之５號,296043.947,2615868.669,花蓮縣光復鄉南富村建國路二段７４巷３之５號
10015,1001507,南富村,8,建國路二段,,７４巷,,４號,295990.293,2615738.032,花蓮縣光復鄉南富村建國路二段７４巷４號
10015,1001507,南富村,6,建國路二段,,,,８０號,295900.734,2616547.071,花蓮縣光復鄉南富村建國路二段８０號
10015,1001507,南富村,6,建國路二段,,,,８０之１號,295914.58,2616547.716,花蓮縣光復鄉南富村建國路二段８０之１號
10015,1001507,南富村,6,建國路二段,,,,８１號,295866.636,2616598.523,花蓮縣光復鄉南富村建國路二段８１號
10015,1001507,南富村,6,建國路二段,,,,８１之１號,295859.936,2616619.906,花蓮縣光復鄉南富村建國路二段８１之１號
10015,1001507,南富村,6,建國路二段,,,,８２號,295907.38,2616554.172,花蓮縣光復鄉南富村建國路二段８２號
10015,1001507,南富村,6,建國路二段,,,,８３號,295860.666,2616666.787,花蓮縣光復鄉南富村建國路二段８３號
10015,1001507,南富村,6,建國路二段,,,,８４號,295892.703,2616561.09,花蓮縣光復鄉南富村建國路二段８４號
10015,1001507,南富村,6,建國路二段,,,,８５號,295862.871,2616738.414,花蓮縣光復鄉南富村建國路二段８５號
10015,1001507,南富村,6,建國路二段,,,,８７之１號,295861.791,2616710.182,花蓮縣光復鄉南富村建國路二段８７之１號
10015,1001507,南富村,6,建國路二段,,,,８７號,295860.773,2616724.343,花蓮縣光復鄉南富村建國路二段８７號
10015,1001507,南富村,6,建國路二段,,,,８８號,295893.97,2616602.58,花蓮縣光復鄉南富村建國路二段８８號
10015,1001507,南富村,6,建國路二段,,,,８９之１號,295836.473,2616717.504,花蓮縣光復鄉南富村建國路二段８９之１號
10015,1001507,南富村,6,建國路二段,,,,８９號,295839.64,2616738.528,花蓮縣光復鄉南富村建國路二段８９號
10015,1001507,南富村,6,建國路二段,,,,９０號,295885.431,2616633.48,花蓮縣光復鄉南富村建國路二段９０號
10015,1001507,南富村,6,建國路二段,,,,９１號,295827.468,2616781.907,花蓮縣光復鄉南富村建國路二段９１號
10015,1001507,南富村,6,建國路二段,,,,９２號,295886.548,2616644.078,花蓮縣光復鄉南富村建國路二段９２號
10015,1001507,南富村,6,建國路二段,,,,９３號,295837.74,2616790.797,花蓮縣光復鄉南富村建國路二段９３號
10015,1001507,南富村,6,建國路二段,,,,９５之１號,295844.291,2616751.423,花蓮縣光復鄉南富村建國路二段９５之１號
10015,1001507,南富村,6,建國路二段,,,,９５號,295848.744,2616759.096,花蓮縣光復鄉南富村建國路二段９５號
10015,1001507,南富村,5,建國路二段,,,,９６之３號,295963.631,2616818.432,花蓮縣光復鄉南富村建國路二段９６之３號
10015,1001507,南富村,5,建國路二段,,,,９６之５號,295968.215,2616812.442,花蓮縣光復鄉南富村建國路二段９６之５號
10015,1001507,南富村,5,建國路二段,,,,９６之２號,295948.866,2616829.831,花蓮縣光復鄉南富村建國路二段９６之２號
10015,1001507,南富村,5,建國路二段,,,,９６之４號,295966.676,2616829.76,花蓮縣光復鄉南富村建國路二段９６之４號
10015,1001507,南富村,5,建國路二段,,,,９６號,295944.528,2616813.809,花蓮縣光復鄉南富村建國路二段９６號
10015,1001507,南富村,5,建國路二段,,,,９６之１號,295946.077,2616825.472,花蓮縣光復鄉南富村建國路二段９６之１號
10015,1001507,南富村,5,建國路二段,,,,９６之６號,295955.447,2616837.478,花蓮縣光復鄉南富村建國路二段９６之６號
10015,1001507,南富村,5,建國路二段,,,,９６之７號,295958.308,2616841.765,花蓮縣光復鄉南富村建國路二段９６之７號
10015,1001507,南富村,6,建國路二段,,,,９７號,295851.126,2616770.792,花蓮縣光復鄉南富村建國路二段９７號
10015,1001507,南富村,5,建國路二段,,,,９８號,295966.751,2616847.775,花蓮縣光復鄉南富村建國路二段９８號
10015,1001507,南富村,5,建國路二段,,,,１００號,295988.453,2616861.385,花蓮縣光復鄉南富村建國路二段１００號
10015,1001507,南富村,6,建國路二段,,,,１０１號,295937.466,2616847.983,花蓮縣光復鄉南富村建國路二段１０１號
10015,1001507,南富村,5,建國路二段,,,,１０２號,295995.149,2616873.842,花蓮縣光復鄉南富村建國路二段１０２號
10015,1001507,南富村,6,建國路二段,,,,１０３號,295944.483,2616860.691,花蓮縣光復鄉南富村建國路二段１０３號
10015,1001507,南富村,3,建國路二段,,,,１０３之６號,295989.302,2616939.035,花蓮縣光復鄉南富村建國路二段１０３之６號
10015,1001507,南富村,3,建國路二段,,,,１０５之１號,296008.434,2616961.644,花蓮縣光復鄉南富村建國路二段１０５之１號
10015,1001507,南富村,3,建國路二段,,,,１０５號,296005.218,2616956.577,花蓮縣光復鄉南富村建國路二段１０５號
10015,1001507,南富村,3,建國路二段,,,,１０５之２號,296016.31,2616966.892,花蓮縣光復鄉南富村建國路二段１０５之２號
10015,1001507,南富村,4,建國路二段,,,,１０６號,296039.88,2616952.008,花蓮縣光復鄉南富村建國路二段１０６號
10015,1001507,南富村,3,建國路二段,,,,１０７號,296023.937,2616978.22,花蓮縣光復鄉南富村建國路二段１０７號
10015,1001507,南富村,4,建國路二段,,,,１０８之１號,296045.156,2616958.663,花蓮縣光復鄉南富村建國路二段１０８之１號
10015,1001507,南富村,4,建國路二段,,,,１０８之２號,296048.451,2616962.869,花蓮縣光復鄉南富村建國路二段１０８之２號
10015,1001507,南富村,4,建國路二段,,,,１１０號,296052.599,2616966.9,花蓮縣光復鄉南富村建國路二段１１０號
10015,1001507,南富村,3,建國路二段,,,,１１１號,296037.369,2616990.894,花蓮縣光復鄉南富村建國路二段１１１號
10015,1001507,南富村,3,建國路二段,,,,１１１之１號,296031.381,2616994.083,花蓮縣光復鄉南富村建國路二段１１１之１號
10015,1001507,南富村,3,建國路二段,,,,１１１之５號,296028.914,2617025.057,花蓮縣光復鄉南富村建國路二段１１１之５號
10015,1001507,南富村,3,建國路二段,,,,１１１之６號,296042.16,2617018.806,花蓮縣光復鄉南富村建國路二段１１１之６號
10015,1001507,南富村,3,建國路二段,,,,１１１之２號,296020.291,2617001.73,花蓮縣光復鄉南富村建國路二段１１１之２號
10015,1001507,南富村,3,建國路二段,,,,１１１之３號,296011.451,2617006.933,花蓮縣光復鄉南富村建國路二段１１１之３號
10015,1001507,南富村,4,建國路二段,,,,１１２號,296058.309,2616974.583,花蓮縣光復鄉南富村建國路二段１１２號
10015,1001507,南富村,3,建國路二段,,,,１１３號,296064.13,2617022.098,花蓮縣光復鄉南富村建國路二段１１３號
10015,1001507,南富村,3,建國路二段,,,,１１３之１號,296101.687,2617072.285,花蓮縣光復鄉南富村建國路二段１１３之１號
10015,1001507,南富村,4,建國路二段,,,,１１４號,296062.48,2616993.524,花蓮縣光復鄉南富村建國路二段１１４號
10015,1001507,南富村,4,建國路二段,,,,１１６號,296074.076,2617009.868,花蓮縣光復鄉南富村建國路二段１１６號
10015,1001507,南富村,3,建國路二段,,,,１１７號,296076.25,2617039.75,花蓮縣光復鄉南富村建國路二段１１７號
10015,1001507,南富村,4,建國路二段,,,,１２０號,296088.732,2617017.122,花蓮縣光復鄉南富村建國路二段１２０號
10015,1001507,南富村,13,民有街,,,,１２號,295060.644,2614563.836,花蓮縣光復鄉南富村民有街１２號
10015,1001507,南富村,13,民有街,,,,１２之１號,295107.21,2614857.11,花蓮縣光復鄉南富村民有街１２之１號
10015,1001507,南富村,12,西富路,,,,３５號,293951.75,2615756.89,花蓮縣光復鄉南富村西富路３５號
10015,1001507,南富村,12,西富路,,,,３７號,295411.222,2615204.621,花蓮縣光復鄉南富村西富路３７號
10015,1001507,南富村,12,西富路,,,,４３之５號,295464.849,2615161.728,花蓮縣光復鄉南富村西富路４３之５號
10015,1001507,南富村,12,西富路,,,,４３號,295366.584,2615193.765,花蓮縣光復鄉南富村西富路４３號
10015,1001507,南富村,12,西富路,,,,４３之１號,295379.652,2615185.73,花蓮縣光復鄉南富村西富路４３之１號
10015,1001507,南富村,12,西富路,,,,４３之６號,295325.93,2615209.43,花蓮縣光復鄉南富村西富路４３之６號
10015,1001507,南富村,12,西富路,,,,４５號,295570.5,2615254.449,花蓮縣光復鄉南富村西富路４５號
10015,1001507,南富村,12,西富路,,,,４６號,295524.386,2615137.179,花蓮縣光復鄉南富村西富路４６號
10015,1001507,南富村,12,西富路,,,,４７號,295593.728,2615218.334,花蓮縣光復鄉南富村西富路４７號
10015,1001507,南富村,12,西富路,,,,４８號,295688.946,2615111.863,花蓮縣光復鄉南富村西富路４８號
10015,1001507,南富村,12,西富路,,,,５１之１號,295559.577,2615161.567,花蓮縣光復鄉南富村西富路５１之１號
10015,1001507,南富村,12,西富路,,,,５１號,295562.58,2615182.394,花蓮縣光復鄉南富村西富路５１號
10015,1001507,南富村,12,西富路,,,,５３號,295578.356,2615161.857,花蓮縣光復鄉南富村西富路５３號
10015,1001507,南富村,12,西富路,,,,５５號,295646.712,2615186.856,花蓮縣光復鄉南富村西富路５５號
10015,1001507,南富村,12,西富路,,,,５７號,295603.116,2615201.022,花蓮縣光復鄉南富村西富路５７號
10015,1001507,南富村,12,西富路,,,,５９號,295625.844,2615158.669,花蓮縣光復鄉南富村西富路５９號
10015,1001507,南富村,12,西富路,,,,５９之１號,295609.628,2615174.957,花蓮縣光復鄉南富村西富路５９之１號
10015,1001507,南富村,12,西富路,,,,５９之２號,295626.809,2615150.131,花蓮縣光復鄉南富村西富路５９之２號
10015,1001507,南富村,12,西富路,,,,５９之３號,295613.214,2615151.706,花蓮縣光復鄉南富村西富路５９之３號
10015,1001507,南富村,12,西富路,,,,５９之５號,295627.73,2615162.3,花蓮縣光復鄉南富村西富路５９之５號
10015,1001507,南富村,12,西富路,,,,６１號,295694.278,2615147.518,花蓮縣光復鄉南富村西富路６１號
10015,1001507,南富村,12,西富路,,,,６３號,295773.016,2615193.379,花蓮縣光復鄉南富村西富路６３號
10015,1001507,大全村,9,中山路一段,,,,５０號,292408.03,2615791.33,花蓮縣光復鄉大全村中山路一段５０號
10015,1001507,大全村,9,中山路一段,,,,５０之１號,292410.08,2615798.51,花蓮縣光復鄉大全村中山路一段５０之１號
10015,1001507,大全村,9,中山路一段,,,,５２號,292396.23,2615819.5,花蓮縣光復鄉大全村中山路一段５２號
10015,1001507,大全村,9,中山路一段,,,,５２之１號,292412.81,2615813.87,花蓮縣光復鄉大全村中山路一段５２之１號
10015,1001507,大全村,9,中山路一段,,６６巷,,２號,292443.993,2615995.02,花蓮縣光復鄉大全村中山路一段６６巷２號
10015,1001507,大全村,9,中山路一段,,６６巷,,４號,292453.39,2615991.158,花蓮縣光復鄉大全村中山路一段６６巷４號
10015,1001507,大全村,9,中山路一段,,６６巷,,１２號,292488.158,2616020.213,花蓮縣光復鄉大全村中山路一段６６巷１２號
10015,1001507,大全村,9,中山路一段,,６６巷,,１２之１號,292509.01,2616019.22,花蓮縣光復鄉大全村中山路一段６６巷１２之１號
10015,1001507,大全村,9,中山路一段,,６６巷,,２６號,292537.106,2615956.052,花蓮縣光復鄉大全村中山路一段６６巷２６號
10015,1001507,大全村,9,中山路一段,,,,６８號,292427.232,2615999.516,花蓮縣光復鄉大全村中山路一段６８號
10015,1001507,大全村,9,中山路一段,,,,７０之１號,292457.48,2616014.09,花蓮縣光復鄉大全村中山路一段７０之１號
10015,1001507,大全村,9,中山路一段,,,,７２號,292431.66,2616024.215,花蓮縣光復鄉大全村中山路一段７２號
10015,1001507,大全村,9,中山路一段,,,,８０號,292441.826,2616068.935,花蓮縣光復鄉大全村中山路一段８０號
10015,1001507,大全村,7,中山路一段,,８２巷,１弄,６號,292525.014,2616197.48,花蓮縣光復鄉大全村中山路一段８２巷１弄６號
10015,1001507,大全村,7,中山路一段,,８２巷,１弄,９號,292575.523,2616194.324,花蓮縣光復鄉大全村中山路一段８２巷１弄９號
10015,1001507,大全村,7,中山路一段,,８２巷,１弄,１２號,292568.824,2616185.582,花蓮縣光復鄉大全村中山路一段８２巷１弄１２號
10015,1001507,大全村,7,中山路一段,,８２巷,１弄,１２之１號,292561.54,2616187.5,花蓮縣光復鄉大全村中山路一段８２巷１弄１２之１號
10015,1001507,大全村,9,中山路一段,,８２巷,,２號,292453.752,2616069.177,花蓮縣光復鄉大全村中山路一段８２巷２號
10015,1001507,大全村,7,中山路一段,,８２巷,２弄,５號,292578.569,2616285.941,花蓮縣光復鄉大全村中山路一段８２巷２弄５號
10015,1001507,大全村,7,中山路一段,,８２巷,２弄,７號,292585.839,2616275.442,花蓮縣光復鄉大全村中山路一段８２巷２弄７號
10015,1001507,大全村,7,中山路一段,,８２巷,２弄,１１號,292629.11,2616291.008,花蓮縣光復鄉大全村中山路一段８２巷２弄１１號
10015,1001507,大全村,7,中山路一段,,８２巷,２弄,１２號,292606.681,2616233.816,花蓮縣光復鄉大全村中山路一段８２巷２弄１２號
10015,1001507,大全村,7,中山路一段,,８２巷,２弄,１３號,292620.88,2616239.024,花蓮縣光復鄉大全村中山路一段８２巷２弄１３號
10015,1001507,大全村,7,中山路一段,,８２巷,２弄,１４號,292627.31,2616221.51,花蓮縣光復鄉大全村中山路一段８２巷２弄１４號
10015,1001507,大全村,7,中山路一段,,８２巷,２弄,１５號,292630.077,2616240.882,花蓮縣光復鄉大全村中山路一段８２巷２弄１５號
10015,1001507,大全村,7,中山路一段,,８２巷,２弄,１７之１號,292634.12,2616260.599,花蓮縣光復鄉大全村中山路一段８２巷２弄１７之１號
10015,1001507,大全村,7,中山路一段,,８２巷,２弄,１７號,292633.606,2616253.097,花蓮縣光復鄉大全村中山路一段８２巷２弄１７號
10015,1001507,大全村,7,中山路一段,,８２巷,２弄,１９號,292643.4,2616279.265,花蓮縣光復鄉大全村中山路一段８２巷２弄１９號
10015,1001507,大全村,9,中山路一段,,８２巷,,４號,292494.712,2616095.331,花蓮縣光復鄉大全村中山路一段８２巷４號
10015,1001507,大全村,7,中山路一段,,８２巷,,８號,292511.068,2616105.333,花蓮縣光復鄉大全村中山路一段８２巷８號
10015,1001507,大全村,7,中山路一段,,８２巷,,１２號,292505.642,2616141.392,花蓮縣光復鄉大全村中山路一段８２巷１２號
10015,1001507,大全村,7,中山路一段,,８２巷,,１４號,292523.961,2616132.785,花蓮縣光復鄉大全村中山路一段８２巷１４號
10015,1001507,大全村,7,中山路一段,,８２巷,,１６號,292508.747,2616157.501,花蓮縣光復鄉大全村中山路一段８２巷１６號
10015,1001507,大全村,7,中山路一段,,８２巷,,１８之１號,292554.389,2616137.054,花蓮縣光復鄉大全村中山路一段８２巷１８之１號
10015,1001507,大全村,7,中山路一段,,８２巷,,１８號,292526.089,2616163.622,花蓮縣光復鄉大全村中山路一段８２巷１８號
10015,1001507,大全村,8,中山路一段,,８２巷,,１８號,292526.089,2616163.622,花蓮縣光復鄉大全村中山路一段８２巷１８號
10015,1001507,大全村,8,中山路一段,,８２巷,,１８之３號,292582.312,2616139.406,花蓮縣光復鄉大全村中山路一段８２巷１８之３號
10015,1001507,大全村,8,中山路一段,,８２巷,,１８之１號,292554.389,2616137.054,花蓮縣光復鄉大全村中山路一段８２巷１８之１號
10015,1001507,大全村,7,中山路一段,,８２巷,,１８之３號,292582.312,2616139.406,花蓮縣光復鄉大全村中山路一段８２巷１８之３號
10015,1001507,大全村,7,中山路一段,,８２巷,,１８之２號,292590.291,2616150.439,花蓮縣光復鄉大全村中山路一段８２巷１８之２號
10015,1001507,大全村,7,中山路一段,,８２巷,,２４號,292533.785,2616221.211,花蓮縣光復鄉大全村中山路一段８２巷２４號
10015,1001507,大全村,8,中山路一段,,８２巷,,２５之１號,292520.05,2616229.94,花蓮縣光復鄉大全村中山路一段８２巷２５之１號
10015,1001507,大全村,8,中山路一段,,８２巷,,２５號,292518.42,2616239.532,花蓮縣光復鄉大全村中山路一段８２巷２５號
10015,1001507,大全村,8,中山路一段,,８２巷,,２７之１號,292531.446,2616256.842,花蓮縣光復鄉大全村中山路一段８２巷２７之１號
10015,1001507,大全村,8,中山路一段,,８２巷,,２７號,292527.974,2616246.478,花蓮縣光復鄉大全村中山路一段８２巷２７號
10015,1001507,大全村,7,中山路一段,,８２巷,,２８號,292555.408,2616226.61,花蓮縣光復鄉大全村中山路一段８２巷２８號
10015,1001507,大全村,8,中山路一段,,８２巷,,２９號,292535.127,2616275.041,花蓮縣光復鄉大全村中山路一段８２巷２９號
10015,1001507,大全村,8,中山路一段,,８２巷,,２９之１號,292523.817,2616276.751,花蓮縣光復鄉大全村中山路一段８２巷２９之１號
10015,1001507,大全村,7,中山路一段,,８２巷,,３０號,292535.649,2616229.266,花蓮縣光復鄉大全村中山路一段８２巷３０號
10015,1001507,大全村,7,中山路一段,,８２巷,,３２號,292534.365,2616239.458,花蓮縣光復鄉大全村中山路一段８２巷３２號
10015,1001507,大全村,7,中山路一段,,８２巷,,３８號,292540.508,2616254.321,花蓮縣光復鄉大全村中山路一段８２巷３８號
10015,1001507,大全村,8,中山路一段,,８２巷,,３９號,292537.814,2616301.386,花蓮縣光復鄉大全村中山路一段８２巷３９號
10015,1001507,大全村,8,中山路一段,,８２巷,,４１號,292547.482,2616325.923,花蓮縣光復鄉大全村中山路一段８２巷４１號
10015,1001507,大全村,8,中山路一段,,８２巷,,４５號,292550.073,2616334.197,花蓮縣光復鄉大全村中山路一段８２巷４５號
10015,1001507,大全村,7,中山路一段,,８２巷,,４６號,292562.517,2616310.189,花蓮縣光復鄉大全村中山路一段８２巷４６號
10015,1001507,大全村,8,中山路一段,,８２巷,,４７號,292550.1,2616340.69,花蓮縣光復鄉大全村中山路一段８２巷４７號
10015,1001507,大全村,8,中山路一段,,８２巷,,４９號,292548.256,2616345.852,花蓮縣光復鄉大全村中山路一段８２巷４９號
10015,1001507,大全村,7,中山路一段,,８２巷,,５０號,292588.71,2616316.397,花蓮縣光復鄉大全村中山路一段８２巷５０號
10015,1001507,大全村,7,中山路一段,,８２巷,,５２號,292581.191,2616327.617,花蓮縣光復鄉大全村中山路一段８２巷５２號
10015,1001507,大全村,7,中山路一段,,８２巷,,５４號,292563.651,2616325.876,花蓮縣光復鄉大全村中山路一段８２巷５４號
10015,1001507,大全村,7,中山路一段,,８２巷,,５６號,292590.287,2616332.294,花蓮縣光復鄉大全村中山路一段８２巷５６號
10015,1001507,大全村,6,中山路一段,,８２巷,,５７號,292552.123,2616405.703,花蓮縣光復鄉大全村中山路一段８２巷５７號
10015,1001507,大全村,6,中山路一段,,８２巷,,５９號,292558.342,2616420.811,花蓮縣光復鄉大全村中山路一段８２巷５９號
10015,1001507,大全村,5,中山路一段,,８２巷,,５９號,292558.342,2616420.811,花蓮縣光復鄉大全村中山路一段８２巷５９號
10015,1001507,大全村,7,中山路一段,,８２巷,,６０號,292565.616,2616340.013,花蓮縣光復鄉大全村中山路一段８２巷６０號
10015,1001507,大全村,5,中山路一段,,８２巷,,６１號,292563.599,2616428.901,花蓮縣光復鄉大全村中山路一段８２巷６１號
10015,1001507,大全村,7,中山路一段,,８２巷,,６２號,292562.902,2616357.813,花蓮縣光復鄉大全村中山路一段８２巷６２號
10015,1001507,大全村,5,中山路一段,,８２巷,,６３號,292565.826,2616433.218,花蓮縣光復鄉大全村中山路一段８２巷６３號
10015,1001507,大全村,7,中山路一段,,８２巷,,６４號,292581.528,2616342.244,花蓮縣光復鄉大全村中山路一段８２巷６４號
10015,1001507,大全村,6,中山路一段,,８２巷,,６８號,292563.035,2616408.722,花蓮縣光復鄉大全村中山路一段８２巷６８號
10015,1001507,大全村,6,中山路一段,,８２巷,,７０號,292567.856,2616418.958,花蓮縣光復鄉大全村中山路一段８２巷７０號
10015,1001507,大全村,5,中山路一段,,８２巷,,７６號,292585.725,2616427.013,花蓮縣光復鄉大全村中山路一段８２巷７６號
10015,1001507,大全村,5,中山路一段,,８２巷,,７８號,292576.247,2616432.942,花蓮縣光復鄉大全村中山路一段８２巷７８號
10015,1001507,大全村,5,中山路一段,,８２巷,,８０號,292596.849,2616436.023,花蓮縣光復鄉大全村中山路一段８２巷８０號
10015,1001507,大全村,5,中山路一段,,８２巷,,８２號,292580.937,2616442.069,花蓮縣光復鄉大全村中山路一段８２巷８２號
10015,1001507,大全村,8,中山路一段,,,,８６號,292453.497,2616082.598,花蓮縣光復鄉大全村中山路一段８６號
10015,1001507,大全村,8,中山路一段,,,,８８號,292453.566,2616086.978,花蓮縣光復鄉大全村中山路一段８８號
10015,1001507,大全村,8,中山路一段,,,,９０號,292453.635,2616091.124,花蓮縣光復鄉大全村中山路一段９０號
10015,1001507,大全村,8,中山路一段,,,,９２號,292454.76,2616095.856,花蓮縣光復鄉大全村中山路一段９２號
10015,1001507,大全村,8,中山路一段,,,,９４號,292455.885,2616100.588,花蓮縣光復鄉大全村中山路一段９４號
10015,1001507,大全村,5,中山路一段,,９５巷,,１號,292470.52,2616453.931,花蓮縣光復鄉大全村中山路一段９５巷１號
10015,1001507,大全村,5,中山路一段,,９５巷,,２之１號,292464.2,2616468.36,花蓮縣光復鄉大全村中山路一段９５巷２之１號
10015,1001507,大全村,5,中山路一段,,９５巷,,２號,292475.85,2616464.928,花蓮縣光復鄉大全村中山路一段９５巷２號
10015,1001507,大全村,5,中山路一段,,９５巷,,４號,292490.5,2616484.775,花蓮縣光復鄉大全村中山路一段９５巷４號
10015,1001507,大全村,5,中山路一段,,９５巷,,４之２號,292457.35,2616494.9,花蓮縣光復鄉大全村中山路一段９５巷４之２號
10015,1001507,大全村,5,中山路一段,,９５巷,,４之１號,292453.81,2616570.437,花蓮縣光復鄉大全村中山路一段９５巷４之１號
10015,1001507,大全村,5,中山路一段,,９５巷,,６號,292523.557,2616586.647,花蓮縣光復鄉大全村中山路一段９５巷６號
10015,1001507,大全村,5,中山路一段,,９５巷,,７號,292467.011,2616396.961,花蓮縣光復鄉大全村中山路一段９５巷７號
10015,1001507,大全村,5,中山路一段,,９５巷,,１０號,292520.337,2616610.15,花蓮縣光復鄉大全村中山路一段９５巷１０號
10015,1001507,大全村,5,中山路一段,,９５巷,,１２號,292522.323,2616617.973,花蓮縣光復鄉大全村中山路一段９５巷１２號
10015,1001507,大全村,5,中山路一段,,９５巷,,１６號,292514.118,2616630.116,花蓮縣光復鄉大全村中山路一段９５巷１６號
10015,1001507,大全村,5,中山路一段,,９５巷,,１６之２號,292476.667,2616642.549,花蓮縣光復鄉大全村中山路一段９５巷１６之２號
10015,1001507,大全村,5,中山路一段,,９５巷,,１６之１號,292488.775,2616638.547,花蓮縣光復鄉大全村中山路一段９５巷１６之１號
10015,1001507,大全村,8,中山路一段,,,,９６號,292453.645,2616114.5,花蓮縣光復鄉大全村中山路一段９６號
10015,1001507,大全村,8,中山路一段,,,,１００號,292456.557,2616127.371,花蓮縣光復鄉大全村中山路一段１００號
10015,1001507,大全村,8,中山路一段,,,,１０２號,292457.177,2616132.198,花蓮縣光復鄉大全村中山路一段１０２號
10015,1001507,大全村,8,中山路一段,,,,１０４號,292467.754,2616136.264,花蓮縣光復鄉大全村中山路一段１０４號
10015,1001507,大全村,8,中山路一段,,,,１０６號,292486.071,2616145.728,花蓮縣光復鄉大全村中山路一段１０６號
10015,1001507,大全村,8,中山路一段,,,,１０８號,292466.35,2616160.176,花蓮縣光復鄉大全村中山路一段１０８號
10015,1001507,大全村,8,中山路一段,,,,１１０號,292467.578,2616163.725,花蓮縣光復鄉大全村中山路一段１１０號
10015,1001507,大全村,8,中山路一段,,,,１１２號,292469.69,2616169.94,花蓮縣光復鄉大全村中山路一段１１２號
10015,1001507,大全村,8,中山路一段,,,,１１４號,292471.608,2616177.932,花蓮縣光復鄉大全村中山路一段１１４號
10015,1001507,大全村,8,中山路一段,,,,１１６號,292473.132,2616183.893,花蓮縣光復鄉大全村中山路一段１１６號
10015,1001507,大全村,8,中山路一段,,,,１１８號,292473.556,2616196.254,花蓮縣光復鄉大全村中山路一段１１８號
10015,1001507,大全村,8,中山路一段,,,,１１８之１號,292474.891,2616189.227,花蓮縣光復鄉大全村中山路一段１１８之１號
10015,1001507,大全村,8,中山路一段,,,,１２０號,292496.917,2616203.936,花蓮縣光復鄉大全村中山路一段１２０號
10015,1001507,大全村,8,中山路一段,,,,１２２號,292475.427,2616204.402,花蓮縣光復鄉大全村中山路一段１２２號
10015,1001507,大全村,8,中山路一段,,,,１２４號,292480.993,2616217.748,花蓮縣光復鄉大全村中山路一段１２４號
10015,1001507,大全村,8,中山路一段,,,,１２６號,292485.724,2616229.452,花蓮縣光復鄉大全村中山路一段１２６號
10015,1001507,大全村,8,中山路一段,,,,１２８號,292489.417,2616241.411,花蓮縣光復鄉大全村中山路一段１２８號
10015,1001507,大全村,8,中山路一段,,,,１３０號,292492.061,2616247.564,花蓮縣光復鄉大全村中山路一段１３０號
10015,1001507,大全村,8,中山路一段,,,,１３４號,292495.434,2616257.127,花蓮縣光復鄉大全村中山路一段１３４號
10015,1001507,大全村,8,中山路一段,,,,１３６號,292499.529,2616283.936,花蓮縣光復鄉大全村中山路一段１３６號
10015,1001507,大全村,8,中山路一段,,,,１３８號,292499.722,2616290.697,花蓮縣光復鄉大全村中山路一段１３８號
10015,1001507,大全村,8,中山路一段,,,,１４０號,292501.248,2616300.308,花蓮縣光復鄉大全村中山路一段１４０號
10015,1001507,大全村,8,中山路一段,,,,１４２號,292503.126,2616306.605,花蓮縣光復鄉大全村中山路一段１４２號
10015,1001507,大全村,8,中山路一段,,,,１４４號,292505.005,2616312.903,花蓮縣光復鄉大全村中山路一段１４４號
10015,1001507,大全村,8,中山路一段,,,,１４６號,292506.883,2616319.2,花蓮縣光復鄉大全村中山路一段１４６號
10015,1001507,大全村,8,中山路一段,,,,１４８號,292511.07,2616322.38,花蓮縣光復鄉大全村中山路一段１４８號
10015,1001507,大全村,8,中山路一段,,,,１５２號,292512.43,2616328.583,花蓮縣光復鄉大全村中山路一段１５２號
10015,1001507,大全村,8,中山路一段,,,,１５４號,292515.868,2616332.17,花蓮縣光復鄉大全村中山路一段１５４號
10015,1001507,大全村,8,中山路一段,,,,１５６號,292513.783,2616340.896,花蓮縣光復鄉大全村中山路一段１５６號
10015,1001507,大全村,8,中山路一段,,,,１６０號,292515.405,2616357.367,花蓮縣光復鄉大全村中山路一段１６０號
10015,1001507,大全村,8,中山路一段,,,,１６２號,292518.952,2616362.724,花蓮縣光復鄉大全村中山路一段１６２號
10015,1001507,大全村,8,中山路一段,,,,１６４號,292520.141,2616367.157,花蓮縣光復鄉大全村中山路一段１６４號
10015,1001507,大全村,8,中山路一段,,,,１６６號,292520.582,2616370.423,花蓮縣光復鄉大全村中山路一段１６６號
10015,1001507,大全村,6,中山路一段,,１６８巷,,３號,292538.924,2616383.988,花蓮縣光復鄉大全村中山路一段１６８巷３號
10015,1001507,大全村,7,中山路一段,,１６８巷,,６號,292599.292,2616356.78,花蓮縣光復鄉大全村中山路一段１６８巷６號
10015,1001507,大全村,7,中山路一段,,１６８巷,,８號,292615.179,2616345.318,花蓮縣光復鄉大全村中山路一段１６８巷８號
10015,1001507,大全村,6,中山路一段,,１６８巷,,１１號,292583.012,2616371.009,花蓮縣光復鄉大全村中山路一段１６８巷１１號
10015,1001507,大全村,7,中山路一段,,１６８巷,,１２號,292634.427,2616351.887,花蓮縣光復鄉大全村中山路一段１６８巷１２號
10015,1001507,大全村,6,中山路一段,,１６８巷,,１３號,292595.756,2616400.699,花蓮縣光復鄉大全村中山路一段１６８巷１３號
10015,1001507,大全村,7,中山路一段,,１６８巷,,１４號,292617.937,2616332.806,花蓮縣光復鄉大全村中山路一段１６８巷１４號
10015,1001507,大全村,6,中山路一段,,１６８巷,,１５號,292595.467,2616369.789,花蓮縣光復鄉大全村中山路一段１６８巷１５號
10015,1001507,大全村,7,中山路一段,,１６８巷,,１６號,292645.64,2616343.53,花蓮縣光復鄉大全村中山路一段１６８巷１６號
10015,1001507,大全村,6,中山路一段,,１６８巷,,１９號,292633.16,2616365.418,花蓮縣光復鄉大全村中山路一段１６８巷１９號
10015,1001507,大全村,7,中山路一段,,１６８巷,,２０號,292660.669,2616336.866,花蓮縣光復鄉大全村中山路一段１６８巷２０號
10015,1001507,大全村,6,中山路一段,,１６８巷,,２１號,292636.094,2616372.677,花蓮縣光復鄉大全村中山路一段１６８巷２１號
10015,1001507,大全村,7,中山路一段,,１６８巷,,２２號,292647.021,2616302.763,花蓮縣光復鄉大全村中山路一段１６８巷２２號
10015,1001507,大全村,6,中山路一段,,１６８巷,,２３之１號,292645.689,2616388.964,花蓮縣光復鄉大全村中山路一段１６８巷２３之１號
10015,1001507,大全村,6,中山路一段,,１６８巷,,２３號,292644.395,2616382.853,花蓮縣光復鄉大全村中山路一段１６８巷２３號
10015,1001507,大全村,6,中山路一段,,１６８巷,,２５號,292655.222,2616371.16,花蓮縣光復鄉大全村中山路一段１６８巷２５號
10015,1001507,大全村,8,中山路一段,,１６８巷,,２５號,292655.222,2616371.16,花蓮縣光復鄉大全村中山路一段１６８巷２５號
10015,1001507,大全村,6,中山路一段,,１６８巷,,２９號,292665.022,2616407.919,花蓮縣光復鄉大全村中山路一段１６８巷２９號
10015,1001507,大全村,6,中山路一段,,,,１６８號,292524.02,2616375.84,花蓮縣光復鄉大全村中山路一段１６８號
10015,1001507,大全村,6,中山路一段,,,,１７２號,292525.321,2616393.357,花蓮縣光復鄉大全村中山路一段１７２號
10015,1001507,大全村,6,中山路一段,,,,１７４號,292528.108,2616402.941,花蓮縣光復鄉大全村中山路一段１７４號
10015,1001507,大全村,6,中山路一段,,,,１７６號,292530.68,2616411.118,花蓮縣光復鄉大全村中山路一段１７６號
10015,1001507,大全村,6,中山路一段,,,,１７８號,292532.242,2616417.373,花蓮縣光復鄉大全村中山路一段１７８號
10015,1001507,大全村,5,中山路一段,,,,１８２號,292536.801,2616426.27,花蓮縣光復鄉大全村中山路一段１８２號
10015,1001507,大全村,5,中山路一段,,,,１８４號,292547.799,2616457.358,花蓮縣光復鄉大全村中山路一段１８４號
10015,1001507,大全村,5,中山路一段,,１８６巷,,１號,292589.115,2616484.99,花蓮縣光復鄉大全村中山路一段１８６巷１號
10015,1001507,大全村,5,中山路一段,,１８６巷,１弄,７號,292621.726,2616481.917,花蓮縣光復鄉大全村中山路一段１８６巷１弄７號
10015,1001507,大全村,5,中山路一段,,１８６巷,,８號,292602.716,2616434.627,花蓮縣光復鄉大全村中山路一段１８６巷８號
10015,1001507,大全村,5,中山路一段,,１８６巷,,１０號,292614.42,2616430.999,花蓮縣光復鄉大全村中山路一段１８６巷１０號
10015,1001507,大全村,5,中山路一段,,１８６巷,,１２號,292635.244,2616421.489,花蓮縣光復鄉大全村中山路一段１８６巷１２號
10015,1001507,大全村,5,中山路一段,,１８６巷,,１６號,292682.84,2616401.36,花蓮縣光復鄉大全村中山路一段１８６巷１６號
10015,1001507,大全村,5,中山路一段,,,,１８８號,292550.088,2616465.307,花蓮縣光復鄉大全村中山路一段１８８號
10015,1001507,大全村,5,中山路一段,,,,１９０號,292550.21,2616486.693,花蓮縣光復鄉大全村中山路一段１９０號
10015,1001507,大全村,5,中山路一段,,,,１９４號,292577.4,2616505.06,花蓮縣光復鄉大全村中山路一段１９４號
10015,1001507,大全村,5,中山路一段,,,,１９６號,292556.227,2616511.066,花蓮縣光復鄉大全村中山路一段１９６號
10015,1001507,大全村,5,中山路一段,,,,１９８號,292563.622,2616517.602,花蓮縣光復鄉大全村中山路一段１９８號
10015,1001507,大全村,5,中山路一段,,,,２０８號,292580.813,2616531.795,花蓮縣光復鄉大全村中山路一段２０８號
10015,1001507,大全村,5,中山路一段,,,,２１０號,292564.814,2616548.094,花蓮縣光復鄉大全村中山路一段２１０號
10015,1001507,大全村,5,中山路一段,,,,２１２號,292571.306,2616550.172,花蓮縣光復鄉大全村中山路一段２１２號
10015,1001507,大全村,5,中山路一段,,,,２１４號,292569.859,2616555.613,花蓮縣光復鄉大全村中山路一段２１４號
10015,1001507,大全村,5,中山路一段,,２１６巷,,１號,292584.983,2616549.573,花蓮縣光復鄉大全村中山路一段２１６巷１號
10015,1001507,大全村,5,中山路一段,,２１６巷,,２號,292589.281,2616548.093,花蓮縣光復鄉大全村中山路一段２１６巷２號
10015,1001507,大全村,5,中山路一段,,２１６巷,,４號,292597.556,2616548.702,花蓮縣光復鄉大全村中山路一段２１６巷４號
10015,1001507,大全村,5,中山路一段,,２１６巷,,５號,292601.889,2616547.011,花蓮縣光復鄉大全村中山路一段２１６巷５號
10015,1001507,大全村,5,中山路一段,,２１６巷,,６號,292610.869,2616513.174,花蓮縣光復鄉大全村中山路一段２１６巷６號
10015,1001507,大全村,5,中山路一段,,２１６巷,,７號,292658.252,2616493.358,花蓮縣光復鄉大全村中山路一段２１６巷７號
10015,1001507,大全村,5,中山路一段,,２１６巷,,８號,292679.131,2616560.605,花蓮縣光復鄉大全村中山路一段２１６巷８號
10015,1001507,大全村,5,中山路一段,,,,２３２號,292637.949,2616728.381,花蓮縣光復鄉大全村中山路一段２３２號
10015,1001507,大全村,1,大全街,,２巷,,１號,292596.742,2616927.578,花蓮縣光復鄉大全村大全街２巷１號
10015,1001507,大全村,2,大全街,,２巷,,２號,292607.26,2616942.744,花蓮縣光復鄉大全村大全街２巷２號
10015,1001507,大全村,1,大全街,,２巷,,２號,292607.26,2616942.744,花蓮縣光復鄉大全村大全街２巷２號
10015,1001507,大全村,1,大全街,,２巷,,９號,292675.915,2617213.709,花蓮縣光復鄉大全村大全街２巷９號
10015,1001507,大全村,1,大全街,,２巷,,１０號,292674.79,2617196.18,花蓮縣光復鄉大全村大全街２巷１０號
10015,1001507,大全村,1,大全街,,２巷,,１３之１號,292645.445,2617205.459,花蓮縣光復鄉大全村大全街２巷１３之１號
10015,1001507,大全村,1,大全街,,２巷,,１４號,292621.115,2617219.377,花蓮縣光復鄉大全村大全街２巷１４號
10015,1001507,大全村,1,大全街,,２巷,,１５號,292636.53,2617209.727,花蓮縣光復鄉大全村大全街２巷１５號
10015,1001507,大全村,1,大全街,,２巷,,１６號,292634.859,2617199.149,花蓮縣光復鄉大全村大全街２巷１６號
10015,1001507,大全村,1,大全街,,２巷,,１７號,292607.057,2617203.405,花蓮縣光復鄉大全村大全街２巷１７號
10015,1001507,大全村,1,大全街,,２巷,,１９號,292590.249,2617188.138,花蓮縣光復鄉大全村大全街２巷１９號
10015,1001507,大全村,1,大全街,,２巷,,２１號,292586.271,2617203.877,花蓮縣光復鄉大全村大全街２巷２１號
10015,1001507,大全村,1,大全街,,２巷,,２１之１號,292591.32,2617312.51,花蓮縣光復鄉大全村大全街２巷２１之１號
10015,1001507,大全村,1,大全街,,２巷,,２２號,292580.528,2617190.014,花蓮縣光復鄉大全村大全街２巷２２號
10015,1001507,大全村,1,大全街,,２巷,,２４號,292585.173,2617176.394,花蓮縣光復鄉大全村大全街２巷２４號
10015,1001507,大全村,4,大全街,,７巷,,１之１０號,292405.87,2617302.396,花蓮縣光復鄉大全村大全街７巷１之１０號
10015,1001507,大全村,4,大全街,,７巷,,１號,292356.031,2616988.422,花蓮縣光復鄉大全村大全街７巷１號
10015,1001507,大全村,4,大全街,,７巷,,１之２號,292395.737,2617046.319,花蓮縣光復鄉大全村大全街７巷１之２號
10015,1001507,大全村,3,大全街,,７巷,,２號,292387.582,2617083.206,花蓮縣光復鄉大全村大全街７巷２號
10015,1001507,大全村,3,大全街,,７巷,,３號,292280.55,2616743.101,花蓮縣光復鄉大全村大全街７巷３號
10015,1001507,大全村,4,大全街,,７巷,,６號,292186.518,2616621.082,花蓮縣光復鄉大全村大全街７巷６號
10015,1001507,大全村,4,大全街,,,,７號,292140.453,2616741.405,花蓮縣光復鄉大全村大全街７號
10015,1001507,大全村,4,大全街,,７巷,,１０號,292100.89,2616425.75,花蓮縣光復鄉大全村大全街７巷１０號
10015,1001507,大全村,4,大全街,,７巷,,１１號,292179.167,2616503.761,花蓮縣光復鄉大全村大全街７巷１１號
10015,1001507,大全村,4,大全街,,７巷,,１２號,292109.427,2616362.941,花蓮縣光復鄉大全村大全街７巷１２號
10015,1001507,大全村,4,大全街,,７巷,,１６號,292049.77,2616299.48,花蓮縣光復鄉大全村大全街７巷１６號
10015,1001507,大全村,4,大全街,,７巷,,１７號,292041.899,2616306.631,花蓮縣光復鄉大全村大全街７巷１７號
10015,1001507,大全村,4,大全街,,７巷,,１８之２號,291964.009,2616341.263,花蓮縣光復鄉大全村大全街７巷１８之２號
10015,1001507,大全村,4,大全街,,７巷,,１８號,291981.442,2616299.58,花蓮縣光復鄉大全村大全街７巷１８號
10015,1001507,大全村,4,大全街,,７巷,,２０號,291399.71,2616222.18,花蓮縣光復鄉大全村大全街７巷２０號
10015,1001507,大全村,4,大全街,,７巷,,３０號,292109.14,2616167.04,花蓮縣光復鄉大全村大全街７巷３０號
10015,1001507,大全村,3,大全街,,,,１２號,292259.689,2616853.823,花蓮縣光復鄉大全村大全街１２號
10015,1001507,大全村,3,大全街,,４１巷,,５號,292022.789,2616813.214,花蓮縣光復鄉大全村大全街４１巷５號
10015,1001507,大全村,3,大全街,,４１巷,,６號,291975.999,2616802.661,花蓮縣光復鄉大全村大全街４１巷６號
10015,1001507,大全村,3,大全街,,４１巷,,６之２號,291966.23,2616818.91,花蓮縣光復鄉大全村大全街４１巷６之２號
10015,1001507,大全村,3,大全街,,４１巷,,６之１號,291981.81,2616824.22,花蓮縣光復鄉大全村大全街４１巷６之１號
10015,1001507,大全村,3,大全街,,４１巷,,７之１號,292058.03,2616796.59,花蓮縣光復鄉大全村大全街４１巷７之１號
10015,1001507,大全村,4,大全街,,４１巷,,１１號,291993.281,2616760.75,花蓮縣光復鄉大全村大全街４１巷１１號
10015,1001507,大全村,4,大全街,,４１巷,,１１之１號,291967.04,2616656.48,花蓮縣光復鄉大全村大全街４１巷１１之１號
10015,1001507,大全村,3,大全街,,４１巷,,１２號,291839.803,2616537.439,花蓮縣光復鄉大全村大全街４１巷１２號
10015,1001507,大全村,3,大全街,,４２巷,,５號,292023.947,2616978.943,花蓮縣光復鄉大全村大全街４２巷５號
10015,1001507,大全村,3,大全街,,４２巷,,７號,292041.145,2617019.027,花蓮縣光復鄉大全村大全街４２巷７號
10015,1001507,大全村,3,大全街,,４２巷,,９號,292052.852,2617053.435,花蓮縣光復鄉大全村大全街４２巷９號
10015,1001507,大全村,3,大全街,,４２巷,,１５號,292116.558,2617271.565,花蓮縣光復鄉大全村大全街４２巷１５號
10015,1001507,大全村,3,大全街,,４２巷,,１８號,292237.71,2617366.04,花蓮縣光復鄉大全村大全街４２巷１８號
10015,1001507,大全村,3,大全街,,４２巷,,２０號,292220.11,2617428.6,花蓮縣光復鄉大全村大全街４２巷２０號
10015,1001507,大全村,3,大全街,,４２巷,,２２號,292267.281,2617548.263,花蓮縣光復鄉大全村大全街４２巷２２號
10015,1001507,大全村,3,大全街,,４２巷,,２５之１號,292181.026,2617440.22,花蓮縣光復鄉大全村大全街４２巷２５之１號
10015,1001507,大全村,3,大全街,,４２巷,,２７號,292217.902,2617505.522,花蓮縣光復鄉大全村大全街４２巷２７號
10015,1001507,大全村,3,大全街,,４２巷,３０弄,６號,292372.034,2617630.518,花蓮縣光復鄉大全村大全街４２巷３０弄６號
10015,1001507,大全村,3,大全街,,４２巷,３０弄,８號,292368.046,2617482.48,花蓮縣光復鄉大全村大全街４２巷３０弄８號
10015,1001507,大全村,3,大全街,,４２巷,３０弄,９號,292384.185,2617479.437,花蓮縣光復鄉大全村大全街４２巷３０弄９號
10015,1001507,大全村,3,大全街,,４２巷,３０弄,１０號,292330.343,2617385.576,花蓮縣光復鄉大全村大全街４２巷３０弄１０號
10015,1001507,大全村,3,大全街,,４２巷,３０弄,１９號,292257.11,2617282.48,花蓮縣光復鄉大全村大全街４２巷３０弄１９號
10015,1001507,大全村,3,大全街,,,,４２之１６號,291896.241,2616929.786,花蓮縣光復鄉大全村大全街４２之１６號
10015,1001507,大全村,3,大全街,,,,４２號,291977.33,2616908.68,花蓮縣光復鄉大全村大全街４２號
10015,1001507,大全村,3,大全街,,４６巷,,２１號,292150.71,2617336.15,花蓮縣光復鄉大全村大全街４６巷２１號
10015,1001507,大全村,3,大全街,,,,４７號,291895.021,2616888.745,花蓮縣光復鄉大全村大全街４７號
10015,1001507,大全村,3,大全街,,,,４８號,291831.123,2616944.009,花蓮縣光復鄉大全村大全街４８號
10015,1001507,大全村,3,大全街,,,,５０號,291746.456,2616968.218,花蓮縣光復鄉大全村大全街５０號
10015,1001507,大全村,3,大全街,,,,５１號,291740.757,2616936.445,花蓮縣光復鄉大全村大全街５１號
10015,1001507,大全村,3,大全街,,,,５１之１號,291743.93,2616926.52,花蓮縣光復鄉大全村大全街５１之１號
10015,1001507,大全村,3,大全街,,５３巷,,４號,291720.567,2616953.668,花蓮縣光復鄉大全村大全街５３巷４號
10015,1001507,大全村,3,大全街,,５３巷,,５號,291762.769,2616852.364,花蓮縣光復鄉大全村大全街５３巷５號
10015,1001507,大全村,3,大全街,,５３巷,,８號,291711.66,2616921.06,花蓮縣光復鄉大全村大全街５３巷８號
10015,1001507,大全村,3,大全街,,５３巷,,８之１號,291549.97,2616943.7,花蓮縣光復鄉大全村大全街５３巷８之１號
10015,1001507,大全村,3,大全街,,５３巷,,１２號,291705.391,2616882.372,花蓮縣光復鄉大全村大全街５３巷１２號
10015,1001507,大全村,3,大全街,,５３巷,,１４號,291707.169,2616866.567,花蓮縣光復鄉大全村大全街５３巷１４號
10015,1001507,大全村,3,大全街,,５３巷,,１９號,291705.293,2616838.47,花蓮縣光復鄉大全村大全街５３巷１９號
10015,1001507,大全村,3,大全街,,５３巷,,２０號,291685.639,2616832.871,花蓮縣光復鄉大全村大全街５３巷２０號
10015,1001507,大全村,3,大全街,,,,５５號,291720.895,2616978.859,花蓮縣光復鄉大全村大全街５５號
10015,1001507,大全村,3,大全街,,,,５７之１號,291714.94,2617032.57,花蓮縣光復鄉大全村大全街５７之１號
10015,1001507,大全村,3,大全街,,,,５７號,291718.699,2617014.007,花蓮縣光復鄉大全村大全街５７號
10015,1001507,大全村,2,大全街,,５８巷,,３號,291849.819,2617475.654,花蓮縣光復鄉大全村大全街５８巷３號
10015,1001507,大全村,3,大全街,,,,６０號,291747.803,2617034.182,花蓮縣光復鄉大全村大全街６０號
10015,1001507,大全村,3,大全街,,,,６１號,291687.631,2617093.066,花蓮縣光復鄉大全村大全街６１號
10015,1001507,大全村,3,大全街,,６２巷,,１１號,291796.63,2617496.41,花蓮縣光復鄉大全村大全街６２巷１１號
10015,1001507,大全村,3,大全街,,６２巷,,１５號,291680.379,2617361.88,花蓮縣光復鄉大全村大全街６２巷１５號
10015,1001507,大全村,3,大全街,,６２巷,,１６之２號,291811.339,2617410.137,花蓮縣光復鄉大全村大全街６２巷１６之２號
10015,1001507,大全村,3,大全街,,６２巷,,１６號,291853.223,2617517.74,花蓮縣光復鄉大全村大全街６２巷１６號
10015,1001507,大全村,3,大全街,,６２巷,,１６之１號,291934.446,2617473.773,花蓮縣光復鄉大全村大全街６２巷１６之１號
10015,1001507,大全村,3,大全街,,６２巷,,１６之３號,291744.13,2617343.85,花蓮縣光復鄉大全村大全街６２巷１６之３號
10015,1001507,大全村,3,大全街,,６２巷,,１８號,291280.13,2617620.53,花蓮縣光復鄉大全村大全街６２巷１８號
10015,1001507,大全村,3,大全街,,,,６５號,291717.704,2617158.701,花蓮縣光復鄉大全村大全街６５號
10015,1001507,大全村,3,大全街,,,,６６號,291572.627,2617300.459,花蓮縣光復鄉大全村大全街６６號
10015,1001507,大全村,2,大全街,,,,６８之１號,291349.49,2617380.57,花蓮縣光復鄉大全村大全街６８之１號
10015,1001507,大全村,3,大全街,,,,６９號,291552.843,2617245.761,花蓮縣光復鄉大全村大全街６９號
10015,1001507,大全村,3,大全街,,,,７０號,291536.36,2617260.15,花蓮縣光復鄉大全村大全街７０號
10015,1001507,大全村,3,大全街,,,,７１號,291556.908,2617220.556,花蓮縣光復鄉大全村大全街７１號
10015,1001507,大全村,2,大全街,,,,７３號,291311.66,2617206.33,花蓮縣光復鄉大全村大全街７３號
10015,1001507,大全村,2,大全街,,,,７５號,291322.383,2617166.314,花蓮縣光復鄉大全村大全街７５號
10015,1001507,大全村,2,大全街,,,,７７號,291305.267,2617223.519,花蓮縣光復鄉大全村大全街７７號
10015,1001507,大全村,2,大全街,,,,７８號,291253.469,2617226.811,花蓮縣光復鄉大全村大全街７８號
10015,1001507,大全村,2,大全街,,,,７９號,291205.182,2617194.069,花蓮縣光復鄉大全村大全街７９號
10015,1001507,大全村,2,大全街,,,,７９之２號,291245.44,2617158.31,花蓮縣光復鄉大全村大全街７９之２號
10015,1001507,大全村,2,大全街,,,,７９之１號,291208.39,2617196.03,花蓮縣光復鄉大全村大全街７９之１號
10015,1001507,大全村,2,大全街,,,,８７號,291278.257,2617247.986,花蓮縣光復鄉大全村大全街８７號
10015,1001507,大全村,13,建國路一段,,,,自強新村１號,293046.76,2611156.58,花蓮縣光復鄉大全村建國路一段自強新村１號
10015,1001507,大全村,15,建國路一段,,,,２５號,293694.549,2612536.73,花蓮縣光復鄉大全村建國路一段２５號
10015,1001507,大全村,13,建國路一段,,,,２８之２號,293294.19,2611518.23,花蓮縣光復鄉大全村建國路一段２８之２號
10015,1001507,大全村,15,建國路一段,,,,２９號,293668.08,2612574.557,花蓮縣光復鄉大全村建國路一段２９號
10015,1001507,大全村,13,建國路一段,,３０巷,,１號,293304.585,2611437.869,花蓮縣光復鄉大全村建國路一段３０巷１號
10015,1001507,大全村,13,建國路一段,,３０巷,,２號,293291.629,2611464.694,花蓮縣光復鄉大全村建國路一段３０巷２號
10015,1001507,大全村,13,建國路一段,,３０巷,,３號,293336.547,2611440.126,花蓮縣光復鄉大全村建國路一段３０巷３號
10015,1001507,大全村,13,建國路一段,,３０巷,,４號,293317.834,2611476.589,花蓮縣光復鄉大全村建國路一段３０巷４號
10015,1001507,大全村,13,建國路一段,,３０巷,,５之１號,293362.031,2611493,花蓮縣光復鄉大全村建國路一段３０巷５之１號
10015,1001507,大全村,13,建國路一段,,３０巷,,５號,293352.056,2611468.386,花蓮縣光復鄉大全村建國路一段３０巷５號
10015,1001507,大全村,13,建國路一段,,３０巷,,７號,293348.062,2611498.22,花蓮縣光復鄉大全村建國路一段３０巷７號
10015,1001507,大全村,13,建國路一段,,３０巷,,８號,293404.907,2611467.527,花蓮縣光復鄉大全村建國路一段３０巷８號
10015,1001507,大全村,13,建國路一段,,３０巷,,９號,293432.168,2611451.681,花蓮縣光復鄉大全村建國路一段３０巷９號
10015,1001507,大全村,13,建國路一段,,３０巷,,１０號,293456.715,2611477.641,花蓮縣光復鄉大全村建國路一段３０巷１０號
10015,1001507,大全村,13,建國路一段,,３０巷,,１２號,293401.41,2611564.55,花蓮縣光復鄉大全村建國路一段３０巷１２號
10015,1001507,大全村,15,建國路一段,,,,３１之１號,293640.32,2612615.71,花蓮縣光復鄉大全村建國路一段３１之１號
10015,1001507,大全村,15,建國路一段,,,,３１號,293646.57,2612603.637,花蓮縣光復鄉大全村建國路一段３１號
10015,1001507,大全村,14,建國路一段,,３２巷,,３之１號,293582.341,2611812.212,花蓮縣光復鄉大全村建國路一段３２巷３之１號
10015,1001507,大全村,14,建國路一段,,３２巷,,３號,293587.797,2611822.424,花蓮縣光復鄉大全村建國路一段３２巷３號
10015,1001507,大全村,14,建國路一段,,３２巷,,５之１號,293445.04,2611908.42,花蓮縣光復鄉大全村建國路一段３２巷５之１號
10015,1001507,大全村,14,建國路一段,,３２巷,,５號,293487.099,2611786.165,花蓮縣光復鄉大全村建國路一段３２巷５號
10015,1001507,大全村,14,建國路一段,,３２巷,,６號,293528.735,2611684.844,花蓮縣光復鄉大全村建國路一段３２巷６號
10015,1001507,大全村,14,建國路一段,,３２巷,,６之１號,293529.92,2611698.6,花蓮縣光復鄉大全村建國路一段３２巷６之１號
10015,1001507,大全村,14,建國路一段,,３２巷,,７號,293501.066,2611752.454,花蓮縣光復鄉大全村建國路一段３２巷７號
10015,1001507,大全村,14,建國路一段,,３２巷,,８之１號,293483.128,2611666.001,花蓮縣光復鄉大全村建國路一段３２巷８之１號
10015,1001507,大全村,14,建國路一段,,３２巷,,８號,293458.331,2611673.668,花蓮縣光復鄉大全村建國路一段３２巷８號
10015,1001507,大全村,14,建國路一段,,３２巷,,９之１號,293536.288,2611782.254,花蓮縣光復鄉大全村建國路一段３２巷９之１號
10015,1001507,大全村,14,建國路一段,,３２巷,,９之２號,293541.57,2611791.91,花蓮縣光復鄉大全村建國路一段３２巷９之２號
10015,1001507,大全村,14,建國路一段,,３２巷,,９號,293529.512,2611792.913,花蓮縣光復鄉大全村建國路一段３２巷９號
10015,1001507,大全村,14,建國路一段,,３２巷,,９之３號,293524.63,2611803.15,花蓮縣光復鄉大全村建國路一段３２巷９之３號
10015,1001507,大全村,14,建國路一段,,３２巷,,１０號,293534.234,2611647.786,花蓮縣光復鄉大全村建國路一段３２巷１０號
10015,1001507,大全村,14,建國路一段,,３２巷,,１１號,293530.992,2611762.328,花蓮縣光復鄉大全村建國路一段３２巷１１號
10015,1001507,大全村,14,建國路一段,,３２巷,,１２號,293544.924,2611628.514,花蓮縣光復鄉大全村建國路一段３２巷１２號
10015,1001507,大全村,14,建國路一段,,３２巷,,１３號,293517.794,2611738.594,花蓮縣光復鄉大全村建國路一段３２巷１３號
10015,1001507,大全村,14,建國路一段,,３２巷,,１７號,293540.562,2611720.633,花蓮縣光復鄉大全村建國路一段３２巷１７號
10015,1001507,大全村,14,建國路一段,,３２巷,,２０號,293562.024,2611648.515,花蓮縣光復鄉大全村建國路一段３２巷２０號
10015,1001507,大全村,14,建國路一段,,３２巷,,２３號,293603.788,2611622.811,花蓮縣光復鄉大全村建國路一段３２巷２３號
10015,1001507,大全村,14,建國路一段,,３２巷,,２３之１號,293619.867,2611613,花蓮縣光復鄉大全村建國路一段３２巷２３之１號
10015,1001507,大全村,15,建國路一段,,,,３３號,293704.348,2612569.776,花蓮縣光復鄉大全村建國路一段３３號
10015,1001507,大全村,15,建國路一段,,,,３６之１號,293803.694,2612053.532,花蓮縣光復鄉大全村建國路一段３６之１號
10015,1001507,大全村,15,建國路一段,,,,３６號,293707.417,2612460.206,花蓮縣光復鄉大全村建國路一段３６號
10015,1001507,大全村,15,建國路一段,,,,３８號,293712.298,2612469.469,花蓮縣光復鄉大全村建國路一段３８號
10015,1001507,大全村,15,建國路一段,,,,４０號,293715.011,2612494.19,花蓮縣光復鄉大全村建國路一段４０號
10015,1001507,大全村,15,建國路一段,,,,４２號,293719.949,2612523.042,花蓮縣光復鄉大全村建國路一段４２號
10015,1001507,大全村,15,建國路一段,,,,４６號,293761.206,2612522.578,花蓮縣光復鄉大全村建國路一段４６號
10015,1001507,大全村,15,建國路一段,,,,４８號,293775.275,2612533.199,花蓮縣光復鄉大全村建國路一段４８號
10015,1001507,大全村,15,建國路一段,,,,５２號,293749.536,2612585.109,花蓮縣光復鄉大全村建國路一段５２號
10015,1001507,大全村,15,建國路一段,,,,５４號,293753.483,2612593.133,花蓮縣光復鄉大全村建國路一段５４號
10015,1001507,大全村,15,建國路一段,,,,５６號,293775.509,2612625.162,花蓮縣光復鄉大全村建國路一段５６號
10015,1001507,大全村,15,建國路一段,,,,５８號,293788.578,2612660.904,花蓮縣光復鄉大全村建國路一段５８號
10015,1001507,大全村,15,建國路一段,,,,６０號,293825.113,2612825.492,花蓮縣光復鄉大全村建國路一段６０號
10015,1001507,大全村,15,建國路一段,,,,６０之２號,293857.147,2612808.692,花蓮縣光復鄉大全村建國路一段６０之２號
10015,1001507,大全村,15,建國路一段,,,,６２之１號,293986.905,2612816.718,花蓮縣光復鄉大全村建國路一段６２之１號
10015,1001507,大全村,9,民治街,,,,１５號,292816.703,2615676.073,花蓮縣光復鄉大全村民治街１５號
10015,1001507,大全村,9,民治街,,,,１７號,292809.72,2615642.155,花蓮縣光復鄉大全村民治街１７號
10015,1001507,大全村,9,民治街,,,,１８號,292898.88,2615679.32,花蓮縣光復鄉大全村民治街１８號
10015,1001507,大全村,9,民治街,,,,１８之９號,292914.59,2615835.74,花蓮縣光復鄉大全村民治街１８之９號
10015,1001507,大全村,9,民治街,,,,１９號,292771.62,2615685.53,花蓮縣光復鄉大全村民治街１９號
10015,1001507,大全村,9,民治街,,,,２４號,292859.662,2615684.177,花蓮縣光復鄉大全村民治街２４號
10015,1001507,大全村,11,民治街,,,,２５號,292324.386,2615847.405,花蓮縣光復鄉大全村民治街２５號
10015,1001507,大全村,11,民治街,,,,２７號,292313.074,2615810.601,花蓮縣光復鄉大全村民治街２７號
10015,1001507,大全村,11,民治街,,,,２７之１號,292293.127,2615782.384,花蓮縣光復鄉大全村民治街２７之１號
10015,1001507,大全村,11,民治街,,,,２７之３號,291960.91,2614796.58,花蓮縣光復鄉大全村民治街２７之３號
10015,1001507,大全村,9,民治街,,,,３０號,292640.38,2615756.99,花蓮縣光復鄉大全村民治街３０號
10015,1001507,大全村,9,民治街,,,,３０之２號,292618.57,2615779.19,花蓮縣光復鄉大全村民治街３０之２號
10015,1001507,大全村,11,民治街,,,,３１號,292302.335,2615852.832,花蓮縣光復鄉大全村民治街３１號
10015,1001507,大全村,11,民治街,,,,３１之１號,292289.106,2615856.139,花蓮縣光復鄉大全村民治街３１之１號
10015,1001507,大全村,9,民治街,,,,３２號,292581.95,2615789.46,花蓮縣光復鄉大全村民治街３２號
10015,1001507,大全村,11,民治街,,,,３９號,291226.97,2615685.02,花蓮縣光復鄉大全村民治街３９號
10015,1001507,大全村,9,民治街,,,,４０號,292528.92,2615819.44,花蓮縣光復鄉大全村民治街４０號
10015,1001507,大全村,11,民治街,,,,４２號,292314.519,2615872.958,花蓮縣光復鄉大全村民治街４２號
10015,1001507,大全村,11,民治街,,４６巷,,２號,292275.35,2615942.53,花蓮縣光復鄉大全村民治街４６巷２號
10015,1001507,大全村,10,民治街,,４６巷,,４號,292309.984,2615995.405,花蓮縣光復鄉大全村民治街４６巷４號
10015,1001507,大全村,10,民治街,,４６巷,,８號,292330.056,2616075.55,花蓮縣光復鄉大全村民治街４６巷８號
10015,1001507,大全村,10,民治街,,４６巷,,８之１號,292323.458,2616050.669,花蓮縣光復鄉大全村民治街４６巷８之１號
10015,1001507,大全村,10,民治街,,４６巷,,９號,292336.666,2616088.592,花蓮縣光復鄉大全村民治街４６巷９號
10015,1001507,大全村,10,民治街,,４６巷,,１０號,292345.292,2616074.467,花蓮縣光復鄉大全村民治街４６巷１０號
10015,1001507,大全村,10,民治街,,４６巷,,１１號,292352.337,2616085.409,花蓮縣光復鄉大全村民治街４６巷１１號
10015,1001507,大全村,10,民治街,,４６巷,,１２號,292345.086,2616099.156,花蓮縣光復鄉大全村民治街４６巷１２號
10015,1001507,大全村,10,民治街,,４６巷,,１３號,292369.522,2616126.345,花蓮縣光復鄉大全村民治街４６巷１３號
10015,1001507,大全村,10,民治街,,４６巷,,１４號,292358.944,2616142.601,花蓮縣光復鄉大全村民治街４６巷１４號
10015,1001507,大全村,10,民治街,,４６巷,,１５號,292379.158,2616145.435,花蓮縣光復鄉大全村民治街４６巷１５號
10015,1001507,大全村,10,民治街,,４６巷,,１６號,292394.608,2616133.317,花蓮縣光復鄉大全村民治街４６巷１６號
10015,1001507,大全村,10,民治街,,４６巷,,１９號,292409.22,2616174.179,花蓮縣光復鄉大全村民治街４６巷１９號
10015,1001507,大全村,10,民治街,,４６巷,,２１號,292406.553,2616230.583,花蓮縣光復鄉大全村民治街４６巷２１號
10015,1001507,大全村,10,民治街,,４６巷,,２５號,292434.009,2616300.379,花蓮縣光復鄉大全村民治街４６巷２５號
10015,1001507,大全村,10,民治街,,４６巷,,２７號,292431.681,2616295.023,花蓮縣光復鄉大全村民治街４６巷２７號
10015,1001507,大全村,10,民治街,,４６巷,,２９號,292429.777,2616290.16,花蓮縣光復鄉大全村民治街４６巷２９號
10015,1001507,大全村,10,民治街,,４６巷,,３１號,292428.013,2616286.284,花蓮縣光復鄉大全村民治街４６巷３１號
10015,1001507,大全村,10,民治街,,４６巷,,３３號,292425.404,2616281.492,花蓮縣光復鄉大全村民治街４６巷３３號
10015,1001507,大全村,10,民治街,,４６巷,,３５號,292423.288,2616276.982,花蓮縣光復鄉大全村民治街４６巷３５號
10015,1001507,大全村,10,民治街,,４６巷,,３７號,292420.574,2616272.186,花蓮縣光復鄉大全村民治街４６巷３７號
10015,1001507,大全村,10,民治街,,４６巷,,３８號,292371.5,2616265.56,花蓮縣光復鄉大全村民治街４６巷３８號
10015,1001507,大全村,10,民治街,,４６巷,,３９號,292419.171,2616267.981,花蓮縣光復鄉大全村民治街４６巷３９號
10015,1001507,大全村,10,民治街,,４６巷,,４１號,292416,2616262.767,花蓮縣光復鄉大全村民治街４６巷４１號
10015,1001507,大全村,12,農場路,,,,１１號,293043.127,2611931.696,花蓮縣光復鄉大全村農場路１１號
10015,1001507,大全村,12,農場路,,,,３１號,292300.516,2612486.006,花蓮縣光復鄉大全村農場路３１號
10015,1001507,大全村,12,農場路,,,,３２號,292424.7,2612408.04,花蓮縣光復鄉大全村農場路３２號
10015,1001507,大同村,9,中學街,,７５巷,１弄,１號,293723.619,2618563.365,花蓮縣光復鄉大同村中學街７５巷１弄１號
10015,1001507,大同村,9,中學街,,７５巷,１弄,２號,293716.433,2618547.331,花蓮縣光復鄉大同村中學街７５巷１弄２號
10015,1001507,大同村,9,中學街,,７５巷,１弄,３號,293718.96,2618565.669,花蓮縣光復鄉大同村中學街７５巷１弄３號
10015,1001507,大同村,9,中學街,,７５巷,１弄,４號,293711.93,2618549.645,花蓮縣光復鄉大同村中學街７５巷１弄４號
10015,1001507,大同村,9,中學街,,７５巷,１弄,５號,293714.301,2618567.973,花蓮縣光復鄉大同村中學街７５巷１弄５號
10015,1001507,大同村,3,中學街,,７５巷,１弄,５號,293714.301,2618567.973,花蓮縣光復鄉大同村中學街７５巷１弄５號
10015,1001507,大同村,9,中學街,,７５巷,１弄,７號,293710.06,2618569.03,花蓮縣光復鄉大同村中學街７５巷１弄７號
10015,1001507,大同村,9,中學街,,７５巷,１弄,８號,293702.924,2618554.272,花蓮縣光復鄉大同村中學街７５巷１弄８號
10015,1001507,大同村,9,中學街,,７５巷,１弄,９號,293704.983,2618572.58,花蓮縣光復鄉大同村中學街７５巷１弄９號
10015,1001507,大同村,9,中學街,,７５巷,１弄,１０號,293698.421,2618556.585,花蓮縣光復鄉大同村中學街７５巷１弄１０號
10015,1001507,大同村,9,中學街,,７５巷,１弄,１１號,293700.324,2618574.883,花蓮縣光復鄉大同村中學街７５巷１弄１１號
10015,1001507,大同村,9,中學街,,７５巷,１弄,１２號,293693.917,2618558.898,花蓮縣光復鄉大同村中學街７５巷１弄１２號
10015,1001507,大同村,9,中學街,,７５巷,１弄,１４號,293689.414,2618561.212,花蓮縣光復鄉大同村中學街７５巷１弄１４號
10015,1001507,大同村,9,中學街,,７５巷,１弄,１５號,293691.006,2618579.491,花蓮縣光復鄉大同村中學街７５巷１弄１５號
10015,1001507,大同村,9,中學街,,７５巷,１弄,１６號,293684.911,2618563.525,花蓮縣光復鄉大同村中學街７５巷１弄１６號
10015,1001507,大同村,9,中學街,,７５巷,１弄,１７號,293686.347,2618581.794,花蓮縣光復鄉大同村中學街７５巷１弄１７號
10015,1001507,大同村,9,中學街,,７５巷,１弄,１８號,293680.408,2618565.838,花蓮縣光復鄉大同村中學街７５巷１弄１８號
10015,1001507,大同村,9,中學街,,７５巷,１弄,１９號,293681.688,2618584.098,花蓮縣光復鄉大同村中學街７５巷１弄１９號
10015,1001507,大同村,9,中學街,,７５巷,１弄,２０號,293675.904,2618568.152,花蓮縣光復鄉大同村中學街７５巷１弄２０號
10015,1001507,大同村,9,中學街,,７５巷,２弄,１號,293705.36,2618524.08,花蓮縣光復鄉大同村中學街７５巷２弄１號
10015,1001507,大同村,9,中學街,,７５巷,２弄,３號,293700.89,2618525.909,花蓮縣光復鄉大同村中學街７５巷２弄３號
10015,1001507,大同村,9,中學街,,７５巷,２弄,５號,293696.403,2618527.965,花蓮縣光復鄉大同村中學街７５巷２弄５號
10015,1001507,大同村,9,中學街,,７５巷,２弄,７號,293691.916,2618530.021,花蓮縣光復鄉大同村中學街７５巷２弄７號
10015,1001507,大同村,9,中學街,,７５巷,２弄,９號,293687.429,2618532.077,花蓮縣光復鄉大同村中學街７５巷２弄９號
10015,1001507,大同村,9,中學街,,７５巷,２弄,１１號,293682.942,2618534.133,花蓮縣光復鄉大同村中學街７５巷２弄１１號
10015,1001507,大同村,9,中學街,,７５巷,２弄,１３號,293678.455,2618536.189,花蓮縣光復鄉大同村中學街７５巷２弄１３號
10015,1001507,大同村,9,中學街,,７５巷,２弄,１５號,293673.968,2618538.246,花蓮縣光復鄉大同村中學街７５巷２弄１５號
10015,1001507,大同村,9,中學街,,７５巷,２弄,１７號,293669.481,2618540.302,花蓮縣光復鄉大同村中學街７５巷２弄１７號
10015,1001507,大同村,9,中學街,,７５巷,２弄,１９號,293664.994,2618542.358,花蓮縣光復鄉大同村中學街７５巷２弄１９號
10015,1001507,大同村,9,中學街,,,,７６號,293750.005,2618605.094,花蓮縣光復鄉大同村中學街７６號
10015,1001507,大同村,9,中學街,,,,７７號,293734.526,2618584.928,花蓮縣光復鄉大同村中學街７７號
10015,1001507,大同村,9,中學街,,,,７９號,293729.688,2618587.196,花蓮縣光復鄉大同村中學街７９號
10015,1001507,大同村,9,中學街,,,,８１號,293725.27,2618589.16,花蓮縣光復鄉大同村中學街８１號
10015,1001507,大同村,9,中學街,,,,８３號,293720.011,2618591.732,花蓮縣光復鄉大同村中學街８３號
10015,1001507,大同村,9,中學街,,,,８５號,293715.173,2618594,花蓮縣光復鄉大同村中學街８５號
10015,1001507,大同村,9,中學街,,,,８７號,293710.334,2618596.268,花蓮縣光復鄉大同村中學街８７號
10015,1001507,大同村,9,中學街,,,,８９號,293705.496,2618598.536,花蓮縣光復鄉大同村中學街８９號
10015,1001507,大同村,9,中學街,,,,９１號,293700.657,2618600.805,花蓮縣光復鄉大同村中學街９１號
10015,1001507,大同村,9,中學街,,,,９３號,293695.819,2618603.073,花蓮縣光復鄉大同村中學街９３號
10015,1001507,大同村,9,中學街,,,,９５號,293690.981,2618605.341,花蓮縣光復鄉大同村中學街９５號
10015,1001507,大同村,10,中學街,,９７巷,,１號,293647.68,2618594.701,花蓮縣光復鄉大同村中學街９７巷１號
10015,1001507,大同村,10,中學街,,９７巷,,２之１號,293646.157,2618532.303,花蓮縣光復鄉大同村中學街９７巷２之１號
10015,1001507,大同村,10,中學街,,９７巷,,２號,293653.265,2618553.863,花蓮縣光復鄉大同村中學街９７巷２號
10015,1001507,大同村,10,中學街,,９７巷,,６號,293624.099,2618528.133,花蓮縣光復鄉大同村中學街９７巷６號
10015,1001507,大同村,10,中學街,,９７巷,,８號,293611.914,2618518.798,花蓮縣光復鄉大同村中學街９７巷８號
10015,1001507,大同村,10,中學街,,,,９９號,293658.596,2618624.378,花蓮縣光復鄉大同村中學街９９號
10015,1001507,大同村,11,中學街,,,,１２３號,293578.105,2618659.579,花蓮縣光復鄉大同村中學街１２３號
10015,1001507,大同村,11,中學街,,,,１３１號,293552.913,2618672.279,花蓮縣光復鄉大同村中學街１３１號
10015,1001507,大同村,11,中學街,,,,１３３號,293546.776,2618675.525,花蓮縣光復鄉大同村中學街１３３號
10015,1001507,大同村,13,中山路三段,,,,４號,293405.668,2618462.203,花蓮縣光復鄉大同村中山路三段４號
10015,1001507,大同村,13,中山路三段,,,,６號,293401.427,2618468.467,花蓮縣光復鄉大同村中山路三段６號
10015,1001507,大同村,13,中山路三段,,,,８號,293401.611,2618476.206,花蓮縣光復鄉大同村中山路三段８號
10015,1001507,大同村,13,中山路三段,,,,１０號,293403.271,2618480.812,花蓮縣光復鄉大同村中山路三段１０號
10015,1001507,大同村,13,中山路三段,,,,１２號,293405.852,2618486.523,花蓮縣光復鄉大同村中山路三段１２號
10015,1001507,大同村,13,中山路三段,,,,１４號,293408.25,2618489.287,花蓮縣光復鄉大同村中山路三段１４號
10015,1001507,大同村,13,中山路三段,,１６巷,,１號,293434.427,2618490.974,花蓮縣光復鄉大同村中山路三段１６巷１號
10015,1001507,大同村,13,中山路三段,,１６巷,,３號,293441.704,2618487.493,花蓮縣光復鄉大同村中山路三段１６巷３號
10015,1001507,大同村,13,中山路三段,,１６巷,,５號,293446.212,2618482.373,花蓮縣光復鄉大同村中山路三段１６巷５號
10015,1001507,大同村,13,中山路三段,,１６巷,,７號,293451.951,2618479.404,花蓮縣光復鄉大同村中山路三段１６巷７號
10015,1001507,大同村,13,中山路三段,,,,１８號,293411.252,2618499.868,花蓮縣光復鄉大同村中山路三段１８號
10015,1001507,大同村,13,中山路三段,,,,２０號,293413.32,2618504.3,花蓮縣光復鄉大同村中山路三段２０號
10015,1001507,大同村,13,中山路三段,,,,２２號,293415.388,2618508.732,花蓮縣光復鄉大同村中山路三段２２號
10015,1001507,大同村,13,中山路三段,,,,２４號,293417.457,2618513.163,花蓮縣光復鄉大同村中山路三段２４號
10015,1001507,大同村,13,中山路三段,,,,２６號,293419.525,2618517.595,花蓮縣光復鄉大同村中山路三段２６號
10015,1001507,大同村,13,中山路三段,,,,２８號,293421.594,2618522.027,花蓮縣光復鄉大同村中山路三段２８號
10015,1001507,大同村,13,中山路三段,,,,３０號,293423.662,2618526.458,花蓮縣光復鄉大同村中山路三段３０號
10015,1001507,大同村,13,中山路三段,,,,３２號,293425.73,2618530.89,花蓮縣光復鄉大同村中山路三段３２號
10015,1001507,大同村,13,中山路三段,,３４巷,,１號,293446.704,2618521.931,花蓮縣光復鄉大同村中山路三段３４巷１號
10015,1001507,大同村,13,中山路三段,,３４巷,,２號,293449.987,2618537.191,花蓮縣光復鄉大同村中山路三段３４巷２號
10015,1001507,大同村,13,中山路三段,,３４巷,,３號,293451.269,2618519.754,花蓮縣光復鄉大同村中山路三段３４巷３號
10015,1001507,大同村,13,中山路三段,,３４巷,,５號,293455.834,2618517.578,花蓮縣光復鄉大同村中山路三段３４巷５號
10015,1001507,大同村,13,中山路三段,,３４巷,,６號,293458.918,2618533.026,花蓮縣光復鄉大同村中山路三段３４巷６號
10015,1001507,大同村,13,中山路三段,,３４巷,,７號,293460.399,2618515.401,花蓮縣光復鄉大同村中山路三段３４巷７號
10015,1001507,大同村,13,中山路三段,,３４巷,,８號,293463.384,2618530.943,花蓮縣光復鄉大同村中山路三段３４巷８號
10015,1001507,大同村,13,中山路三段,,３４巷,,９號,293464.965,2618513.224,花蓮縣光復鄉大同村中山路三段３４巷９號
10015,1001507,大同村,13,中山路三段,,３４巷,,１０號,293467.849,2618528.86,花蓮縣光復鄉大同村中山路三段３４巷１０號
10015,1001507,大同村,13,中山路三段,,３４巷,,１２號,293472.315,2618526.777,花蓮縣光復鄉大同村中山路三段３４巷１２號
10015,1001507,大同村,13,中山路三段,,,,３６號,293430.283,2618541.671,花蓮縣光復鄉大同村中山路三段３６號
10015,1001507,大同村,13,中山路三段,,,,３６之２號,293433.746,2618549.422,花蓮縣光復鄉大同村中山路三段３６之２號
10015,1001507,大同村,13,中山路三段,,,,３６之３號,293435.761,2618553.567,花蓮縣光復鄉大同村中山路三段３６之３號
10015,1001507,大同村,13,中山路三段,,,,３６之１號,293431.969,2618545.041,花蓮縣光復鄉大同村中山路三段３６之１號
10015,1001507,大同村,13,中山路三段,,,,３６之４號,293437.776,2618558.186,花蓮縣光復鄉大同村中山路三段３６之４號
10015,1001507,大同村,13,中山路三段,,,,３８號,293441.156,2618563.826,花蓮縣光復鄉大同村中山路三段３８號
10015,1001507,大同村,13,中山路三段,,,,４０號,293442.861,2618568.939,花蓮縣光復鄉大同村中山路三段４０號
10015,1001507,大同村,11,中山路三段,,４８巷,,８號,293534.315,2618578.961,花蓮縣光復鄉大同村中山路三段４８巷８號
10015,1001507,大同村,11,中山路三段,,４８巷,,１０號,293540.73,2618575.956,花蓮縣光復鄉大同村中山路三段４８巷１０號
10015,1001507,大同村,11,中山路三段,,４８巷,,１２號,293546.675,2618572.697,花蓮縣光復鄉大同村中山路三段４８巷１２號
10015,1001507,大同村,11,中山路三段,,,,８２號,293510.524,2618719.098,花蓮縣光復鄉大同村中山路三段８２號
10015,1001507,大同村,11,中山路三段,,,,８４號,293512.548,2618723.222,花蓮縣光復鄉大同村中山路三段８４號
10015,1001507,大同村,1,中正路一段,,,,１４９號,293422.36,2618015.999,花蓮縣光復鄉大同村中正路一段１４９號
10015,1001507,大同村,1,中正路一段,,,,１５１之７號,293467.769,2617994.477,花蓮縣光復鄉大同村中正路一段１５１之７號
10015,1001507,大同村,1,中正路一段,,,,１５１之６號,293463.725,2617995.672,花蓮縣光復鄉大同村中正路一段１５１之６號
10015,1001507,大同村,1,中正路一段,,,,１５１之２號,293446.851,2618001.831,花蓮縣光復鄉大同村中正路一段１５１之２號
10015,1001507,大同村,1,中正路一段,,,,１５１之１號,293442.236,2618003.562,花蓮縣光復鄉大同村中正路一段１５１之１號
10015,1001507,大同村,1,中正路一段,,,,１５１號,293437.246,2618005.202,花蓮縣光復鄉大同村中正路一段１５１號
10015,1001507,大同村,1,中正路一段,,,,１５１之１０號,293478.885,2617990.69,花蓮縣光復鄉大同村中正路一段１５１之１０號
10015,1001507,大同村,1,中正路一段,,,,１５１之８號,293471.737,2617993.028,花蓮縣光復鄉大同村中正路一段１５１之８號
10015,1001507,大同村,1,中正路一段,,,,１５１之５號,293459.325,2617997.324,花蓮縣光復鄉大同村中正路一段１５１之５號
10015,1001507,大同村,1,中正路一段,,,,１５１之３號,293451.515,2618000.247,花蓮縣光復鄉大同村中正路一段１５１之３號
10015,1001507,大同村,1,中正路一段,,,,１５１之９號,293475.553,2617991.758,花蓮縣光復鄉大同村中正路一段１５１之９號
10015,1001507,大同村,1,中正路一段,,,,１５１之４號,293455.407,2617998.722,花蓮縣光復鄉大同村中正路一段１５１之４號
10015,1001507,大同村,1,中正路一段,,,,１５１號二樓,293438.3,2618008.24,花蓮縣光復鄉大同村中正路一段１５１號二樓
10015,1001507,大同村,3,中正路一段,,,,１５５之１號,293494.324,2617989.162,花蓮縣光復鄉大同村中正路一段１５５之１號
10015,1001507,大同村,3,中正路一段,,,,１５５號,293492.239,2617990.297,花蓮縣光復鄉大同村中正路一段１５５號
10015,1001507,大同村,3,中正路一段,,,,１５７號,293498.529,2617985.648,花蓮縣光復鄉大同村中正路一段１５７號
10015,1001507,大同村,3,中正路一段,,,,１５９號,293507.055,2617982.816,花蓮縣光復鄉大同村中正路一段１５９號
10015,1001507,大同村,3,中正路一段,,,,１６１號,293511.264,2617981.239,花蓮縣光復鄉大同村中正路一段１６１號
10015,1001507,大同村,3,中正路一段,,,,１６９號,293529.282,2617988.624,花蓮縣光復鄉大同村中正路一段１６９號
10015,1001507,大同村,3,中正路一段,,,,１７１號,293536.044,2617986.266,花蓮縣光復鄉大同村中正路一段１７１號
10015,1001507,大同村,3,中正路一段,,,,１７３號,293543.235,2617984.053,花蓮縣光復鄉大同村中正路一段１７３號
10015,1001507,大同村,3,中正路一段,,,,１７９號,293544.833,2617970.551,花蓮縣光復鄉大同村中正路一段１７９號
10015,1001507,大同村,3,中正路一段,,,,１８１號,293549.33,2617969.09,花蓮縣光復鄉大同村中正路一段１８１號
10015,1001507,大同村,3,中正路一段,,,,１８３號,293553.548,2617968.039,花蓮縣光復鄉大同村中正路一段１８３號
10015,1001507,大同村,3,中正路一段,,,,１８５號,293557.873,2617966.331,花蓮縣光復鄉大同村中正路一段１８５號
10015,1001507,大同村,3,中正路一段,,,,１８７號,293562.365,2617965.393,花蓮縣光復鄉大同村中正路一段１８７號
10015,1001507,大同村,3,中正路一段,,,,１８９號,293565.011,2617964.137,花蓮縣光復鄉大同村中正路一段１８９號
10015,1001507,大同村,3,中正路一段,,,,１９９號,293598.78,2617957.572,花蓮縣光復鄉大同村中正路一段１９９號
10015,1001507,大同村,5,中正路一段,,,,２３５號,293733.465,2617912.234,花蓮縣光復鄉大同村中正路一段２３５號
10015,1001507,大同村,5,中正路一段,,２４３巷,１弄,１號,293785.62,2617913.91,花蓮縣光復鄉大同村中正路一段２４３巷１弄１號
10015,1001507,大同村,5,中正路一段,,２４３巷,１弄,２號,293801.326,2617909.692,花蓮縣光復鄉大同村中正路一段２４３巷１弄２號
10015,1001507,大同村,5,中正路一段,,２４３巷,１弄,３號,293787.25,2617919.05,花蓮縣光復鄉大同村中正路一段２４３巷１弄３號
10015,1001507,大同村,5,中正路一段,,２４３巷,１弄,４號,293802.81,2617914.252,花蓮縣光復鄉大同村中正路一段２４３巷１弄４號
10015,1001507,大同村,5,中正路一段,,２４３巷,１弄,５號,293788.844,2617923.421,花蓮縣光復鄉大同村中正路一段２４３巷１弄５號
10015,1001507,大同村,5,中正路一段,,２４３巷,１弄,６號,293804.294,2617918.812,花蓮縣光復鄉大同村中正路一段２４３巷１弄６號
10015,1001507,大同村,5,中正路一段,,２４３巷,,２號,293756.561,2617947.658,花蓮縣光復鄉大同村中正路一段２４３巷２號
10015,1001507,大同村,5,中正路一段,,２４３巷,,３號,293763.346,2617944.79,花蓮縣光復鄉大同村中正路一段２４３巷３號
10015,1001507,大同村,5,中正路一段,,２４３巷,,４號,293770.131,2617941.923,花蓮縣光復鄉大同村中正路一段２４３巷４號
10015,1001507,大同村,5,中正路一段,,２４３巷,,５號,293776.915,2617939.056,花蓮縣光復鄉大同村中正路一段２４３巷５號
10015,1001507,大同村,5,中正路一段,,２４３巷,,６號,293783.7,2617936.188,花蓮縣光復鄉大同村中正路一段２４３巷６號
10015,1001507,大同村,5,中正路一段,,２４３巷,,７號,293790.485,2617933.321,花蓮縣光復鄉大同村中正路一段２４３巷７號
10015,1001507,大同村,5,中正路一段,,２４３巷,,８號,293797.27,2617930.454,花蓮縣光復鄉大同村中正路一段２４３巷８號
10015,1001507,大同村,5,中正路一段,,２４３巷,,９號,293793.068,2617958.425,花蓮縣光復鄉大同村中正路一段２４３巷９號
10015,1001507,大同村,5,中正路一段,,２４３巷,,１０號,293801.604,2617953.44,花蓮縣光復鄉大同村中正路一段２４３巷１０號
10015,1001507,大同村,5,中正路一段,,２４３巷,,１１號,293810.141,2617948.456,花蓮縣光復鄉大同村中正路一段２４３巷１１號
10015,1001507,大同村,5,中正路一段,,,,２４３號,293755.868,2617904.04,花蓮縣光復鄉大同村中正路一段２４３號
10015,1001507,大同村,5,中正路一段,,,,２４７號,293765.147,2617899.141,花蓮縣光復鄉大同村中正路一段２４７號
10015,1001507,大同村,5,中正路一段,,,,２４９號,293769.493,2617897.714,花蓮縣光復鄉大同村中正路一段２４９號
10015,1001507,大同村,5,中正路一段,,,,２５１號,293773.838,2617896.286,花蓮縣光復鄉大同村中正路一段２５１號
10015,1001507,大同村,5,中正路一段,,,,２５３號,293778.184,2617894.859,花蓮縣光復鄉大同村中正路一段２５３號
10015,1001507,大同村,5,中正路一段,,,,２５５號,293782.53,2617893.432,花蓮縣光復鄉大同村中正路一段２５５號
10015,1001507,大同村,4,中正路一段,,,,２５７號,293786.875,2617892.005,花蓮縣光復鄉大同村中正路一段２５７號
10015,1001507,大同村,5,中正路一段,,,,２５７號,293786.875,2617892.005,花蓮縣光復鄉大同村中正路一段２５７號
10015,1001507,大同村,5,中正路一段,,,,２５９號,293791.221,2617890.577,花蓮縣光復鄉大同村中正路一段２５９號
10015,1001507,大同村,5,中正路一段,,,,２６１號,293795.567,2617889.15,花蓮縣光復鄉大同村中正路一段２６１號
10015,1001507,大同村,5,中正路一段,,,,２６３號,293799.913,2617887.723,花蓮縣光復鄉大同村中正路一段２６３號
10015,1001507,大同村,5,中正路一段,,,,２６５號,293804.258,2617886.295,花蓮縣光復鄉大同村中正路一段２６５號
10015,1001507,大同村,5,中正路一段,,,,２６９號,293821.937,2617905.868,花蓮縣光復鄉大同村中正路一段２６９號
10015,1001507,大同村,5,中正路一段,,,,２７３號,293831.949,2617879.091,花蓮縣光復鄉大同村中正路一段２７３號
10015,1001507,大同村,5,中正路一段,,,,２７９號,293844.591,2617875.256,花蓮縣光復鄉大同村中正路一段２７９號
10015,1001507,大同村,5,中正路一段,,,,２８９號,293861.8,2617869.01,花蓮縣光復鄉大同村中正路一段２８９號
10015,1001507,大同村,5,中正路一段,,,,２９１號,293866.301,2617866.769,花蓮縣光復鄉大同村中正路一段２９１號
10015,1001507,大同村,5,中正路一段,,２９５巷,,３號,293961.65,2617867.28,花蓮縣光復鄉大同村中正路一段２９５巷３號
10015,1001507,大同村,6,中正路一段,,２９５巷,,８號,293996.05,2617875.35,花蓮縣光復鄉大同村中正路一段２９５巷８號
10015,1001507,大同村,6,中正路一段,,２９５巷,,１０號,294000.717,2617879.839,花蓮縣光復鄉大同村中正路一段２９５巷１０號
10015,1001507,大同村,6,中正路一段,,２９５巷,,１６號,294017.91,2617886.78,花蓮縣光復鄉大同村中正路一段２９５巷１６號
10015,1001507,大同村,5,中正路一段,,,,３０１號,293929.953,2617844.668,花蓮縣光復鄉大同村中正路一段３０１號
10015,1001507,大同村,5,中正路一段,,,,３０３號,293935.649,2617843.728,花蓮縣光復鄉大同村中正路一段３０３號
10015,1001507,大同村,5,中正路一段,,,,３０５號,293954.068,2617838.728,花蓮縣光復鄉大同村中正路一段３０５號
10015,1001507,大同村,5,中正路一段,,,,３０７之１號,293966.406,2617834.245,花蓮縣光復鄉大同村中正路一段３０７之１號
10015,1001507,大同村,5,中正路一段,,,,３０７號,293959.954,2617836.204,花蓮縣光復鄉大同村中正路一段３０７號
10015,1001507,大同村,5,中正路一段,,,,３０９號,293972.687,2617832.564,花蓮縣光復鄉大同村中正路一段３０９號
10015,1001507,大同村,5,中正路一段,,,,３１１號,293978.968,2617830.21,花蓮縣光復鄉大同村中正路一段３１１號
10015,1001507,大同村,6,中正路一段,,３１７巷,,１號,293998.344,2617850.72,花蓮縣光復鄉大同村中正路一段３１７巷１號
10015,1001507,大同村,6,中正路一段,,３１７巷,,７號,294001.278,2617862.15,花蓮縣光復鄉大同村中正路一段３１７巷７號
10015,1001507,大同村,6,中正路一段,,３１７巷,,９號,294010.957,2617862.444,花蓮縣光復鄉大同村中正路一段３１７巷９號
10015,1001507,大同村,6,中正路一段,,３１７巷,,１０號,294022.691,2617857.754,花蓮縣光復鄉大同村中正路一段３１７巷１０號
10015,1001507,大同村,6,中正路一段,,３１７巷,,１１號,294017.411,2617871.53,花蓮縣光復鄉大同村中正路一段３１７巷１１號
10015,1001507,大同村,6,中正路一段,,３１７巷,,１６號,294042.051,2617882.96,花蓮縣光復鄉大同村中正路一段３１７巷１６號
10015,1001507,大同村,5,中正路一段,,,,３１９號,294009.13,2617823.51,花蓮縣光復鄉大同村中正路一段３１９號
10015,1001507,大同村,5,中正路一段,,,,３２１號,294015.748,2617824.44,花蓮縣光復鄉大同村中正路一段３２１號
10015,1001507,大同村,5,中正路一段,,,,３２３號,294021.225,2617818.478,花蓮縣光復鄉大同村中正路一段３２３號
10015,1001507,大同村,5,中正路一段,,,,３２７號,294030.318,2617825.512,花蓮縣光復鄉大同村中正路一段３２７號
10015,1001507,大同村,5,中正路一段,,,,３２９號,294039.84,2617811.62,花蓮縣光復鄉大同村中正路一段３２９號
10015,1001507,大同村,7,中正路一段,,,,３３１號,294060.342,2617805.902,花蓮縣光復鄉大同村中正路一段３３１號
10015,1001507,大同村,4,中正路一段,,,,３５６號,293899.327,2617839.277,花蓮縣光復鄉大同村中正路一段３５６號
10015,1001507,大同村,4,中正路一段,,３６０巷,,１號,293909.669,2617815.637,花蓮縣光復鄉大同村中正路一段３６０巷１號
10015,1001507,大同村,4,中正路一段,,３６０巷,,２號,293888.507,2617828.181,花蓮縣光復鄉大同村中正路一段３６０巷２號
10015,1001507,大同村,4,中正路一段,,３６０巷,,３之５號,293895.886,2617794.99,花蓮縣光復鄉大同村中正路一段３６０巷３之５號
10015,1001507,大同村,4,中正路一段,,３６０巷,,３之３號,293897.729,2617801.658,花蓮縣光復鄉大同村中正路一段３６０巷３之３號
10015,1001507,大同村,4,中正路一段,,３６０巷,,３號,293907.018,2617813.089,花蓮縣光復鄉大同村中正路一段３６０巷３號
10015,1001507,大同村,4,中正路一段,,３６０巷,,３之２號,293901.228,2617805.947,花蓮縣光復鄉大同村中正路一段３６０巷３之２號
10015,1001507,大同村,4,中正路一段,,３６０巷,,３之１號,293904.097,2617809.173,花蓮縣光復鄉大同村中正路一段３６０巷３之１號
10015,1001507,大同村,4,中正路一段,,３６０巷,,５號,293876.636,2617770.877,花蓮縣光復鄉大同村中正路一段３６０巷５號
10015,1001507,大同村,4,中正路一段,,３６０巷,,６號,293889.942,2617820.833,花蓮縣光復鄉大同村中正路一段３６０巷６號
10015,1001507,大同村,4,中正路一段,,３６０巷,,７號,293871.535,2617785.692,花蓮縣光復鄉大同村中正路一段３６０巷７號
10015,1001507,大同村,4,中正路一段,,３６０巷,,８之１號,293870.322,2617811.407,花蓮縣光復鄉大同村中正路一段３６０巷８之１號
10015,1001507,大同村,4,中正路一段,,３６０巷,,８號,293875.217,2617800.427,花蓮縣光復鄉大同村中正路一段３６０巷８號
10015,1001507,大同村,4,中正路一段,,３６０巷,,１２號,293868.993,2617797.457,花蓮縣光復鄉大同村中正路一段３６０巷１２號
10015,1001507,大同村,4,中正路一段,,３６０巷,,１３號,293855.348,2617768.407,花蓮縣光復鄉大同村中正路一段３６０巷１３號
10015,1001507,大同村,4,中正路一段,,３６０巷,,１４號,293862.257,2617794.219,花蓮縣光復鄉大同村中正路一段３６０巷１４號
10015,1001507,大同村,4,中正路一段,,３６０巷,,１６號,293855.206,2617793.331,花蓮縣光復鄉大同村中正路一段３６０巷１６號
10015,1001507,大同村,4,中正路一段,,３６０巷,,１７號,293835.081,2617770.531,花蓮縣光復鄉大同村中正路一段３６０巷１７號
10015,1001507,大同村,4,中正路一段,,３６０巷,,１８號,293849.962,2617787.525,花蓮縣光復鄉大同村中正路一段３６０巷１８號
10015,1001507,大同村,4,中正路一段,,３６０巷,,２２號,293834.118,2617786.711,花蓮縣光復鄉大同村中正路一段３６０巷２２號
10015,1001507,大同村,4,中正路一段,,３６０巷,,２５號,293822.97,2617773.38,花蓮縣光復鄉大同村中正路一段３６０巷２５號
10015,1001507,大同村,4,中正路一段,,３６０巷,,２６號,293825.852,2617792.351,花蓮縣光復鄉大同村中正路一段３６０巷２６號
10015,1001507,大同村,4,中正路一段,,３６０巷,,３４號,293811.39,2617783.686,花蓮縣光復鄉大同村中正路一段３６０巷３４號
10015,1001507,大同村,4,中正路一段,,３６０巷,,３６號,293794.82,2617780.63,花蓮縣光復鄉大同村中正路一段３６０巷３６號
10015,1001507,大同村,4,中正路一段,,３６０巷,,３８號,293781.054,2617777.064,花蓮縣光復鄉大同村中正路一段３６０巷３８號
10015,1001507,大同村,4,中正路一段,,,,３６２號,293915.638,2617830.207,花蓮縣光復鄉大同村中正路一段３６２號
10015,1001507,大同村,4,中正路一段,,,,３６４號,293925.849,2617826.806,花蓮縣光復鄉大同村中正路一段３６４號
10015,1001507,大同村,4,中正路一段,,,,３６６號,293941.025,2617819.578,花蓮縣光復鄉大同村中正路一段３６６號
10015,1001507,大同村,4,中正路一段,,３６８巷,,１之１號,293930.474,2617797.179,花蓮縣光復鄉大同村中正路一段３６８巷１之１號
10015,1001507,大同村,4,中正路一段,,３６８巷,,１號,293918.42,2617786.45,花蓮縣光復鄉大同村中正路一段３６８巷１號
10015,1001507,大同村,4,中正路一段,,３６８巷,,２號,293899.985,2617779.259,花蓮縣光復鄉大同村中正路一段３６８巷２號
10015,1001507,大同村,4,中正路一段,,３６８巷,,３之１號,293941.323,2617773.633,花蓮縣光復鄉大同村中正路一段３６８巷３之１號
10015,1001507,大同村,4,中正路一段,,３６８巷,,３號,293904.358,2617758.081,花蓮縣光復鄉大同村中正路一段３６８巷３號
10015,1001507,大同村,4,中正路一段,,３６８巷,,５號,293917.451,2617742.203,花蓮縣光復鄉大同村中正路一段３６８巷５號
10015,1001507,大同村,4,中正路一段,,３６８巷,,６號,293944.945,2617753.274,花蓮縣光復鄉大同村中正路一段３６８巷６號
10015,1001507,大同村,4,中正路一段,,３６８巷,,７號,293972.821,2617784.953,花蓮縣光復鄉大同村中正路一段３６８巷７號
10015,1001507,大同村,4,中正路一段,,,,３７０號,293960.598,2617798.321,花蓮縣光復鄉大同村中正路一段３７０號
10015,1001507,大同村,4,中正路一段,,,,３７２之１號,293976.344,2617802.25,花蓮縣光復鄉大同村中正路一段３７２之１號
10015,1001507,大同村,4,中正路一段,,,,３７２號,293981.286,2617811.592,花蓮縣光復鄉大同村中正路一段３７２號
10015,1001507,大同村,4,中正路一段,,,,３７４號,294000.191,2617806.367,花蓮縣光復鄉大同村中正路一段３７４號
10015,1001507,大同村,4,中正路一段,,,,３７６號,294005.292,2617804.465,花蓮縣光復鄉大同村中正路一段３７６號
10015,1001507,大同村,4,中正路一段,,,,３７８號,294014.8,2617801.257,花蓮縣光復鄉大同村中正路一段３７８號
10015,1001507,大同村,6,佛祖街,,,,１號,294035.711,2617834.31,花蓮縣光復鄉大同村佛祖街１號
10015,1001507,大同村,7,佛祖街,,８巷,,１號,294080.819,2617827.037,花蓮縣光復鄉大同村佛祖街８巷１號
10015,1001507,大同村,7,佛祖街,,８巷,,２號,294106.606,2617834.87,花蓮縣光復鄉大同村佛祖街８巷２號
10015,1001507,大同村,7,佛祖街,,８巷,,３之１號,294147.339,2617827.685,花蓮縣光復鄉大同村佛祖街８巷３之１號
10015,1001507,大同村,7,佛祖街,,８巷,,３號,294126.111,2617825.09,花蓮縣光復鄉大同村佛祖街８巷３號
10015,1001507,大同村,7,佛祖街,,８巷,,３之２號,294155.27,2617838.07,花蓮縣光復鄉大同村佛祖街８巷３之２號
10015,1001507,大同村,7,佛祖街,,８巷,,５號,294181.223,2617836.589,花蓮縣光復鄉大同村佛祖街８巷５號
10015,1001507,大同村,6,佛祖街,,,,９號,294034.718,2617848.668,花蓮縣光復鄉大同村佛祖街９號
10015,1001507,大同村,6,佛祖街,,,,１１號,294042.051,2617856.581,花蓮縣光復鄉大同村佛祖街１１號
10015,1001507,大同村,6,佛祖街,,,,１３號,294071.124,2617853.627,花蓮縣光復鄉大同村佛祖街１３號
10015,1001507,大同村,7,佛祖街,,,,１６號,294087.008,2617838.581,花蓮縣光復鄉大同村佛祖街１６號
10015,1001507,大同村,6,佛祖街,,,,１７號,294075.456,2617867.644,花蓮縣光復鄉大同村佛祖街１７號
10015,1001507,大同村,6,佛祖街,,,,２１號,294056.923,2617897.489,花蓮縣光復鄉大同村佛祖街２１號
10015,1001507,大同村,7,佛祖街,,,,２２之１號,294123.25,2617911.41,花蓮縣光復鄉大同村佛祖街２２之１號
10015,1001507,大同村,7,佛祖街,,,,２２號,294116.794,2617869.664,花蓮縣光復鄉大同村佛祖街２２號
10015,1001507,大同村,6,佛祖街,,,,２３號,294078.737,2617910.474,花蓮縣光復鄉大同村佛祖街２３號
10015,1001507,大同村,6,佛祖街,,,,２５號,294106.352,2617916.966,花蓮縣光復鄉大同村佛祖街２５號
10015,1001507,大同村,7,佛祖街,,２６巷,,２號,294133.27,2617871.287,花蓮縣光復鄉大同村佛祖街２６巷２號
10015,1001507,大同村,7,佛祖街,,,,４０號,294144.902,2617947.241,花蓮縣光復鄉大同村佛祖街４０號
10015,1001507,大同村,7,佛祖街,,,,４２號,294159.467,2617945.269,花蓮縣光復鄉大同村佛祖街４２號
10015,1001507,大同村,7,佛祖街,,４６巷,,１號,294330.917,2617977.3,花蓮縣光復鄉大同村佛祖街４６巷１號
10015,1001507,大同村,7,佛祖街,,４６巷,,２號,294322.072,2618032.222,花蓮縣光復鄉大同村佛祖街４６巷２號
10015,1001507,大同村,7,佛祖街,,４６巷,,３之１號,294381.81,2618001.72,花蓮縣光復鄉大同村佛祖街４６巷３之１號
10015,1001507,大同村,7,佛祖街,,４６巷,,３號,294342.185,2617996.335,花蓮縣光復鄉大同村佛祖街４６巷３號
10015,1001507,大同村,7,佛祖街,,４６巷,,４號,294371.725,2618039.777,花蓮縣光復鄉大同村佛祖街４６巷４號
10015,1001507,大同村,7,佛祖街,,４６巷,,５號,294373.153,2618026.22,花蓮縣光復鄉大同村佛祖街４６巷５號
10015,1001507,大同村,7,佛祖街,,４６巷,,６號,294385.768,2618044.296,花蓮縣光復鄉大同村佛祖街４６巷６號
10015,1001507,大同村,7,佛祖街,,４６巷,,７號,294416.713,2618034.307,花蓮縣光復鄉大同村佛祖街４６巷７號
10015,1001507,大同村,7,佛祖街,,４６巷,,２８之１號,294475.71,2618188.16,花蓮縣光復鄉大同村佛祖街４６巷２８之１號
10015,1001507,大同村,7,佛祖街,,４６巷,,２９之１號,294507.71,2618081.39,花蓮縣光復鄉大同村佛祖街４６巷２９之１號
10015,1001507,大同村,7,佛祖街,,４６巷,,２９號,294515.39,2618086.29,花蓮縣光復鄉大同村佛祖街４６巷２９號
10015,1001507,大同村,7,佛祖街,,４６巷,,３１號,294524.17,2618013.16,花蓮縣光復鄉大同村佛祖街４６巷３１號
10015,1001507,大同村,6,佛祖街,,４７巷,,１號,294052.132,2617947.86,花蓮縣光復鄉大同村佛祖街４７巷１號
10015,1001507,大同村,6,佛祖街,,４７巷,,２號,294001.61,2617924.5,花蓮縣光復鄉大同村佛祖街４７巷２號
10015,1001507,大同村,8,佛祖街,,,,５５號,294124.169,2618023.756,花蓮縣光復鄉大同村佛祖街５５號
10015,1001507,大同村,8,佛祖街,,,,５７號,294134.768,2618051.678,花蓮縣光復鄉大同村佛祖街５７號
10015,1001507,大同村,8,佛祖街,,,,７１號,294133.323,2618094.042,花蓮縣光復鄉大同村佛祖街７１號
10015,1001507,大同村,8,佛祖街,,,,１０６號,294215.807,2618140.096,花蓮縣光復鄉大同村佛祖街１０６號
10015,1001507,大同村,8,佛祖街,,,,１０８號,294217.331,2618166.355,花蓮縣光復鄉大同村佛祖街１０８號
10015,1001507,大同村,8,佛祖街,,,,１１２號,294224.949,2618196.801,花蓮縣光復鄉大同村佛祖街１１２號
10015,1001507,大同村,8,佛祖街,,,,１１５號,294201.927,2618244.438,花蓮縣光復鄉大同村佛祖街１１５號
10015,1001507,大同村,8,佛袓街,,,,７３號,294135.969,2618103.699,花蓮縣光復鄉大同村佛袓街７３號
10015,1001507,大同村,8,學士街,,,,８號,294173.792,2618221.948,花蓮縣光復鄉大同村學士街８號
10015,1001507,大同村,8,學士街,,,,１１號,294097.1,2618217.582,花蓮縣光復鄉大同村學士街１１號
10015,1001507,大同村,8,學士街,,,,１２號,294168.76,2618242.24,花蓮縣光復鄉大同村學士街１２號
10015,1001507,大同村,8,學士街,,,,１３號,294089.428,2618221.948,花蓮縣光復鄉大同村學士街１３號
10015,1001507,大同村,8,學士街,,,,９８號,293919.7,2618343.81,花蓮縣光復鄉大同村學士街９８號
10015,1001507,大同村,8,學士街,,,,１００號,293901.12,2618352.84,花蓮縣光復鄉大同村學士街１００號
10015,1001507,大同村,9,學士街,,,,１３６號,293809.46,2618409.178,花蓮縣光復鄉大同村學士街１３６號
10015,1001507,大同村,9,學士街,,,,１３８號,293807.625,2618418.167,花蓮縣光復鄉大同村學士街１３８號
10015,1001507,大同村,9,學士街,,,,１４２號,293786.511,2618420.552,花蓮縣光復鄉大同村學士街１４２號
10015,1001507,大同村,9,學士街,,,,１５２號,293767.37,2618438.09,花蓮縣光復鄉大同村學士街１５２號
10015,1001507,大同村,9,學士街,,,,１５８號,293746.204,2618452.25,花蓮縣光復鄉大同村學士街１５８號
10015,1001507,大同村,9,學士街,,１６０巷,１弄,１號,293732.485,2618497.45,花蓮縣光復鄉大同村學士街１６０巷１弄１號
10015,1001507,大同村,9,學士街,,１６０巷,,１號,293738.601,2618470.264,花蓮縣光復鄉大同村學士街１６０巷１號
10015,1001507,大同村,9,學士街,,１６０巷,１弄,２號,293739.473,2618505.391,花蓮縣光復鄉大同村學士街１６０巷１弄２號
10015,1001507,大同村,9,學士街,,１６０巷,１弄,３號,293727.491,2618498.918,花蓮縣光復鄉大同村學士街１６０巷１弄３號
10015,1001507,大同村,9,學士街,,１６０巷,１弄,４號,293737.75,2618506.38,花蓮縣光復鄉大同村學士街１６０巷１弄４號
10015,1001507,大同村,9,學士街,,１６０巷,１弄,５號,293717.113,2618503.911,花蓮縣光復鄉大同村學士街１６０巷１弄５號
10015,1001507,大同村,9,學士街,,１６０巷,１弄,６號,293735.589,2618507.516,花蓮縣光復鄉大同村學士街１６０巷１弄６號
10015,1001507,大同村,9,學士街,,１６０巷,１弄,７號,293710.634,2618506.397,花蓮縣光復鄉大同村學士街１６０巷１弄７號
10015,1001507,大同村,9,學士街,,１６０巷,１弄,８號,293731.082,2618509.696,花蓮縣光復鄉大同村學士街１６０巷１弄８號
10015,1001507,大同村,9,學士街,,１６０巷,１弄,９號,293722.897,2618491.351,花蓮縣光復鄉大同村學士街１６０巷１弄９號
10015,1001507,大同村,9,學士街,,１６０巷,１弄,１０號,293725.718,2618512.47,花蓮縣光復鄉大同村學士街１６０巷１弄１０號
10015,1001507,大同村,9,學士街,,１６０巷,１弄,１１號,293720.149,2618484.972,花蓮縣光復鄉大同村學士街１６０巷１弄１１號
10015,1001507,大同村,9,學士街,,１６０巷,１弄,１２號,293721.838,2618514.511,花蓮縣光復鄉大同村學士街１６０巷１弄１２號
10015,1001507,大同村,9,學士街,,１６０巷,１弄,１３號,293712.638,2618497.405,花蓮縣光復鄉大同村學士街１６０巷１弄１３號
10015,1001507,大同村,9,學士街,,１６０巷,１弄,１５號,293708.374,2618488.506,花蓮縣光復鄉大同村學士街１６０巷１弄１５號
10015,1001507,大同村,10,學士街,,１６０巷,１弄,１６號,293717.966,2618516.538,花蓮縣光復鄉大同村學士街１６０巷１弄１６號
10015,1001507,大同村,9,學士街,,１６０巷,１弄,１６號,293717.966,2618516.538,花蓮縣光復鄉大同村學士街１６０巷１弄１６號
10015,1001507,大同村,9,學士街,,１６０巷,,３號,293740.95,2618474.96,花蓮縣光復鄉大同村學士街１６０巷３號
10015,1001507,大同村,9,學士街,,１６０巷,,５號,293743.3,2618479.657,花蓮縣光復鄉大同村學士街１６０巷５號
10015,1001507,大同村,9,學士街,,１６０巷,,７號,293745.649,2618484.354,花蓮縣光復鄉大同村學士街１６０巷７號
10015,1001507,大同村,9,學士街,,１６０巷,,９號,293747.998,2618489.05,花蓮縣光復鄉大同村學士街１６０巷９號
10015,1001507,大同村,9,學士街,,１６０巷,,１３號,293752.759,2618500.681,花蓮縣光復鄉大同村學士街１６０巷１３號
10015,1001507,大同村,9,學士街,,１６０巷,,１５號,293754.518,2618505.082,花蓮縣光復鄉大同村學士街１６０巷１５號
10015,1001507,大同村,9,學士街,,,,１６２號,293726.142,2618455.841,花蓮縣光復鄉大同村學士街１６２號
10015,1001507,大同村,9,學士街,,,,１７８號,293681.525,2618468.472,花蓮縣光復鄉大同村學士街１７８號
10015,1001507,大同村,9,學士街,,,,１８０號,293680.996,2618478.13,花蓮縣光復鄉大同村學士街１８０號
10015,1001507,大同村,9,學士街,,,,１８２號,293674.2,2618479.2,花蓮縣光復鄉大同村學士街１８２號
10015,1001507,大同村,9,學士街,,,,１８６號,293660.784,2618478.276,花蓮縣光復鄉大同村學士街１８６號
10015,1001507,大同村,9,學士街,,,,１８８號,293658.954,2618490.027,花蓮縣光復鄉大同村學士街１８８號
10015,1001507,大同村,10,學士街,,,,１９６之１號,293581.087,2618513.349,花蓮縣光復鄉大同村學士街１９６之１號
10015,1001507,大同村,10,學士街,,,,１９６號,293605.208,2618502.415,花蓮縣光復鄉大同村學士街１９６號
10015,1001507,大同村,11,學士街,,,,２０４號,293543.513,2618543.456,花蓮縣光復鄉大同村學士街２０４號
10015,1001507,大同村,11,學士街,,,,２０６號,293526.088,2618544.463,花蓮縣光復鄉大同村學士街２０６號
10015,1001507,大同村,11,學士街,,,,２１０號,293507.441,2618553.28,花蓮縣光復鄉大同村學士街２１０號
10015,1001507,大同村,12,學士街,,,,２１１號,293518.796,2618526.732,花蓮縣光復鄉大同村學士街２１１號
10015,1001507,大同村,11,學士街,,,,２１２號,293498.117,2618557.689,花蓮縣光復鄉大同村學士街２１２號
10015,1001507,大同村,11,學士街,,,,２１８號,293470.147,2618570.914,花蓮縣光復鄉大同村學士街２１８號
10015,1001507,大同村,11,學士街,,,,２２０號,293460.823,2618575.323,花蓮縣光復鄉大同村學士街２２０號
10015,1001507,大同村,11,學士街,,,,２２２號,293451.5,2618579.731,花蓮縣光復鄉大同村學士街２２２號
10015,1001507,大同村,1,敦厚路,,,,２號,293421.11,2618040.16,花蓮縣光復鄉大同村敦厚路２號
10015,1001507,大同村,1,敦厚路,,,,４號,293422.704,2618044.401,花蓮縣光復鄉大同村敦厚路４號
10015,1001507,大同村,1,敦厚路,,,,６號,293424.444,2618048.46,花蓮縣光復鄉大同村敦厚路６號
10015,1001507,大同村,1,敦厚路,,,,８號,293426.184,2618052.519,花蓮縣光復鄉大同村敦厚路８號
10015,1001507,大同村,1,敦厚路,,,,１２號,293429.665,2618060.637,花蓮縣光復鄉大同村敦厚路１２號
10015,1001507,大同村,1,敦厚路,,,,３２號,293448.899,2618104.396,花蓮縣光復鄉大同村敦厚路３２號
10015,1001507,大同村,1,敦厚路,,,,３４號,293450.536,2618108.58,花蓮縣光復鄉大同村敦厚路３４號
10015,1001507,大同村,1,敦厚路,,,,３６號,293452.172,2618112.765,花蓮縣光復鄉大同村敦厚路３６號
10015,1001507,大同村,1,敦厚路,,,,３８號,293453.808,2618116.95,花蓮縣光復鄉大同村敦厚路３８號
10015,1001507,大同村,1,敦厚路,,,,４０號,293455.444,2618121.135,花蓮縣光復鄉大同村敦厚路４０號
10015,1001507,大同村,2,敦厚路,,４２巷,,１號,293479.22,2618122.141,花蓮縣光復鄉大同村敦厚路４２巷１號
10015,1001507,大同村,1,敦厚路,,４２巷,,２號,293477.934,2618108.571,花蓮縣光復鄉大同村敦厚路４２巷２號
10015,1001507,大同村,2,敦厚路,,４２巷,,３號,293482.176,2618119.034,花蓮縣光復鄉大同村敦厚路４２巷３號
10015,1001507,大同村,1,敦厚路,,４２巷,,４號,293483.195,2618104.965,花蓮縣光復鄉大同村敦厚路４２巷４號
10015,1001507,大同村,2,敦厚路,,４２巷,,５號,293486.483,2618118.805,花蓮縣光復鄉大同村敦厚路４２巷５號
10015,1001507,大同村,1,敦厚路,,４２巷,,６號,293488.456,2618101.358,花蓮縣光復鄉大同村敦厚路４２巷６號
10015,1001507,大同村,2,敦厚路,,４２巷,,７號,293489.44,2618115.697,花蓮縣光復鄉大同村敦厚路４２巷７號
10015,1001507,大同村,1,敦厚路,,４２巷,,８號,293492.722,2618093.068,花蓮縣光復鄉大同村敦厚路４２巷８號
10015,1001507,大同村,2,敦厚路,,４２巷,,９號,293492.396,2618112.589,花蓮縣光復鄉大同村敦厚路４２巷９號
10015,1001507,大同村,1,敦厚路,,４２巷,,１０號,293495.566,2618089.642,花蓮縣光復鄉大同村敦厚路４２巷１０號
10015,1001507,大同村,2,敦厚路,,４２巷,,１１號,293495.352,2618109.482,花蓮縣光復鄉大同村敦厚路４２巷１１號
10015,1001507,大同村,1,敦厚路,,４２巷,,１２號,293498.409,2618086.217,花蓮縣光復鄉大同村敦厚路４２巷１２號
10015,1001507,大同村,2,敦厚路,,４２巷,,１３號,293497.769,2618105.833,花蓮縣光復鄉大同村敦厚路４２巷１３號
10015,1001507,大同村,1,敦厚路,,４２巷,,１４號,293501.252,2618082.791,花蓮縣光復鄉大同村敦厚路４２巷１４號
10015,1001507,大同村,2,敦厚路,,４２巷,,１５號,293500.725,2618102.725,花蓮縣光復鄉大同村敦厚路４２巷１５號
10015,1001507,大同村,1,敦厚路,,４２巷,,１６號,293504.096,2618079.366,花蓮縣光復鄉大同村敦厚路４２巷１６號
10015,1001507,大同村,2,敦厚路,,４２巷,,１７號,293503.681,2618099.617,花蓮縣光復鄉大同村敦厚路４２巷１７號
10015,1001507,大同村,1,敦厚路,,４２巷,,１８號,293506.939,2618075.941,花蓮縣光復鄉大同村敦厚路４２巷１８號
10015,1001507,大同村,2,敦厚路,,４２巷,,１９號,293505.767,2618095.42,花蓮縣光復鄉大同村敦厚路４２巷１９號
10015,1001507,大同村,1,敦厚路,,４２巷,,２０號,293509.782,2618072.515,花蓮縣光復鄉大同村敦厚路４２巷２０號
10015,1001507,大同村,2,敦厚路,,４２巷,,２１號,293508.723,2618092.312,花蓮縣光復鄉大同村敦厚路４２巷２１號
10015,1001507,大同村,2,敦厚路,,４２巷,,２３號,293511.68,2618089.204,花蓮縣光復鄉大同村敦厚路４２巷２３號
10015,1001507,大同村,2,敦厚路,,４２巷,,２５號,293514.636,2618086.096,花蓮縣光復鄉大同村敦厚路４２巷２５號
10015,1001507,大同村,2,敦厚路,,,,４４號,293461.013,2618131.277,花蓮縣光復鄉大同村敦厚路４４號
10015,1001507,大同村,2,敦厚路,,,,４６號,293462.809,2618135.276,花蓮縣光復鄉大同村敦厚路４６號
10015,1001507,大同村,2,敦厚路,,,,４８號,293464.869,2618139.012,花蓮縣光復鄉大同村敦厚路４８號
10015,1001507,大同村,2,敦厚路,,,,５４號,293473.927,2618164.667,花蓮縣光復鄉大同村敦厚路５４號
10015,1001507,大同村,2,敦厚路,,,,５６號,293475.325,2618168.781,花蓮縣光復鄉大同村敦厚路５６號
10015,1001507,大同村,2,敦厚路,,,,５８號,293476.723,2618172.894,花蓮縣光復鄉大同村敦厚路５８號
10015,1001507,大同村,1,敦厚路,,,,６０號,293478.12,2618177,花蓮縣光復鄉大同村敦厚路６０號
10015,1001507,大同村,2,敦厚路,,,,６０號,293478.121,2618177.008,花蓮縣光復鄉大同村敦厚路６０號
10015,1001507,大同村,2,敦厚路,,,,６２號,293479.519,2618181.121,花蓮縣光復鄉大同村敦厚路６２號
10015,1001507,大同村,2,敦厚路,,,,６４號,293480.917,2618185.235,花蓮縣光復鄉大同村敦厚路６４號
10015,1001507,大同村,2,敦厚路,,,,６６號,293482.315,2618189.348,花蓮縣光復鄉大同村敦厚路６６號
10015,1001507,大同村,2,敦厚路,,,,６８號,293483.713,2618193.462,花蓮縣光復鄉大同村敦厚路６８號
10015,1001507,大同村,2,敦厚路,,,,７０號,293485.11,2618197.575,花蓮縣光復鄉大同村敦厚路７０號
10015,1001507,大同村,2,敦厚路,,,,７２號,293486.508,2618201.689,花蓮縣光復鄉大同村敦厚路７２號
10015,1001507,大同村,2,敦厚路,,,,７４號,293487.906,2618205.803,花蓮縣光復鄉大同村敦厚路７４號
10015,1001507,大同村,2,敦厚路,,,,７８號,293490.702,2618214.03,花蓮縣光復鄉大同村敦厚路７８號
10015,1001507,大同村,2,敦厚路,,,,８０號,293492.1,2618218.143,花蓮縣光復鄉大同村敦厚路８０號
10015,1001507,大同村,2,敦厚路,,,,８２號,293493.498,2618222.257,花蓮縣光復鄉大同村敦厚路８２號
10015,1001507,大同村,2,敦厚路,,,,８６號,293496.294,2618230.484,花蓮縣光復鄉大同村敦厚路８６號
10015,1001507,大同村,2,敦厚路,,,,８８號,293497.692,2618234.598,花蓮縣光復鄉大同村敦厚路８８號
10015,1001507,大同村,2,敦厚路,,,,９０號,293499.089,2618238.711,花蓮縣光復鄉大同村敦厚路９０號
10015,1001507,大同村,2,敦厚路,,,,９２號,293500.488,2618242.825,花蓮縣光復鄉大同村敦厚路９２號
10015,1001507,大同村,2,敦厚路,,,,９６號,293508.144,2618250.533,花蓮縣光復鄉大同村敦厚路９６號
10015,1001507,大同村,2,敦厚路,,,,９８號,293509.539,2618254.817,花蓮縣光復鄉大同村敦厚路９８號
10015,1001507,大同村,2,敦厚路,,,,１００號,293510.934,2618259.1,花蓮縣光復鄉大同村敦厚路１００號
10015,1001507,大同村,2,敦厚路,,,,１０２號,293512.329,2618263.384,花蓮縣光復鄉大同村敦厚路１０２號
10015,1001507,大同村,14,敦厚路,,,,１２５號,293518.189,2618382.938,花蓮縣光復鄉大同村敦厚路１２５號
10015,1001507,大同村,14,敦厚路,,,,１２７號,293518.456,2618388.807,花蓮縣光復鄉大同村敦厚路１２７號
10015,1001507,大同村,14,敦厚路,,１２９巷,,１號,293502.067,2618386.158,花蓮縣光復鄉大同村敦厚路１２９巷１號
10015,1001507,大同村,14,敦厚路,,１２９巷,,２號,293502.133,2618389.526,花蓮縣光復鄉大同村敦厚路１２９巷２號
10015,1001507,大同村,14,敦厚路,,１２９巷,,３號,293502.621,2618392.891,花蓮縣光復鄉大同村敦厚路１２９巷３號
10015,1001507,大同村,14,敦厚路,,１２９巷,,４號,293498.774,2618398.942,花蓮縣光復鄉大同村敦厚路１２９巷４號
10015,1001507,大同村,14,敦厚路,,１２９巷,,５號,293498.833,2618404.674,花蓮縣光復鄉大同村敦厚路１２９巷５號
10015,1001507,大同村,14,敦厚路,,１２９巷,,６號,293499,2618410.186,花蓮縣光復鄉大同村敦厚路１２９巷６號
10015,1001507,大同村,14,敦厚路,,１２９巷,,７號,293506.323,2618411.53,花蓮縣光復鄉大同村敦厚路１２９巷７號
10015,1001507,大同村,12,敦厚路,,１３５巷,,１３號,293518.421,2618444.582,花蓮縣光復鄉大同村敦厚路１３５巷１３號
10015,1001507,大同村,12,敦厚路,,１３５巷,,１３之１號,293504.13,2618447.88,花蓮縣光復鄉大同村敦厚路１３５巷１３之１號
10015,1001507,大同村,12,敦厚路,,１３５巷,,１５號,293496.177,2618452.92,花蓮縣光復鄉大同村敦厚路１３５巷１５號
10015,1001507,大同村,12,敦厚路,,１３５巷,,１７號,293488.812,2618455.495,花蓮縣光復鄉大同村敦厚路１３５巷１７號
10015,1001507,大同村,12,敦厚路,,１３５巷,,１７之１號,293482.736,2618458.991,花蓮縣光復鄉大同村敦厚路１３５巷１７之１號
10015,1001507,大同村,13,敦厚路,,１３５巷,,１９號,293475.733,2618480.141,花蓮縣光復鄉大同村敦厚路１３５巷１９號
10015,1001507,大同村,13,敦厚路,,１３５巷,,２１號,293477.448,2618484.833,花蓮縣光復鄉大同村敦厚路１３５巷２１號
10015,1001507,大同村,13,敦厚路,,１３５巷,,２３號,293479.162,2618489.525,花蓮縣光復鄉大同村敦厚路１３５巷２３號
10015,1001507,大同村,12,敦厚路,,１３５巷,,２５號,293480.876,2618494.217,花蓮縣光復鄉大同村敦厚路１３５巷２５號
10015,1001507,大同村,12,敦厚路,,１３５巷,,２７號,293482.591,2618498.909,花蓮縣光復鄉大同村敦厚路１３５巷２７號
10015,1001507,大同村,12,敦厚路,,１３５巷,２８弄,１號,293508.689,2618499.444,花蓮縣光復鄉大同村敦厚路１３５巷２８弄１號
10015,1001507,大同村,2,敦厚路,,１３５巷,２８弄,２號,293512.574,2618497.825,花蓮縣光復鄉大同村敦厚路１３５巷２８弄２號
10015,1001507,大同村,12,敦厚路,,１３５巷,２８弄,２號,293512.574,2618497.825,花蓮縣光復鄉大同村敦厚路１３５巷２８弄２號
10015,1001507,大同村,12,敦厚路,,１３５巷,２８弄,３號,293516.987,2618496.04,花蓮縣光復鄉大同村敦厚路１３５巷２８弄３號
10015,1001507,大同村,12,敦厚路,,１３５巷,２８弄,４號,293520.375,2618494.256,花蓮縣光復鄉大同村敦厚路１３５巷２８弄４號
10015,1001507,大同村,2,敦厚路,,１３５巷,２８弄,５號,293525.95,2618491.651,花蓮縣光復鄉大同村敦厚路１３５巷２８弄５號
10015,1001507,大同村,12,敦厚路,,１３５巷,２８弄,５號,293525.95,2618491.651,花蓮縣光復鄉大同村敦厚路１３５巷２８弄５號
10015,1001507,大同村,12,敦厚路,,１３５巷,２８弄,６號,293530.431,2618489.114,花蓮縣光復鄉大同村敦厚路１３５巷２８弄６號
10015,1001507,大同村,13,敦厚路,,１３５巷,,２９號,293480.52,2618506.541,花蓮縣光復鄉大同村敦厚路１３５巷２９號
10015,1001507,大同村,12,敦厚路,,１３５巷,,３０號,293495.823,2618503.868,花蓮縣光復鄉大同村敦厚路１３５巷３０號
10015,1001507,大同村,13,敦厚路,,１３５巷,,３１號,293484.87,2618509.992,花蓮縣光復鄉大同村敦厚路１３５巷３１號
10015,1001507,大同村,12,敦厚路,,１３５巷,,３２號,293497.436,2618508.621,花蓮縣光復鄉大同村敦厚路１３５巷３２號
10015,1001507,大同村,13,敦厚路,,１３５巷,,３３號,293487.448,2618515.191,花蓮縣光復鄉大同村敦厚路１３５巷３３號
10015,1001507,大同村,12,敦厚路,,１３５巷,,３４號,293499.049,2618513.375,花蓮縣光復鄉大同村敦厚路１３５巷３４號
10015,1001507,大同村,12,敦厚路,,１３５巷,,３５號,293490.026,2618520.389,花蓮縣光復鄉大同村敦厚路１３５巷３５號
10015,1001507,大同村,12,敦厚路,,１３５巷,,３６號,293500.661,2618518.128,花蓮縣光復鄉大同村敦厚路１３５巷３６號
10015,1001507,大同村,12,敦厚路,,１３５巷,,３７號,293492.603,2618525.588,花蓮縣光復鄉大同村敦厚路１３５巷３７號
10015,1001507,大同村,12,敦厚路,,,,１３７號,293531.586,2618451.473,花蓮縣光復鄉大同村敦厚路１３７號
10015,1001507,大同村,12,敦厚路,,,,１４１號,293534.347,2618456.939,花蓮縣光復鄉大同村敦厚路１４１號
10015,1001507,大同村,12,敦厚路,,,,１４３號,293536.826,2618464.524,花蓮縣光復鄉大同村敦厚路１４３號
10015,1001507,大同村,10,敦厚路,,,,１４６之１號,293581.848,2618523.499,花蓮縣光復鄉大同村敦厚路１４６之１號
10015,1001507,大同村,10,敦厚路,,,,１５０之１號,293583.118,2618529.081,花蓮縣光復鄉大同村敦厚路１５０之１號
10015,1001507,大同村,10,敦厚路,,,,１５０號,293583.118,2618539.484,花蓮縣光復鄉大同村敦厚路１５０號
10015,1001507,大同村,12,敦厚路,,,,１５１號,293549.733,2618510.472,花蓮縣光復鄉大同村敦厚路１５１號
10015,1001507,大同村,10,敦厚路,,,,１５２之１號,293595.815,2618557.753,花蓮縣光復鄉大同村敦厚路１５２之１號
10015,1001507,大同村,10,敦厚路,,,,１５２號,293596.069,2618546.843,花蓮縣光復鄉大同村敦厚路１５２號
10015,1001507,大同村,11,敦厚路,,,,１５３號,293555.872,2618534.402,花蓮縣光復鄉大同村敦厚路１５３號
10015,1001507,大同村,11,敦厚路,,,,１５５號,293566.056,2618556.623,花蓮縣光復鄉大同村敦厚路１５５號
10015,1001507,大同村,10,敦厚路,,１５６巷,,１號,293611.85,2618580.838,花蓮縣光復鄉大同村敦厚路１５６巷１號
10015,1001507,大同村,10,敦厚路,,１５６巷,,２號,293613.026,2618549.718,花蓮縣光復鄉大同村敦厚路１５６巷２號
10015,1001507,大同村,10,敦厚路,,１５６巷,,３號,293633.348,2618569.623,花蓮縣光復鄉大同村敦厚路１５６巷３號
10015,1001507,大同村,11,敦厚路,,,,１５７號,293579.391,2618574.865,花蓮縣光復鄉大同村敦厚路１５７號
10015,1001507,大同村,11,敦厚路,,１５９巷,,２號,293570.421,2618599.113,花蓮縣光復鄉大同村敦厚路１５９巷２號
10015,1001507,大同村,11,敦厚路,,１５９巷,,３號,293564.627,2618585.811,花蓮縣光復鄉大同村敦厚路１５９巷３號
10015,1001507,大同村,11,敦厚路,,,,１６１號,293587.435,2618586.933,花蓮縣光復鄉大同村敦厚路１６１號
10015,1001507,大同村,10,敦厚路,,,,１７０之３號,293622.803,2618604.847,花蓮縣光復鄉大同村敦厚路１７０之３號
10015,1001507,大同村,10,敦厚路,,,,１７０之１號,293617.472,2618597.745,花蓮縣光復鄉大同村敦厚路１７０之１號
10015,1001507,大同村,10,敦厚路,,,,１７０之２號,293619.503,2618601.55,花蓮縣光復鄉大同村敦厚路１７０之２號
10015,1001507,大同村,10,敦厚路,,,,１７０號,293611.729,2618596.286,花蓮縣光復鄉大同村敦厚路１７０號
10015,1001507,大同村,11,敦厚路,,１７１巷,,１號,293603.764,2618623.364,花蓮縣光復鄉大同村敦厚路１７１巷１號
10015,1001507,大同村,11,敦厚路,,１７１巷,,３號,293597.418,2618614.232,花蓮縣光復鄉大同村敦厚路１７１巷３號
10015,1001507,大同村,10,敦厚路,,,,１７２號,293625.595,2618608.652,花蓮縣光復鄉大同村敦厚路１７２號
10015,1001507,大同村,11,敦厚路,,,,１７３號,293613.664,2618618.037,花蓮縣光復鄉大同村敦厚路１７３號
10015,1001507,大同村,10,敦厚路,,,,１７４號,293632.704,2618621.081,花蓮縣光復鄉大同村敦厚路１７４號
10015,1001507,大同村,3,林森路,,,,２號,293717.959,2617926.019,花蓮縣光復鄉大同村林森路２號
10015,1001507,大同村,3,林森路,,,,４號,293715.566,2617930.144,花蓮縣光復鄉大同村林森路４號
10015,1001507,大同村,3,林森路,,,,６號,293713.173,2617934.268,花蓮縣光復鄉大同村林森路６號
10015,1001507,大同村,3,林森路,,,,８號,293710.78,2617938.393,花蓮縣光復鄉大同村林森路８號
10015,1001507,大同村,3,林森路,,,,１０號,293708.388,2617942.518,花蓮縣光復鄉大同村林森路１０號
10015,1001507,大同村,3,林森路,,,,１２號,293706.27,2617947.8,花蓮縣光復鄉大同村林森路１２號
10015,1001507,大同村,3,林森路,,,,１４號,293703.602,2617950.767,花蓮縣光復鄉大同村林森路１４號
10015,1001507,大同村,3,林森路,,,,１６號,293701.209,2617954.892,花蓮縣光復鄉大同村林森路１６號
10015,1001507,大同村,3,林森路,,,,１８號,293698.816,2617959.017,花蓮縣光復鄉大同村林森路１８號
10015,1001507,大同村,3,林森路,,,,２０號,293696.424,2617963.141,花蓮縣光復鄉大同村林森路２０號
10015,1001507,大同村,3,林森路,,,,２２號,293694.031,2617967.266,花蓮縣光復鄉大同村林森路２２號
10015,1001507,大同村,3,林森路,,,,２４號,293691.638,2617971.391,花蓮縣光復鄉大同村林森路２４號
10015,1001507,大同村,3,林森路,,,,２６號,293689.245,2617975.516,花蓮縣光復鄉大同村林森路２６號
10015,1001507,大同村,3,林森路,,,,２８號,293686.852,2617979.64,花蓮縣光復鄉大同村林森路２８號
10015,1001507,大同村,3,林森路,,,,３２之１號,293678.869,2617993.096,花蓮縣光復鄉大同村林森路３２之１號
10015,1001507,大同村,3,林森路,,,,３２號,293683.41,2617988.1,花蓮縣光復鄉大同村林森路３２號
10015,1001507,大同村,3,林森路,,,,３６號,293677.281,2617996.139,花蓮縣光復鄉大同村林森路３６號
10015,1001507,大同村,3,林森路,,,,３７號,293611.728,2618072.443,花蓮縣光復鄉大同村林森路３７號
10015,1001507,大同村,3,林森路,,,,４２號,293631.966,2618106.879,花蓮縣光復鄉大同村林森路４２號
10015,1001507,大同村,2,林森路,,,,４９號,293578.806,2618150.136,花蓮縣光復鄉大同村林森路４９號
10015,1001507,大同村,2,林森路,,,,５１號,293577.312,2618153.513,花蓮縣光復鄉大同村林森路５１號
10015,1001507,大同村,2,林森路,,,,５３號,293575.02,2618159.51,花蓮縣光復鄉大同村林森路５３號
10015,1001507,大同村,2,林森路,,,,５５號,293574.326,2618160.267,花蓮縣光復鄉大同村林森路５５號
10015,1001507,大同村,2,林森路,,,,５７號,293572.832,2618163.644,花蓮縣光復鄉大同村林森路５７號
10015,1001507,大同村,2,林森路,,,,５９號,293571.339,2618167.021,花蓮縣光復鄉大同村林森路５９號
10015,1001507,大同村,2,林森路,,,,６１號,293569.846,2618170.398,花蓮縣光復鄉大同村林森路６１號
10015,1001507,大同村,2,林森路,,,,６３號,293568.352,2618173.775,花蓮縣光復鄉大同村林森路６３號
10015,1001507,大同村,2,林森路,,,,８９號,293539.096,2618242.22,花蓮縣光復鄉大同村林森路８９號
10015,1001507,大同村,2,林森路,,,,９１號,293536.109,2618246.048,花蓮縣光復鄉大同村林森路９１號
10015,1001507,大同村,2,林森路,,,,９３號,293533.861,2618248.89,花蓮縣光復鄉大同村林森路９３號
10015,1001507,大同村,2,林森路,,,,９５號,293530.136,2618253.704,花蓮縣光復鄉大同村林森路９５號
10015,1001507,大同村,14,林森路,,,,１００號,293572.492,2618248.849,花蓮縣光復鄉大同村林森路１００號
10015,1001507,大同村,14,林森路,,,,１０４號,293509.203,2618340.072,花蓮縣光復鄉大同村林森路１０４號
10015,1001507,大同村,14,林森路,,,,１０６號,293506.036,2618343.824,花蓮縣光復鄉大同村林森路１０６號
10015,1001507,大同村,14,林森路,,,,１０８號,293502.868,2618347.576,花蓮縣光復鄉大同村林森路１０８號
10015,1001507,大同村,14,林森路,,,,１１０號,293499.701,2618351.327,花蓮縣光復鄉大同村林森路１１０號
10015,1001507,大同村,14,林森路,,,,１１２之１號,293493.312,2618358.55,花蓮縣光復鄉大同村林森路１１２之１號
10015,1001507,大同村,14,林森路,,,,１１４號,293491.38,2618361.83,花蓮縣光復鄉大同村林森路１１４號
10015,1001507,大同村,14,林森路,,,,１１６號,293488.99,2618365,花蓮縣光復鄉大同村林森路１１６號
10015,1001507,大同村,14,林森路,,,,１１８號,293486.885,2618366.334,花蓮縣光復鄉大同村林森路１１８號
10015,1001507,大同村,14,林森路,,,,１２０號,293483.717,2618370.085,花蓮縣光復鄉大同村林森路１２０號
10015,1001507,大同村,14,林森路,,,,１２２號,293480.55,2618373.837,花蓮縣光復鄉大同村林森路１２２號
10015,1001507,大同村,14,林森路,,,,１２４號,293477.382,2618377.589,花蓮縣光復鄉大同村林森路１２４號
10015,1001507,大同村,14,林森路,,,,１２６號,293474.215,2618381.34,花蓮縣光復鄉大同村林森路１２６號
10015,1001507,大同村,14,林森路,,,,１２８號,293471.047,2618385.092,花蓮縣光復鄉大同村林森路１２８號
10015,1001507,大同村,14,林森路,,,,１３０號,293467.133,2618388.592,花蓮縣光復鄉大同村林森路１３０號
10015,1001507,大同村,14,林森路,,,,１３２號,293464.164,2618392.111,花蓮縣光復鄉大同村林森路１３２號
10015,1001507,大同村,14,林森路,,,,１３４號,293461.005,2618395.305,花蓮縣光復鄉大同村林森路１３４號
10015,1001507,大同村,14,林森路,,,,１３６號,293458.063,2618398.787,花蓮縣光復鄉大同村林森路１３６號
10015,1001507,大同村,14,林森路,,,,１３８號,293455.15,2618403.02,花蓮縣光復鄉大同村林森路１３８號
10015,1001507,大同村,14,林森路,,,,１４０號,293452.181,2618405.751,花蓮縣光復鄉大同村林森路１４０號
10015,1001507,大同村,14,林森路,,,,１４２號,293448.879,2618408.636,花蓮縣光復鄉大同村林森路１４２號
10015,1001507,大同村,14,林森路,,,,１４４號,293446.082,2618411.949,花蓮縣光復鄉大同村林森路１４４號
10015,1001507,大同村,14,林森路,,,,１４６號,293443.285,2618415.262,花蓮縣光復鄉大同村林森路１４６號
10015,1001507,大同村,14,林森路,,,,１４８號,293440.488,2618418.575,花蓮縣光復鄉大同村林森路１４８號
10015,1001507,大同村,14,林森路,,,,１５２號,293436,2618426.461,花蓮縣光復鄉大同村林森路１５２號
10015,1001507,大同村,14,林森路,,,,１５４號,293432.692,2618430.193,花蓮縣光復鄉大同村林森路１５４號
10015,1001507,大同村,14,林森路,,,,１５６號,293431.36,2618433.1,花蓮縣光復鄉大同村林森路１５６號
10015,1001507,大同村,1,自強路,,,,１號,293512.036,2618052.318,花蓮縣光復鄉大同村自強路１號
10015,1001507,大同村,1,自強路,,,,１之１號,293502.491,2618044.167,花蓮縣光復鄉大同村自強路１之１號
10015,1001507,大同村,1,自強路,,,,３號,293515.461,2618055.377,花蓮縣光復鄉大同村自強路３號
10015,1001507,大同村,1,自強路,,,,５號,293517.687,2618058.693,花蓮縣光復鄉大同村自強路５號
10015,1001507,大同村,1,自強路,,,,７號,293521.298,2618074.564,花蓮縣光復鄉大同村自強路７號
10015,1001507,大同村,1,自強路,,,,９號,293523.521,2618069.804,花蓮縣光復鄉大同村自強路９號
10015,1001507,大同村,2,自強路,,,,１１號,293531.907,2618072.901,花蓮縣光復鄉大同村自強路１１號
10015,1001507,大同村,2,自強路,,,,１５號,293535.188,2618084.741,花蓮縣光復鄉大同村自強路１５號
10015,1001507,大同村,3,自強路,,,,２２號,293550.425,2618066.809,花蓮縣光復鄉大同村自強路２２號
10015,1001507,大同村,3,自強路,,,,２６號,293556.652,2618072.848,花蓮縣光復鄉大同村自強路２６號
10015,1001507,大同村,2,自強路,,,,２９號,293565.576,2618100.338,花蓮縣光復鄉大同村自強路２９號
10015,1001507,大同村,2,自強路,,,,３１號,293568.829,2618103.765,花蓮縣光復鄉大同村自強路３１號
10015,1001507,大同村,2,自強路,,,,３３號,293572.082,2618107.192,花蓮縣光復鄉大同村自強路３３號
10015,1001507,大同村,2,自強路,,,,３５號,293575.335,2618110.618,花蓮縣光復鄉大同村自強路３５號
10015,1001507,大同村,2,自強路,,,,３７號,293578.588,2618114.045,花蓮縣光復鄉大同村自強路３７號
10015,1001507,大同村,2,自強路,,,,３９號,293581.841,2618117.471,花蓮縣光復鄉大同村自強路３９號
10015,1001507,大同村,2,自強路,,,,４１號,293585.094,2618120.898,花蓮縣光復鄉大同村自強路４１號
10015,1001507,大同村,2,自強路,,,,４３號,293588.347,2618124.325,花蓮縣光復鄉大同村自強路４３號
10015,1001507,大同村,3,自強路,,,,６２號,293619.745,2618127.609,花蓮縣光復鄉大同村自強路６２號
10015,1001507,大同村,3,自強路,,,,６４號,293622.466,2618133.726,花蓮縣光復鄉大同村自強路６４號
10015,1001507,大同村,3,自強路,,,,７２之１號,293682.197,2618164.632,花蓮縣光復鄉大同村自強路７２之１號
10015,1001507,大同村,3,自強路,,,,７２號,293666.504,2618155.135,花蓮縣光復鄉大同村自強路７２號
10015,1001507,大同村,3,自強路,,,,７６號,293684.933,2618183.918,花蓮縣光復鄉大同村自強路７６號
10015,1001507,大同村,3,自強路,,,,７８號,293695.137,2618195.041,花蓮縣光復鄉大同村自強路７８號
10015,1001507,大同村,3,自強路,,８０巷,,１號,293729.995,2618201.732,花蓮縣光復鄉大同村自強路８０巷１號
10015,1001507,大同村,3,自強路,,８０巷,,３號,293742.956,2618200.011,花蓮縣光復鄉大同村自強路８０巷３號
10015,1001507,大同村,3,自強路,,８０巷,,７號,293761.228,2618185.774,花蓮縣光復鄉大同村自強路８０巷７號
10015,1001507,大同村,3,自強路,,８０巷,,２９號,293763.234,2618053.017,花蓮縣光復鄉大同村自強路８０巷２９號
10015,1001507,大同村,8,自強路,,８０巷,,６３號,293985.79,2618456.95,花蓮縣光復鄉大同村自強路８０巷６３號
10015,1001507,大同村,3,自強路,,,,８６號,293719.064,2618223.414,花蓮縣光復鄉大同村自強路８６號
10015,1001507,大同村,3,自強路,,,,８８號,293722.49,2618226.511,花蓮縣光復鄉大同村自強路８８號
10015,1001507,大同村,3,自強路,,,,９６號,293743.001,2618238.774,花蓮縣光復鄉大同村自強路９６號
10015,1001507,大同村,3,自強路,,,,９８之１號,293751.79,2618247.08,花蓮縣光復鄉大同村自強路９８之１號
10015,1001507,大同村,3,自強路,,,,９８號,293748.351,2618243.78,花蓮縣光復鄉大同村自強路９８號
10015,1001507,大安村,11,中山路二段,,,,３號,292912.364,2617550.069,花蓮縣光復鄉大安村中山路二段３號
10015,1001507,大安村,11,中山路二段,,,,７號,292913.543,2617556.986,花蓮縣光復鄉大安村中山路二段７號
10015,1001507,大安村,11,中山路二段,,,,９號,292914.38,2617561.276,花蓮縣光復鄉大安村中山路二段９號
10015,1001507,大安村,12,中山路二段,,,,１０號,292929.16,2617538.373,花蓮縣光復鄉大安村中山路二段１０號
10015,1001507,大安村,11,中山路二段,,,,１１號,292915.65,2617566.06,花蓮縣光復鄉大安村中山路二段１１號
10015,1001507,大安村,12,中山路二段,,,,１２號,292929.736,2617544.139,花蓮縣光復鄉大安村中山路二段１２號
10015,1001507,大安村,11,中山路二段,,,,１３號,292915.942,2617570.158,花蓮縣光復鄉大安村中山路二段１３號
10015,1001507,大安村,12,中山路二段,,,,１４號,292930.359,2617548.708,花蓮縣光復鄉大安村中山路二段１４號
10015,1001507,大安村,11,中山路二段,,,,１５號,292917.094,2617575.138,花蓮縣光復鄉大安村中山路二段１５號
10015,1001507,大安村,12,中山路二段,,,,１６號,292931.979,2617554.498,花蓮縣光復鄉大安村中山路二段１６號
10015,1001507,大安村,11,中山路二段,,,,１７號,292917.942,2617579.815,花蓮縣光復鄉大安村中山路二段１７號
10015,1001507,大安村,11,中山路二段,,,,１９號,292933.919,2617588.731,花蓮縣光復鄉大安村中山路二段１９號
10015,1001507,大安村,10,中山路二段,,２１巷,,１０號,292947.204,2617653.782,花蓮縣光復鄉大安村中山路二段２１巷１０號
10015,1001507,大安村,12,中山路二段,,,,２２號,292938.337,2617568.068,花蓮縣光復鄉大安村中山路二段２２號
10015,1001507,大安村,10,中山路二段,,,,２３號,292964.926,2617605.148,花蓮縣光復鄉大安村中山路二段２３號
10015,1001507,大安村,12,中山路二段,,,,２４號,292962.905,2617583.315,花蓮縣光復鄉大安村中山路二段２４號
10015,1001507,大安村,12,中山路二段,,,,２４之１號,292972.794,2617560.986,花蓮縣光復鄉大安村中山路二段２４之１號
10015,1001507,大安村,10,中山路二段,,,,２５號,292971.174,2617609.31,花蓮縣光復鄉大安村中山路二段２５號
10015,1001507,大安村,12,中山路二段,,,,２６號,292967.54,2617585.604,花蓮縣光復鄉大安村中山路二段２６號
10015,1001507,大安村,10,中山路二段,,,,２７號,292984.042,2617613.778,花蓮縣光復鄉大安村中山路二段２７號
10015,1001507,大安村,12,中山路二段,,,,２８號,292972.175,2617587.893,花蓮縣光復鄉大安村中山路二段２８號
10015,1001507,大安村,10,中山路二段,,,,２９號,292988.936,2617617.959,花蓮縣光復鄉大安村中山路二段２９號
10015,1001507,大安村,12,中山路二段,,,,３２號,292980.686,2617593.61,花蓮縣光復鄉大安村中山路二段３２號
10015,1001507,大安村,10,中山路二段,,,,３３號,292994.165,2617622.735,花蓮縣光復鄉大安村中山路二段３３號
10015,1001507,大安村,12,中山路二段,,,,３４號,292987.77,2617598.488,花蓮縣光復鄉大安村中山路二段３４號
10015,1001507,大安村,10,中山路二段,,,,３５號,292999.818,2617628.187,花蓮縣光復鄉大安村中山路二段３５號
10015,1001507,大安村,12,中山路二段,,,,３８號,292994.149,2617603.679,花蓮縣光復鄉大安村中山路二段３８號
10015,1001507,大安村,10,中山路二段,,,,３９號,293008.39,2617641.75,花蓮縣光復鄉大安村中山路二段３９號
10015,1001507,大安村,12,中山路二段,,４０巷,,２號,292985.918,2617566.605,花蓮縣光復鄉大安村中山路二段４０巷２號
10015,1001507,大安村,12,中山路二段,,４０巷,,３號,293001.793,2617574.146,花蓮縣光復鄉大安村中山路二段４０巷３號
10015,1001507,大安村,10,中山路二段,,,,４１號,293010.459,2617643.976,花蓮縣光復鄉大安村中山路二段４１號
10015,1001507,大安村,12,中山路二段,,,,４２號,293007.085,2617617.008,花蓮縣光復鄉大安村中山路二段４２號
10015,1001507,大安村,10,中山路二段,,,,４３號,293012.665,2617648.544,花蓮縣光復鄉大安村中山路二段４３號
10015,1001507,大安村,12,中山路二段,,,,４４號,293010.483,2617620.629,花蓮縣光復鄉大安村中山路二段４４號
10015,1001507,大安村,12,中山路二段,,,,４６號,293012.315,2617623.601,花蓮縣光復鄉大安村中山路二段４６號
10015,1001507,大安村,10,中山路二段,,,,４９號,293018.857,2617661.43,花蓮縣光復鄉大安村中山路二段４９號
10015,1001507,大安村,12,中山路二段,,,,５０號,293014.401,2617627.971,花蓮縣光復鄉大安村中山路二段５０號
10015,1001507,大安村,10,中山路二段,,,,５１號,293020.159,2617664.816,花蓮縣光復鄉大安村中山路二段５１號
10015,1001507,大安村,12,中山路二段,,,,５２號,293038.868,2617620.524,花蓮縣光復鄉大安村中山路二段５２號
10015,1001507,大安村,10,中山路二段,,,,５３號,293021.419,2617668.332,花蓮縣光復鄉大安村中山路二段５３號
10015,1001507,大安村,10,中山路二段,,,,５５號,293023.122,2617673.203,花蓮縣光復鄉大安村中山路二段５５號
10015,1001507,大安村,13,中山路二段,,,,５６號,293026.442,2617643.346,花蓮縣光復鄉大安村中山路二段５６號
10015,1001507,大安村,10,中山路二段,,,,５７號,293024.825,2617678.074,花蓮縣光復鄉大安村中山路二段５７號
10015,1001507,大安村,13,中山路二段,,,,５８號,293029.914,2617648.824,花蓮縣光復鄉大安村中山路二段５８號
10015,1001507,大安村,10,中山路二段,,,,５９號,293026.528,2617682.945,花蓮縣光復鄉大安村中山路二段５９號
10015,1001507,大安村,10,中山路二段,,,,６１號,293028.232,2617687.816,花蓮縣光復鄉大安村中山路二段６１號
10015,1001507,大安村,13,中山路二段,,,,６２號,293032.655,2617657.771,花蓮縣光復鄉大安村中山路二段６２號
10015,1001507,大安村,9,中山路二段,,,,６５號,293033.294,2617699.623,花蓮縣光復鄉大安村中山路二段６５號
10015,1001507,大安村,13,中山路二段,,,,６６號,293036.107,2617662.624,花蓮縣光復鄉大安村中山路二段６６號
10015,1001507,大安村,9,中山路二段,,,,６７號,293035.311,2617703.002,花蓮縣光復鄉大安村中山路二段６７號
10015,1001507,大安村,13,中山路二段,,,,６８號,293041.738,2617668.799,花蓮縣光復鄉大安村中山路二段６８號
10015,1001507,大安村,9,中山路二段,,,,６９號,293036.576,2617706.757,花蓮縣光復鄉大安村中山路二段６９號
10015,1001507,大安村,13,中山路二段,,,,７２號,293041.472,2617677.286,花蓮縣光復鄉大安村中山路二段７２號
10015,1001507,大安村,9,中山路二段,,,,７３號,293040.069,2617715.179,花蓮縣光復鄉大安村中山路二段７３號
10015,1001507,大安村,13,中山路二段,,,,７４號,293043.484,2617681.994,花蓮縣光復鄉大安村中山路二段７４號
10015,1001507,大安村,9,中山路二段,,,,７７號,293045.014,2617724.014,花蓮縣光復鄉大安村中山路二段７７號
10015,1001507,大安村,13,中山路二段,,,,７８號,293048.975,2617694.192,花蓮縣光復鄉大安村中山路二段７８號
10015,1001507,大安村,9,中山路二段,,,,７９號,293046.569,2617727.962,花蓮縣光復鄉大安村中山路二段７９號
10015,1001507,大安村,13,中山路二段,,,,８０號,293051.207,2617699.54,花蓮縣光復鄉大安村中山路二段８０號
10015,1001507,大安村,9,中山路二段,,,,８１號,293048.123,2617731.91,花蓮縣光復鄉大安村中山路二段８１號
10015,1001507,大安村,13,中山路二段,,,,８２之１號,293054.099,2617706.281,花蓮縣光復鄉大安村中山路二段８２之１號
10015,1001507,大安村,13,中山路二段,,,,８２之２號,293054.363,2617707.339,花蓮縣光復鄉大安村中山路二段８２之２號
10015,1001507,大安村,13,中山路二段,,,,８２之３號,293054.892,2617708.927,花蓮縣光復鄉大安村中山路二段８２之３號
10015,1001507,大安村,13,中山路二段,,,,８２號,293053.439,2617704.887,花蓮縣光復鄉大安村中山路二段８２號
10015,1001507,大安村,9,中山路二段,,,,８３號,293049.678,2617735.858,花蓮縣光復鄉大安村中山路二段８３號
10015,1001507,大安村,13,中山路二段,,,,８４號,293055.671,2617710.235,花蓮縣光復鄉大安村中山路二段８４號
10015,1001507,大安村,9,中山路二段,,,,８５號,293052.768,2617740.622,花蓮縣光復鄉大安村中山路二段８５號
10015,1001507,大安村,13,中山路二段,,,,８６號,293057.903,2617715.582,花蓮縣光復鄉大安村中山路二段８６號
10015,1001507,大安村,9,中山路二段,,,,８７號,293054.798,2617745.67,花蓮縣光復鄉大安村中山路二段８７號
10015,1001507,大安村,13,中山路二段,,,,８８號,293060.135,2617720.93,花蓮縣光復鄉大安村中山路二段８８號
10015,1001507,大安村,9,中山路二段,,,,８９號,293056.827,2617750.718,花蓮縣光復鄉大安村中山路二段８９號
10015,1001507,大安村,9,中山路二段,,,,９０號,293063.658,2617727.222,花蓮縣光復鄉大安村中山路二段９０號
10015,1001507,大安村,13,中山路二段,,,,９０號,293063.658,2617727.222,花蓮縣光復鄉大安村中山路二段９０號
10015,1001507,大安村,9,中山路二段,,,,９１號,293058.857,2617755.767,花蓮縣光復鄉大安村中山路二段９１號
10015,1001507,大安村,14,中山路二段,,,,９２之１號,293068.077,2617738.259,花蓮縣光復鄉大安村中山路二段９２之１號
10015,1001507,大安村,13,中山路二段,,,,９２號,293065.832,2617733.255,花蓮縣光復鄉大安村中山路二段９２號
10015,1001507,大安村,9,中山路二段,,,,９３號,293060.887,2617760.815,花蓮縣光復鄉大安村中山路二段９３號
10015,1001507,大安村,9,中山路二段,,,,９５號,293062.916,2617765.864,花蓮縣光復鄉大安村中山路二段９５號
10015,1001507,大安村,14,中山路二段,,,,９６號,293070.322,2617743.262,花蓮縣光復鄉大安村中山路二段９６號
10015,1001507,大安村,9,中山路二段,,,,９７號,293065.236,2617771.051,花蓮縣光復鄉大安村中山路二段９７號
10015,1001507,大安村,14,中山路二段,,,,９８號,293072.796,2617749.577,花蓮縣光復鄉大安村中山路二段９８號
10015,1001507,大安村,14,中山路二段,,,,１００號,293075.195,2617755.776,花蓮縣光復鄉大安村中山路二段１００號
10015,1001507,大安村,14,中山路二段,,,,１０２號,293079.705,2617760.328,花蓮縣光復鄉大安村中山路二段１０２號
10015,1001507,大安村,8,中山路二段,,,,１０３號,293070.636,2617784.906,花蓮縣光復鄉大安村中山路二段１０３號
10015,1001507,大安村,14,中山路二段,,,,１０４號,293081.526,2617763.24,花蓮縣光復鄉大安村中山路二段１０４號
10015,1001507,大安村,8,中山路二段,,,,１０５號,293072.79,2617789.497,花蓮縣光復鄉大安村中山路二段１０５號
10015,1001507,大安村,8,中山路二段,,,,１０７號,293074.944,2617794.088,花蓮縣光復鄉大安村中山路二段１０７號
10015,1001507,大安村,8,中山路二段,,,,１０９號,293077.098,2617798.679,花蓮縣光復鄉大安村中山路二段１０９號
10015,1001507,大安村,8,中山路二段,,,,１１１號,293078.78,2617802.64,花蓮縣光復鄉大安村中山路二段１１１號
10015,1001507,大安村,14,中山路二段,,,,１１２號,293086.344,2617779.213,花蓮縣光復鄉大安村中山路二段１１２號
10015,1001507,大安村,8,中山路二段,,,,１１３號,293080.599,2617806.873,花蓮縣光復鄉大安村中山路二段１１３號
10015,1001507,大安村,14,中山路二段,,,,１１４號,293088.318,2617783.876,花蓮縣光復鄉大安村中山路二段１１４號
10015,1001507,大安村,8,中山路二段,,,,１１５號,293082.418,2617811.105,花蓮縣光復鄉大安村中山路二段１１５號
10015,1001507,大安村,14,中山路二段,,,,１１６號,293090.292,2617788.539,花蓮縣光復鄉大安村中山路二段１１６號
10015,1001507,大安村,8,中山路二段,,,,１１７號,293084.237,2617815.338,花蓮縣光復鄉大安村中山路二段１１７號
10015,1001507,大安村,14,中山路二段,,,,１１８號,293092.267,2617793.202,花蓮縣光復鄉大安村中山路二段１１８號
10015,1001507,大安村,8,中山路二段,,,,１１９號,293086.056,2617819.57,花蓮縣光復鄉大安村中山路二段１１９號
10015,1001507,大安村,8,中山路二段,,,,１２１號,293087.875,2617823.803,花蓮縣光復鄉大安村中山路二段１２１號
10015,1001507,大安村,14,中山路二段,,,,１２２號,293097.232,2617803.982,花蓮縣光復鄉大安村中山路二段１２２號
10015,1001507,大安村,8,中山路二段,,,,１２３號,293090.199,2617828.452,花蓮縣光復鄉大安村中山路二段１２３號
10015,1001507,大安村,14,中山路二段,,,,１２４號,293099.637,2617808.9,花蓮縣光復鄉大安村中山路二段１２４號
10015,1001507,大安村,8,中山路二段,,,,１２５號,293091.902,2617833.086,花蓮縣光復鄉大安村中山路二段１２５號
10015,1001507,大安村,8,中山路二段,,,,１２７號,293093.603,2617837.72,花蓮縣光復鄉大安村中山路二段１２７號
10015,1001507,大安村,14,中山路二段,,,,１２８號,293103.944,2617818.197,花蓮縣光復鄉大安村中山路二段１２８號
10015,1001507,大安村,8,中山路二段,,,,１２９號,293094.059,2617846.98,花蓮縣光復鄉大安村中山路二段１２９號
10015,1001507,大安村,14,中山路二段,,,,１３０號,293106.098,2617822.846,花蓮縣光復鄉大安村中山路二段１３０號
10015,1001507,大安村,8,中山路二段,,,,１３１號,293103.521,2617856.203,花蓮縣光復鄉大安村中山路二段１３１號
10015,1001507,大安村,14,中山路二段,,,,１３２號,293108.252,2617827.494,花蓮縣光復鄉大安村中山路二段１３２號
10015,1001507,大安村,7,中山路二段,,,,１３３號,293107.694,2617864.734,花蓮縣光復鄉大安村中山路二段１３３號
10015,1001507,大安村,14,中山路二段,,,,１３４號,293110.215,2617831.663,花蓮縣光復鄉大安村中山路二段１３４號
10015,1001507,大安村,7,中山路二段,,,,１３５號,293108.48,2617868.3,花蓮縣光復鄉大安村中山路二段１３５號
10015,1001507,大安村,14,中山路二段,,,,１３６號,293111.935,2617835.345,花蓮縣光復鄉大安村中山路二段１３６號
10015,1001507,大安村,7,中山路二段,,,,１３７號,293110.207,2617871.763,花蓮縣光復鄉大安村中山路二段１３７號
10015,1001507,大安村,14,中山路二段,,,,１３８號,293113.342,2617838.55,花蓮縣光復鄉大安村中山路二段１３８號
10015,1001507,大安村,7,中山路二段,,,,１３９號,293111.72,2617875.463,花蓮縣光復鄉大安村中山路二段１３９號
10015,1001507,大安村,14,中山路二段,,,,１４０號,293114.906,2617841.994,花蓮縣光復鄉大安村中山路二段１４０號
10015,1001507,大安村,7,中山路二段,,,,１４１號,293113.336,2617879.379,花蓮縣光復鄉大安村中山路二段１４１號
10015,1001507,大安村,15,中山路二段,,,,１４２號,293116.451,2617845.795,花蓮縣光復鄉大安村中山路二段１４２號
10015,1001507,大安村,7,中山路二段,,,,１４３號,293115.322,2617883.654,花蓮縣光復鄉大安村中山路二段１４３號
10015,1001507,大安村,7,中山路二段,,,,１４５號,293117.308,2617887.929,花蓮縣光復鄉大安村中山路二段１４５號
10015,1001507,大安村,15,中山路二段,,,,１４６號,293119.805,2617853.152,花蓮縣光復鄉大安村中山路二段１４６號
10015,1001507,大安村,15,中山路二段,,,,１４８號,293121.482,2617856.831,花蓮縣光復鄉大安村中山路二段１４８號
10015,1001507,大安村,7,中山路二段,,,,１４９號,293121.281,2617896.48,花蓮縣光復鄉大安村中山路二段１４９號
10015,1001507,大安村,15,中山路二段,,,,１５０號,293123.159,2617860.509,花蓮縣光復鄉大安村中山路二段１５０號
10015,1001507,大安村,7,中山路二段,,,,１５１號,293123.268,2617900.755,花蓮縣光復鄉大安村中山路二段１５１號
10015,1001507,大安村,7,中山路二段,,,,１５３號,293125.254,2617905.03,花蓮縣光復鄉大安村中山路二段１５３號
10015,1001507,大安村,15,中山路二段,,,,１５４號,293126.512,2617867.867,花蓮縣光復鄉大安村中山路二段１５４號
10015,1001507,大安村,7,中山路二段,,,,１５５號,293127.241,2617909.305,花蓮縣光復鄉大安村中山路二段１５５號
10015,1001507,大安村,7,中山路二段,,,,１５５之１號,293120.269,2617913.243,花蓮縣光復鄉大安村中山路二段１５５之１號
10015,1001507,大安村,15,中山路二段,,,,１５６號,293128.189,2617871.545,花蓮縣光復鄉大安村中山路二段１５６號
10015,1001507,大安村,15,中山路二段,,,,１５８號,293129.866,2617875.224,花蓮縣光復鄉大安村中山路二段１５８號
10015,1001507,大安村,7,中山路二段,,,,１５９號,293132.151,2617918.918,花蓮縣光復鄉大安村中山路二段１５９號
10015,1001507,大安村,7,中山路二段,,,,１６０號,293131.781,2617879.323,花蓮縣光復鄉大安村中山路二段１６０號
10015,1001507,大安村,15,中山路二段,,,,１６２號,293133.787,2617883.193,花蓮縣光復鄉大安村中山路二段１６２號
10015,1001507,大安村,7,中山路二段,,,,１６３之１號,293135.326,2617926.679,花蓮縣光復鄉大安村中山路二段１６３之１號
10015,1001507,大安村,7,中山路二段,,,,１６３號,293134.029,2617924.006,花蓮縣光復鄉大安村中山路二段１６３號
10015,1001507,大安村,15,中山路二段,,,,１６４號,293135.792,2617887.062,花蓮縣光復鄉大安村中山路二段１６４號
10015,1001507,大安村,15,中山路二段,,,,１６６號,293137.798,2617890.931,花蓮縣光復鄉大安村中山路二段１６６號
10015,1001507,大安村,15,中山路二段,,,,１６８號,293139.803,2617894.801,花蓮縣光復鄉大安村中山路二段１６８號
10015,1001507,大安村,7,中山路二段,,,,１６９號,293139.634,2617937.332,花蓮縣光復鄉大安村中山路二段１６９號
10015,1001507,大安村,15,中山路二段,,,,１７０號,293141.809,2617898.67,花蓮縣光復鄉大安村中山路二段１７０號
10015,1001507,大安村,7,中山路二段,,,,１７１號,293141.309,2617943.274,花蓮縣光復鄉大安村中山路二段１７１號
10015,1001507,大安村,15,中山路二段,,,,１７２號,293143.814,2617902.54,花蓮縣光復鄉大安村中山路二段１７２號
10015,1001507,大安村,7,中山路二段,,,,１７３號,293144.446,2617949.623,花蓮縣光復鄉大安村中山路二段１７３號
10015,1001507,大安村,6,中山路二段,,,,１７５號,293147.582,2617955.972,花蓮縣光復鄉大安村中山路二段１７５號
10015,1001507,大安村,6,中山路二段,,,,１７７號,293150.719,2617962.322,花蓮縣光復鄉大安村中山路二段１７７號
10015,1001507,大安村,6,中山路二段,,,,１７９號,293153.855,2617968.671,花蓮縣光復鄉大安村中山路二段１７９號
10015,1001507,大安村,15,中山路二段,,,,１８０號,293147.491,2617915.48,花蓮縣光復鄉大安村中山路二段１８０號
10015,1001507,大安村,6,中山路二段,,,,１８１號,293160.451,2617980.883,花蓮縣光復鄉大安村中山路二段１８１號
10015,1001507,大安村,15,中山路二段,,,,１８２號,293149.056,2617918.946,花蓮縣光復鄉大安村中山路二段１８２號
10015,1001507,大安村,6,中山路二段,,,,１８３號,293157.745,2617976.53,花蓮縣光復鄉大安村中山路二段１８３號
10015,1001507,大安村,15,中山路二段,,,,１８４號,293150.62,2617922.412,花蓮縣光復鄉大安村中山路二段１８４號
10015,1001507,大安村,16,中山路二段,,,,１８６號,293153.506,2617927.384,花蓮縣光復鄉大安村中山路二段１８６號
10015,1001507,大安村,6,中山路二段,,,,１８７號,293162.884,2617986.747,花蓮縣光復鄉大安村中山路二段１８７號
10015,1001507,大安村,16,中山路二段,,,,１８８號,293156.412,2617933.652,花蓮縣光復鄉大安村中山路二段１８８號
10015,1001507,大安村,6,中山路二段,,,,１８９號,293165.747,2617993.04,花蓮縣光復鄉大安村中山路二段１８９號
10015,1001507,大安村,16,中山路二段,,,,１９０號,293159.473,2617938.256,花蓮縣光復鄉大安村中山路二段１９０號
10015,1001507,大安村,16,中山路二段,,,,１９２號,293161.005,2617942.445,花蓮縣光復鄉大安村中山路二段１９２號
10015,1001507,大安村,6,中山路二段,,１９３巷,,６號,293136.007,2618012.186,花蓮縣光復鄉大安村中山路二段１９３巷６號
10015,1001507,大安村,6,中山路二段,,１９３巷,,８號,293132.71,2618013.843,花蓮縣光復鄉大安村中山路二段１９３巷８號
10015,1001507,大安村,6,中山路二段,,１９３巷,,１０號,293128.444,2618015.501,花蓮縣光復鄉大安村中山路二段１９３巷１０號
10015,1001507,大安村,4,中山路二段,,１９３巷,,１１號,293133.14,2618025.229,花蓮縣光復鄉大安村中山路二段１９３巷１１號
10015,1001507,大安村,6,中山路二段,,１９３巷,,１２號,293125.147,2618017.158,花蓮縣光復鄉大安村中山路二段１９３巷１２號
10015,1001507,大安村,4,中山路二段,,１９３巷,,１３號,293126.724,2618030.008,花蓮縣光復鄉大安村中山路二段１９３巷１３號
10015,1001507,大安村,6,中山路二段,,１９３巷,,１４號,293121.85,2618018.815,花蓮縣光復鄉大安村中山路二段１９３巷１４號
10015,1001507,大安村,6,中山路二段,,１９３巷,,１６號,293118.553,2618020.472,花蓮縣光復鄉大安村中山路二段１９３巷１６號
10015,1001507,大安村,6,中山路二段,,１９３巷,,２０號,293111.959,2618023.787,花蓮縣光復鄉大安村中山路二段１９３巷２０號
10015,1001507,大安村,6,中山路二段,,１９３巷,,２２號,293108.662,2618025.444,花蓮縣光復鄉大安村中山路二段１９３巷２２號
10015,1001507,大安村,6,中山路二段,,１９３巷,,２４號,293105.365,2618027.101,花蓮縣光復鄉大安村中山路二段１９３巷２４號
10015,1001507,大安村,16,中山路二段,,,,１９４號,293162.117,2617946.533,花蓮縣光復鄉大安村中山路二段１９４號
10015,1001507,大安村,5,中山路二段,,,,１９５號,293170.77,2618005.6,花蓮縣光復鄉大安村中山路二段１９５號
10015,1001507,大安村,16,中山路二段,,,,１９６號,293163.719,2617950.058,花蓮縣光復鄉大安村中山路二段１９６號
10015,1001507,大安村,16,中山路二段,,,,１９８號,293165.322,2617953.582,花蓮縣光復鄉大安村中山路二段１９８號
10015,1001507,大安村,5,中山路二段,,,,１９９號,293173.291,2618013.533,花蓮縣光復鄉大安村中山路二段１９９號
10015,1001507,大安村,16,中山路二段,,,,２００號,293166.32,2617956.15,花蓮縣光復鄉大安村中山路二段２００號
10015,1001507,大安村,16,中山路二段,,,,２０２號,293168.51,2617958.33,花蓮縣光復鄉大安村中山路二段２０２號
10015,1001507,大安村,5,中山路二段,,,,２０３號,293177.238,2618022.277,花蓮縣光復鄉大安村中山路二段２０３號
10015,1001507,大安村,16,中山路二段,,,,２０４號,293170.128,2617964.155,花蓮縣光復鄉大安村中山路二段２０４號
10015,1001507,大安村,5,中山路二段,,,,２０５號,293179.212,2618026.648,花蓮縣光復鄉大安村中山路二段２０５號
10015,1001507,大安村,16,中山路二段,,,,２０６號,293172.207,2617968.235,花蓮縣光復鄉大安村中山路二段２０６號
10015,1001507,大安村,5,中山路二段,,,,２０７號,293180.267,2618031.669,花蓮縣光復鄉大安村中山路二段２０７號
10015,1001507,大安村,5,中山路二段,,,,２０９號,293182.454,2618036.503,花蓮縣光復鄉大安村中山路二段２０９號
10015,1001507,大安村,16,中山路二段,,,,２１０號,293176.67,2617973.59,花蓮縣光復鄉大安村中山路二段２１０號
10015,1001507,大安村,5,中山路二段,,,,２１１號,293184.64,2618041.337,花蓮縣光復鄉大安村中山路二段２１１號
10015,1001507,大安村,5,中山路二段,,,,２１３號,293186.826,2618046.172,花蓮縣光復鄉大安村中山路二段２１３號
10015,1001507,大安村,16,中山路二段,,,,２１４號,293177.996,2617982.785,花蓮縣光復鄉大安村中山路二段２１４號
10015,1001507,大安村,5,中山路二段,,,,２１５號,293188.67,2618050.8,花蓮縣光復鄉大安村中山路二段２１５號
10015,1001507,大安村,16,中山路二段,,,,２１６號,293180.031,2617987,花蓮縣光復鄉大安村中山路二段２１６號
10015,1001507,大安村,5,中山路二段,,,,２１７號,293191.199,2618055.841,花蓮縣光復鄉大安村中山路二段２１７號
10015,1001507,大安村,16,中山路二段,,,,２１８號,293181.201,2617989.833,花蓮縣光復鄉大安村中山路二段２１８號
10015,1001507,大安村,16,中山路二段,,,,２２０號,293182.803,2617993.358,花蓮縣光復鄉大安村中山路二段２２０號
10015,1001507,大安村,5,中山路二段,,,,２２１號,293195.377,2618064.004,花蓮縣光復鄉大安村中山路二段２２１號
10015,1001507,大安村,16,中山路二段,,,,２２２號,293184.16,2617996.191,花蓮縣光復鄉大安村中山路二段２２２號
10015,1001507,大安村,16,中山路二段,,,,２２４號,293185.272,2617999.043,花蓮縣光復鄉大安村中山路二段２２４號
10015,1001507,大安村,16,中山路二段,,,,２２６號,293187.225,2618003.477,花蓮縣光復鄉大安村中山路二段２２６號
10015,1001507,大安村,16,中山路二段,,,,２３０號,293189.939,2618008.548,花蓮縣光復鄉大安村中山路二段２３０號
10015,1001507,大安村,16,中山路二段,,,,２３２號,293192.111,2618013.788,花蓮縣光復鄉大安村中山路二段２３２號
10015,1001507,大安村,16,中山路二段,,,,２３４號,293194.14,2618018.02,花蓮縣光復鄉大安村中山路二段２３４號
10015,1001507,大安村,17,中山路二段,,,,２３６號,293196.169,2618022.251,花蓮縣光復鄉大安村中山路二段２３６號
10015,1001507,大安村,17,中山路二段,,,,２３８號,293198.197,2618027.059,花蓮縣光復鄉大安村中山路二段２３８號
10015,1001507,大安村,17,中山路二段,,,,２４０號,293200.226,2618031.29,花蓮縣光復鄉大安村中山路二段２４０號
10015,1001507,大安村,17,中山路二段,,,,２４２之１號,293203.518,2618039.29,花蓮縣光復鄉大安村中山路二段２４２之１號
10015,1001507,大安村,17,中山路二段,,,,２４２號,293202.255,2618035.522,花蓮縣光復鄉大安村中山路二段２４２號
10015,1001507,大安村,17,中山路二段,,,,２４６號,293205.496,2618043.882,花蓮縣光復鄉大安村中山路二段２４６號
10015,1001507,大安村,17,中山路二段,,,,２４８號,293208.07,2618049.38,花蓮縣光復鄉大安村中山路二段２４８號
10015,1001507,大安村,17,中山路二段,,,,２５０號,293210.645,2618054.878,花蓮縣光復鄉大安村中山路二段２５０號
10015,1001507,大安村,1,中正路一段,,,,２之２號,292972.18,2618182.05,花蓮縣光復鄉大安村中正路一段２之２號
10015,1001507,大安村,1,中正路一段,,,,２之１號,292959.748,2618134.427,花蓮縣光復鄉大安村中正路一段２之１號
10015,1001507,大安村,1,中正路一段,,２巷,,２０號,292949.931,2618069.819,花蓮縣光復鄉大安村中正路一段２巷２０號
10015,1001507,大安村,1,中正路一段,,２巷,,２３號,292951.007,2618092.323,花蓮縣光復鄉大安村中正路一段２巷２３號
10015,1001507,大安村,2,中正路一段,,,,４號,292973.61,2618110.671,花蓮縣光復鄉大安村中正路一段４號
10015,1001507,大安村,2,中正路一段,,,,６號,292977.615,2618109.544,花蓮縣光復鄉大安村中正路一段６號
10015,1001507,大安村,2,中正路一段,,,,１０號,292985.626,2618107.291,花蓮縣光復鄉大安村中正路一段１０號
10015,1001507,大安村,2,中正路一段,,,,１２號,292989.631,2618106.165,花蓮縣光復鄉大安村中正路一段１２號
10015,1001507,大安村,2,中正路一段,,,,１４號,292993.636,2618105.039,花蓮縣光復鄉大安村中正路一段１４號
10015,1001507,大安村,3,中正路一段,,,,１６號,293026.238,2618109.121,花蓮縣光復鄉大安村中正路一段１６號
10015,1001507,大安村,3,中正路一段,,,,１８號,293030.883,2618107.96,花蓮縣光復鄉大安村中正路一段１８號
10015,1001507,大安村,3,中正路一段,,,,２２號,293040.174,2618105.639,花蓮縣光復鄉大安村中正路一段２２號
10015,1001507,大安村,3,中正路一段,,,,２４號,293045.478,2618105.31,花蓮縣光復鄉大安村中正路一段２４號
10015,1001507,大安村,3,中正路一段,,,,２６號,293049.702,2618104.138,花蓮縣光復鄉大安村中正路一段２６號
10015,1001507,大安村,3,中正路一段,,,,２８號,293053.925,2618102.966,花蓮縣光復鄉大安村中正路一段２８號
10015,1001507,大安村,3,中正路一段,,,,３０號,293057.981,2618102.659,花蓮縣光復鄉大安村中正路一段３０號
10015,1001507,大安村,3,中正路一段,,,,３２號,293061.664,2618101.792,花蓮縣光復鄉大安村中正路一段３２號
10015,1001507,大安村,3,中正路一段,,,,３４號,293065.348,2618100.924,花蓮縣光復鄉大安村中正路一段３４號
10015,1001507,大安村,3,中正路一段,,,,３６號,293069.032,2618100.057,花蓮縣光復鄉大安村中正路一段３６號
10015,1001507,大安村,3,中正路一段,,,,３８號,293072.715,2618099.19,花蓮縣光復鄉大安村中正路一段３８號
10015,1001507,大安村,3,中正路一段,,,,４０號,293076.399,2618098.322,花蓮縣光復鄉大安村中正路一段４０號
10015,1001507,大安村,3,中正路一段,,,,４２號,293080.082,2618097.455,花蓮縣光復鄉大安村中正路一段４２號
10015,1001507,大安村,3,中正路一段,,,,４２之１號,293083.766,2618096.587,花蓮縣光復鄉大安村中正路一段４２之１號
10015,1001507,大安村,3,中正路一段,,,,４６號,293087.449,2618095.72,花蓮縣光復鄉大安村中正路一段４６號
10015,1001507,大安村,3,中正路一段,,,,４８號,293091.133,2618094.853,花蓮縣光復鄉大安村中正路一段４８號
10015,1001507,大安村,3,中正路一段,,,,５０號,293094.817,2618093.985,花蓮縣光復鄉大安村中正路一段５０號
10015,1001507,大安村,3,中正路一段,,,,５２號,293099.113,2618092.913,花蓮縣光復鄉大安村中正路一段５２號
10015,1001507,大安村,3,中正路一段,,,,５４號,293106.152,2618090.879,花蓮縣光復鄉大安村中正路一段５４號
10015,1001507,大安村,4,中正路一段,,,,５６號,293122.531,2618084.758,花蓮縣光復鄉大安村中正路一段５６號
10015,1001507,大安村,4,中正路一段,,,,５８號,293127.901,2618083.354,花蓮縣光復鄉大安村中正路一段５８號
10015,1001507,大安村,4,中正路一段,,,,６０號,293133.27,2618081.95,花蓮縣光復鄉大安村中正路一段６０號
10015,1001507,大安村,4,中正路一段,,,,６２號,293138.64,2618080.547,花蓮縣光復鄉大安村中正路一段６２號
10015,1001507,大安村,4,中正路一段,,,,６４號,293143.601,2618079.462,花蓮縣光復鄉大安村中正路一段６４號
10015,1001507,大安村,4,中正路一段,,,,６６號,293147.514,2618078.672,花蓮縣光復鄉大安村中正路一段６６號
10015,1001507,大安村,4,中正路一段,,,,６８號,293151.427,2618077.882,花蓮縣光復鄉大安村中正路一段６８號
10015,1001507,大安村,4,中正路一段,,,,７２號,293162.059,2618076.5,花蓮縣光復鄉大安村中正路一段７２號
10015,1001507,大安村,4,中正路一段,,,,７４號,293166.658,2618075.332,花蓮縣光復鄉大安村中正路一段７４號
10015,1001507,大安村,4,中正路一段,,,,７６號,293171.434,2618074.164,花蓮縣光復鄉大安村中正路一段７６號
10015,1001507,大安村,4,中正路一段,,,,７８號,293176.352,2618072.845,花蓮縣光復鄉大安村中正路一段７８號
10015,1001507,大安村,4,中正路一段,,,,８０號,293181.147,2618071.736,花蓮縣光復鄉大安村中正路一段８０號
10015,1001507,大安村,4,中正路一段,,,,８２號,293183.949,2618071.114,花蓮縣光復鄉大安村中正路一段８２號
10015,1001507,大安村,4,中正路一段,,,,８４號,293188.744,2618070.005,花蓮縣光復鄉大安村中正路一段８４號
10015,1001507,大安村,4,中正路一段,,,,８６號,293193.2,2618069.081,花蓮縣光復鄉大安村中正路一段８６號
10015,1001507,大安村,4,中正路一段,,,,８８號,293197.415,2618068.06,花蓮縣光復鄉大安村中正路一段８８號
10015,1001507,大安村,17,中正路一段,,,,９０號,293219.055,2618061.254,花蓮縣光復鄉大安村中正路一段９０號
10015,1001507,大安村,17,中正路一段,,,,９２號,293224.89,2618059.16,花蓮縣光復鄉大安村中正路一段９２號
10015,1001507,大安村,17,中正路一段,,,,９４號,293230.153,2618057.357,花蓮縣光復鄉大安村中正路一段９４號
10015,1001507,大安村,17,中正路一段,,,,９６號,293235.989,2618055.264,花蓮縣光復鄉大安村中正路一段９６號
10015,1001507,大安村,17,中正路一段,,,,１００號,293247.04,2618050.515,花蓮縣光復鄉大安村中正路一段１００號
10015,1001507,大安村,18,中正路一段,,,,１０６號,293256.542,2618047.196,花蓮縣光復鄉大安村中正路一段１０６號
10015,1001507,大安村,18,中正路一段,,,,１０８號,293265.024,2618044.326,花蓮縣光復鄉大安村中正路一段１０８號
10015,1001507,大安村,18,中正路一段,,１１４巷,,１號,293264.543,2618002.842,花蓮縣光復鄉大安村中正路一段１１４巷１號
10015,1001507,大安村,18,中正路一段,,１１４巷,,２號,293260.804,2617999.106,花蓮縣光復鄉大安村中正路一段１１４巷２號
10015,1001507,大安村,18,中正路一段,,１１４巷,,３號,293254.553,2617985.865,花蓮縣光復鄉大安村中正路一段１１４巷３號
10015,1001507,大安村,18,中正路一段,,,,１１６號,293295.617,2618034.652,花蓮縣光復鄉大安村中正路一段１１６號
10015,1001507,大安村,18,中正路一段,,,,１１８號,293300.575,2618033.11,花蓮縣光復鄉大安村中正路一段１１８號
10015,1001507,大安村,18,中正路一段,,,,１２０號,293305.533,2618031.568,花蓮縣光復鄉大安村中正路一段１２０號
10015,1001507,大安村,18,中正路一段,,,,１２２號,293311.35,2618028.78,花蓮縣光復鄉大安村中正路一段１２２號
10015,1001507,大安村,19,中正路一段,,,,１２４號,293322.896,2618019.864,花蓮縣光復鄉大安村中正路一段１２４號
10015,1001507,大安村,19,中正路一段,,,,１２６號,293336.962,2618021.136,花蓮縣光復鄉大安村中正路一段１２６號
10015,1001507,大安村,19,中正路一段,,,,１２８號,293341.379,2618019.481,花蓮縣光復鄉大安村中正路一段１２８號
10015,1001507,大安村,19,中正路一段,,,,１３０號,293344.828,2618018.653,花蓮縣光復鄉大安村中正路一段１３０號
10015,1001507,大安村,19,中正路一段,,,,１３２號,293356.698,2618009.414,花蓮縣光復鄉大安村中正路一段１３２號
10015,1001507,大安村,19,中正路一段,,,,１３６號,293379.194,2618004.701,花蓮縣光復鄉大安村中正路一段１３６號
10015,1001507,大安村,19,中正路一段,,,,１３８號,293383.267,2618003.09,花蓮縣光復鄉大安村中正路一段１３８號
10015,1001507,大安村,19,中正路一段,,,,１４０號,293388.616,2618001.159,花蓮縣光復鄉大安村中正路一段１４０號
10015,1001507,大安村,19,中正路一段,,,,１４２號,293389.327,2618000.744,花蓮縣光復鄉大安村中正路一段１４２號
10015,1001507,大安村,19,中正路一段,,,,１４６號,293404.768,2617998.381,花蓮縣光復鄉大安村中正路一段１４６號
10015,1001507,大安村,19,中正路一段,,,,１４８號,293410.172,2617996.737,花蓮縣光復鄉大安村中正路一段１４８號
10015,1001507,大安村,19,中正路一段,,,,１５０號,293414.305,2617995.582,花蓮縣光復鄉大安村中正路一段１５０號
10015,1001507,大安村,19,中正路一段,,,,１５２號,293419.544,2617994.282,花蓮縣光復鄉大安村中正路一段１５２號
10015,1001507,大安村,19,中正路一段,,,,１５４號,293423.722,2617992.658,花蓮縣光復鄉大安村中正路一段１５４號
10015,1001507,大安村,19,中正路一段,,,,１５６號,293428.599,2617991.052,花蓮縣光復鄉大安村中正路一段１５６號
10015,1001507,大安村,19,中正路一段,,,,１５８號,293432.451,2617986.141,花蓮縣光復鄉大安村中正路一段１５８號
10015,1001507,大安村,19,中正路一段,,,,１６０號,293438.249,2617988.627,花蓮縣光復鄉大安村中正路一段１６０號
10015,1001507,大安村,19,中正路一段,,,,１６２號,293443.532,2617986.707,花蓮縣光復鄉大安村中正路一段１６２號
10015,1001507,大安村,19,中正路一段,,,,１６６號,293453.326,2617983.699,花蓮縣光復鄉大安村中正路一段１６６號
10015,1001507,大安村,19,中正路一段,,,,１６８號,293458.601,2617982.139,花蓮縣光復鄉大安村中正路一段１６８號
10015,1001507,大安村,19,中正路一段,,,,１７０號,293466.256,2617979.456,花蓮縣光復鄉大安村中正路一段１７０號
10015,1001507,大安村,19,中正路一段,,,,１７２號,293470.23,2617977.73,花蓮縣光復鄉大安村中正路一段１７２號
10015,1001507,大安村,19,中正路一段,,,,１７６號,293477.967,2617975.721,花蓮縣光復鄉大安村中正路一段１７６號
10015,1001507,大安村,20,中正路一段,,,,１８６號,293496.382,2617969.563,花蓮縣光復鄉大安村中正路一段１８６號
10015,1001507,大安村,20,中正路一段,,,,２０４號,293547.129,2617951.55,花蓮縣光復鄉大安村中正路一段２０４號
10015,1001507,大安村,20,中正路一段,,,,２０６號,293550.477,2617950.478,花蓮縣光復鄉大安村中正路一段２０６號
10015,1001507,大安村,20,中正路一段,,,,２１２號,293571.9,2617942.67,花蓮縣光復鄉大安村中正路一段２１２號
10015,1001507,大安村,20,中正路一段,,,,２６４號,293683.674,2617910.044,花蓮縣光復鄉大安村中正路一段２６４號
10015,1001507,大安村,20,中正路一段,,,,２６６號,293687.985,2617908.437,花蓮縣光復鄉大安村中正路一段２６６號
10015,1001507,大安村,20,中正路一段,,,,２６８號,293692.536,2617906.779,花蓮縣光復鄉大安村中正路一段２６８號
10015,1001507,大安村,20,中正路一段,,,,２７０號,293696.92,2617905.102,花蓮縣光復鄉大安村中正路一段２７０號
10015,1001507,大安村,20,中正路一段,,,,２７２號,293701.681,2617903.397,花蓮縣光復鄉大安村中正路一段２７２號
10015,1001507,大安村,20,中正路一段,,,,２７４號,293705.869,2617902.062,花蓮縣光復鄉大安村中正路一段２７４號
10015,1001507,大安村,20,中正路一段,,,,２７６號,293709.607,2617900.752,花蓮縣光復鄉大安村中正路一段２７６號
10015,1001507,大安村,20,中正路一段,,２７８巷,,１號,293701.31,2617883.51,花蓮縣光復鄉大安村中正路一段２７８巷１號
10015,1001507,大安村,20,中正路一段,,２７８巷,,２號,293714.805,2617874.387,花蓮縣光復鄉大安村中正路一段２７８巷２號
10015,1001507,大安村,20,中正路一段,,２７８巷,,３號,293700.039,2617879.28,花蓮縣光復鄉大安村中正路一段２７８巷３號
10015,1001507,大安村,20,中正路一段,,２７８巷,,４號,293712.656,2617866.692,花蓮縣光復鄉大安村中正路一段２７８巷４號
10015,1001507,大安村,20,中正路一段,,２７８巷,,５號,293698.52,2617874.973,花蓮縣光復鄉大安村中正路一段２７８巷５號
10015,1001507,大安村,20,中正路一段,,２７８巷,,７號,293697.001,2617870.665,花蓮縣光復鄉大安村中正路一段２７８巷７號
10015,1001507,大安村,20,中正路一段,,２７８巷,,９號,293695.482,2617866.357,花蓮縣光復鄉大安村中正路一段２７８巷９號
10015,1001507,大安村,20,中正路一段,,２７８巷,,１１號,293693.964,2617862.049,花蓮縣光復鄉大安村中正路一段２７８巷１１號
10015,1001507,大安村,20,中正路一段,,,,２８０號,293718.044,2617890.899,花蓮縣光復鄉大安村中正路一段２８０號
10015,1001507,大安村,20,中正路一段,,,,２８２號,293724.249,2617895.807,花蓮縣光復鄉大安村中正路一段２８２號
10015,1001507,大安村,20,中正路一段,,,,２８４號,293728.761,2617894.37,花蓮縣光復鄉大安村中正路一段２８４號
10015,1001507,大安村,20,中正路一段,,,,２８６號,293733.273,2617892.932,花蓮縣光復鄉大安村中正路一段２８６號
10015,1001507,大安村,20,中正路一段,,,,２８８號,293737.785,2617891.494,花蓮縣光復鄉大安村中正路一段２８８號
10015,1001507,大安村,20,中正路一段,,,,２９０號,293742.297,2617890.057,花蓮縣光復鄉大安村中正路一段２９０號
10015,1001507,大安村,21,中正路一段,,,,３０２號,293773.258,2617878.398,花蓮縣光復鄉大安村中正路一段３０２號
10015,1001507,大安村,21,中正路一段,,,,３０２之１號,293777.878,2617876.01,花蓮縣光復鄉大安村中正路一段３０２之１號
10015,1001507,大安村,21,中正路一段,,,,３１０號,293795.794,2617868.066,花蓮縣光復鄉大安村中正路一段３１０號
10015,1001507,大安村,21,中正路一段,,,,３１０之１號,293804.525,2617854.705,花蓮縣光復鄉大安村中正路一段３１０之１號
10015,1001507,大安村,21,中正路一段,,,,３３４號,293836.1,2617858.602,花蓮縣光復鄉大安村中正路一段３３４號
10015,1001507,大安村,21,中正路一段,,,,３３６號,293841.541,2617856.79,花蓮縣光復鄉大安村中正路一段３３６號
10015,1001507,大安村,21,中正路一段,,,,３４０號,293855.447,2617852.964,花蓮縣光復鄉大安村中正路一段３４０號
10015,1001507,大安村,21,中正路一段,,,,３４２號,293864.804,2617849.97,花蓮縣光復鄉大安村中正路一段３４２號
10015,1001507,大安村,21,中正路一段,,,,３４４號,293871.829,2617847.642,花蓮縣光復鄉大安村中正路一段３４４號
10015,1001507,大安村,10,中興路,,,,２７０號,292920.976,2617639.742,花蓮縣光復鄉大安村中興路２７０號
10015,1001507,大安村,11,中興路,,,,２７１號,292864.19,2617659.863,花蓮縣光復鄉大安村中興路２７１號
10015,1001507,大安村,10,中興路,,,,２７６號,292950.747,2617700.096,花蓮縣光復鄉大安村中興路２７６號
10015,1001507,大安村,9,中興路,,,,２８４號,292931.925,2617742.487,花蓮縣光復鄉大安村中興路２８４號
10015,1001507,大安村,9,中興路,,,,２８６號,292930.822,2617746.713,花蓮縣光復鄉大安村中興路２８６號
10015,1001507,大安村,9,中興路,,,,２８８號,292932.136,2617750.905,花蓮縣光復鄉大安村中興路２８８號
10015,1001507,大安村,9,中興路,,,,２９０號,292933.449,2617755.096,花蓮縣光復鄉大安村中興路２９０號
10015,1001507,大安村,9,中興路,,,,３０２號,292957.221,2617772.022,花蓮縣光復鄉大安村中興路３０２號
10015,1001507,大安村,11,中興路,,,,３０５號,292910.797,2617807.907,花蓮縣光復鄉大安村中興路３０５號
10015,1001507,大安村,9,中興路,,,,３０８號,292950.62,2617791.1,花蓮縣光復鄉大安村中興路３０８號
10015,1001507,大安村,9,中興路,,,,３１０號,292952.087,2617798.772,花蓮縣光復鄉大安村中興路３１０號
10015,1001507,大安村,9,中興路,,,,３１２號,292952.499,2617808.674,花蓮縣光復鄉大安村中興路３１２號
10015,1001507,大安村,11,中興路,,,,３１３號,292906.726,2617836.147,花蓮縣光復鄉大安村中興路３１３號
10015,1001507,大安村,9,中興路,,,,３２２號,292962.454,2617836.921,花蓮縣光復鄉大安村中興路３２２號
10015,1001507,大安村,8,中興路,,,,３３０號,292968.965,2617856.962,花蓮縣光復鄉大安村中興路３３０號
10015,1001507,大安村,2,中興路,,,,４０１號,292963.29,2618029.933,花蓮縣光復鄉大安村中興路４０１號
10015,1001507,大安村,2,中興路,,,,４０７號,292970.967,2618054.48,花蓮縣光復鄉大安村中興路４０７號
10015,1001507,大安村,3,中興路,,,,４１０號,293021.716,2618058.927,花蓮縣光復鄉大安村中興路４１０號
10015,1001507,大安村,3,中興路,,,,４１４號,293029.376,2618088.46,花蓮縣光復鄉大安村中興路４１４號
10015,1001507,大安村,3,中興路,,,,４１４之１號,293023.43,2618077.68,花蓮縣光復鄉大安村中興路４１４之１號
10015,1001507,大安村,9,中華路,,,,２２號,292990.745,2617719.936,花蓮縣光復鄉大安村中華路２２號
10015,1001507,大安村,9,中華路,,,,３３號,292971.719,2617747.75,花蓮縣光復鄉大安村中華路３３號
10015,1001507,大安村,8,中華路,,,,５０號,293022.916,2617807.246,花蓮縣光復鄉大安村中華路５０號
10015,1001507,大安村,8,中華路,,,,５２號,293024.334,2617813.144,花蓮縣光復鄉大安村中華路５２號
10015,1001507,大安村,8,中華路,,,,５５號,293005.434,2617825.208,花蓮縣光復鄉大安村中華路５５號
10015,1001507,大安村,8,中華路,,,,５６號,293027.072,2617818.684,花蓮縣光復鄉大安村中華路５６號
10015,1001507,大安村,8,中華路,,,,５７號,293010.123,2617830.674,花蓮縣光復鄉大安村中華路５７號
10015,1001507,大安村,8,中華路,,,,５８號,293029.284,2617823.947,花蓮縣光復鄉大安村中華路５８號
10015,1001507,大安村,8,中華路,,,,５９號,293013.496,2617842.241,花蓮縣光復鄉大安村中華路５９號
10015,1001507,大安村,8,中華路,,,,６０號,293031.952,2617829.664,花蓮縣光復鄉大安村中華路６０號
10015,1001507,大安村,8,中華路,,,,６１號,293016.243,2617848.645,花蓮縣光復鄉大安村中華路６１號
10015,1001507,大安村,8,中華路,,,,６２號,293032.917,2617834.814,花蓮縣光復鄉大安村中華路６２號
10015,1001507,大安村,8,中華路,,６３巷,,２號,293004.157,2617851.573,花蓮縣光復鄉大安村中華路６３巷２號
10015,1001507,大安村,8,中華路,,６３巷,,６號,292996.282,2617853.952,花蓮縣光復鄉大安村中華路６３巷６號
10015,1001507,大安村,8,中華路,,,,６６號,293034.349,2617839.554,花蓮縣光復鄉大安村中華路６６號
10015,1001507,大安村,8,中華路,,６８巷,,１號,293053.777,2617842.655,花蓮縣光復鄉大安村中華路６８巷１號
10015,1001507,大安村,8,中華路,,６８巷,,２號,293044.931,2617826.95,花蓮縣光復鄉大安村中華路６８巷２號
10015,1001507,大安村,8,中華路,,６８巷,,３號,293059.334,2617840.715,花蓮縣光復鄉大安村中華路６８巷３號
10015,1001507,大安村,8,中華路,,６８巷,,５號,293065.785,2617838.603,花蓮縣光復鄉大安村中華路６８巷５號
10015,1001507,大安村,8,中華路,,６８巷,,６號,293051.82,2617823.395,花蓮縣光復鄉大安村中華路６８巷６號
10015,1001507,大安村,8,中華路,,,,７０號,293035.183,2617848.623,花蓮縣光復鄉大安村中華路７０號
10015,1001507,大安村,8,中華路,,,,７２號,293036.945,2617854.166,花蓮縣光復鄉大安村中華路７２號
10015,1001507,大安村,8,中華路,,,,７５號,293020.855,2617874.672,花蓮縣光復鄉大安村中華路７５號
10015,1001507,大安村,8,中華路,,,,７６號,293039.323,2617859.094,花蓮縣光復鄉大安村中華路７６號
10015,1001507,大安村,8,中華路,,,,７９號,293025.032,2617884.674,花蓮縣光復鄉大安村中華路７９號
10015,1001507,大安村,8,中華路,,,,８１號,293020.541,2617892.78,花蓮縣光復鄉大安村中華路８１號
10015,1001507,大安村,8,中華路,,,,８２號,293059.051,2617871.445,花蓮縣光復鄉大安村中華路８２號
10015,1001507,大安村,8,中華路,,,,８３號,293022.946,2617899.408,花蓮縣光復鄉大安村中華路８３號
10015,1001507,大安村,8,中華路,,９７巷,,１號,293009.669,2617935.135,花蓮縣光復鄉大安村中華路９７巷１號
10015,1001507,大安村,8,中華路,,９７巷,,２號,293030.598,2617932.419,花蓮縣光復鄉大安村中華路９７巷２號
10015,1001507,大安村,8,中華路,,９７巷,,６號,293029.329,2617926.807,花蓮縣光復鄉大安村中華路９７巷６號
10015,1001507,大安村,8,中華路,,,,９９號,293048.334,2617919.685,花蓮縣光復鄉大安村中華路９９號
10015,1001507,大安村,8,中華路,,,,１００號,293057.58,2617907.098,花蓮縣光復鄉大安村中華路１００號
10015,1001507,大安村,8,中華路,,,,１０１號,293050.124,2617924.121,花蓮縣光復鄉大安村中華路１０１號
10015,1001507,大安村,8,中華路,,,,１０２號,293060.696,2617912.225,花蓮縣光復鄉大安村中華路１０２號
10015,1001507,大安村,8,中華路,,,,１０６號,293062.47,2617916.408,花蓮縣光復鄉大安村中華路１０６號
10015,1001507,大安村,7,中華路,,,,１０７號,293046.501,2617939.966,花蓮縣光復鄉大安村中華路１０７號
10015,1001507,大安村,7,中華路,,,,１１３號,293039.2,2617973.578,花蓮縣光復鄉大安村中華路１１３號
10015,1001507,大安村,7,中華路,,,,１１５號,293061.524,2617958.74,花蓮縣光復鄉大安村中華路１１５號
10015,1001507,大安村,7,中華路,,,,１２３號,293066.058,2617973.056,花蓮縣光復鄉大安村中華路１２３號
10015,1001507,大安村,7,中華路,,,,１２５號,293067.345,2617979.92,花蓮縣光復鄉大安村中華路１２５號
10015,1001507,大安村,8,中華路,,,,１２６號,293086.92,2617977.68,花蓮縣光復鄉大安村中華路１２６號
10015,1001507,大安村,4,中華路,,,,１５７號,293080.827,2618006.338,花蓮縣光復鄉大安村中華路１５７號
10015,1001507,大安村,4,中華路,,,,１５９號,293083.941,2618014.45,花蓮縣光復鄉大安村中華路１５９號
10015,1001507,大安村,3,中華路,,１６１巷,,１號,293077.478,2618033.546,花蓮縣光復鄉大安村中華路１６１巷１號
10015,1001507,大安村,4,中華路,,１６１巷,,２號,293069.262,2618018.784,花蓮縣光復鄉大安村中華路１６１巷２號
10015,1001507,大安村,3,中華路,,１６１巷,,３號,293071.041,2618036.23,花蓮縣光復鄉大安村中華路１６１巷３號
10015,1001507,大安村,3,中華路,,１６１巷,,５號,293062.367,2618042.675,花蓮縣光復鄉大安村中華路１６１巷５號
10015,1001507,大安村,3,中華路,,１６１巷,,７號,293061.311,2618057.553,花蓮縣光復鄉大安村中華路１６１巷７號
10015,1001507,大安村,3,中華路,,,,１６１之１號,293089.635,2618027.062,花蓮縣光復鄉大安村中華路１６１之１號
10015,1001507,大安村,3,中華路,,,,１６１之２號,293092.766,2618033.603,花蓮縣光復鄉大安村中華路１６１之２號
10015,1001507,大安村,3,中華路,,,,１６１之３號,293092.766,2618040.145,花蓮縣光復鄉大安村中華路１６１之３號
10015,1001507,大安村,4,中華路,,,,１６２號,293108.729,2618036.94,花蓮縣光復鄉大安村中華路１６２號
10015,1001507,大安村,3,中華路,,,,１６３號,293095.04,2618045.073,花蓮縣光復鄉大安村中華路１６３號
10015,1001507,大安村,4,中華路,,,,１６４號,293110.003,2618040.719,花蓮縣光復鄉大安村中華路１６４號
10015,1001507,大安村,3,中華路,,,,１６５號,293096.368,2618049.197,花蓮縣光復鄉大安村中華路１６５號
10015,1001507,大安村,3,中華路,,,,１６７號,293097.696,2618053.321,花蓮縣光復鄉大安村中華路１６７號
10015,1001507,大安村,4,中華路,,,,１６８號,293112.549,2618048.278,花蓮縣光復鄉大安村中華路１６８號
10015,1001507,大安村,3,中華路,,,,１６９號,293099.024,2618057.445,花蓮縣光復鄉大安村中華路１６９號
10015,1001507,大安村,4,中華路,,,,１７０號,293113.822,2618052.058,花蓮縣光復鄉大安村中華路１７０號
10015,1001507,大安村,4,中華路,,,,１７２號,293115.095,2618055.837,花蓮縣光復鄉大安村中華路１７２號
10015,1001507,大安村,3,中華路,,,,１７３號,293101.681,2618065.693,花蓮縣光復鄉大安村中華路１７３號
10015,1001507,大安村,4,中華路,,,,１７６號,293115.967,2618061.619,花蓮縣光復鄉大安村中華路１７６號
10015,1001507,大安村,4,中華路,,,,１７８號,293118.283,2618068.932,花蓮縣光復鄉大安村中華路１７８號
10015,1001507,大安村,4,中華路,,,,１８０號,293120.6,2618076.246,花蓮縣光復鄉大安村中華路１８０號
10015,1001507,大安村,13,和平街,,,,１５號,293081.526,2617692.101,花蓮縣光復鄉大安村和平街１５號
10015,1001507,大安村,13,和平街,,,,１７號,293091.905,2617688.099,花蓮縣光復鄉大安村和平街１７號
10015,1001507,大安村,10,和平街,,,,２０號,293011.365,2617696.417,花蓮縣光復鄉大安村和平街２０號
10015,1001507,大安村,10,和平街,,,,２２號,293006.658,2617697.711,花蓮縣光復鄉大安村和平街２２號
10015,1001507,大安村,9,和平街,,,,２３號,293017.145,2617707.311,花蓮縣光復鄉大安村和平街２３號
10015,1001507,大安村,9,和平街,,,,２５號,293009.086,2617709.394,花蓮縣光復鄉大安村和平街２５號
10015,1001507,大安村,10,和平街,,,,２６號,293001.33,2617699.179,花蓮縣光復鄉大安村和平街２６號
10015,1001507,大安村,9,和平街,,,,２７號,293004.511,2617711.446,花蓮縣光復鄉大安村和平街２７號
10015,1001507,大安村,10,和平街,,,,２８號,292995.982,2617701.194,花蓮縣光復鄉大安村和平街２８號
10015,1001507,大安村,9,和平街,,,,２９號,292999.936,2617713.498,花蓮縣光復鄉大安村和平街２９號
10015,1001507,大安村,10,和平街,,,,３０號,292991.996,2617703.129,花蓮縣光復鄉大安村和平街３０號
10015,1001507,大安村,9,和平街,,,,３１號,292995.361,2617715.549,花蓮縣光復鄉大安村和平街３１號
10015,1001507,大安村,10,和平街,,,,３２號,292986.808,2617704.584,花蓮縣光復鄉大安村和平街３２號
10015,1001507,大安村,9,和平街,,,,３３號,292977.667,2617728.042,花蓮縣光復鄉大安村和平街３３號
10015,1001507,大安村,9,和平街,,,,３５號,292972.885,2617729.813,花蓮縣光復鄉大安村和平街３５號
10015,1001507,大安村,9,和平街,,,,３７號,292968.102,2617731.583,花蓮縣光復鄉大安村和平街３７號
10015,1001507,大安村,9,和平街,,,,３９號,292963.32,2617733.354,花蓮縣光復鄉大安村和平街３９號
10015,1001507,大安村,9,和平街,,,,４１號,292958.538,2617735.124,花蓮縣光復鄉大安村和平街４１號
10015,1001507,大安村,9,和平街,,,,４３號,292953.755,2617736.895,花蓮縣光復鄉大安村和平街４３號
10015,1001507,大安村,18,大安八街,,,,６號,293193.52,2617795.01,花蓮縣光復鄉大安村大安八街６號
10015,1001507,大安村,18,大安八街,,,,７號,293166.26,2617777.94,花蓮縣光復鄉大安村大安八街７號
10015,1001507,大安村,18,大安八街,,,,９號,293168.9,2617787.86,花蓮縣光復鄉大安村大安八街９號
10015,1001507,大安村,8,忠孝路,,,,３號,292993.451,2617822.865,花蓮縣光復鄉大安村忠孝路３號
10015,1001507,大安村,8,忠孝路,,,,５號,292997.213,2617821.066,花蓮縣光復鄉大安村忠孝路５號
10015,1001507,大安村,9,忠孝路,,,,６號,293031.848,2617785.465,花蓮縣光復鄉大安村忠孝路６號
10015,1001507,大安村,8,忠孝路,,,,７號,293033.504,2617801.959,花蓮縣光復鄉大安村忠孝路７號
10015,1001507,大安村,8,忠孝路,,,,９號,293039.996,2617799.389,花蓮縣光復鄉大安村忠孝路９號
10015,1001507,大安村,9,忠孝路,,,,１０號,293043.207,2617781.682,花蓮縣光復鄉大安村忠孝路１０號
10015,1001507,大安村,8,忠孝路,,,,１１號,293044.804,2617796.16,花蓮縣光復鄉大安村忠孝路１１號
10015,1001507,大安村,8,忠孝路,,,,１３號,293048.947,2617794.608,花蓮縣光復鄉大安村忠孝路１３號
10015,1001507,大安村,19,忠孝路,,２３巷,,９號,293224.15,2617804.86,花蓮縣光復鄉大安村忠孝路２３巷９號
10015,1001507,大安村,19,忠孝路,,２３巷,,１１號,293222.228,2617837.835,花蓮縣光復鄉大安村忠孝路２３巷１１號
10015,1001507,大安村,14,忠孝路,,,,２８號,293167.861,2617722.781,花蓮縣光復鄉大安村忠孝路２８號
10015,1001507,大安村,18,忠孝路,,,,３３號,293301.82,2617830.38,花蓮縣光復鄉大安村忠孝路３３號
10015,1001507,大安村,18,忠孝路,,,,３５號,293318.004,2617860.757,花蓮縣光復鄉大安村忠孝路３５號
10015,1001507,大安村,18,忠孝路,,,,３７號,293331.53,2617886.89,花蓮縣光復鄉大安村忠孝路３７號
10015,1001507,大安村,18,忠孝路,,４１巷,１弄,１號,293321.356,2617901.623,花蓮縣光復鄉大安村忠孝路４１巷１弄１號
10015,1001507,大安村,18,忠孝路,,４１巷,１弄,２號,293318.507,2617896.499,花蓮縣光復鄉大安村忠孝路４１巷１弄２號
10015,1001507,大安村,18,忠孝路,,４１巷,１弄,３號,293313.569,2617890.202,花蓮縣光復鄉大安村忠孝路４１巷１弄３號
10015,1001507,大安村,18,忠孝路,,４１巷,１弄,５號,293311.101,2617884.828,花蓮縣光復鄉大安村忠孝路４１巷１弄５號
10015,1001507,大安村,18,忠孝路,,４１巷,１弄,６號,293305.688,2617875.578,花蓮縣光復鄉大安村忠孝路４１巷１弄６號
10015,1001507,大安村,18,忠孝路,,４１巷,１弄,７號,293305.688,2617875.578,花蓮縣光復鄉大安村忠孝路４１巷１弄７號
10015,1001507,大安村,18,忠孝路,,,,５８號,293261.127,2617751.091,花蓮縣光復鄉大安村忠孝路５８號
10015,1001507,大安村,18,忠孝路,,,,７１號,293371.04,2617968.73,花蓮縣光復鄉大安村忠孝路７１號
10015,1001507,大安村,18,忠孝路,,,,７３號,293374.216,2617976.536,花蓮縣光復鄉大安村忠孝路７３號
10015,1001507,大安村,19,忠孝路,,９０巷,,１號,293390.787,2617931.853,花蓮縣光復鄉大安村忠孝路９０巷１號
10015,1001507,大安村,19,忠孝路,,,,９２號,293376.29,2617934.614,花蓮縣光復鄉大安村忠孝路９２號
10015,1001507,大安村,19,忠孝路,,,,９２之１號,293378.814,2617940.64,花蓮縣光復鄉大安村忠孝路９２之１號
10015,1001507,大安村,19,忠孝路,,,,９６號,293381.338,2617946.665,花蓮縣光復鄉大安村忠孝路９６號
10015,1001507,大安村,19,忠孝路,,,,９８號,293383.862,2617952.69,花蓮縣光復鄉大安村忠孝路９８號
10015,1001507,大安村,19,忠孝路,,,,１００號,293386.387,2617958.716,花蓮縣光復鄉大安村忠孝路１００號
10015,1001507,大富村,10,中山路一段,,,,１號,289920.728,2611157.604,花蓮縣光復鄉大富村中山路一段１號
10015,1001507,大富村,10,中山路一段,,,,２號,289219.154,2609551.723,花蓮縣光復鄉大富村中山路一段２號
10015,1001507,大富村,10,中山路一段,,,,３之１號,289935.938,2611173.5,花蓮縣光復鄉大富村中山路一段３之１號
10015,1001507,大富村,10,中山路一段,,,,３號,289947.354,2611184.779,花蓮縣光復鄉大富村中山路一段３號
10015,1001507,大富村,10,中山路一段,,,,５號,289961.653,2611201.343,花蓮縣光復鄉大富村中山路一段５號
10015,1001507,大富村,1,中山路一段,,１０巷,,１號,289812.285,2611323.929,花蓮縣光復鄉大富村中山路一段１０巷１號
10015,1001507,大富村,10,中山路一段,,１０巷,,２號,289911.342,2611251.65,花蓮縣光復鄉大富村中山路一段１０巷２號
10015,1001507,大富村,1,中山路一段,,１０巷,,３號,289809.401,2611325.488,花蓮縣光復鄉大富村中山路一段１０巷３號
10015,1001507,大富村,1,中山路一段,,１０巷,,５號,289805.322,2611330.93,花蓮縣光復鄉大富村中山路一段１０巷５號
10015,1001507,大富村,10,中山路一段,,１０巷,６弄,１號,289902.427,2611238.625,花蓮縣光復鄉大富村中山路一段１０巷６弄１號
10015,1001507,大富村,10,中山路一段,,１０巷,６弄,３號,289894.623,2611228.255,花蓮縣光復鄉大富村中山路一段１０巷６弄３號
10015,1001507,大富村,10,中山路一段,,１０巷,６弄,５號,289886.625,2611217.679,花蓮縣光復鄉大富村中山路一段１０巷６弄５號
10015,1001507,大富村,10,中山路一段,,１０巷,６弄,６號,289885.299,2611231.963,花蓮縣光復鄉大富村中山路一段１０巷６弄６號
10015,1001507,大富村,10,中山路一段,,１０巷,６弄,１０號,289873.338,2611219.241,花蓮縣光復鄉大富村中山路一段１０巷６弄１０號
10015,1001507,大富村,10,中山路一段,,１０巷,,８號,289893.914,2611245.594,花蓮縣光復鄉大富村中山路一段１０巷８號
10015,1001507,大富村,1,中山路一段,,１０巷,,１２號,289812.961,2611310.685,花蓮縣光復鄉大富村中山路一段１０巷１２號
10015,1001507,大富村,1,中山路一段,,１０巷,,１４號,289806.059,2611314.355,花蓮縣光復鄉大富村中山路一段１０巷１４號
10015,1001507,大富村,1,中山路一段,,１０巷,１６弄,１號,289799.48,2611298.943,花蓮縣光復鄉大富村中山路一段１０巷１６弄１號
10015,1001507,大富村,1,中山路一段,,１０巷,１６弄,２號,289790.601,2611317.558,花蓮縣光復鄉大富村中山路一段１０巷１６弄２號
10015,1001507,大富村,1,中山路一段,,１０巷,１６弄,５號,289780.845,2611239.009,花蓮縣光復鄉大富村中山路一段１０巷１６弄５號
10015,1001507,大富村,1,中山路一段,,１０巷,１６弄,６號,289786.56,2611310.007,花蓮縣光復鄉大富村中山路一段１０巷１６弄６號
10015,1001507,大富村,1,中山路一段,,１０巷,１６弄,７號,289802.446,2611237.382,花蓮縣光復鄉大富村中山路一段１０巷１６弄７號
10015,1001507,大富村,1,中山路一段,,１０巷,１６弄,８號,289766.609,2611274.483,花蓮縣光復鄉大富村中山路一段１０巷１６弄８號
10015,1001507,大富村,1,中山路一段,,１０巷,,１８號,289793.461,2611323.49,花蓮縣光復鄉大富村中山路一段１０巷１８號
10015,1001507,大富村,9,中山路一段,,,,１９號,290005.7,2611324.352,花蓮縣光復鄉大富村中山路一段１９號
10015,1001507,大富村,9,中山路一段,,,,２１號,290017.351,2611374.186,花蓮縣光復鄉大富村中山路一段２１號
10015,1001507,大富村,8,中山路一段,,,,２３號,290038.453,2611427.05,花蓮縣光復鄉大富村中山路一段２３號
10015,1001507,大富村,8,中山路一段,,,,２５號,290079.552,2611468.643,花蓮縣光復鄉大富村中山路一段２５號
10015,1001507,大富村,8,中山路一段,,,,２７號,290084.65,2611483,花蓮縣光復鄉大富村中山路一段２７號
10015,1001507,大富村,8,中山路一段,,,,２９號,290089.37,2611495.61,花蓮縣光復鄉大富村中山路一段２９號
10015,1001507,大富村,8,中山路一段,,,,３１號,290105.973,2611520.582,花蓮縣光復鄉大富村中山路一段３１號
10015,1001507,大富村,8,中山路一段,,,,３３號,290086.325,2611512.423,花蓮縣光復鄉大富村中山路一段３３號
10015,1001507,大富村,8,中山路一段,,,,３５號,290100.899,2611533.619,花蓮縣光復鄉大富村中山路一段３５號
10015,1001507,大富村,8,中山路一段,,,,３７號,290083.588,2611536.986,花蓮縣光復鄉大富村中山路一段３７號
10015,1001507,大富村,8,中山路一段,,,,３９號,290115.119,2611540.697,花蓮縣光復鄉大富村中山路一段３９號
10015,1001507,大富村,7,中山路一段,,,,４１號,290100.711,2611565.251,花蓮縣光復鄉大富村中山路一段４１號
10015,1001507,大富村,7,中山路一段,,,,４７號,290142.008,2611583.944,花蓮縣光復鄉大富村中山路一段４７號
10015,1001507,大富村,7,中山路一段,,,,４９號,290127.874,2611596.042,花蓮縣光復鄉大富村中山路一段４９號
10015,1001507,大富村,7,中山路一段,,,,５１號,290145.86,2611593.659,花蓮縣光復鄉大富村中山路一段５１號
10015,1001507,大富村,7,中山路一段,,,,５３號,290133.928,2611608.69,花蓮縣光復鄉大富村中山路一段５３號
10015,1001507,大富村,7,中山路一段,,,,５５號,290145.301,2611616.939,花蓮縣光復鄉大富村中山路一段５５號
10015,1001507,大富村,12,建國路一段,,,,２號,291330.938,2609992.357,花蓮縣光復鄉大富村建國路一段２號
10015,1001507,大富村,12,建國路一段,,,,４號,291321.348,2609979.938,花蓮縣光復鄉大富村建國路一段４號
10015,1001507,大富村,11,建國路一段,,,,５號,292132.422,2610611.081,花蓮縣光復鄉大富村建國路一段５號
10015,1001507,大富村,12,建國路一段,,,,６號,291411.322,2610066.278,花蓮縣光復鄉大富村建國路一段６號
10015,1001507,大富村,11,建國路一段,,,,７號,292228.106,2610638.693,花蓮縣光復鄉大富村建國路一段７號
10015,1001507,大富村,12,建國路一段,,,,８之１號,291724.566,2610127.578,花蓮縣光復鄉大富村建國路一段８之１號
10015,1001507,大富村,12,建國路一段,,,,８號,291738.589,2610118.449,花蓮縣光復鄉大富村建國路一段８號
10015,1001507,大富村,11,建國路一段,,,,９號,292228.708,2610625.754,花蓮縣光復鄉大富村建國路一段９號
10015,1001507,大富村,12,建國路一段,,,,１０號,291701.54,2610149.336,花蓮縣光復鄉大富村建國路一段１０號
10015,1001507,大富村,12,建國路一段,,,,１２號,291724.259,2610245.051,花蓮縣光復鄉大富村建國路一段１２號
10015,1001507,大富村,11,建國路一段,,,,１３號,292287.604,2610657.839,花蓮縣光復鄉大富村建國路一段１３號
10015,1001507,大富村,12,建國路一段,,,,１４號,291740.903,2610315.166,花蓮縣光復鄉大富村建國路一段１４號
10015,1001507,大富村,11,建國路一段,,１５巷,,１號,292265.543,2610677.816,花蓮縣光復鄉大富村建國路一段１５巷１號
10015,1001507,大富村,11,建國路一段,,１５巷,,２號,292166.164,2610756.082,花蓮縣光復鄉大富村建國路一段１５巷２號
10015,1001507,大富村,11,建國路一段,,１５巷,,３號,292155.832,2610766.605,花蓮縣光復鄉大富村建國路一段１５巷３號
10015,1001507,大富村,11,建國路一段,,１５巷,,５之３號,292108.25,2610646.75,花蓮縣光復鄉大富村建國路一段１５巷５之３號
10015,1001507,大富村,12,建國路一段,,,,１６號,291855.144,2610385.548,花蓮縣光復鄉大富村建國路一段１６號
10015,1001507,大富村,11,建國路一段,,１７巷,,２號,292259.076,2610747.905,花蓮縣光復鄉大富村建國路一段１７巷２號
10015,1001507,大富村,11,建國路一段,,１７巷,,３號,292252.46,2610732.42,花蓮縣光復鄉大富村建國路一段１７巷３號
10015,1001507,大富村,12,建國路一段,,,,１８號,291915.774,2610438.845,花蓮縣光復鄉大富村建國路一段１８號
10015,1001507,大富村,11,建國路一段,,,,２０號,292056.768,2610565.144,花蓮縣光復鄉大富村建國路一段２０號
10015,1001507,大富村,11,建國路一段,,,,２６之１號,292479.4,2610266.72,花蓮縣光復鄉大富村建國路一段２６之１號
10015,1001507,大富村,11,建國路一段,,,,２６之３號,292495.5,2610730.58,花蓮縣光復鄉大富村建國路一段２６之３號
10015,1001507,大富村,11,建國路一段,,,,２６之２號,292480.075,2610695.319,花蓮縣光復鄉大富村建國路一段２６之２號
10015,1001507,大富村,11,建國路一段,,,,２６號,292424.369,2610448.425,花蓮縣光復鄉大富村建國路一段２６號
10015,1001507,大富村,12,建國路一段,,,,２８號,292859.449,2610887.749,花蓮縣光復鄉大富村建國路一段２８號
10015,1001507,大富村,1,明德路,,２巷,,６號,289775.237,2611377.208,花蓮縣光復鄉大富村明德路２巷６號
10015,1001507,大富村,1,明德路,,２巷,,１０號,289771.314,2611356.462,花蓮縣光復鄉大富村明德路２巷１０號
10015,1001507,大富村,3,明德路,,３巷,,１號,289779.636,2611471.663,花蓮縣光復鄉大富村明德路３巷１號
10015,1001507,大富村,3,明德路,,３巷,,２號,289785.748,2611471.619,花蓮縣光復鄉大富村明德路３巷２號
10015,1001507,大富村,3,明德路,,,,５號,289785.004,2611414.449,花蓮縣光復鄉大富村明德路５號
10015,1001507,大富村,2,明德路,,,,６號,289783.023,2611402.7,花蓮縣光復鄉大富村明德路６號
10015,1001507,大富村,3,明德路,,,,７號,289788.769,2611414.249,花蓮縣光復鄉大富村明德路７號
10015,1001507,大富村,2,明德路,,,,１０號,289795.138,2611401.88,花蓮縣光復鄉大富村明德路１０號
10015,1001507,大富村,3,明德路,,,,１１號,289799.326,2611413.66,花蓮縣光復鄉大富村明德路１１號
10015,1001507,大富村,2,明德路,,,,１２號,289799.889,2611401.249,花蓮縣光復鄉大富村明德路１２號
10015,1001507,大富村,3,明德路,,,,１３號,289804.131,2611413.366,花蓮縣光復鄉大富村明德路１３號
10015,1001507,大富村,3,明德路,,,,１７號,289812.543,2611412.637,花蓮縣光復鄉大富村明德路１７號
10015,1001507,大富村,2,明德路,,,,１８號,289812.538,2611399.91,花蓮縣光復鄉大富村明德路１８號
10015,1001507,大富村,3,明德路,,,,１９號,289816.306,2611412.546,花蓮縣光復鄉大富村明德路１９號
10015,1001507,大富村,2,明德路,,,,２０號,289817.542,2611400.311,花蓮縣光復鄉大富村明德路２０號
10015,1001507,大富村,3,明德路,,,,２１號,289819.675,2611412.456,花蓮縣光復鄉大富村明德路２１號
10015,1001507,大富村,2,明德路,,,,２２號,289821.969,2611400.178,花蓮縣光復鄉大富村明德路２２號
10015,1001507,大富村,3,明德路,,,,２３號,289825.341,2611412.175,花蓮縣光復鄉大富村明德路２３號
10015,1001507,大富村,2,明德路,,,,２４號,289825.745,2611399.846,花蓮縣光復鄉大富村明德路２４號
10015,1001507,大富村,3,明德路,,,,２５號,289830.979,2611411.788,花蓮縣光復鄉大富村明德路２５號
10015,1001507,大富村,2,明德路,,,,２６號,289830.023,2611399.479,花蓮縣光復鄉大富村明德路２６號
10015,1001507,大富村,3,明德路,,,,２７號,289835.784,2611411.872,花蓮縣光復鄉大富村明德路２７號
10015,1001507,大富村,2,明德路,,,,２８號,289835.306,2611399.297,花蓮縣光復鄉大富村明德路２８號
10015,1001507,大富村,4,明德路,,,,２８號,289835.306,2611399.297,花蓮縣光復鄉大富村明德路２８號
10015,1001507,大富村,3,明德路,,２９巷,,１號,289836.415,2611420.472,花蓮縣光復鄉大富村明德路２９巷１號
10015,1001507,大富村,5,明德路,,２９巷,１弄,１號,289892.951,2611488.185,花蓮縣光復鄉大富村明德路２９巷１弄１號
10015,1001507,大富村,5,明德路,,２９巷,１弄,３號,289900.173,2611495.765,花蓮縣光復鄉大富村明德路２９巷１弄３號
10015,1001507,大富村,5,明德路,,２９巷,１弄,５號,289968.262,2611527.074,花蓮縣光復鄉大富村明德路２９巷１弄５號
10015,1001507,大富村,5,明德路,,２９巷,１弄,７號,289979.129,2611544.424,花蓮縣光復鄉大富村明德路２９巷１弄７號
10015,1001507,大富村,5,明德路,,２９巷,１弄,８號,289990.821,2611524.106,花蓮縣光復鄉大富村明德路２９巷１弄８號
10015,1001507,大富村,6,明德路,,２９巷,１弄,９號,289957.813,2611567.139,花蓮縣光復鄉大富村明德路２９巷１弄９號
10015,1001507,大富村,5,明德路,,２９巷,１弄,１０號,289992.878,2611536.38,花蓮縣光復鄉大富村明德路２９巷１弄１０號
10015,1001507,大富村,6,明德路,,２９巷,１弄,１１號,289984.703,2611582.632,花蓮縣光復鄉大富村明德路２９巷１弄１１號
10015,1001507,大富村,5,明德路,,２９巷,１弄,１２號,289996.296,2611560.621,花蓮縣光復鄉大富村明德路２９巷１弄１２號
10015,1001507,大富村,6,明德路,,２９巷,１弄,１３號,289981.383,2611596.667,花蓮縣光復鄉大富村明德路２９巷１弄１３號
10015,1001507,大富村,6,明德路,,２９巷,１弄,１４號,289994.023,2611577.511,花蓮縣光復鄉大富村明德路２９巷１弄１４號
10015,1001507,大富村,6,明德路,,２９巷,１弄,１５號,289960.384,2611591.355,花蓮縣光復鄉大富村明德路２９巷１弄１５號
10015,1001507,大富村,6,明德路,,２９巷,１弄,１７號,289963.24,2611603.209,花蓮縣光復鄉大富村明德路２９巷１弄１７號
10015,1001507,大富村,5,明德路,,２９巷,,２號,289861.092,2611474.108,花蓮縣光復鄉大富村明德路２９巷２號
10015,1001507,大富村,3,明德路,,２９巷,,３之１號,289845.66,2611462.95,花蓮縣光復鄉大富村明德路２９巷３之１號
10015,1001507,大富村,3,明德路,,２９巷,,５號,289848.558,2611476.792,花蓮縣光復鄉大富村明德路２９巷５號
10015,1001507,大富村,5,明德路,,２９巷,,６號,289882.819,2611479.011,花蓮縣光復鄉大富村明德路２９巷６號
10015,1001507,大富村,3,明德路,,２９巷,,７號,289827.68,2611503.687,花蓮縣光復鄉大富村明德路２９巷７號
10015,1001507,大富村,5,明德路,,２９巷,,１０號,289870.634,2611501.937,花蓮縣光復鄉大富村明德路２９巷１０號
10015,1001507,大富村,5,明德路,,２９巷,,１２號,289891.498,2611589.051,花蓮縣光復鄉大富村明德路２９巷１２號
10015,1001507,大富村,3,明德路,,２９巷,,１５號,289836.849,2611511.072,花蓮縣光復鄉大富村明德路２９巷１５號
10015,1001507,大富村,3,明德路,,２９巷,,１７號,289857.657,2611513.767,花蓮縣光復鄉大富村明德路２９巷１７號
10015,1001507,大富村,3,明德路,,２９巷,,２１號,289824.75,2611527.504,花蓮縣光復鄉大富村明德路２９巷２１號
10015,1001507,大富村,2,明德路,,３０巷,,１號,289842.572,2611374.993,花蓮縣光復鄉大富村明德路３０巷１號
10015,1001507,大富村,1,明德路,,３０巷,,２號,289832.506,2611379.129,花蓮縣光復鄉大富村明德路３０巷２號
10015,1001507,大富村,2,明德路,,３０巷,,３號,289842.857,2611366.247,花蓮縣光復鄉大富村明德路３０巷３號
10015,1001507,大富村,2,明德路,,３０巷,,５號,289842.804,2611361.989,花蓮縣光復鄉大富村明德路３０巷５號
10015,1001507,大富村,1,明德路,,３０巷,,６號,289830.255,2611367.72,花蓮縣光復鄉大富村明德路３０巷６號
10015,1001507,大富村,2,明德路,,３０巷,,７號,289839.697,2611354.26,花蓮縣光復鄉大富村明德路３０巷７號
10015,1001507,大富村,1,明德路,,３０巷,,８號,289827.741,2611355.273,花蓮縣光復鄉大富村明德路３０巷８號
10015,1001507,大富村,1,明德路,,３０巷,,１０號,289828.18,2611346.021,花蓮縣光復鄉大富村明德路３０巷１０號
10015,1001507,大富村,1,明德路,,３０巷,,１２號,289824.983,2611337.79,花蓮縣光復鄉大富村明德路３０巷１２號
10015,1001507,大富村,1,明德路,,３０巷,,１４號,289821.482,2611333.296,花蓮縣光復鄉大富村明德路３０巷１４號
10015,1001507,大富村,4,明德路,,,,３１號,289845.854,2611411.265,花蓮縣光復鄉大富村明德路３１號
10015,1001507,大富村,2,明德路,,,,３２號,289845.397,2611398.163,花蓮縣光復鄉大富村明德路３２號
10015,1001507,大富村,4,明德路,,,,３３號,289851.193,2611413.622,花蓮縣光復鄉大富村明德路３３號
10015,1001507,大富村,2,明德路,,,,３４號,289857.079,2611397.638,花蓮縣光復鄉大富村明德路３４號
10015,1001507,大富村,4,明德路,,,,３５號,289852.76,2611410.946,花蓮縣光復鄉大富村明德路３５號
10015,1001507,大富村,2,明德路,,,,３６號,289863.268,2611397.043,花蓮縣光復鄉大富村明德路３６號
10015,1001507,大富村,4,明德路,,,,３７號,289860.643,2611410.135,花蓮縣光復鄉大富村明德路３７號
10015,1001507,大富村,2,明德路,,,,３８號,289869.299,2611396.587,花蓮縣光復鄉大富村明德路３８號
10015,1001507,大富村,2,明德路,,,,４０號,289875.766,2611396.614,花蓮縣光復鄉大富村明德路４０號
10015,1001507,大富村,4,明德路,,,,４１號,289869.98,2611409.763,花蓮縣光復鄉大富村明德路４１號
10015,1001507,大富村,4,明德路,,,,４３號,289875.846,2611412.992,花蓮縣光復鄉大富村明德路４３號
10015,1001507,大富村,4,明德路,,,,４５號,289881.901,2611412.629,花蓮縣光復鄉大富村明德路４５號
10015,1001507,大富村,4,明德路,,,,４７號,289887.956,2611412.266,花蓮縣光復鄉大富村明德路４７號
10015,1001507,大富村,2,明德路,,,,４８號,289893.36,2611395.918,花蓮縣光復鄉大富村明德路４８號
10015,1001507,大富村,4,明德路,,,,４９號,289892.815,2611411.903,花蓮縣光復鄉大富村明德路４９號
10015,1001507,大富村,4,明德路,,,,５１號,289900.066,2611411.54,花蓮縣光復鄉大富村明德路５１號
10015,1001507,大富村,4,明德路,,,,５３號,289906.121,2611411.177,花蓮縣光復鄉大富村明德路５３號
10015,1001507,大富村,2,明德路,,,,５４號,289905.279,2611394.982,花蓮縣光復鄉大富村明德路５４號
10015,1001507,大富村,4,明德路,,,,５５號,289912.176,2611410.814,花蓮縣光復鄉大富村明德路５５號
10015,1001507,大富村,2,明德路,,,,５６號,289909.659,2611394.839,花蓮縣光復鄉大富村明德路５６號
10015,1001507,大富村,4,明德路,,,,５７號,289918.231,2611410.451,花蓮縣光復鄉大富村明德路５７號
10015,1001507,大富村,2,明德路,,５８巷,,１號,289918.216,2611384.294,花蓮縣光復鄉大富村明德路５８巷１號
10015,1001507,大富村,2,明德路,,５８巷,,２號,289888.35,2611338.55,花蓮縣光復鄉大富村明德路５８巷２號
10015,1001507,大富村,4,明德路,,,,５９號,289932.024,2611411.47,花蓮縣光復鄉大富村明德路５９號
10015,1001507,大富村,4,明德路,,,,６１號,289952.141,2611406.079,花蓮縣光復鄉大富村明德路６１號
10015,1001507,大富村,4,明德路,,,,６３號,289958.49,2611406.07,花蓮縣光復鄉大富村明德路６３號
10015,1001507,大富村,4,明德路,,,,６７號,289952.346,2611408.031,花蓮縣光復鄉大富村明德路６７號
10015,1001507,大富村,4,明德路,,,,６９號,289969.638,2611404.801,花蓮縣光復鄉大富村明德路６９號
10015,1001507,大富村,5,明德路,,７１巷,,１號,289997.159,2611460.61,花蓮縣光復鄉大富村明德路７１巷１號
10015,1001507,大富村,8,明德路,,７１巷,,２之１號,290025.37,2611488.85,花蓮縣光復鄉大富村明德路７１巷２之１號
10015,1001507,大富村,8,明德路,,７１巷,,２號,290023.61,2611490.81,花蓮縣光復鄉大富村明德路７１巷２號
10015,1001507,大富村,5,明德路,,７１巷,,３號,289979.938,2611473.469,花蓮縣光復鄉大富村明德路７１巷３號
10015,1001507,大富村,5,明德路,,７１巷,,５號,290011.42,2611494.699,花蓮縣光復鄉大富村明德路７１巷５號
10015,1001507,大富村,8,明德路,,７１巷,,６號,290052.753,2611491.182,花蓮縣光復鄉大富村明德路７１巷６號
10015,1001507,大富村,7,明德路,,７１巷,,９號,290018.484,2611508.579,花蓮縣光復鄉大富村明德路７１巷９號
10015,1001507,大富村,8,明德路,,７１巷,,１０號,290058.782,2611499.092,花蓮縣光復鄉大富村明德路７１巷１０號
10015,1001507,大富村,7,明德路,,７１巷,,１１號,290031.09,2611528.397,花蓮縣光復鄉大富村明德路７１巷１１號
10015,1001507,大富村,8,明德路,,７１巷,,１２號,290043.031,2611521.583,花蓮縣光復鄉大富村明德路７１巷１２號
10015,1001507,大富村,7,明德路,,７１巷,,１３號,290017.256,2611555.496,花蓮縣光復鄉大富村明德路７１巷１３號
10015,1001507,大富村,8,明德路,,７１巷,,１４號,290047.062,2611535.105,花蓮縣光復鄉大富村明德路７１巷１４號
10015,1001507,大富村,5,明德路,,７１巷,,１５號,290017.321,2611539.431,花蓮縣光復鄉大富村明德路７１巷１５號
10015,1001507,大富村,8,明德路,,７１巷,,１６號,290050.632,2611543.726,花蓮縣光復鄉大富村明德路７１巷１６號
10015,1001507,大富村,8,明德路,,７１巷,,１８號,290060.078,2611552.841,花蓮縣光復鄉大富村明德路７１巷１８號
10015,1001507,大富村,7,明德路,,７１巷,,１９之１號,290034.27,2611550.08,花蓮縣光復鄉大富村明德路７１巷１９之１號
10015,1001507,大富村,7,明德路,,７１巷,,１９號,290030.372,2611545.477,花蓮縣光復鄉大富村明德路７１巷１９號
10015,1001507,大富村,7,明德路,,７１巷,,２０號,290072.374,2611561.277,花蓮縣光復鄉大富村明德路７１巷２０號
10015,1001507,大富村,7,明德路,,７１巷,,２２號,290080.443,2611566.369,花蓮縣光復鄉大富村明德路７１巷２２號
10015,1001507,大富村,7,明德路,,７１巷,,２４號,290089.589,2611577.436,花蓮縣光復鄉大富村明德路７１巷２４號
10015,1001507,大富村,7,明德路,,７１巷,,２５號,290051.124,2611577.528,花蓮縣光復鄉大富村明德路７１巷２５號
10015,1001507,大富村,7,明德路,,７１巷,,２７號,290037.292,2611601.476,花蓮縣光復鄉大富村明德路７１巷２７號
10015,1001507,大富村,7,明德路,,７１巷,,２９號,290047.089,2611607.193,花蓮縣光復鄉大富村明德路７１巷２９號
10015,1001507,大富村,7,明德路,,７１巷,,３１號,290081.507,2611624.075,花蓮縣光復鄉大富村明德路７１巷３１號
10015,1001507,大平村,6,中學街,,,,７０號,293766.05,2618595.1,花蓮縣光復鄉大平村中學街７０號
10015,1001507,大平村,6,中學街,,,,７４號,293753.371,2618599.362,花蓮縣光復鄉大平村中學街７４號
10015,1001507,大平村,6,中學街,,,,７８號,293740.403,2618614.938,花蓮縣光復鄉大平村中學街７８號
10015,1001507,大平村,13,中學街,,９０巷,,１之１號,293696.734,2618656.371,花蓮縣光復鄉大平村中學街９０巷１之１號
10015,1001507,大平村,13,中學街,,９０巷,,１號,293689.628,2618649.093,花蓮縣光復鄉大平村中學街９０巷１號
10015,1001507,大平村,13,中學街,,９０巷,,３號,293703.007,2618670.89,花蓮縣光復鄉大平村中學街９０巷３號
10015,1001507,大平村,6,中學街,,９０巷,,４號,293727.374,2618652.36,花蓮縣光復鄉大平村中學街９０巷４號
10015,1001507,大平村,6,中學街,,９０巷,６弄,１之１號,293763.614,2618634.695,花蓮縣光復鄉大平村中學街９０巷６弄１之１號
10015,1001507,大平村,6,中學街,,９０巷,６弄,１號,293746.342,2618643.885,花蓮縣光復鄉大平村中學街９０巷６弄１號
10015,1001507,大平村,6,中學街,,９０巷,６弄,２號,293759.891,2618660.478,花蓮縣光復鄉大平村中學街９０巷６弄２號
10015,1001507,大平村,6,中學街,,９０巷,６弄,３之２號,293785.708,2618650.287,花蓮縣光復鄉大平村中學街９０巷６弄３之２號
10015,1001507,大平村,6,中學街,,９０巷,６弄,３之１號,293767.859,2618685,花蓮縣光復鄉大平村中學街９０巷６弄３之１號
10015,1001507,大平村,6,中學街,,９０巷,６弄,３號,293767.541,2618663.025,花蓮縣光復鄉大平村中學街９０巷６弄３號
10015,1001507,大平村,6,中學街,,９０巷,６弄,５號,293749.373,2618667.166,花蓮縣光復鄉大平村中學街９０巷６弄５號
10015,1001507,大平村,6,中學街,,９０巷,６弄,７號,293753.198,2618663.981,花蓮縣光復鄉大平村中學街９０巷６弄７號
10015,1001507,大平村,6,中學街,,９０巷,,８號,293726.075,2618668.795,花蓮縣光復鄉大平村中學街９０巷８號
10015,1001507,大平村,13,中學街,,９０巷,,８號,293726.075,2618668.795,花蓮縣光復鄉大平村中學街９０巷８號
10015,1001507,大平村,13,中學街,,９０巷,,９號,293716.093,2618697.31,花蓮縣光復鄉大平村中學街９０巷９號
10015,1001507,大平村,6,中學街,,９０巷,,１０號,293728.001,2618673.95,花蓮縣光復鄉大平村中學街９０巷１０號
10015,1001507,大平村,10,中學街,,９０巷,,１０號,293728.001,2618673.95,花蓮縣光復鄉大平村中學街９０巷１０號
10015,1001507,大平村,6,中學街,,９０巷,,１２號,293730.362,2618678.801,花蓮縣光復鄉大平村中學街９０巷１２號
10015,1001507,大平村,13,中學街,,９０巷,,１３號,293729.84,2618719.59,花蓮縣光復鄉大平村中學街９０巷１３號
10015,1001507,大平村,13,中學街,,９０巷,,１５號,293703.597,2618733.396,花蓮縣光復鄉大平村中學街９０巷１５號
10015,1001507,大平村,6,中學街,,９０巷,,１６號,293732.949,2618683.296,花蓮縣光復鄉大平村中學街９０巷１６號
10015,1001507,大平村,6,中學街,,９０巷,,１８號,293735.006,2618688.608,花蓮縣光復鄉大平村中學街９０巷１８號
10015,1001507,大平村,13,中學街,,９０巷,,１９號,293734.424,2618752.545,花蓮縣光復鄉大平村中學街９０巷１９號
10015,1001507,大平村,6,中學街,,９０巷,,２０號,293737.185,2618693.219,花蓮縣光復鄉大平村中學街９０巷２０號
10015,1001507,大平村,13,中學街,,９０巷,,２１號,293742.074,2618749.565,花蓮縣光復鄉大平村中學街９０巷２１號
10015,1001507,大平村,6,中學街,,９０巷,,２２號,293739.069,2618697.099,花蓮縣光復鄉大平村中學街９０巷２２號
10015,1001507,大平村,13,中學街,,９０巷,,２３號,293750.937,2618774.966,花蓮縣光復鄉大平村中學街９０巷２３號
10015,1001507,大平村,6,中學街,,９０巷,,２６號,293740.844,2618700.877,花蓮縣光復鄉大平村中學街９０巷２６號
10015,1001507,大平村,6,中學街,,９０巷,,２８號,293742.105,2618703.886,花蓮縣光復鄉大平村中學街９０巷２８號
10015,1001507,大平村,6,中學街,,９０巷,,３０號,293744.611,2618708.14,花蓮縣光復鄉大平村中學街９０巷３０號
10015,1001507,大平村,13,中學街,,９０巷,,３０號,293744.611,2618708.14,花蓮縣光復鄉大平村中學街９０巷３０號
10015,1001507,大平村,13,中學街,,,,９４號,293662.745,2618657.246,花蓮縣光復鄉大平村中學街９４號
10015,1001507,大平村,14,中學街,,,,９６號,293639.251,2618664.988,花蓮縣光復鄉大平村中學街９６號
10015,1001507,大平村,14,中學街,,,,１００號,293621.841,2618658.577,花蓮縣光復鄉大平村中學街１００號
10015,1001507,大平村,14,中學街,,,,１０２號,293616.436,2618666.2,花蓮縣光復鄉大平村中學街１０２號
10015,1001507,大平村,14,中學街,,,,１０６號,293607.938,2618670.281,花蓮縣光復鄉大平村中學街１０６號
10015,1001507,大平村,16,中學街,,,,１１８號,293600.521,2618672.73,花蓮縣光復鄉大平村中學街１１８號
10015,1001507,大平村,16,中學街,,,,１２０號,293592.452,2618674.023,花蓮縣光復鄉大平村中學街１２０號
10015,1001507,大平村,16,中學街,,,,１２２號,293587.45,2618676.388,花蓮縣光復鄉大平村中學街１２２號
10015,1001507,大平村,16,中學街,,,,１２４號,293581.882,2618679.02,花蓮縣光復鄉大平村中學街１２４號
10015,1001507,大平村,16,中學街,,,,１２６號,293576.589,2618681.698,花蓮縣光復鄉大平村中學街１２６號
10015,1001507,大平村,16,中學街,,,,１２８號,293571.159,2618684.352,花蓮縣光復鄉大平村中學街１２８號
10015,1001507,大平村,16,中學街,,,,１３０號,293565.729,2618687.007,花蓮縣光復鄉大平村中學街１３０號
10015,1001507,大平村,16,中學街,,,,１３２號,293560.298,2618689.661,花蓮縣光復鄉大平村中學街１３２號
10015,1001507,大平村,16,中學街,,,,１３４號,293554.868,2618692.316,花蓮縣光復鄉大平村中學街１３４號
10015,1001507,大平村,16,中學街,,,,１３６之１號,293545,2618696.465,花蓮縣光復鄉大平村中學街１３６之１號
10015,1001507,大平村,16,中學街,,,,１３６號,293549.214,2618694.635,花蓮縣光復鄉大平村中學街１３６號
10015,1001507,大平村,16,中學街,,,,１３８之２號,293531.008,2618703.307,花蓮縣光復鄉大平村中學街１３８之２號
10015,1001507,大平村,16,中學街,,,,１３８之３號,293526.736,2618705.464,花蓮縣光復鄉大平村中學街１３８之３號
10015,1001507,大平村,16,中學街,,,,１３８號,293539.574,2618698.914,花蓮縣光復鄉大平村中學街１３８號
10015,1001507,大平村,16,中學街,,,,１３８之１號,293535.319,2618701.179,花蓮縣光復鄉大平村中學街１３８之１號
10015,1001507,大平村,16,中學街,,,,１４０號,293521.105,2618708.161,花蓮縣光復鄉大平村中學街１４０號
10015,1001507,大平村,16,中學街,,,,１４２號,293512.74,2618712.213,花蓮縣光復鄉大平村中學街１４２號
10015,1001507,大平村,16,中山路三段,,,,８６之１號,293510.338,2618719.277,花蓮縣光復鄉大平村中山路三段８６之１號
10015,1001507,大平村,16,中山路三段,,,,８６之２號,293512.455,2618723.245,花蓮縣光復鄉大平村中山路三段８６之２號
10015,1001507,大平村,16,中山路三段,,,,８６之３號,293514.042,2618727.479,花蓮縣光復鄉大平村中山路三段８６之３號
10015,1001507,大平村,16,中山路三段,,,,８６號,293514.572,2618727.346,花蓮縣光復鄉大平村中山路三段８６號
10015,1001507,大平村,16,中山路三段,,,,８８號,293516.596,2618731.471,花蓮縣光復鄉大平村中山路三段８８號
10015,1001507,大平村,16,中山路三段,,９０巷,,２號,293569.058,2618711.886,花蓮縣光復鄉大平村中山路三段９０巷２號
10015,1001507,大平村,16,中山路三段,,９０巷,,３之１號,293585.293,2618713.458,花蓮縣光復鄉大平村中山路三段９０巷３之１號
10015,1001507,大平村,16,中山路三段,,９０巷,,３號,293580.708,2618706.701,花蓮縣光復鄉大平村中山路三段９０巷３號
10015,1001507,大平村,15,中山路三段,,９０巷,,５號,293610.531,2618728.393,花蓮縣光復鄉大平村中山路三段９０巷５號
10015,1001507,大平村,15,中山路三段,,９０巷,,６號,293601.95,2618751.226,花蓮縣光復鄉大平村中山路三段９０巷６號
10015,1001507,大平村,15,中山路三段,,９０巷,,７號,293609.958,2618768.509,花蓮縣光復鄉大平村中山路三段９０巷７號
10015,1001507,大平村,16,中山路三段,,,,９２號,293523.793,2618735.88,花蓮縣光復鄉大平村中山路三段９２號
10015,1001507,大平村,16,中山路三段,,,,９８號,293527.5,2618749.66,花蓮縣光復鄉大平村中山路三段９８號
10015,1001507,大平村,16,中山路三段,,,,１０６號,293537.452,2618770.995,花蓮縣光復鄉大平村中山路三段１０６號
10015,1001507,大平村,16,中山路三段,,,,１０８號,293540.429,2618778.689,花蓮縣光復鄉大平村中山路三段１０８號
10015,1001507,大平村,16,中山路三段,,１１０巷,,１之１號,293566.25,2618783.64,花蓮縣光復鄉大平村中山路三段１１０巷１之１號
10015,1001507,大平村,16,中山路三段,,１１０巷,,１號,293573.138,2618778.488,花蓮縣光復鄉大平村中山路三段１１０巷１號
10015,1001507,大平村,16,中山路三段,,１１０巷,,２號,293585.633,2618772.735,花蓮縣光復鄉大平村中山路三段１１０巷２號
10015,1001507,大平村,16,中山路三段,,,,１１２號,293545.674,2618791.45,花蓮縣光復鄉大平村中山路三段１１２號
10015,1001507,大平村,12,中山路三段,,,,１１４號,293548.406,2618797.389,花蓮縣光復鄉大平村中山路三段１１４號
10015,1001507,大平村,12,中山路三段,,,,１１６號,293551.138,2618803.329,花蓮縣光復鄉大平村中山路三段１１６號
10015,1001507,大平村,12,中山路三段,,,,１１８號,293553.87,2618809.268,花蓮縣光復鄉大平村中山路三段１１８號
10015,1001507,大平村,12,中山路三段,,,,１２０號,293558.351,2618818.312,花蓮縣光復鄉大平村中山路三段１２０號
10015,1001507,大平村,12,中山路三段,,,,１２０之１號,293556.862,2618815.028,花蓮縣光復鄉大平村中山路三段１２０之１號
10015,1001507,大平村,12,中山路三段,,,,１２２號,293561.432,2618825.044,花蓮縣光復鄉大平村中山路三段１２２號
10015,1001507,大平村,12,中山路三段,,,,１２４號,293566.315,2618833.987,花蓮縣光復鄉大平村中山路三段１２４號
10015,1001507,大平村,11,中山路三段,,,,１３２號,293577.778,2618864.045,花蓮縣光復鄉大平村中山路三段１３２號
10015,1001507,大平村,11,中山路三段,,,,１３４號,293581.039,2618870.778,花蓮縣光復鄉大平村中山路三段１３４號
10015,1001507,大平村,11,中山路三段,,,,１３６號,293583.399,2618875.577,花蓮縣光復鄉大平村中山路三段１３６號
10015,1001507,大平村,11,中山路三段,,,,１３８號,293585.262,2618879.865,花蓮縣光復鄉大平村中山路三段１３８號
10015,1001507,大平村,11,中山路三段,,,,１４０號,293592.504,2618897.674,花蓮縣光復鄉大平村中山路三段１４０號
10015,1001507,大平村,11,中山路三段,,,,１４２號,293589.874,2618891.909,花蓮縣光復鄉大平村中山路三段１４２號
10015,1001507,大平村,10,中山路三段,,１６０巷,,１號,293623.663,2618953.559,花蓮縣光復鄉大平村中山路三段１６０巷１號
10015,1001507,大平村,10,中山路三段,,１６０巷,,２號,293637.27,2618947.24,花蓮縣光復鄉大平村中山路三段１６０巷２號
10015,1001507,大平村,10,中山路三段,,,,１６２號,293612.504,2618945.075,花蓮縣光復鄉大平村中山路三段１６２號
10015,1001507,大平村,10,中山路三段,,,,１７０號,293632.8,2618966.03,花蓮縣光復鄉大平村中山路三段１７０號
10015,1001507,大平村,10,中山路三段,,,,１８４號,293657.337,2619025.445,花蓮縣光復鄉大平村中山路三段１８４號
10015,1001507,大平村,10,中山路三段,,１９０巷,,１號,293665.5,2619050.833,花蓮縣光復鄉大平村中山路三段１９０巷１號
10015,1001507,大平村,10,中山路三段,,１９０巷,,２號,293687.36,2619044.303,花蓮縣光復鄉大平村中山路三段１９０巷２號
10015,1001507,大平村,10,中山路三段,,１９０巷,,３號,293687.36,2619013.621,花蓮縣光復鄉大平村中山路三段１９０巷３號
10015,1001507,大平村,10,中山路三段,,,,２０８之１號,293676.963,2619081.661,花蓮縣光復鄉大平村中山路三段２０８之１號
10015,1001507,大平村,10,中山路三段,,,,２０８號,293674.423,2619075.133,花蓮縣光復鄉大平村中山路三段２０８號
10015,1001507,大平村,10,中山路三段,,,,２１０號,293679.236,2619087.051,花蓮縣光復鄉大平村中山路三段２１０號
10015,1001507,大平村,10,中山路三段,,,,２１２號,293687.564,2619091.823,花蓮縣光復鄉大平村中山路三段２１２號
10015,1001507,大平村,10,中山路三段,,２１４巷,,１號,293694.572,2619102.762,花蓮縣光復鄉大平村中山路三段２１４巷１號
10015,1001507,大平村,10,中山路三段,,２１４巷,,２號,293732.625,2619085.688,花蓮縣光復鄉大平村中山路三段２１４巷２號
10015,1001507,大平村,1,佛祖街,,,,１１８之６號,294272.352,2618330.712,花蓮縣光復鄉大平村佛祖街１１８之６號
10015,1001507,大平村,1,佛祖街,,,,１１８號,294267.575,2618223.554,花蓮縣光復鄉大平村佛祖街１１８號
10015,1001507,大平村,5,佛祖街,,,,２２１號,294286.947,2618494.908,花蓮縣光復鄉大平村佛祖街２２１號
10015,1001507,大平村,5,佛祖街,,,,２２３號,294289.651,2618527.438,花蓮縣光復鄉大平村佛祖街２２３號
10015,1001507,大平村,1,佛祖街,,,,２２４號,294361.478,2618480.034,花蓮縣光復鄉大平村佛祖街２２４號
10015,1001507,大平村,4,佛祖街,,,,２４７號,294319.029,2618627.293,花蓮縣光復鄉大平村佛祖街２４７號
10015,1001507,大平村,4,佛祖街,,,,２５３號,294325.054,2618662.435,花蓮縣光復鄉大平村佛祖街２５３號
10015,1001507,大平村,1,佛祖街,,,,２５８號,294361.895,2618691.194,花蓮縣光復鄉大平村佛祖街２５８號
10015,1001507,大平村,1,佛祖街,,,,２６１號,294320.034,2618736.59,花蓮縣光復鄉大平村佛祖街２６１號
10015,1001507,大平村,1,佛祖街,,２７２巷,,２號,294730.128,2618292.981,花蓮縣光復鄉大平村佛祖街２７２巷２號
10015,1001507,大平村,2,佛祖街,,２７２巷,,３號,294513.791,2618781.049,花蓮縣光復鄉大平村佛祖街２７２巷３號
10015,1001507,大平村,3,佛祖街,,,,３１３號,294330.743,2618804.003,花蓮縣光復鄉大平村佛祖街３１３號
10015,1001507,大平村,2,佛祖街,,３１４巷,,１號,294420.262,2618740.131,花蓮縣光復鄉大平村佛祖街３１４巷１號
10015,1001507,大平村,2,佛祖街,,３１４巷,,２號,294363.301,2618821.146,花蓮縣光復鄉大平村佛祖街３１４巷２號
10015,1001507,大平村,2,佛祖街,,３１４巷,,３之１號,294357.047,2618863.963,花蓮縣光復鄉大平村佛祖街３１４巷３之１號
10015,1001507,大平村,2,佛祖街,,３１４巷,,３號,294358.96,2618846.76,花蓮縣光復鄉大平村佛祖街３１４巷３號
10015,1001507,大平村,3,佛祖街,,,,３１５號,294332.844,2618808.25,花蓮縣光復鄉大平村佛祖街３１５號
10015,1001507,大平村,2,佛祖街,,,,３１８號,294391.31,2618927.7,花蓮縣光復鄉大平村佛祖街３１８號
10015,1001507,大平村,2,佛祖街,,,,３２２號,294392.476,2618975.115,花蓮縣光復鄉大平村佛祖街３２２號
10015,1001507,大平村,2,佛祖街,,,,３２６號,294531.546,2618933.073,花蓮縣光復鄉大平村佛祖街３２６號
10015,1001507,大平村,2,佛祖街,,,,３２８之３號,294627.59,2618970.24,花蓮縣光復鄉大平村佛祖街３２８之３號
10015,1001507,大平村,2,佛祖街,,３３６巷,,２號,294821.712,2619165.494,花蓮縣光復鄉大平村佛祖街３３６巷２號
10015,1001507,大平村,2,佛祖街,,３３６巷,,３號,294839.063,2619169.085,花蓮縣光復鄉大平村佛祖街３３６巷３號
10015,1001507,大平村,2,佛祖街,,３３６巷,,４號,294821.589,2619182.706,花蓮縣光復鄉大平村佛祖街３３６巷４號
10015,1001507,大平村,2,佛祖街,,３３６巷,,５號,294830.76,2619193.603,花蓮縣光復鄉大平村佛祖街３３６巷５號
10015,1001507,大平村,2,佛祖街,,３３６巷,,６號,294849.598,2619161.16,花蓮縣光復鄉大平村佛祖街３３６巷６號
10015,1001507,大平村,2,佛祖街,,３３６巷,,７之１號,294898.676,2619176.267,花蓮縣光復鄉大平村佛祖街３３６巷７之１號
10015,1001507,大平村,2,佛祖街,,３３６巷,,７號,294868.56,2619179.858,花蓮縣光復鄉大平村佛祖街３３６巷７號
10015,1001507,大平村,2,佛祖街,,３３６巷,,８號,295124.584,2619219.544,花蓮縣光復鄉大平村佛祖街３３６巷８號
10015,1001507,大平村,2,佛祖街,,３３６巷,,２０號,294951.732,2618934.941,花蓮縣光復鄉大平村佛祖街３３６巷２０號
10015,1001507,大平村,2,佛祖街,,３３６巷,,２２號,295041.86,2618909.21,花蓮縣光復鄉大平村佛祖街３３６巷２２號
10015,1001507,大平村,2,佛祖街,,３３６巷,,２８號,295186.88,2618885.82,花蓮縣光復鄉大平村佛祖街３３６巷２８號
10015,1001507,大平村,2,佛祖街,,,,３３６號,294762.255,2618933.573,花蓮縣光復鄉大平村佛祖街３３６號
10015,1001507,大平村,3,佛祖街,,,,３７３號,294332.808,2618988.109,花蓮縣光復鄉大平村佛祖街３７３號
10015,1001507,大平村,2,佛祖街,,,,３８２號,294407.63,2619046.32,花蓮縣光復鄉大平村佛祖街３８２號
10015,1001507,大平村,2,佛祖街,,,,３８３號,294398.605,2619082.903,花蓮縣光復鄉大平村佛祖街３８３號
10015,1001507,大平村,2,佛祖街,,,,３８５號,294400.92,2619115.76,花蓮縣光復鄉大平村佛祖街３８５號
10015,1001507,大平村,2,佛祖街,,,,３８６號,294397.431,2619080.578,花蓮縣光復鄉大平村佛祖街３８６號
10015,1001507,大平村,2,佛祖街,,,,３９８之１號,294671.07,2619405.01,花蓮縣光復鄉大平村佛祖街３９８之１號
10015,1001507,大平村,2,佛祖街,,,,３９８號,294621.198,2619432.337,花蓮縣光復鄉大平村佛祖街３９８號
10015,1001507,大平村,2,佛袓街,,,,３３０號,294464.607,2618955.959,花蓮縣光復鄉大平村佛袓街３３０號
10015,1001507,大平村,2,佛袓街,,,,３３２號,294459.58,2618957.547,花蓮縣光復鄉大平村佛袓街３３２號
10015,1001507,大平村,8,延平街,,,,１號,293857.286,2618766.77,花蓮縣光復鄉大平村延平街１號
10015,1001507,大平村,8,延平街,,,,３號,293865.586,2618777.932,花蓮縣光復鄉大平村延平街３號
10015,1001507,大平村,7,延平街,,,,４號,293890.44,2618764.209,花蓮縣光復鄉大平村延平街４號
10015,1001507,大平村,8,延平街,,,,５號,293875.051,2618806.375,花蓮縣光復鄉大平村延平街５號
10015,1001507,大平村,7,延平街,,,,６號,293892.2,2618785.313,花蓮縣光復鄉大平村延平街６號
10015,1001507,大平村,7,延平街,,,,８號,293896.725,2618806.668,花蓮縣光復鄉大平村延平街８號
10015,1001507,大平村,7,延平街,,,,１０號,293918.793,2618860.9,花蓮縣光復鄉大平村延平街１０號
10015,1001507,大平村,8,延平街,,,,１３號,293878.033,2618839.783,花蓮縣光復鄉大平村延平街１３號
10015,1001507,大平村,7,延平街,,,,１４號,293911.682,2618874.406,花蓮縣光復鄉大平村延平街１４號
10015,1001507,大平村,8,延平街,,,,１５號,293875.653,2618830.363,花蓮縣光復鄉大平村延平街１５號
10015,1001507,大平村,8,延平街,,,,１７號,293881.54,2618854.044,花蓮縣光復鄉大平村延平街１７號
10015,1001507,大平村,7,延平街,,２２巷,,１之３號,293954.125,2618799.75,花蓮縣光復鄉大平村延平街２２巷１之３號
10015,1001507,大平村,7,延平街,,２２巷,,１號,293919.354,2618791.594,花蓮縣光復鄉大平村延平街２２巷１號
10015,1001507,大平村,7,延平街,,２２巷,,２號,293941.984,2618783.303,花蓮縣光復鄉大平村延平街２２巷２號
10015,1001507,大平村,7,延平街,,２２巷,,３號,293939.245,2618812.021,花蓮縣光復鄉大平村延平街２２巷３號
10015,1001507,大平村,7,延平街,,２２巷,,４號,293926.805,2618815.694,花蓮縣光復鄉大平村延平街２２巷４號
10015,1001507,大平村,7,延平街,,２２巷,,５號,293917.482,2618838.916,花蓮縣光復鄉大平村延平街２２巷５號
10015,1001507,大平村,7,延平街,,２２巷,,６號,293919.178,2618851.907,花蓮縣光復鄉大平村延平街２２巷６號
10015,1001507,大平村,8,延平街,,,,２５號,293885.187,2618889.75,花蓮縣光復鄉大平村延平街２５號
10015,1001507,大平村,9,延平街,,,,２５號,293885.187,2618889.75,花蓮縣光復鄉大平村延平街２５號
10015,1001507,大平村,9,延平街,,,,２７號,293902.06,2618924.706,花蓮縣光復鄉大平村延平街２７號
10015,1001507,大平村,9,延平街,,,,４７號,293898.29,2618965.944,花蓮縣光復鄉大平村延平街４７號
10015,1001507,大平村,3,延平街,,,,７２號,293960.759,2618998.362,花蓮縣光復鄉大平村延平街７２號
10015,1001507,大平村,3,延平街,,,,７４號,293950.732,2619018.885,花蓮縣光復鄉大平村延平街７４號
10015,1001507,大平村,9,延平街,,７９巷,,１號,293889.763,2619047.87,花蓮縣光復鄉大平村延平街７９巷１號
10015,1001507,大平村,9,延平街,,７９巷,,２號,293905.265,2619069.337,花蓮縣光復鄉大平村延平街７９巷２號
10015,1001507,大平村,9,延平街,,７９巷,,３號,293894.882,2619087.476,花蓮縣光復鄉大平村延平街７９巷３號
10015,1001507,大平村,9,延平街,,７９巷,,４號,293868.551,2619078.304,花蓮縣光復鄉大平村延平街７９巷４號
10015,1001507,大平村,3,延平街,,,,８０號,293966.835,2619051.109,花蓮縣光復鄉大平村延平街８０號
10015,1001507,大平村,9,延平街,,,,８１號,293936.267,2619047.054,花蓮縣光復鄉大平村延平街８１號
10015,1001507,大平村,9,延平街,,,,８７號,293935.451,2619064.174,花蓮縣光復鄉大平村延平街８７號
10015,1001507,大平村,9,延平街,,,,９３號,293944.426,2619093.793,花蓮縣光復鄉大平村延平街９３號
10015,1001507,大平村,3,延平街,,,,９４號,293974.502,2619104.325,花蓮縣光復鄉大平村延平街９４號
10015,1001507,大平村,4,成功街,,,,１３號,294293.225,2618698.374,花蓮縣光復鄉大平村成功街１３號
10015,1001507,大平村,4,成功街,,,,６９號,294177.65,2618770.59,花蓮縣光復鄉大平村成功街６９號
10015,1001507,大平村,3,成功街,,,,１６６號,294209.897,2618796.434,花蓮縣光復鄉大平村成功街１６６號
10015,1001507,大平村,3,成功街,,１７６巷,,１號,294226.292,2618937.103,花蓮縣光復鄉大平村成功街１７６巷１號
10015,1001507,大平村,3,成功街,,１７６巷,,２號,294207.762,2618943.972,花蓮縣光復鄉大平村成功街１７６巷２號
10015,1001507,大平村,3,成功街,,１７６巷,,３之１號,294188.932,2618951.139,花蓮縣光復鄉大平村成功街１７６巷３之１號
10015,1001507,大平村,3,成功街,,１７６巷,,３號,294198.496,2618947.257,花蓮縣光復鄉大平村成功街１７６巷３號
10015,1001507,大平村,3,成功街,,１７６巷,,４號,294210.485,2618967.4,花蓮縣光復鄉大平村成功街１７６巷４號
10015,1001507,大平村,3,成功街,,１７６巷,,５號,294189.228,2618969.524,花蓮縣光復鄉大平村成功街１７６巷５號
10015,1001507,大平村,3,成功街,,１７６巷,,６號,294176.048,2618985.667,花蓮縣光復鄉大平村成功街１７６巷６號
10015,1001507,大平村,3,成功街,,１７６巷,,７號,294190.928,2618992.039,花蓮縣光復鄉大平村成功街１７６巷７號
10015,1001507,大平村,3,成功街,,１７６巷,,８號,294153.941,2619007.332,花蓮縣光復鄉大平村成功街１７６巷８號
10015,1001507,大平村,3,成功街,,１７６巷,,９之１號,294376.616,2619018.876,花蓮縣光復鄉大平村成功街１７６巷９之１號
10015,1001507,大平村,3,成功街,,１７６巷,,９號,294369.319,2619018.233,花蓮縣光復鄉大平村成功街１７６巷９號
10015,1001507,大平村,3,成功街,,１７６巷,,１０號,294294.558,2619009.511,花蓮縣光復鄉大平村成功街１７６巷１０號
10015,1001507,大平村,3,成功街,,１７６巷,,１１號,294312.212,2619036.689,花蓮縣光復鄉大平村成功街１７６巷１１號
10015,1001507,大平村,3,成功街,,１７６巷,,１２號,294146.558,2619057.021,花蓮縣光復鄉大平村成功街１７６巷１２號
10015,1001507,大平村,3,成功街,,１７６巷,,１８號,294101.84,2618978.63,花蓮縣光復鄉大平村成功街１７６巷１８號
10015,1001507,大平村,3,成功街,,,,１７８號,294154.963,2618861.202,花蓮縣光復鄉大平村成功街１７８號
10015,1001507,大平村,3,成功街,,,,２１２號,294113.015,2618840.9,花蓮縣光復鄉大平村成功街２１２號
10015,1001507,大平村,3,成功街,,,,２２６號,294051.697,2618888.498,花蓮縣光復鄉大平村成功街２２６號
10015,1001507,大平村,4,成功街,,,,２３１號,294039.68,2618855.587,花蓮縣光復鄉大平村成功街２３１號
10015,1001507,大平村,7,成功街,,,,２４５號,293989.614,2618865.306,花蓮縣光復鄉大平村成功街２４５號
10015,1001507,大平村,7,成功街,,,,２４７號,293975.597,2618866.965,花蓮縣光復鄉大平村成功街２４７號
10015,1001507,大平村,7,成功街,,,,２５７號,293935.362,2618872.334,花蓮縣光復鄉大平村成功街２５７號
10015,1001507,大平村,7,成功街,,,,２５９號,293930.062,2618885.787,花蓮縣光復鄉大平村成功街２５９號
10015,1001507,大平村,7,成功街,,,,２６１號,293925.03,2618886.84,花蓮縣光復鄉大平村成功街２６１號
10015,1001507,大平村,7,成功街,,,,２６３號,293920.828,2618888.09,花蓮縣光復鄉大平村成功街２６３號
10015,1001507,大平村,7,成功街,,,,２６５號,293915.404,2618888.973,花蓮縣光復鄉大平村成功街２６５號
10015,1001507,大平村,9,成功街,,,,２８２號,293866.478,2618929.062,花蓮縣光復鄉大平村成功街２８２號
10015,1001507,大平村,9,成功街,,,,２８６之１號,293837.313,2618927.25,花蓮縣光復鄉大平村成功街２８６之１號
10015,1001507,大平村,9,成功街,,,,２８６號,293857.615,2618935.412,花蓮縣光復鄉大平村成功街２８６號
10015,1001507,大平村,9,成功街,,,,２８８號,293832.812,2618945.523,花蓮縣光復鄉大平村成功街２８８號
10015,1001507,大平村,9,成功街,,２９０巷,,１之１號,293837.18,2618959.32,花蓮縣光復鄉大平村成功街２９０巷１之１號
10015,1001507,大平村,9,成功街,,２９０巷,,１號,293850.67,2618966.341,花蓮縣光復鄉大平村成功街２９０巷１號
10015,1001507,大平村,9,成功街,,２９０巷,,２號,293842.904,2618941.415,花蓮縣光復鄉大平村成功街２９０巷２號
10015,1001507,大平村,8,成功街,,２９１巷,,１號,293818.171,2618911.637,花蓮縣光復鄉大平村成功街２９１巷１號
10015,1001507,大平村,8,成功街,,２９１巷,,２號,293800.362,2618868.043,花蓮縣光復鄉大平村成功街２９１巷２號
10015,1001507,大平村,9,成功街,,,,２９２號,293803.482,2618943.095,花蓮縣光復鄉大平村成功街２９２號
10015,1001507,大平村,8,成功街,,,,２９５號,293797.102,2618921.11,花蓮縣光復鄉大平村成功街２９５號
10015,1001507,大平村,8,成功街,,,,２９７號,293788.38,2618921.89,花蓮縣光復鄉大平村成功街２９７號
10015,1001507,大平村,9,成功街,,３００巷,,１號,293792.595,2618968.317,花蓮縣光復鄉大平村成功街３００巷１號
10015,1001507,大平村,9,成功街,,３００巷,,１之１號,293795.77,2618980.88,花蓮縣光復鄉大平村成功街３００巷１之１號
10015,1001507,大平村,10,成功街,,３００巷,,２號,293750.783,2618958.977,花蓮縣光復鄉大平村成功街３００巷２號
10015,1001507,大平村,10,成功街,,３００巷,,３號,293734.92,2618963.425,花蓮縣光復鄉大平村成功街３００巷３號
10015,1001507,大平村,10,成功街,,３００巷,,４號,293751.196,2618995.753,花蓮縣光復鄉大平村成功街３００巷４號
10015,1001507,大平村,11,成功街,,,,３０５號,293748.109,2618916.418,花蓮縣光復鄉大平村成功街３０５號
10015,1001507,大平村,11,成功街,,,,３０７號,293734.569,2618911.572,花蓮縣光復鄉大平村成功街３０７號
10015,1001507,大平村,10,成功街,,,,３０８號,293762.94,2618937.4,花蓮縣光復鄉大平村成功街３０８號
10015,1001507,大平村,11,成功街,,,,３０９號,293727.602,2618913.977,花蓮縣光復鄉大平村成功街３０９號
10015,1001507,大平村,10,成功街,,,,３１０號,293734.102,2618949.581,花蓮縣光復鄉大平村成功街３１０號
10015,1001507,大平村,10,成功街,,,,３１０之１號,293748.079,2618943.944,花蓮縣光復鄉大平村成功街３１０之１號
10015,1001507,大平村,11,成功街,,,,３１１號,293718.728,2618916.409,花蓮縣光復鄉大平村成功街３１１號
10015,1001507,大平村,10,成功街,,,,３１２號,293718.06,2618931.77,花蓮縣光復鄉大平村成功街３１２號
10015,1001507,大平村,10,成功街,,３１４巷,,２號,293692.43,2618992.68,花蓮縣光復鄉大平村成功街３１４巷２號
10015,1001507,大平村,10,成功街,,３１４巷,,４號,293706.366,2618981.812,花蓮縣光復鄉大平村成功街３１４巷４號
10015,1001507,大平村,4,成功街,,３１４巷,,６號,293728.288,2618997.086,花蓮縣光復鄉大平村成功街３１４巷６號
10015,1001507,大平村,10,成功街,,３１４巷,,６號,293728.288,2618997.086,花蓮縣光復鄉大平村成功街３１４巷６號
10015,1001507,大平村,10,成功街,,３１４巷,,７號,293688.152,2618968.101,花蓮縣光復鄉大平村成功街３１４巷７號
10015,1001507,大平村,10,成功街,,３１４巷,,１７號,293643.911,2618987.122,花蓮縣光復鄉大平村成功街３１４巷１７號
10015,1001507,大平村,10,成功街,,３１４巷,,１８號,293659.422,2619005.791,花蓮縣光復鄉大平村成功街３１４巷１８號
10015,1001507,大平村,10,成功街,,,,３１８號,293678.375,2618946.5,花蓮縣光復鄉大平村成功街３１８號
10015,1001507,大平村,11,成功街,,,,３１９號,293671.239,2618885.402,花蓮縣光復鄉大平村成功街３１９號
10015,1001507,大平村,10,成功街,,,,３２０號,293670.726,2618926.517,花蓮縣光復鄉大平村成功街３２０號
10015,1001507,大平村,11,成功街,,,,３２１號,293685.839,2618914.296,花蓮縣光復鄉大平村成功街３２１號
10015,1001507,大平村,11,成功街,,,,３２３號,293681.331,2618913.919,花蓮縣光復鄉大平村成功街３２３號
10015,1001507,大平村,11,成功街,,,,３２５號,293676.823,2618913.543,花蓮縣光復鄉大平村成功街３２５號
10015,1001507,大平村,11,成功街,,,,３２７號,293672.315,2618913.166,花蓮縣光復鄉大平村成功街３２７號
10015,1001507,大平村,11,成功街,,,,３２９號,293668.08,2618912.37,花蓮縣光復鄉大平村成功街３２９號
10015,1001507,大平村,10,成功街,,,,３３１號,293663.299,2618912.413,花蓮縣光復鄉大平村成功街３３１號
10015,1001507,大平村,11,成功街,,,,３３１號,293663.299,2618912.413,花蓮縣光復鄉大平村成功街３３１號
10015,1001507,大平村,10,成功街,,,,３３２號,293630.596,2618930.061,花蓮縣光復鄉大平村成功街３３２號
10015,1001507,大平村,10,成功街,,,,３３３號,293658.827,2618911.835,花蓮縣光復鄉大平村成功街３３３號
10015,1001507,大平村,10,成功街,,,,３３４號,293627.222,2618930.622,花蓮縣光復鄉大平村成功街３３４號
10015,1001507,大平村,11,成功街,,,,３３５號,293655.183,2618911.66,花蓮縣光復鄉大平村成功街３３５號
10015,1001507,大平村,10,成功街,,,,３３６號,293610.789,2618921.989,花蓮縣光復鄉大平村成功街３３６號
10015,1001507,大平村,11,成功街,,,,３３７號,293649.775,2618911.283,花蓮縣光復鄉大平村成功街３３７號
10015,1001507,大平村,10,成功街,,,,３３８號,293604.933,2618925.892,花蓮縣光復鄉大平村成功街３３８號
10015,1001507,大平村,11,成功街,,,,３３９號,293645.267,2618910.907,花蓮縣光復鄉大平村成功街３３９號
10015,1001507,大平村,11,成功街,,,,３４１號,293640.759,2618910.531,花蓮縣光復鄉大平村成功街３４１號
10015,1001507,大平村,11,成功街,,,,３４３號,293636.251,2618910.154,花蓮縣光復鄉大平村成功街３４３號
10015,1001507,大平村,10,成功街,,,,３４３號,293636.251,2618910.154,花蓮縣光復鄉大平村成功街３４３號
10015,1001507,大平村,11,成功街,,,,３４５號,293631.744,2618909.777,花蓮縣光復鄉大平村成功街３４５號
10015,1001507,大平村,11,成功街,,,,３４７號,293627.236,2618909.401,花蓮縣光復鄉大平村成功街３４７號
10015,1001507,大平村,11,成功街,,,,３４９號,293622.728,2618909.024,花蓮縣光復鄉大平村成功街３４９號
10015,1001507,大平村,11,成功街,,,,３５１號,293618.22,2618908.648,花蓮縣光復鄉大平村成功街３５１號
10015,1001507,大平村,11,成功街,,,,３５３號,293613.712,2618908.271,花蓮縣光復鄉大平村成功街３５３號
10015,1001507,大平村,11,成功街,,,,３５５號,293604.261,2618907.784,花蓮縣光復鄉大平村成功街３５５號
10015,1001507,大平村,13,敦厚路,,,,１８４號,293669.022,2618669.861,花蓮縣光復鄉大平村敦厚路１８４號
10015,1001507,大平村,14,敦厚路,,,,１８５號,293646.683,2618675.125,花蓮縣光復鄉大平村敦厚路１８５號
10015,1001507,大平村,13,敦厚路,,,,１８６之２號,293679.527,2618695.278,花蓮縣光復鄉大平村敦厚路１８６之２號
10015,1001507,大平村,13,敦厚路,,,,１８６號,293672.562,2618676.362,花蓮縣光復鄉大平村敦厚路１８６號
10015,1001507,大平村,14,敦厚路,,,,１８７號,293650.394,2618682.426,花蓮縣光復鄉大平村敦厚路１８７號
10015,1001507,大平村,13,敦厚路,,,,１８８之３號,293684.236,2618704.409,花蓮縣光復鄉大平村敦厚路１８８之３號
10015,1001507,大平村,13,敦厚路,,,,１８８之５號,293687.72,2618710.184,花蓮縣光復鄉大平村敦厚路１８８之５號
10015,1001507,大平村,13,敦厚路,,,,１８８之１號,293681.39,2618698.4,花蓮縣光復鄉大平村敦厚路１８８之１號
10015,1001507,大平村,13,敦厚路,,,,１８８之６號,293689.175,2618713.194,花蓮縣光復鄉大平村敦厚路１８８之６號
10015,1001507,大平村,13,敦厚路,,,,１８８之２號,293682.459,2618701.382,花蓮縣光復鄉大平村敦厚路１８８之２號
10015,1001507,大平村,14,敦厚路,,,,１８９號,293654.688,2618687,花蓮縣光復鄉大平村敦厚路１８９號
10015,1001507,大平村,14,敦厚路,,,,１９１號,293658.846,2618712.603,花蓮縣光復鄉大平村敦厚路１９１號
10015,1001507,大平村,13,敦厚路,,,,１９２號,293697.54,2618716.062,花蓮縣光復鄉大平村敦厚路１９２號
10015,1001507,大平村,14,敦厚路,,,,１９５號,293672.019,2618725.005,花蓮縣光復鄉大平村敦厚路１９５號
10015,1001507,大平村,13,敦厚路,,,,１９６號,293713.428,2618751.573,花蓮縣光復鄉大平村敦厚路１９６號
10015,1001507,大平村,14,敦厚路,,,,１９７號,293676.828,2618739.736,花蓮縣光復鄉大平村敦厚路１９７號
10015,1001507,大平村,13,敦厚路,,,,１９８號,293717.738,2618761.423,花蓮縣光復鄉大平村敦厚路１９８號
10015,1001507,大平村,13,敦厚路,,,,２００號,293720.327,2618767.467,花蓮縣光復鄉大平村敦厚路２００號
10015,1001507,大平村,14,敦厚路,,,,２０１號,293691.994,2618756.049,花蓮縣光復鄉大平村敦厚路２０１號
10015,1001507,大平村,13,敦厚路,,,,２０２號,293724.063,2618774.399,花蓮縣光復鄉大平村敦厚路２０２號
10015,1001507,大平村,13,敦厚路,,,,２０４號,293726.084,2618778.885,花蓮縣光復鄉大平村敦厚路２０４號
10015,1001507,大平村,14,敦厚路,,,,２２７號,293699.949,2618777.954,花蓮縣光復鄉大平村敦厚路２２７號
10015,1001507,大平村,11,敦厚路,,,,２３１號,293723.412,2618825.576,花蓮縣光復鄉大平村敦厚路２３１號
10015,1001507,大平村,11,敦厚路,,,,２３５號,293728.292,2618833.651,花蓮縣光復鄉大平村敦厚路２３５號
10015,1001507,大平村,11,敦厚路,,,,２３７號,293734.937,2618850.298,花蓮縣光復鄉大平村敦厚路２３７號
10015,1001507,大平村,8,敦厚路,,,,２３８號,293769.571,2618852.07,花蓮縣光復鄉大平村敦厚路２３８號
10015,1001507,大平村,11,敦厚路,,,,２４１號,293740.445,2618864.67,花蓮縣光復鄉大平村敦厚路２４１號
10015,1001507,大平村,8,敦厚路,,,,２４２號,293783.232,2618856.257,花蓮縣光復鄉大平村敦厚路２４２號
10015,1001507,大平村,11,敦厚路,,,,２４３號,293742.417,2618869.891,花蓮縣光復鄉大平村敦厚路２４３號
10015,1001507,大平村,11,敦厚路,,,,２４３之１號,293743.476,2618875.58,花蓮縣光復鄉大平村敦厚路２４３之１號
10015,1001507,大平村,8,敦厚路,,,,２４４號,293763.622,2618874.829,花蓮縣光復鄉大平村敦厚路２４４號
10015,1001507,大平村,11,敦厚路,,,,２４５號,293747.275,2618880.601,花蓮縣光復鄉大平村敦厚路２４５號
10015,1001507,大平村,8,敦厚路,,,,２４６號,293771.436,2618882.635,花蓮縣光復鄉大平村敦厚路２４６號
10015,1001507,大平村,11,敦厚路,,,,２４７號,293749.638,2618887.327,花蓮縣光復鄉大平村敦厚路２４７號
10015,1001507,大平村,8,敦厚路,,,,２５２號一樓,293779.54,2618914.09,花蓮縣光復鄉大平村敦厚路２５２號一樓
10015,1001507,大平村,8,敦厚路,,,,２５２號二樓,293780.33,2618914.09,花蓮縣光復鄉大平村敦厚路２５２號二樓
10015,1001507,大平村,8,敦厚路,,,,２５２號三樓,293780.33,2618913.96,花蓮縣光復鄉大平村敦厚路２５２號三樓
10015,1001507,大平村,5,武昌街,,,,１號,294310.197,2618555.371,花蓮縣光復鄉大平村武昌街１號
10015,1001507,大平村,5,武昌街,,,,３號,294273.247,2618568.861,花蓮縣光復鄉大平村武昌街３號
10015,1001507,大平村,5,武昌街,,,,５號,294270.405,2618552.768,花蓮縣光復鄉大平村武昌街５號
10015,1001507,大平村,5,武昌街,,,,９號,294259.29,2618573.55,花蓮縣光復鄉大平村武昌街９號
10015,1001507,大平村,5,武昌街,,,,１１號,294254.536,2618575.014,花蓮縣光復鄉大平村武昌街１１號
10015,1001507,大平村,5,武昌街,,,,１５號,294246.957,2618577.935,花蓮縣光復鄉大平村武昌街１５號
10015,1001507,大平村,5,武昌街,,,,１７號,294241.272,2618580.695,花蓮縣光復鄉大平村武昌街１７號
10015,1001507,大平村,5,武昌街,,,,１９號,294223.744,2618586.138,花蓮縣光復鄉大平村武昌街１９號
10015,1001507,大平村,4,武昌街,,,,３０號,294211.514,2618619.961,花蓮縣光復鄉大平村武昌街３０號
10015,1001507,大平村,6,武昌街,,,,４１號,294085.847,2618606.43,花蓮縣光復鄉大平村武昌街４１號
10015,1001507,大平村,4,武昌街,,,,４２號,294123.294,2618662.167,花蓮縣光復鄉大平村武昌街４２號
10015,1001507,大平村,4,武昌街,,,,５２號,294131.779,2618679.124,花蓮縣光復鄉大平村武昌街５２號
10015,1001507,大平村,4,武昌街,,５６巷,,１號,294161.881,2618706.225,花蓮縣光復鄉大平村武昌街５６巷１號
10015,1001507,大平村,4,武昌街,,５６巷,,２號,294166.914,2618750.141,花蓮縣光復鄉大平村武昌街５６巷２號
10015,1001507,大平村,4,武昌街,,５６巷,,３號,294159.197,2618715.277,花蓮縣光復鄉大平村武昌街５６巷３號
10015,1001507,大平村,4,武昌街,,５６巷,,６號,294107.865,2618739.414,花蓮縣光復鄉大平村武昌街５６巷６號
10015,1001507,大平村,7,武昌街,,,,６６號,294074.151,2618715.098,花蓮縣光復鄉大平村武昌街６６號
10015,1001507,大平村,7,武昌街,,,,６８號,294065.144,2618684.755,花蓮縣光復鄉大平村武昌街６８號
10015,1001507,大平村,7,武昌街,,,,７０號,294048.958,2618690.754,花蓮縣光復鄉大平村武昌街７０號
10015,1001507,大平村,7,武昌街,,,,７２號,294039.075,2618691.33,花蓮縣光復鄉大平村武昌街７２號
10015,1001507,大平村,7,武昌街,,７４巷,,１號,294035.229,2618712.1,花蓮縣光復鄉大平村武昌街７４巷１號
10015,1001507,大平村,7,武昌街,,７４巷,１弄,２號,294080.382,2618769.465,花蓮縣光復鄉大平村武昌街７４巷１弄２號
10015,1001507,大平村,7,武昌街,,７４巷,１弄,３號,294030.991,2618764.742,花蓮縣光復鄉大平村武昌街７４巷１弄３號
10015,1001507,大平村,7,武昌街,,７４巷,１弄,４號,294079.357,2618764.959,花蓮縣光復鄉大平村武昌街７４巷１弄４號
10015,1001507,大平村,7,武昌街,,７４巷,１弄,５號,294035.189,2618762.791,花蓮縣光復鄉大平村武昌街７４巷１弄５號
10015,1001507,大平村,7,武昌街,,７４巷,１弄,６號,294078.332,2618760.453,花蓮縣光復鄉大平村武昌街７４巷１弄６號
10015,1001507,大平村,7,武昌街,,７４巷,１弄,７號,294039.386,2618760.84,花蓮縣光復鄉大平村武昌街７４巷１弄７號
10015,1001507,大平村,7,武昌街,,７４巷,１弄,８號,294077.308,2618755.947,花蓮縣光復鄉大平村武昌街７４巷１弄８號
10015,1001507,大平村,7,武昌街,,７４巷,１弄,９號,294043.584,2618758.889,花蓮縣光復鄉大平村武昌街７４巷１弄９號
10015,1001507,大平村,7,武昌街,,７４巷,１弄,１１號,294063.578,2618773.986,花蓮縣光復鄉大平村武昌街７４巷１弄１１號
10015,1001507,大平村,7,武昌街,,７４巷,１弄,１２號,294075.258,2618746.935,花蓮縣光復鄉大平村武昌街７４巷１弄１２號
10015,1001507,大平村,7,武昌街,,７４巷,１弄,１３號,294062.397,2618769.5,花蓮縣光復鄉大平村武昌街７４巷１弄１３號
10015,1001507,大平村,7,武昌街,,７４巷,１弄,１６號,294062.59,2618733.47,花蓮縣光復鄉大平村武昌街７４巷１弄１６號
10015,1001507,大平村,7,武昌街,,７４巷,１弄,１９號,294058.852,2618756.043,花蓮縣光復鄉大平村武昌街７４巷１弄１９號
10015,1001507,大平村,7,武昌街,,７４巷,,３號,294037.108,2618716.26,花蓮縣光復鄉大平村武昌街７４巷３號
10015,1001507,大平村,7,武昌街,,７４巷,,５號,294038.987,2618720.42,花蓮縣光復鄉大平村武昌街７４巷５號
10015,1001507,大平村,7,武昌街,,７４巷,,７號,294040.866,2618724.58,花蓮縣光復鄉大平村武昌街７４巷７號
10015,1001507,大平村,7,武昌街,,７４巷,,９號,294042.745,2618728.74,花蓮縣光復鄉大平村武昌街７４巷９號
10015,1001507,大平村,7,武昌街,,７４巷,,１１號,294044.624,2618732.901,花蓮縣光復鄉大平村武昌街７４巷１１號
10015,1001507,大平村,7,武昌街,,７４巷,,１３號,294046.503,2618737.061,花蓮縣光復鄉大平村武昌街７４巷１３號
10015,1001507,大平村,7,武昌街,,７４巷,,１５號,294048.383,2618741.221,花蓮縣光復鄉大平村武昌街７４巷１５號
10015,1001507,大平村,7,武昌街,,７４巷,,１５之１號,294028,2618746.84,花蓮縣光復鄉大平村武昌街７４巷１５之１號
10015,1001507,大平村,7,武昌街,,,,７４號,294034.145,2618693.467,花蓮縣光復鄉大平村武昌街７４號
10015,1001507,大平村,7,武昌街,,,,７６號,294029.406,2618695.73,花蓮縣光復鄉大平村武昌街７６號
10015,1001507,大平村,7,武昌街,,,,７８號,294024.475,2618697.676,花蓮縣光復鄉大平村武昌街７８號
10015,1001507,大平村,6,武昌街,,８３巷,,１號,293971.687,2618703.95,花蓮縣光復鄉大平村武昌街８３巷１號
10015,1001507,大平村,6,武昌街,,８３巷,,２號,293953.92,2618679.187,花蓮縣光復鄉大平村武昌街８３巷２號
10015,1001507,大平村,3,武昌街,,８３巷,,２號,293953.92,2618679.187,花蓮縣光復鄉大平村武昌街８３巷２號
10015,1001507,大平村,6,武昌街,,８５巷,,１號,293958.626,2618708.352,花蓮縣光復鄉大平村武昌街８５巷１號
10015,1001507,大平村,6,武昌街,,８５巷,,２號,293937.995,2618681.486,花蓮縣光復鄉大平村武昌街８５巷２號
10015,1001507,大平村,6,武昌街,,,,８７號,293932.872,2618713.75,花蓮縣光復鄉大平村武昌街８７號
10015,1001507,大平村,7,武昌街,,,,８８號,293978.915,2618737.719,花蓮縣光復鄉大平村武昌街８８號
10015,1001507,大平村,6,武昌街,,,,９３號,293907.084,2618723.344,花蓮縣光復鄉大平村武昌街９３號
10015,1001507,大平村,6,武昌街,,,,９５號,293897.64,2618725.703,花蓮縣光復鄉大平村武昌街９５號
10015,1001507,大平村,7,武昌街,,,,９６號,293934.872,2618744.304,花蓮縣光復鄉大平村武昌街９６號
10015,1001507,大平村,7,武昌街,,,,９６之１號,293919.29,2618757.67,花蓮縣光復鄉大平村武昌街９６之１號
10015,1001507,大平村,6,武昌街,,,,９７號,293848.503,2618744.688,花蓮縣光復鄉大平村武昌街９７號
10015,1001507,大平村,6,武昌街,,,,９９號,293843.545,2618728.41,花蓮縣光復鄉大平村武昌街９９號
10015,1001507,大平村,7,武昌街,,,,１００號,293895.13,2618750.64,花蓮縣光復鄉大平村武昌街１００號
10015,1001507,大平村,6,武昌街,,,,１０１號,293837.605,2618754.053,花蓮縣光復鄉大平村武昌街１０１號
10015,1001507,大平村,6,武昌街,,,,１０３號,293831.91,2618755.669,花蓮縣光復鄉大平村武昌街１０３號
10015,1001507,大平村,8,武昌街,,,,１０４號,293838.284,2618771.331,花蓮縣光復鄉大平村武昌街１０４號
10015,1001507,大平村,6,武昌街,,,,１０５號,293826.129,2618757.238,花蓮縣光復鄉大平村武昌街１０５號
10015,1001507,大平村,8,武昌街,,,,１０６號,293827.007,2618775.072,花蓮縣光復鄉大平村武昌街１０６號
10015,1001507,大平村,6,武昌街,,,,１０７號,293819.611,2618759.316,花蓮縣光復鄉大平村武昌街１０７號
10015,1001507,大平村,8,武昌街,,,,１０８號,293819.85,2618776.704,花蓮縣光復鄉大平村武昌街１０８號
10015,1001507,大平村,6,武昌街,,,,１０９號,293796.328,2618740.354,花蓮縣光復鄉大平村武昌街１０９號
10015,1001507,大平村,6,武昌街,,,,１１１號,293807.247,2618762.507,花蓮縣光復鄉大平村武昌街１１１號
10015,1001507,大平村,6,武昌街,,,,１１３號,293801.36,2618764.789,花蓮縣光復鄉大平村武昌街１１３號
10015,1001507,大平村,6,武昌街,,,,１１５號,293795.724,2618767.07,花蓮縣光復鄉大平村武昌街１１５號
10015,1001507,大平村,6,武昌街,,,,１１７號,293789.962,2618769.227,花蓮縣光復鄉大平村武昌街１１７號
10015,1001507,大平村,6,武昌街,,,,１１９號,293780.522,2618767.738,花蓮縣光復鄉大平村武昌街１１９號
10015,1001507,大平村,6,武昌街,,,,１２１號,293775.755,2618769.346,花蓮縣光復鄉大平村武昌街１２１號
10015,1001507,大平村,6,武昌街,,,,１２３號,293770.988,2618770.954,花蓮縣光復鄉大平村武昌街１２３號
10015,1001507,大平村,8,武昌街,,,,１２４號,293775.351,2618793.151,花蓮縣光復鄉大平村武昌街１２４號
10015,1001507,大平村,13,武昌街,,,,１２５號,293730.419,2618787.68,花蓮縣光復鄉大平村武昌街１２５號
10015,1001507,大平村,8,武昌街,,,,１２６號,293764.673,2618796.382,花蓮縣光復鄉大平村武昌街１２６號
10015,1001507,大平村,13,武昌街,,,,１２７號,293728.504,2618783.807,花蓮縣光復鄉大平村武昌街１２７號
10015,1001507,大平村,8,武昌街,,,,１２８號,293750.627,2618801.447,花蓮縣光復鄉大平村武昌街１２８號
10015,1001507,大平村,8,武昌街,,,,１３０號,293739.46,2618806.318,花蓮縣光復鄉大平村武昌街１３０號
10015,1001507,大平村,12,武昌街,,,,１３１號,293700.622,2618798.235,花蓮縣光復鄉大平村武昌街１３１號
10015,1001507,大平村,11,武昌街,,,,１３２號,293721.618,2618810.809,花蓮縣光復鄉大平村武昌街１３２號
10015,1001507,大平村,12,武昌街,,,,１３３號,293689.815,2618801.855,花蓮縣光復鄉大平村武昌街１３３號
10015,1001507,大平村,12,武昌街,,,,１３３之１號,293683.1,2618803.93,花蓮縣光復鄉大平村武昌街１３３之１號
10015,1001507,大平村,11,武昌街,,,,１３４號,293714.562,2618812.847,花蓮縣光復鄉大平村武昌街１３４號
10015,1001507,大平村,12,武昌街,,,,１３５號,293676.544,2618805.655,花蓮縣光復鄉大平村武昌街１３５號
10015,1001507,大平村,11,武昌街,,,,１３６號,293708.462,2618823.215,花蓮縣光復鄉大平村武昌街１３６號
10015,1001507,大平村,3,武昌街,,,,１３８號,293695.931,2618830.673,花蓮縣光復鄉大平村武昌街１３８號
10015,1001507,大平村,11,武昌街,,,,１３８號,293695.931,2618830.673,花蓮縣光復鄉大平村武昌街１３８號
10015,1001507,大平村,11,武昌街,,,,１４０號,293685.875,2618826.802,花蓮縣光復鄉大平村武昌街１４０號
10015,1001507,大平村,11,武昌街,,,,１４２號,293678.731,2618827.993,花蓮縣光復鄉大平村武昌街１４２號
10015,1001507,大平村,15,武昌街,,１４３巷,,３號,293624.327,2618769.814,花蓮縣光復鄉大平村武昌街１４３巷３號
10015,1001507,大平村,15,武昌街,,１４３巷,,４號,293639.319,2618773.863,花蓮縣光復鄉大平村武昌街１４３巷４號
10015,1001507,大平村,14,武昌街,,１４３巷,,５號,293659.174,2618770.219,花蓮縣光復鄉大平村武昌街１４３巷５號
10015,1001507,大平村,14,武昌街,,１４３巷,,６號,293672.545,2618767.385,花蓮縣光復鄉大平村武昌街１４３巷６號
10015,1001507,大平村,14,武昌街,,１４３巷,,７號,293650.993,2618757.91,花蓮縣光復鄉大平村武昌街１４３巷７號
10015,1001507,大平村,14,武昌街,,１４３巷,,８號,293644.486,2618747.449,花蓮縣光復鄉大平村武昌街１４３巷８號
10015,1001507,大平村,14,武昌街,,１４３巷,,９號,293656.313,2618721.968,花蓮縣光復鄉大平村武昌街１４３巷９號
10015,1001507,大平村,15,武昌街,,１４３巷,,１０號,293627.309,2618740.96,花蓮縣光復鄉大平村武昌街１４３巷１０號
10015,1001507,大平村,15,武昌街,,１４３巷,,１１號,293619.835,2618722.474,花蓮縣光復鄉大平村武昌街１４３巷１１號
10015,1001507,大平村,15,武昌街,,１４３巷,,１２號,293613.235,2618709.187,花蓮縣光復鄉大平村武昌街１４３巷１２號
10015,1001507,大平村,13,武昌街,,１４３巷,,１３之１號,293622.474,2618705.134,花蓮縣光復鄉大平村武昌街１４３巷１３之１號
10015,1001507,大平村,15,武昌街,,１４３巷,,１３號,293624.842,2618689.267,花蓮縣光復鄉大平村武昌街１４３巷１３號
10015,1001507,大平村,15,武昌街,,１４３巷,,１６號,293594.262,2618712.498,花蓮縣光復鄉大平村武昌街１４３巷１６號
10015,1001507,大平村,12,武昌街,,,,１４３號,293635.745,2618816.462,花蓮縣光復鄉大平村武昌街１４３號
10015,1001507,大平村,12,武昌街,,,,１４５號,293594.512,2618783.651,花蓮縣光復鄉大平村武昌街１４５號
10015,1001507,大平村,11,武昌街,,,,１４６號,293659.49,2618829.707,花蓮縣光復鄉大平村武昌街１４６號
10015,1001507,大平村,11,武昌街,,,,１４８號,293633.604,2618860.843,花蓮縣光復鄉大平村武昌街１４８號
10015,1001507,大平村,11,武昌街,,,,１５０號,293646.514,2618832.747,花蓮縣光復鄉大平村武昌街１５０號
10015,1001507,大平村,12,武昌街,,１５１巷,,１號,293579.526,2618811.242,花蓮縣光復鄉大平村武昌街１５１巷１號
10015,1001507,大平村,12,武昌街,,１５１巷,,２號,293575.551,2618796.278,花蓮縣光復鄉大平村武昌街１５１巷２號
10015,1001507,大平村,15,武昌街,,１５１巷,,６號,293621.412,2618797.561,花蓮縣光復鄉大平村武昌街１５１巷６號
10015,1001507,大平村,12,武昌街,,１５１巷,,６號,293621.412,2618797.561,花蓮縣光復鄉大平村武昌街１５１巷６號
10015,1001507,大平村,12,武昌街,,１５１巷,,８號,293618.487,2618792.839,花蓮縣光復鄉大平村武昌街１５１巷８號
10015,1001507,大平村,15,武昌街,,１５１巷,,８號,293618.487,2618792.839,花蓮縣光復鄉大平村武昌街１５１巷８號
10015,1001507,大平村,12,武昌街,,１５１巷,,１０號,293614.783,2618785.298,花蓮縣光復鄉大平村武昌街１５１巷１０號
10015,1001507,大平村,11,武昌街,,,,１５２號,293635.346,2618835.961,花蓮縣光復鄉大平村武昌街１５２號
10015,1001507,大平村,11,武昌街,,,,１５４號,293624.886,2618838.702,花蓮縣光復鄉大平村武昌街１５４號
10015,1001507,大平村,11,武昌街,,,,１５８號,293600.955,2618854.795,花蓮縣光復鄉大平村武昌街１５８號
10015,1001507,大平村,11,武昌街,,,,１６０號,293580.243,2618850.04,花蓮縣光復鄉大平村武昌街１６０號
10015,1001507,大平村,6,自強路,,,,１０１號,293945.728,2618647.199,花蓮縣光復鄉大平村自強路１０１號
10015,1001507,大平村,6,自強路,,,,１１５號,293915.79,2618544.47,花蓮縣光復鄉大平村自強路１１５號
10015,1001507,大平村,6,自強路,,,,１６８號,293970.881,2618596.29,花蓮縣光復鄉大平村自強路１６８號
10015,1001507,大平村,6,自強路,,,,１７６號,293984.65,2618674.89,花蓮縣光復鄉大平村自強路１７６號
10015,1001507,大興村,1,中山路一段,,,,６１號,291214.732,2613805.478,花蓮縣光復鄉大興村中山路一段６１號
10015,1001507,大興村,1,中山路一段,,,,６５號,291199.414,2613803.692,花蓮縣光復鄉大興村中山路一段６５號
10015,1001507,大興村,1,中山路一段,,,,７１號,291223.71,2613835.987,花蓮縣光復鄉大興村中山路一段７１號
10015,1001507,大興村,1,中山路一段,,,,７３之１號,291238.79,2613868.121,花蓮縣光復鄉大興村中山路一段７３之１號
10015,1001507,大興村,1,中山路一段,,,,７３號,291238.181,2613865.79,花蓮縣光復鄉大興村中山路一段７３號
10015,1001507,大興村,1,中山路一段,,,,７５之２號,291279.25,2613939,花蓮縣光復鄉大興村中山路一段７５之２號
10015,1001507,大興村,1,中山路一段,,,,７５號,291268.451,2613916.655,花蓮縣光復鄉大興村中山路一段７５號
10015,1001507,大興村,10,民族街,,,,２之１號,291374.332,2615020.711,花蓮縣光復鄉大興村民族街２之１號
10015,1001507,大興村,10,民族街,,,,２之２號,291351.049,2614992.665,花蓮縣光復鄉大興村民族街２之２號
10015,1001507,大興村,10,民族街,,,,２號,291308.98,2614981.155,花蓮縣光復鄉大興村民族街２號
10015,1001507,大興村,10,民族街,,,,５號,290943.049,2615058.129,花蓮縣光復鄉大興村民族街５號
10015,1001507,大興村,10,民族街,,,,６號,291245.556,2615079.653,花蓮縣光復鄉大興村民族街６號
10015,1001507,大興村,10,民族街,,,,７號,290931.911,2615070.147,花蓮縣光復鄉大興村民族街７號
10015,1001507,大興村,10,民族街,,,,８號,291001.687,2615047.264,花蓮縣光復鄉大興村民族街８號
10015,1001507,大興村,10,民族街,,,,９之５號,290785.673,2614991.323,花蓮縣光復鄉大興村民族街９之５號
10015,1001507,大興村,10,民族街,,,,９號,290832.769,2615008.389,花蓮縣光復鄉大興村民族街９號
10015,1001507,大興村,10,民族街,,,,１０號,290960.603,2615073.699,花蓮縣光復鄉大興村民族街１０號
10015,1001507,大興村,10,民族街,,１６巷,,１之１號,290999.59,2615359.35,花蓮縣光復鄉大興村民族街１６巷１之１號
10015,1001507,大興村,10,民族街,,１６巷,,１號,291030.67,2615355.79,花蓮縣光復鄉大興村民族街１６巷１號
10015,1001507,大興村,10,民族街,,１６巷,,２號,290996.805,2615333.698,花蓮縣光復鄉大興村民族街１６巷２號
10015,1001507,大興村,9,民族街,,,,１７號,290513.337,2615169.842,花蓮縣光復鄉大興村民族街１７號
10015,1001507,大興村,10,民族街,,,,１８號,290959.665,2615177.728,花蓮縣光復鄉大興村民族街１８號
10015,1001507,大興村,9,民族街,,,,１９號,290459.403,2615159.83,花蓮縣光復鄉大興村民族街１９號
10015,1001507,大興村,10,民族街,,,,２０號,290783.096,2615146.493,花蓮縣光復鄉大興村民族街２０號
10015,1001507,大興村,9,民族街,,,,２１號,290074.091,2615207.613,花蓮縣光復鄉大興村民族街２１號
10015,1001507,大興村,10,民族街,,,,２２號,290689.132,2615092.753,花蓮縣光復鄉大興村民族街２２號
10015,1001507,大興村,9,民族街,,,,２３號,290058.713,2615080.005,花蓮縣光復鄉大興村民族街２３號
10015,1001507,大興村,9,民族街,,,,２３之１號,290015.838,2615143.117,花蓮縣光復鄉大興村民族街２３之１號
10015,1001507,大興村,9,民族街,,,,２３之２號,290100.59,2615098.586,花蓮縣光復鄉大興村民族街２３之２號
10015,1001507,大興村,9,民族街,,,,２４之１號,290484.647,2615196.156,花蓮縣光復鄉大興村民族街２４之１號
10015,1001507,大興村,10,民族街,,,,２４之１號,290484.647,2615196.156,花蓮縣光復鄉大興村民族街２４之１號
10015,1001507,大興村,9,民族街,,,,２４號,290586.606,2615200.901,花蓮縣光復鄉大興村民族街２４號
10015,1001507,大興村,9,民族街,,,,２５號,290050.675,2615292.465,花蓮縣光復鄉大興村民族街２５號
10015,1001507,大興村,9,民族街,,２６巷,,３之１號,290430.226,2615366.134,花蓮縣光復鄉大興村民族街２６巷３之１號
10015,1001507,大興村,9,民族街,,２６巷,,３號,290421.201,2615364.174,花蓮縣光復鄉大興村民族街２６巷３號
10015,1001507,大興村,9,民族街,,２６巷,,４號,290482.805,2615350.843,花蓮縣光復鄉大興村民族街２６巷４號
10015,1001507,大興村,9,民族街,,２６巷,,５號,290383.16,2615426.4,花蓮縣光復鄉大興村民族街２６巷５號
10015,1001507,大興村,9,民族街,,２６巷,,６號,290271.318,2615605.388,花蓮縣光復鄉大興村民族街２６巷６號
10015,1001507,大興村,9,民族街,,２６巷,,７號,290344.46,2615534.12,花蓮縣光復鄉大興村民族街２６巷７號
10015,1001507,大興村,9,民族街,,,,２７號,289838.638,2615191.733,花蓮縣光復鄉大興村民族街２７號
10015,1001507,大興村,9,民族街,,,,２９號,289542.532,2615279.456,花蓮縣光復鄉大興村民族街２９號
10015,1001507,大興村,9,民族街,,,,３１號,289956.34,2615195.813,花蓮縣光復鄉大興村民族街３１號
10015,1001507,大興村,9,民族街,,,,３２號,290421.29,2615203.025,花蓮縣光復鄉大興村民族街３２號
10015,1001507,大興村,9,民族街,,,,３６號,290380.326,2615210.055,花蓮縣光復鄉大興村民族街３６號
10015,1001507,大興村,9,民族街,,,,３８號,290325.874,2615214.796,花蓮縣光復鄉大興村民族街３８號
10015,1001507,大興村,9,民族街,,,,４０之１號,290279.54,2615222.642,花蓮縣光復鄉大興村民族街４０之１號
10015,1001507,大興村,9,民族街,,,,４０號,290309.382,2615218.327,花蓮縣光復鄉大興村民族街４０號
10015,1001507,大興村,9,民族街,,,,４２號,290203.784,2615422.667,花蓮縣光復鄉大興村民族街４２號
10015,1001507,大興村,9,民族街,,,,４２之１號,290225.734,2615397.8,花蓮縣光復鄉大興村民族街４２之１號
10015,1001507,大興村,9,民族街,,,,４６號,290189.756,2615408.552,花蓮縣光復鄉大興村民族街４６號
10015,1001507,大興村,9,民族街,,,,４８號,290033.809,2615343.105,花蓮縣光復鄉大興村民族街４８號
10015,1001507,大興村,9,民族街,,,,４８之１號,290077.76,2615339.676,花蓮縣光復鄉大興村民族街４８之１號
10015,1001507,大興村,9,民族街,,,,５０號,289873.723,2615273.646,花蓮縣光復鄉大興村民族街５０號
10015,1001507,大興村,9,民族街,,,,５０之１號,289884.9,2615319.771,花蓮縣光復鄉大興村民族街５０之１號
10015,1001507,大興村,2,民權街,,１巷,,１號,291007.18,2614309.989,花蓮縣光復鄉大興村民權街１巷１號
10015,1001507,大興村,2,民權街,,１巷,,２號,290970.167,2614306.456,花蓮縣光復鄉大興村民權街１巷２號
10015,1001507,大興村,2,民權街,,１巷,,３號,290951.962,2614272.102,花蓮縣光復鄉大興村民權街１巷３號
10015,1001507,大興村,2,民權街,,１巷,,５之１號,290931.672,2614273.709,花蓮縣光復鄉大興村民權街１巷５之１號
10015,1001507,大興村,2,民權街,,１巷,,５號,290923.906,2614273.484,花蓮縣光復鄉大興村民權街１巷５號
10015,1001507,大興村,2,民權街,,１巷,,６號,290918.082,2614253.627,花蓮縣光復鄉大興村民權街１巷６號
10015,1001507,大興村,2,民權街,,１巷,,９號,290901.102,2614322.873,花蓮縣光復鄉大興村民權街１巷９號
10015,1001507,大興村,2,民權街,,,,２號,291073.01,2614353.489,花蓮縣光復鄉大興村民權街２號
10015,1001507,大興村,2,民權街,,,,４號,291105.416,2614399.211,花蓮縣光復鄉大興村民權街４號
10015,1001507,大興村,2,民權街,,,,６號,291062.205,2614364.825,花蓮縣光復鄉大興村民權街６號
10015,1001507,大興村,2,民權街,,,,８號,291083.014,2614404.92,花蓮縣光復鄉大興村民權街８號
10015,1001507,大興村,2,民權街,,,,９號,290899.443,2614328.135,花蓮縣光復鄉大興村民權街９號
10015,1001507,大興村,2,民權街,,,,１０號,290740.07,2614369.483,花蓮縣光復鄉大興村民權街１０號
10015,1001507,大興村,2,民權街,,,,１２之１號,290680.316,2614379.635,花蓮縣光復鄉大興村民權街１２之１號
10015,1001507,大興村,2,民權街,,,,１２號,290695.952,2614376.402,花蓮縣光復鄉大興村民權街１２號
10015,1001507,大興村,2,民權街,,,,１４號,290671.238,2614380.455,花蓮縣光復鄉大興村民權街１４號
10015,1001507,大興村,2,民權街,,,,１５號,290693.857,2614353.908,花蓮縣光復鄉大興村民權街１５號
10015,1001507,大興村,2,民權街,,,,１６號,290664.682,2614384.652,花蓮縣光復鄉大興村民權街１６號
10015,1001507,大興村,2,民權街,,,,１７號,290623.603,2614362.307,花蓮縣光復鄉大興村民權街１７號
10015,1001507,大興村,3,民權街,,,,１７號,290623.603,2614362.307,花蓮縣光復鄉大興村民權街１７號
10015,1001507,大興村,2,民權街,,,,１８之２０號,290730.458,2614428.982,花蓮縣光復鄉大興村民權街１８之２０號
10015,1001507,大興村,2,民權街,,,,１８之３２號,291206.04,2614659.55,花蓮縣光復鄉大興村民權街１８之３２號
10015,1001507,大興村,2,民權街,,,,１８之１０號,290816.71,2614504.65,花蓮縣光復鄉大興村民權街１８之１０號
10015,1001507,大興村,2,民權街,,,,１８之３０號,291057.35,2614672.39,花蓮縣光復鄉大興村民權街１８之３０號
10015,1001507,大興村,2,民權街,,,,１８號,290645.527,2614390.485,花蓮縣光復鄉大興村民權街１８號
10015,1001507,大興村,3,民權街,,１９巷,,１之１號,290536.516,2614322.766,花蓮縣光復鄉大興村民權街１９巷１之１號
10015,1001507,大興村,3,民權街,,１９巷,,１號,290558.503,2614326.212,花蓮縣光復鄉大興村民權街１９巷１號
10015,1001507,大興村,3,民權街,,１９巷,,３之１號,290496.536,2614299.422,花蓮縣光復鄉大興村民權街１９巷３之１號
10015,1001507,大興村,3,民權街,,１９巷,,３號,290518.157,2614306.059,花蓮縣光復鄉大興村民權街１９巷３號
10015,1001507,大興村,3,民權街,,１９巷,,５號,290472.683,2614288.196,花蓮縣光復鄉大興村民權街１９巷５號
10015,1001507,大興村,3,民權街,,１９巷,,７號,290574.01,2614299.34,花蓮縣光復鄉大興村民權街１９巷７號
10015,1001507,大興村,2,民權街,,,,２０之７號,290758.51,2614497.44,花蓮縣光復鄉大興村民權街２０之７號
10015,1001507,大興村,2,民權街,,,,２０之９號,290681.43,2614524.67,花蓮縣光復鄉大興村民權街２０之９號
10015,1001507,大興村,2,民權街,,,,２０號,290630.458,2614414.234,花蓮縣光復鄉大興村民權街２０號
10015,1001507,大興村,2,民權街,,,,２０之５號,290669.16,2614436.59,花蓮縣光復鄉大興村民權街２０之５號
10015,1001507,大興村,2,民權街,,,,２０之６號,290716.79,2614459.87,花蓮縣光復鄉大興村民權街２０之６號
10015,1001507,大興村,3,民權街,,,,２１號,290575.098,2614397.126,花蓮縣光復鄉大興村民權街２１號
10015,1001507,大興村,2,民權街,,,,２２號,290579.545,2614430.748,花蓮縣光復鄉大興村民權街２２號
10015,1001507,大興村,3,民權街,,,,２３號,290486.655,2614385.177,花蓮縣光復鄉大興村民權街２３號
10015,1001507,大興村,3,民權街,,,,２５號,290402.095,2614374.053,花蓮縣光復鄉大興村民權街２５號
10015,1001507,大興村,2,民權街,,,,２６號,290538.828,2614451.031,花蓮縣光復鄉大興村民權街２６號
10015,1001507,大興村,3,民權街,,,,２７之２號,290407.989,2614466.393,花蓮縣光復鄉大興村民權街２７之２號
10015,1001507,大興村,3,民權街,,,,２７之１號,290382.429,2614395.345,花蓮縣光復鄉大興村民權街２７之１號
10015,1001507,大興村,3,民權街,,,,２７號,290377.694,2614411.183,花蓮縣光復鄉大興村民權街２７號
10015,1001507,大興村,3,民權街,,,,２９號,290375.619,2614421.534,花蓮縣光復鄉大興村民權街２９號
10015,1001507,大興村,2,民權街,,,,３０號,290533.907,2614454.084,花蓮縣光復鄉大興村民權街３０號
10015,1001507,大興村,4,民權街,,,,３１號,290317.287,2614488.629,花蓮縣光復鄉大興村民權街３１號
10015,1001507,大興村,2,民權街,,,,３２號,290528.325,2614457.69,花蓮縣光復鄉大興村民權街３２號
10015,1001507,大興村,2,民權街,,,,３２之５號,290515.894,2614468.006,花蓮縣光復鄉大興村民權街３２之５號
10015,1001507,大興村,4,民權街,,,,３３號,290304.286,2614501.479,花蓮縣光復鄉大興村民權街３３號
10015,1001507,大興村,4,民權街,,,,３５號,290296.281,2614504.662,花蓮縣光復鄉大興村民權街３５號
10015,1001507,大興村,2,民權街,,,,３６號,290508.025,2614476.69,花蓮縣光復鄉大興村民權街３６號
10015,1001507,大興村,2,民權街,,,,３６之１號,290495,2614493.76,花蓮縣光復鄉大興村民權街３６之１號
10015,1001507,大興村,5,民權街,,,,３７之１號,290184.98,2614556.6,花蓮縣光復鄉大興村民權街３７之１號
10015,1001507,大興村,4,民權街,,,,３７號,290221.76,2614528.69,花蓮縣光復鄉大興村民權街３７號
10015,1001507,大興村,4,民權街,,,,３７之２號,290206.41,2614543.84,花蓮縣光復鄉大興村民權街３７之２號
10015,1001507,大興村,2,民權街,,,,３８號,290479.518,2614483.084,花蓮縣光復鄉大興村民權街３８號
10015,1001507,大興村,5,民權街,,,,３９號,290137.096,2614591.929,花蓮縣光復鄉大興村民權街３９號
10015,1001507,大興村,2,民權街,,,,４０號,290469.032,2614487.72,花蓮縣光復鄉大興村民權街４０號
10015,1001507,大興村,2,民權街,,,,４０之１號,290459.562,2614490.91,花蓮縣光復鄉大興村民權街４０之１號
10015,1001507,大興村,2,民權街,,,,４０之２號,290447.798,2614495.994,花蓮縣光復鄉大興村民權街４０之２號
10015,1001507,大興村,5,民權街,,,,４１號,290095.722,2614591.833,花蓮縣光復鄉大興村民權街４１號
10015,1001507,大興村,4,民權街,,,,４２號,290409.386,2614491.338,花蓮縣光復鄉大興村民權街４２號
10015,1001507,大興村,5,民權街,,,,４３號,290068.251,2614660.161,花蓮縣光復鄉大興村民權街４３號
10015,1001507,大興村,5,民權街,,,,４５之１號,290048.523,2614691.234,花蓮縣光復鄉大興村民權街４５之１號
10015,1001507,大興村,5,民權街,,,,４５號,290060.765,2614678.985,花蓮縣光復鄉大興村民權街４５號
10015,1001507,大興村,4,民權街,,,,４６號,290392.772,2614491.503,花蓮縣光復鄉大興村民權街４６號
10015,1001507,大興村,5,民權街,,,,４７號,290024.928,2614715.467,花蓮縣光復鄉大興村民權街４７號
10015,1001507,大興村,5,民權街,,,,４７之１號,290040.969,2614701.229,花蓮縣光復鄉大興村民權街４７之１號
10015,1001507,大興村,4,民權街,,,,４８號,290374.094,2614497.559,花蓮縣光復鄉大興村民權街４８號
10015,1001507,大興村,7,民權街,,４９巷,,１號,289812.572,2614510.342,花蓮縣光復鄉大興村民權街４９巷１號
10015,1001507,大興村,7,民權街,,４９巷,,２之１號,289933.899,2614474.877,花蓮縣光復鄉大興村民權街４９巷２之１號
10015,1001507,大興村,7,民權街,,４９巷,,２號,289931.253,2614481.095,花蓮縣光復鄉大興村民權街４９巷２號
10015,1001507,大興村,7,民權街,,４９巷,,３號,289934.57,2614486.34,花蓮縣光復鄉大興村民權街４９巷３號
10015,1001507,大興村,7,民權街,,４９巷,,５號,289867.537,2614547.192,花蓮縣光復鄉大興村民權街４９巷５號
10015,1001507,大興村,7,民權街,,４９巷,,６號,289922.335,2614673.296,花蓮縣光復鄉大興村民權街４９巷６號
10015,1001507,大興村,7,民權街,,４９巷,,８之１號,289896.28,2614643.07,花蓮縣光復鄉大興村民權街４９巷８之１號
10015,1001507,大興村,7,民權街,,４９巷,,８號,289907.585,2614656.771,花蓮縣光復鄉大興村民權街４９巷８號
10015,1001507,大興村,7,民權街,,４９巷,,１０號,289829.39,2614685.06,花蓮縣光復鄉大興村民權街４９巷１０號
10015,1001507,大興村,7,民權街,,,,４９號,289997.037,2614688.598,花蓮縣光復鄉大興村民權街４９號
10015,1001507,大興村,4,民權街,,,,５０號,290358.33,2614501.692,花蓮縣光復鄉大興村民權街５０號
10015,1001507,大興村,7,民權街,,,,５１之２０號,289615.63,2614736.04,花蓮縣光復鄉大興村民權街５１之２０號
10015,1001507,大興村,7,民權街,,,,５１之１號,289991.084,2614746.145,花蓮縣光復鄉大興村民權街５１之１號
10015,1001507,大興村,7,民權街,,,,５１號,289815.811,2614780.091,花蓮縣光復鄉大興村民權街５１號
10015,1001507,大興村,4,民權街,,,,５２號,290352.052,2614501.507,花蓮縣光復鄉大興村民權街５２號
10015,1001507,大興村,7,民權街,,,,５３號,289627.162,2614974.264,花蓮縣光復鄉大興村民權街５３號
10015,1001507,大興村,4,民權街,,,,５４號,290336.04,2614508.156,花蓮縣光復鄉大興村民權街５４號
10015,1001507,大興村,7,民權街,,,,５７號,289548.382,2614999.118,花蓮縣光復鄉大興村民權街５７號
10015,1001507,大興村,4,民權街,,,,５８之１號,290329.507,2614543.723,花蓮縣光復鄉大興村民權街５８之１號
10015,1001507,大興村,4,民權街,,,,５８號,290355.587,2614562.363,花蓮縣光復鄉大興村民權街５８號
10015,1001507,大興村,4,民權街,,,,５８之２號,290403.47,2614590.8,花蓮縣光復鄉大興村民權街５８之２號
10015,1001507,大興村,4,民權街,,,,６０號,290299.135,2614528.002,花蓮縣光復鄉大興村民權街６０號
10015,1001507,大興村,7,民權街,,,,６１號,289311.417,2614956.8,花蓮縣光復鄉大興村民權街６１號
10015,1001507,大興村,5,民權街,,,,６２之１號,290135.44,2614616.046,花蓮縣光復鄉大興村民權街６２之１號
10015,1001507,大興村,5,民權街,,,,６２號,290139.076,2614612.441,花蓮縣光復鄉大興村民權街６２號
10015,1001507,大興村,8,民權街,,,,６５號,289341.79,2615039.252,花蓮縣光復鄉大興村民權街６５號
10015,1001507,大興村,5,民權街,,,,６６號,290128.03,2614625.252,花蓮縣光復鄉大興村民權街６６號
10015,1001507,大興村,5,民權街,,,,６６之１號,290121.448,2614630.461,花蓮縣光復鄉大興村民權街６６之１號
10015,1001507,大興村,8,民權街,,,,６７號,289274.982,2615020.621,花蓮縣光復鄉大興村民權街６７號
10015,1001507,大興村,5,民權街,,,,６８號,290116.244,2614635.824,花蓮縣光復鄉大興村民權街６８號
10015,1001507,大興村,5,民權街,,７０巷,,１號,290119.354,2614672.403,花蓮縣光復鄉大興村民權街７０巷１號
10015,1001507,大興村,5,民權街,,７０巷,,３號,290109.05,2614692.303,花蓮縣光復鄉大興村民權街７０巷３號
10015,1001507,大興村,5,民權街,,７０巷,,６號,290131.933,2614656.716,花蓮縣光復鄉大興村民權街７０巷６號
10015,1001507,大興村,5,民權街,,７０巷,,８號,290150.534,2614677.959,花蓮縣光復鄉大興村民權街７０巷８號
10015,1001507,大興村,5,民權街,,７０巷,,１０之１號,289975.595,2614803.102,花蓮縣光復鄉大興村民權街７０巷１０之１號
10015,1001507,大興村,5,民權街,,７０巷,,１０號,290172.92,2614698.11,花蓮縣光復鄉大興村民權街７０巷１０號
10015,1001507,大興村,5,民權街,,７０巷,,１２號,290166.019,2614684.552,花蓮縣光復鄉大興村民權街７０巷１２號
10015,1001507,大興村,8,民權街,,,,７１號,288568.12,2615225.165,花蓮縣光復鄉大興村民權街７１號
10015,1001507,大興村,5,民權街,,,,７２號,290108.35,2614644.146,花蓮縣光復鄉大興村民權街７２號
10015,1001507,大興村,5,民權街,,,,７８號,290099.32,2614650.7,花蓮縣光復鄉大興村民權街７８號
10015,1001507,大興村,5,民權街,,,,８０號,290092.138,2614655.368,花蓮縣光復鄉大興村民權街８０號
10015,1001507,大興村,5,民權街,,,,８２號,290087.062,2614677.461,花蓮縣光復鄉大興村民權街８２號
10015,1001507,大興村,5,民權街,,,,８４號,290082.467,2614686.766,花蓮縣光復鄉大興村民權街８４號
10015,1001507,大興村,5,民權街,,,,８８號,290023.586,2614740.304,花蓮縣光復鄉大興村民權街８８號
10015,1001507,大興村,6,民權街,,９０巷,,１號,290021.603,2614777.633,花蓮縣光復鄉大興村民權街９０巷１號
10015,1001507,大興村,5,民權街,,９０巷,,２號,290032.143,2614760.562,花蓮縣光復鄉大興村民權街９０巷２號
10015,1001507,大興村,6,民權街,,９０巷,,３號,290031.319,2614784.606,花蓮縣光復鄉大興村民權街９０巷３號
10015,1001507,大興村,6,民權街,,９０巷,,５號,290006.645,2614790.423,花蓮縣光復鄉大興村民權街９０巷５號
10015,1001507,大興村,5,民權街,,９０巷,,６之１號,290067.031,2614816,花蓮縣光復鄉大興村民權街９０巷６之１號
10015,1001507,大興村,5,民權街,,９０巷,,６號,290056.985,2614807.362,花蓮縣光復鄉大興村民權街９０巷６號
10015,1001507,大興村,6,民權街,,９０巷,,７之１號,290011.888,2614815.495,花蓮縣光復鄉大興村民權街９０巷７之１號
10015,1001507,大興村,6,民權街,,９０巷,,７號,290006.596,2614806.366,花蓮縣光復鄉大興村民權街９０巷７號
10015,1001507,大興村,5,民權街,,９０巷,,８號,290052.615,2614738.43,花蓮縣光復鄉大興村民權街９０巷８號
10015,1001507,大興村,6,民權街,,９０巷,,９號,289976.147,2614818.996,花蓮縣光復鄉大興村民權街９０巷９號
10015,1001507,大興村,5,民權街,,９０巷,,１０號,290059.077,2614757.482,花蓮縣光復鄉大興村民權街９０巷１０號
10015,1001507,大興村,5,民權街,,９０巷,,１２號,290060.962,2614769.799,花蓮縣光復鄉大興村民權街９０巷１２號
10015,1001507,大興村,5,民權街,,９０巷,,１６號,290079.614,2614777.754,花蓮縣光復鄉大興村民權街９０巷１６號
10015,1001507,大興村,6,民權街,,,,９２號,290005.795,2614757.056,花蓮縣光復鄉大興村民權街９２號
10015,1001507,大興村,6,民權街,,,,９６之１號,289976.952,2614788.347,花蓮縣光復鄉大興村民權街９６之１號
10015,1001507,大興村,6,民權街,,,,９６號,289992.162,2614772.851,花蓮縣光復鄉大興村民權街９６號
10015,1001507,大興村,6,民權街,,,,９８號,289960.826,2614807.737,花蓮縣光復鄉大興村民權街９８號
10015,1001507,大興村,6,民權街,,,,１００號,289936.846,2614807.136,花蓮縣光復鄉大興村民權街１００號
10015,1001507,大興村,6,民權街,,,,１００之１號,289878.14,2614864.835,花蓮縣光復鄉大興村民權街１００之１號
10015,1001507,大興村,6,民權街,,,,１０６之１號,289901.487,2614850.352,花蓮縣光復鄉大興村民權街１０６之１號
10015,1001507,大興村,7,民權街,,,,１０６號,289893.473,2614880.259,花蓮縣光復鄉大興村民權街１０６號
10015,1001507,大興村,7,民權街,,,,１０９號,288752.06,2615301.54,花蓮縣光復鄉大興村民權街１０９號
10015,1001507,大興村,4,民生街,,,,１之６號,290116.561,2613918.952,花蓮縣光復鄉大興村民生街１之６號
10015,1001507,大興村,4,民生街,,,,１之１號,289641.041,2613871.726,花蓮縣光復鄉大興村民生街１之１號
10015,1001507,大興村,4,民生街,,,,１號,290123.97,2613647.68,花蓮縣光復鄉大興村民生街１號
10015,1001507,大興村,4,民生街,,,,１之１２號,290411.729,2614064.162,花蓮縣光復鄉大興村民生街１之１２號
10015,1001507,大興村,4,民生街,,,,１之３號,290152.27,2613808.68,花蓮縣光復鄉大興村民生街１之３號
10015,1001507,大興村,4,民生街,,,,１之２號,290521.36,2614087.41,花蓮縣光復鄉大興村民生街１之２號
10015,1001507,大興村,4,民生街,,,,１之５號,290127.277,2613874.502,花蓮縣光復鄉大興村民生街１之５號
10015,1001507,大興村,3,民生街,,,,２號,290540.26,2614124.769,花蓮縣光復鄉大興村民生街２號
10015,1001507,大興村,3,民生街,,,,２之１號,290550.826,2614160.367,花蓮縣光復鄉大興村民生街２之１號
10015,1001507,大興村,4,民生街,,,,３號,290488.993,2614155.674,花蓮縣光復鄉大興村民生街３號
10015,1001507,大興村,4,民生街,,,,５號,290505.938,2614147.515,花蓮縣光復鄉大興村民生街５號
10015,1001507,大興村,3,民生街,,,,６號,290493.812,2614221.551,花蓮縣光復鄉大興村民生街６號
10015,1001507,大興村,4,民生街,,,,７號,290503.84,2614128.82,花蓮縣光復鄉大興村民生街７號
10015,1001507,大興村,3,民生街,,,,８號,290518.855,2614221.749,花蓮縣光復鄉大興村民生街８號
10015,1001507,大興村,4,民生街,,,,９號,290483.619,2614153.267,花蓮縣光復鄉大興村民生街９號
10015,1001507,大興村,3,民生街,,,,１０號,290488.565,2614227.896,花蓮縣光復鄉大興村民生街１０號
10015,1001507,大興村,4,民生街,,,,１１號,290489.33,2614200.743,花蓮縣光復鄉大興村民生街１１號
10015,1001507,大興村,4,民生街,,,,１３號,290465.079,2614222.078,花蓮縣光復鄉大興村民生街１３號
10015,1001507,大興村,4,民生街,,,,１５號,290452.162,2614240.252,花蓮縣光復鄉大興村民生街１５號
10015,1001507,大興村,3,民生街,,,,１６之１號,290524.77,2614240.15,花蓮縣光復鄉大興村民生街１６之１號
10015,1001507,大興村,3,民生街,,,,１６號,290498.489,2614243.724,花蓮縣光復鄉大興村民生街１６號
10015,1001507,大興村,3,民生街,,,,１８號,290482.496,2614239.099,花蓮縣光復鄉大興村民生街１８號
10015,1001507,大興村,4,民生街,,,,１９號,290432.604,2614265.472,花蓮縣光復鄉大興村民生街１９號
10015,1001507,大興村,4,民生街,,２１巷,,１號,290406.306,2614234.036,花蓮縣光復鄉大興村民生街２１巷１號
10015,1001507,大興村,4,民生街,,２１巷,,２號,290414.057,2614276.184,花蓮縣光復鄉大興村民生街２１巷２號
10015,1001507,大興村,4,民生街,,２１巷,,４號,290402.2,2614273.716,花蓮縣光復鄉大興村民生街２１巷４號
10015,1001507,大興村,4,民生街,,２１巷,,７號,290303.622,2614191.743,花蓮縣光復鄉大興村民生街２１巷７號
10015,1001507,大興村,4,民生街,,２１巷,,８號,290329.28,2614238.97,花蓮縣光復鄉大興村民生街２１巷８號
10015,1001507,大興村,4,民生街,,２１巷,,１６號,290213.274,2614164.284,花蓮縣光復鄉大興村民生街２１巷１６號
10015,1001507,大興村,4,民生街,,２１巷,,１８號,290208.793,2614166.994,花蓮縣光復鄉大興村民生街２１巷１８號
10015,1001507,大興村,4,民生街,,２１巷,,２０號,290204.312,2614169.705,花蓮縣光復鄉大興村民生街２１巷２０號
10015,1001507,大興村,4,民生街,,２１巷,,２２號,290199.831,2614172.416,花蓮縣光復鄉大興村民生街２１巷２２號
10015,1001507,大興村,4,民生街,,２１巷,,３３號,289956.25,2613726.661,花蓮縣光復鄉大興村民生街２１巷３３號
10015,1001507,大興村,4,民生街,,２１巷,,５０號,289712.173,2613554.072,花蓮縣光復鄉大興村民生街２１巷５０號
10015,1001507,大興村,4,民生街,,２１巷,,５０之１號,289768.26,2614004.78,花蓮縣光復鄉大興村民生街２１巷５０之１號
10015,1001507,大興村,4,民生街,,２１巷,,６５號,289569.298,2612897.574,花蓮縣光復鄉大興村民生街２１巷６５號
10015,1001507,大興村,4,民生街,,２１巷,,７９號,289555.13,2613789.787,花蓮縣光復鄉大興村民生街２１巷７９號
10015,1001507,大興村,4,民生街,,２１巷,,８０號,289582.556,2613775.397,花蓮縣光復鄉大興村民生街２１巷８０號
10015,1001507,大興村,3,民生街,,,,２２號,290467.715,2614249.207,花蓮縣光復鄉大興村民生街２２號
10015,1001507,大興村,4,民生街,,,,２３號,290328.741,2614393.266,花蓮縣光復鄉大興村民生街２３號
10015,1001507,大興村,3,民生街,,,,２６號,290461.605,2614260.514,花蓮縣光復鄉大興村民生街２６號
10015,1001507,大興村,4,民生街,,,,２７號,290291.748,2614462.86,花蓮縣光復鄉大興村民生街２７號
10015,1001507,大興村,4,民生街,,,,２９號,290317.326,2614472.21,花蓮縣光復鄉大興村民生街２９號
10015,1001507,大華村,11,中山路二段,,,,２２３號,293208.71,2618090.539,花蓮縣光復鄉大華村中山路二段２２３號
10015,1001507,大華村,10,中山路二段,,,,２２５號,293211.962,2618099.844,花蓮縣光復鄉大華村中山路二段２２５號
10015,1001507,大華村,10,中山路二段,,,,２２７號,293213.697,2618103.909,花蓮縣光復鄉大華村中山路二段２２７號
10015,1001507,大華村,10,中山路二段,,,,２２９號,293215.432,2618107.973,花蓮縣光復鄉大華村中山路二段２２９號
10015,1001507,大華村,10,中山路二段,,,,２３１號,293217.167,2618112.038,花蓮縣光復鄉大華村中山路二段２３１號
10015,1001507,大華村,10,中山路二段,,,,２３５號,293220.638,2618120.166,花蓮縣光復鄉大華村中山路二段２３５號
10015,1001507,大華村,10,中山路二段,,,,２３７號,293222.373,2618124.231,花蓮縣光復鄉大華村中山路二段２３７號
10015,1001507,大華村,10,中山路二段,,,,２４７號,293231.912,2618142.631,花蓮縣光復鄉大華村中山路二段２４７號
10015,1001507,大華村,10,中山路二段,,,,２４９號,293233.693,2618146.426,花蓮縣光復鄉大華村中山路二段２４９號
10015,1001507,大華村,10,中山路二段,,,,２５１號,293235.475,2618151.138,花蓮縣光復鄉大華村中山路二段２５１號
10015,1001507,大華村,10,中山路二段,,,,２５３號,293237.256,2618154.934,花蓮縣光復鄉大華村中山路二段２５３號
10015,1001507,大華村,10,中山路二段,,,,２５５號,293239.038,2618158.729,花蓮縣光復鄉大華村中山路二段２５５號
10015,1001507,大華村,3,中山路二段,,,,２５６號,293225.67,2618086.979,花蓮縣光復鄉大華村中山路二段２５６號
10015,1001507,大華村,10,中山路二段,,,,２５７號,293240.819,2618162.525,花蓮縣光復鄉大華村中山路二段２５７號
10015,1001507,大華村,10,中山路二段,,,,２５９號,293242.139,2618166.734,花蓮縣光復鄉大華村中山路二段２５９號
10015,1001507,大華村,3,中山路二段,,,,２６０號,293229.604,2618097.041,花蓮縣光復鄉大華村中山路二段２６０號
10015,1001507,大華村,10,中山路二段,,,,２６１號,293243.994,2618171.477,花蓮縣光復鄉大華村中山路二段２６１號
10015,1001507,大華村,3,中山路二段,,,,２６２號,293231.315,2618100.755,花蓮縣光復鄉大華村中山路二段２６２號
10015,1001507,大華村,10,中山路二段,,,,２６３號,293245.849,2618176.22,花蓮縣光復鄉大華村中山路二段２６３號
10015,1001507,大華村,3,中山路二段,,,,２６４號,293232.917,2618104.699,花蓮縣光復鄉大華村中山路二段２６４號
10015,1001507,大華村,10,中山路二段,,,,２６５號,293247.703,2618180.963,花蓮縣光復鄉大華村中山路二段２６５號
10015,1001507,大華村,3,中山路二段,,,,２６６號,293235.041,2618108.634,花蓮縣光復鄉大華村中山路二段２６６號
10015,1001507,大華村,3,中山路二段,,,,２６６之１號,293236.785,2618112.076,花蓮縣光復鄉大華村中山路二段２６６之１號
10015,1001507,大華村,10,中山路二段,,,,２６７號,293249.558,2618185.706,花蓮縣光復鄉大華村中山路二段２６７號
10015,1001507,大華村,8,中山路二段,,,,２６７號,293249.558,2618185.706,花蓮縣光復鄉大華村中山路二段２６７號
10015,1001507,大華村,9,中山路二段,,２６９巷,,１號,293196.637,2618206.448,花蓮縣光復鄉大華村中山路二段２６９巷１號
10015,1001507,大華村,9,中山路二段,,２６９巷,,２號,293198.122,2618210.405,花蓮縣光復鄉大華村中山路二段２６９巷２號
10015,1001507,大華村,9,中山路二段,,２６９巷,,３號,293199.607,2618214.363,花蓮縣光復鄉大華村中山路二段２６９巷３號
10015,1001507,大華村,9,中山路二段,,２６９巷,,５號,293201.256,2618219.172,花蓮縣光復鄉大華村中山路二段２６９巷５號
10015,1001507,大華村,9,中山路二段,,２６９巷,,６號,293203.03,2618223.253,花蓮縣光復鄉大華村中山路二段２６９巷６號
10015,1001507,大華村,9,中山路二段,,２６９巷,,７號,293204.804,2618227.334,花蓮縣光復鄉大華村中山路二段２６９巷７號
10015,1001507,大華村,9,中山路二段,,２６９巷,,８號,293207.141,2618231.104,花蓮縣光復鄉大華村中山路二段２６９巷８號
10015,1001507,大華村,9,中山路二段,,２６９巷,,９之１號,293213.664,2618242.704,花蓮縣光復鄉大華村中山路二段２６９巷９之１號
10015,1001507,大華村,9,中山路二段,,２６９巷,,９號,293210.074,2618234.666,花蓮縣光復鄉大華村中山路二段２６９巷９號
10015,1001507,大華村,9,中山路二段,,２６９巷,,１０號,293206.592,2618182.446,花蓮縣光復鄉大華村中山路二段２６９巷１０號
10015,1001507,大華村,9,中山路二段,,２６９巷,,１１號,293204.677,2618178.678,花蓮縣光復鄉大華村中山路二段２６９巷１１號
10015,1001507,大華村,9,中山路二段,,２６９巷,,１２號,293202.762,2618174.91,花蓮縣光復鄉大華村中山路二段２６９巷１２號
10015,1001507,大華村,9,中山路二段,,２６９巷,,１４號,293198.932,2618167.375,花蓮縣光復鄉大華村中山路二段２６９巷１４號
10015,1001507,大華村,9,中山路二段,,２６９巷,,１５號,293197.017,2618163.607,花蓮縣光復鄉大華村中山路二段２６９巷１５號
10015,1001507,大華村,9,中山路二段,,,,２６９號,293254.389,2618197.943,花蓮縣光復鄉大華村中山路二段２６９號
10015,1001507,大華村,3,中山路二段,,２７０巷,,１０號,293263.22,2618097.06,花蓮縣光復鄉大華村中山路二段２７０巷１０號
10015,1001507,大華村,3,中山路二段,,２７０巷,,１４號,293270.762,2618094.118,花蓮縣光復鄉大華村中山路二段２７０巷１４號
10015,1001507,大華村,3,中山路二段,,２７０巷,,１６號,293276.75,2618097.307,花蓮縣光復鄉大華村中山路二段２７０巷１６號
10015,1001507,大華村,3,中山路二段,,２７０巷,,２０號,293284.451,2618094.162,花蓮縣光復鄉大華村中山路二段２７０巷２０號
10015,1001507,大華村,3,中山路二段,,２７０巷,,２２號,293288.302,2618092.589,花蓮縣光復鄉大華村中山路二段２７０巷２２號
10015,1001507,大華村,3,中山路二段,,２７０巷,,２４號,293292.153,2618091.016,花蓮縣光復鄉大華村中山路二段２７０巷２４號
10015,1001507,大華村,3,中山路二段,,２７０巷,,２６號,293296.003,2618089.444,花蓮縣光復鄉大華村中山路二段２７０巷２６號
10015,1001507,大華村,3,中山路二段,,２７０巷,,２８號,293299.854,2618087.871,花蓮縣光復鄉大華村中山路二段２７０巷２８號
10015,1001507,大華村,3,中山路二段,,,,２７０號,293238.32,2618117.44,花蓮縣光復鄉大華村中山路二段２７０號
10015,1001507,大華村,9,中山路二段,,,,２７１號,293257.009,2618203.939,花蓮縣光復鄉大華村中山路二段２７１號
10015,1001507,大華村,3,中山路二段,,,,２７２號,293239.908,2618121.808,花蓮縣光復鄉大華村中山路二段２７２號
10015,1001507,大華村,9,中山路二段,,,,２７３號,293259.629,2618209.935,花蓮縣光復鄉大華村中山路二段２７３號
10015,1001507,大華村,3,中山路二段,,,,２７４號,293242.27,2618126.905,花蓮縣光復鄉大華村中山路二段２７４號
10015,1001507,大華村,9,中山路二段,,,,２７５號,293262.248,2618215.931,花蓮縣光復鄉大華村中山路二段２７５號
10015,1001507,大華村,3,中山路二段,,,,２７６號,293244.631,2618132.002,花蓮縣光復鄉大華村中山路二段２７６號
10015,1001507,大華村,9,中山路二段,,,,２７７號,293264.868,2618221.927,花蓮縣光復鄉大華村中山路二段２７７號
10015,1001507,大華村,3,中山路二段,,,,２７８號,293246.705,2618136.859,花蓮縣光復鄉大華村中山路二段２７８號
10015,1001507,大華村,3,中山路二段,,,,２８０號,293248.529,2618141.166,花蓮縣光復鄉大華村中山路二段２８０號
10015,1001507,大華村,9,中山路二段,,,,２８１號,293267.488,2618227.922,花蓮縣光復鄉大華村中山路二段２８１號
10015,1001507,大華村,3,中山路二段,,,,２８２號,293250.353,2618145.474,花蓮縣光復鄉大華村中山路二段２８２號
10015,1001507,大華村,9,中山路二段,,,,２８３號,293270.107,2618233.918,花蓮縣光復鄉大華村中山路二段２８３號
10015,1001507,大華村,3,中山路二段,,２８４巷,,２號,293271.642,2618137.459,花蓮縣光復鄉大華村中山路二段２８４巷２號
10015,1001507,大華村,3,中山路二段,,２８４巷,,３號,293265.13,2618150.9,花蓮縣光復鄉大華村中山路二段２８４巷３號
10015,1001507,大華村,3,中山路二段,,２８４巷,,４號,293276.828,2618135.189,花蓮縣光復鄉大華村中山路二段２８４巷４號
10015,1001507,大華村,3,中山路二段,,２８４巷,,５號,293275.404,2618147.322,花蓮縣光復鄉大華村中山路二段２８４巷５號
10015,1001507,大華村,3,中山路二段,,２８４巷,,７號,293280.098,2618145.038,花蓮縣光復鄉大華村中山路二段２８４巷７號
10015,1001507,大華村,3,中山路二段,,２８４巷,,９號,293283.481,2618155.798,花蓮縣光復鄉大華村中山路二段２８４巷９號
10015,1001507,大華村,3,中山路二段,,２８４巷,,１１號,293285.304,2618160.269,花蓮縣光復鄉大華村中山路二段２８４巷１１號
10015,1001507,大華村,3,中山路二段,,２８４巷,,１３號,293287.127,2618164.74,花蓮縣光復鄉大華村中山路二段２８４巷１３號
10015,1001507,大華村,9,中山路二段,,,,２８５號,293273.453,2618239.078,花蓮縣光復鄉大華村中山路二段２８５號
10015,1001507,大華村,3,中山路二段,,,,２８６號,293255.482,2618155.558,花蓮縣光復鄉大華村中山路二段２８６號
10015,1001507,大華村,9,中山路二段,,,,２８７號,293275.646,2618243.514,花蓮縣光復鄉大華村中山路二段２８７號
10015,1001507,大華村,3,中山路二段,,,,２８８號,293257.724,2618160.391,花蓮縣光復鄉大華村中山路二段２８８號
10015,1001507,大華村,9,中山路二段,,,,２８９號,293277.84,2618247.95,花蓮縣光復鄉大華村中山路二段２８９號
10015,1001507,大華村,3,中山路二段,,,,２９０號,293259.965,2618165.223,花蓮縣光復鄉大華村中山路二段２９０號
10015,1001507,大華村,9,中山路二段,,,,２９１號,293279.243,2618251.983,花蓮縣光復鄉大華村中山路二段２９１號
10015,1001507,大華村,3,中山路二段,,,,２９２號,293262.206,2618170.056,花蓮縣光復鄉大華村中山路二段２９２號
10015,1001507,大華村,9,中山路二段,,,,２９３號,293281.183,2618256.054,花蓮縣光復鄉大華村中山路二段２９３號
10015,1001507,大華村,3,中山路二段,,,,２９４號,293264.448,2618174.888,花蓮縣光復鄉大華村中山路二段２９４號
10015,1001507,大華村,9,中山路二段,,,,２９５號,293285.306,2618263.96,花蓮縣光復鄉大華村中山路二段２９５號
10015,1001507,大華村,9,中山路二段,,,,２９７之１號,293253.509,2618271.561,花蓮縣光復鄉大華村中山路二段２９７之１號
10015,1001507,大華村,9,中山路二段,,,,２９９之１號,293288.25,2618276,花蓮縣光復鄉大華村中山路二段２９９之１號
10015,1001507,大華村,9,中山路二段,,,,２９９之２號,293292.844,2618286,花蓮縣光復鄉大華村中山路二段２９９之２號
10015,1001507,大華村,9,中山路二段,,,,２９９號,293287.745,2618269.485,花蓮縣光復鄉大華村中山路二段２９９號
10015,1001507,大華村,8,中山路二段,,,,３０１號,293295.031,2618294.75,花蓮縣光復鄉大華村中山路二段３０１號
10015,1001507,大華村,4,中山路二段,,,,３０２號,293270.957,2618190.414,花蓮縣光復鄉大華村中山路二段３０２號
10015,1001507,大華村,8,中山路二段,,,,３０３號,293297.75,2618300.25,花蓮縣光復鄉大華村中山路二段３０３號
10015,1001507,大華村,8,中山路二段,,,,３０５號,293300.063,2618303.5,花蓮縣光復鄉大華村中山路二段３０５號
10015,1001507,大華村,4,中山路二段,,,,３０６號,293273.979,2618198.122,花蓮縣光復鄉大華村中山路二段３０６號
10015,1001507,大華村,8,中山路二段,,,,３０７號,293303.406,2618308.25,花蓮縣光復鄉大華村中山路二段３０７號
10015,1001507,大華村,4,中山路二段,,,,３０８號,293275.49,2618201.977,花蓮縣光復鄉大華村中山路二段３０８號
10015,1001507,大華村,8,中山路二段,,,,３０９號,293305.5,2618314,花蓮縣光復鄉大華村中山路二段３０９號
10015,1001507,大華村,4,中山路二段,,,,３１０號,293277.002,2618205.831,花蓮縣光復鄉大華村中山路二段３１０號
10015,1001507,大華村,8,中山路二段,,,,３１１號,293308.375,2618319.5,花蓮縣光復鄉大華村中山路二段３１１號
10015,1001507,大華村,4,中山路二段,,,,３１２號,293280.063,2618210.25,花蓮縣光復鄉大華村中山路二段３１２號
10015,1001507,大華村,8,中山路二段,,,,３１３之１號,293313.813,2618332,花蓮縣光復鄉大華村中山路二段３１３之１號
10015,1001507,大華村,8,中山路二段,,,,３１３號,293311.031,2618325.75,花蓮縣光復鄉大華村中山路二段３１３號
10015,1001507,大華村,8,中山路二段,,,,３１５號,293309.72,2618348.081,花蓮縣光復鄉大華村中山路二段３１５號
10015,1001507,大華村,4,中山路二段,,,,３１６號,293284.594,2618215,花蓮縣光復鄉大華村中山路二段３１６號
10015,1001507,大華村,4,中山路二段,,,,３１８號,293287.02,2618219.86,花蓮縣光復鄉大華村中山路二段３１８號
10015,1001507,大華村,8,中山路二段,,,,３１９號,293337.318,2618375.05,花蓮縣光復鄉大華村中山路二段３１９號
10015,1001507,大華村,4,中山路二段,,,,３２０號,293287.963,2618226.155,花蓮縣光復鄉大華村中山路二段３２０號
10015,1001507,大華村,8,中山路二段,,,,３２１號,293333.045,2618376.882,花蓮縣光復鄉大華村中山路二段３２１號
10015,1001507,大華村,4,中山路二段,,,,３２２號,293290.24,2618230.913,花蓮縣光復鄉大華村中山路二段３２２號
10015,1001507,大華村,8,中山路二段,,,,３２５號,293339.68,2618386.895,花蓮縣光復鄉大華村中山路二段３２５號
10015,1001507,大華村,8,中山路二段,,,,３２７號,293334.557,2618391.722,花蓮縣光復鄉大華村中山路二段３２７號
10015,1001507,大華村,8,中山路二段,,,,３３９號,293351.14,2618410.037,花蓮縣光復鄉大華村中山路二段３３９號
10015,1001507,大華村,4,中山路二段,,,,３４０號,293331.632,2618299.684,花蓮縣光復鄉大華村中山路二段３４０號
10015,1001507,大華村,8,中山路二段,,,,３４１號,293349.916,2618417.21,花蓮縣光復鄉大華村中山路二段３４１號
10015,1001507,大華村,4,中山路二段,,,,３４４號,293330.754,2618322.502,花蓮縣光復鄉大華村中山路二段３４４號
10015,1001507,大華村,4,中山路二段,,,,３４６號,293333.286,2618327.294,花蓮縣光復鄉大華村中山路二段３４６號
10015,1001507,大華村,8,中山路二段,,,,３４７號,293358.488,2618428.746,花蓮縣光復鄉大華村中山路二段３４７號
10015,1001507,大華村,4,中山路二段,,,,３４８號,293335.568,2618332.253,花蓮縣光復鄉大華村中山路二段３４８號
10015,1001507,大華村,8,中山路二段,,,,３４９號,293357.18,2618442.601,花蓮縣光復鄉大華村中山路二段３４９號
10015,1001507,大華村,4,中山路二段,,,,３５０號,293337.599,2618336.877,花蓮縣光復鄉大華村中山路二段３５０號
10015,1001507,大華村,4,中山路二段,,,,３５２號,293340.047,2618342.003,花蓮縣光復鄉大華村中山路二段３５２號
10015,1001507,大華村,8,中山路二段,,,,３５３號,293371.428,2618462.475,花蓮縣光復鄉大華村中山路二段３５３號
10015,1001507,大華村,4,中山路二段,,,,３５４號,293343.833,2618345.291,花蓮縣光復鄉大華村中山路二段３５４號
10015,1001507,大華村,4,中山路二段,,,,３６０號,293355.847,2618371.722,花蓮縣光復鄉大華村中山路二段３６０號
10015,1001507,大華村,4,中山路二段,,,,３６２號,293357.43,2618375.69,花蓮縣光復鄉大華村中山路二段３６２號
10015,1001507,大華村,4,中山路二段,,,,３６４號,293359.252,2618380.263,花蓮縣光復鄉大華村中山路二段３６４號
10015,1001507,大華村,4,中山路二段,,,,３６８號,293363.151,2618389.017,花蓮縣光復鄉大華村中山路二段３６８號
10015,1001507,大華村,4,中山路二段,,,,３７０號,293365.399,2618394.945,花蓮縣光復鄉大華村中山路二段３７０號
10015,1001507,大華村,4,中山路二段,,,,３７２號,293368.017,2618401.49,花蓮縣光復鄉大華村中山路二段３７２號
10015,1001507,大華村,4,中山路二段,,,,３７４號,293371.519,2618408.338,花蓮縣光復鄉大華村中山路二段３７４號
10015,1001507,大華村,4,中山路二段,,,,３７８號,293376.742,2618420.512,花蓮縣光復鄉大華村中山路二段３７８號
10015,1001507,大華村,4,中山路二段,,,,３８２號,293379.48,2618427.234,花蓮縣光復鄉大華村中山路二段３８２號
10015,1001507,大華村,4,中山路二段,,,,３８４號,293382.786,2618434.769,花蓮縣光復鄉大華村中山路二段３８４號
10015,1001507,大華村,4,中山路二段,,,,３８６號,293386.605,2618443.016,花蓮縣光復鄉大華村中山路二段３８６號
10015,1001507,大華村,13,中正路一段,,,,１號,292984.3,2618168.825,花蓮縣光復鄉大華村中正路一段１號
10015,1001507,大華村,13,中正路一段,,,,３號,292982.444,2618150.292,花蓮縣光復鄉大華村中正路一段３號
10015,1001507,大華村,13,中正路一段,,,,５號,292990.255,2618148.421,花蓮縣光復鄉大華村中正路一段５號
10015,1001507,大華村,13,中正路一段,,,,７號,292998.026,2618147.599,花蓮縣光復鄉大華村中正路一段７號
10015,1001507,大華村,13,中正路一段,,１９巷,,５號,292994.731,2618187.513,花蓮縣光復鄉大華村中正路一段１９巷５號
10015,1001507,大華村,12,中正路一段,,,,２１號,293036.032,2618126.059,花蓮縣光復鄉大華村中正路一段２１號
10015,1001507,大華村,12,中正路一段,,,,２５號,293047.517,2618123.526,花蓮縣光復鄉大華村中正路一段２５號
10015,1001507,大華村,12,中正路一段,,,,２７號,293058.963,2618120.36,花蓮縣光復鄉大華村中正路一段２７號
10015,1001507,大華村,12,中正路一段,,,,３１號,293077.162,2618116.176,花蓮縣光復鄉大華村中正路一段３１號
10015,1001507,大華村,12,中正路一段,,,,３３號,293081.176,2618114.909,花蓮縣光復鄉大華村中正路一段３３號
10015,1001507,大華村,12,中正路一段,,,,３５號,293085.87,2618113.861,花蓮縣光復鄉大華村中正路一段３５號
10015,1001507,大華村,12,中正路一段,,,,４１號,293098.25,2618111,花蓮縣光復鄉大華村中正路一段４１號
10015,1001507,大華村,12,中正路一段,,,,４３號,293102.487,2618110.343,花蓮縣光復鄉大華村中正路一段４３號
10015,1001507,大華村,12,中正路一段,,,,４５號,293106.641,2618109.464,花蓮縣光復鄉大華村中正路一段４５號
10015,1001507,大華村,12,中正路一段,,,,４７號,293110.796,2618108.584,花蓮縣光復鄉大華村中正路一段４７號
10015,1001507,大華村,12,中正路一段,,,,４９號,293114.95,2618107.705,花蓮縣光復鄉大華村中正路一段４９號
10015,1001507,大華村,11,中正路一段,,,,５９號,293139.203,2618102.067,花蓮縣光復鄉大華村中正路一段５９號
10015,1001507,大華村,11,中正路一段,,,,６３號,293145.748,2618098.212,花蓮縣光復鄉大華村中正路一段６３號
10015,1001507,大華村,11,中正路一段,,,,６５號,293150.897,2618096.903,花蓮縣光復鄉大華村中正路一段６５號
10015,1001507,大華村,11,中正路一段,,,,６７號,293154.611,2618095.987,花蓮縣光復鄉大華村中正路一段６７號
10015,1001507,大華村,11,中正路一段,,,,６９號,293157.827,2618095.359,花蓮縣光復鄉大華村中正路一段６９號
10015,1001507,大華村,11,中正路一段,,,,７１號,293161.686,2618094.337,花蓮縣光復鄉大華村中正路一段７１號
10015,1001507,大華村,11,中正路一段,,,,７３號,293166.19,2618092.884,花蓮縣光復鄉大華村中正路一段７３號
10015,1001507,大華村,11,中正路一段,,,,７５號,293170.551,2618091.575,花蓮縣光復鄉大華村中正路一段７５號
10015,1001507,大華村,11,中正路一段,,,,７９號,293180.205,2618088.741,花蓮縣光復鄉大華村中正路一段７９號
10015,1001507,大華村,11,中正路一段,,,,８１號,293185.641,2618087.288,花蓮縣光復鄉大華村中正路一段８１號
10015,1001507,大華村,11,中正路一段,,,,８３號,293190.146,2618086.194,花蓮縣光復鄉大華村中正路一段８３號
10015,1001507,大華村,11,中正路一段,,,,８５號,293194.793,2618084.956,花蓮縣光復鄉大華村中正路一段８５號
10015,1001507,大華村,2,中正路一段,,,,８７號,293203.1,2618082.28,花蓮縣光復鄉大華村中正路一段８７號
10015,1001507,大華村,3,中正路一段,,,,８９號,293221.636,2618077.495,花蓮縣光復鄉大華村中正路一段８９號
10015,1001507,大華村,2,中正路一段,,,,９３號,293231.496,2618074.212,花蓮縣光復鄉大華村中正路一段９３號
10015,1001507,大華村,2,中正路一段,,,,９５號,293236.686,2618072.856,花蓮縣光復鄉大華村中正路一段９５號
10015,1001507,大華村,2,中正路一段,,,,９７號,293241.242,2618071.339,花蓮縣光復鄉大華村中正路一段９７號
10015,1001507,大華村,2,中正路一段,,,,９９號,293245.798,2618069.821,花蓮縣光復鄉大華村中正路一段９９號
10015,1001507,大華村,2,中正路一段,,,,１０１號,293250.355,2618068.304,花蓮縣光復鄉大華村中正路一段１０１號
10015,1001507,大華村,2,中正路一段,,,,１０３號,293254.911,2618066.786,花蓮縣光復鄉大華村中正路一段１０３號
10015,1001507,大華村,2,中正路一段,,,,１０５號,293259.467,2618065.269,花蓮縣光復鄉大華村中正路一段１０５號
10015,1001507,大華村,2,中正路一段,,,,１０７號,293264.022,2618063.751,花蓮縣光復鄉大華村中正路一段１０７號
10015,1001507,大華村,2,中正路一段,,,,１０９號,293268.578,2618062.234,花蓮縣光復鄉大華村中正路一段１０９號
10015,1001507,大華村,2,中正路一段,,,,１１１號,293273.134,2618060.716,花蓮縣光復鄉大華村中正路一段１１１號
10015,1001507,大華村,2,中正路一段,,,,１１３號,293277.169,2618058.78,花蓮縣光復鄉大華村中正路一段１１３號
10015,1001507,大華村,2,中正路一段,,,,１１５號,293280.853,2618057.499,花蓮縣光復鄉大華村中正路一段１１５號
10015,1001507,大華村,2,中正路一段,,,,１１７號,293284.53,2618056.21,花蓮縣光復鄉大華村中正路一段１１７號
10015,1001507,大華村,2,中正路一段,,,,１１９號,293288.22,2618054.939,花蓮縣光復鄉大華村中正路一段１１９號
10015,1001507,大華村,2,中正路一段,,,,１２１號,293291.904,2618053.659,花蓮縣光復鄉大華村中正路一段１２１號
10015,1001507,大華村,2,中正路一段,,,,１２３號,293295.588,2618052.378,花蓮縣光復鄉大華村中正路一段１２３號
10015,1001507,大華村,2,中正路一段,,,,１２５號,293299.271,2618051.098,花蓮縣光復鄉大華村中正路一段１２５號
10015,1001507,大華村,1,中正路一段,,,,１２７號,293327.947,2618052.743,花蓮縣光復鄉大華村中正路一段１２７號
10015,1001507,大華村,1,中正路一段,,,,１２９號（光復鄉戶政事務所）,293352.7,2618040.72,花蓮縣光復鄉大華村中正路一段１２９號（光復鄉戶政事務所）
10015,1001507,大華村,1,中正路一段,,,,１３１號,293364.084,2618035.264,花蓮縣光復鄉大華村中正路一段１３１號
10015,1001507,大華村,1,中正路一段,,,,１３３號,293369.057,2618027.735,花蓮縣光復鄉大華村中正路一段１３３號
10015,1001507,大華村,1,中正路一段,,,,１３５號,293373.525,2618025.861,花蓮縣光復鄉大華村中正路一段１３５號
10015,1001507,大華村,1,中正路一段,,,,１３７號,293378.148,2618024.312,花蓮縣光復鄉大華村中正路一段１３７號
10015,1001507,大華村,1,中正路一段,,,,１３９號,293381.155,2618022.925,花蓮縣光復鄉大華村中正路一段１３９號
10015,1001507,大華村,1,中正路一段,,,,１４１號,293384.892,2618021.373,花蓮縣光復鄉大華村中正路一段１４１號
10015,1001507,大華村,1,中正路一段,,,,１４５號,293392.085,2618018.455,花蓮縣光復鄉大華村中正路一段１４５號
10015,1001507,大華村,13,中興路,,,,４２１之１號,292994.731,2618166.669,花蓮縣光復鄉大華村中興路４２１之１號
10015,1001507,大華村,13,中興路,,,,４２１號,293009.837,2618176.013,花蓮縣光復鄉大華村中興路４２１號
10015,1001507,大華村,14,中興路,,,,４９２號,293091.45,2618227.48,花蓮縣光復鄉大華村中興路４９２號
10015,1001507,大華村,14,中興路,,,,４９３號,293057.548,2618384.076,花蓮縣光復鄉大華村中興路４９３號
10015,1001507,大華村,14,中興路,,,,４９４號,293084.57,2618266.24,花蓮縣光復鄉大華村中興路４９４號
10015,1001507,大華村,14,中興路,,,,４９６號,293080.603,2618294.817,花蓮縣光復鄉大華村中興路４９６號
10015,1001507,大華村,14,中興路,,,,４９８號,293081.968,2618303.138,花蓮縣光復鄉大華村中興路４９８號
10015,1001507,大華村,14,中興路,,,,５００號,293081.821,2618324.616,花蓮縣光復鄉大華村中興路５００號
10015,1001507,大華村,14,中興路,,,,５０１號,293054.506,2618419.653,花蓮縣光復鄉大華村中興路５０１號
10015,1001507,大華村,14,中興路,,,,５０２號,293083.553,2618329.657,花蓮縣光復鄉大華村中興路５０２號
10015,1001507,大華村,14,中興路,,,,５０３號,293053.742,2618433.628,花蓮縣光復鄉大華村中興路５０３號
10015,1001507,大華村,14,中興路,,,,５０３之１號,293080.2,2618423.44,花蓮縣光復鄉大華村中興路５０３之１號
10015,1001507,大華村,14,中興路,,,,５０４號,293086.32,2618334.21,花蓮縣光復鄉大華村中興路５０４號
10015,1001507,大華村,14,中興路,,,,５０６號,293087.017,2618339.738,花蓮縣光復鄉大華村中興路５０６號
10015,1001507,大華村,14,中興路,,,,５０８號,293088.748,2618344.78,花蓮縣光復鄉大華村中興路５０８號
10015,1001507,大華村,14,中興路,,,,５１０號,293090.48,2618349.82,花蓮縣光復鄉大華村中興路５１０號
10015,1001507,大華村,14,中興路,,,,５１１號,293055.522,2618478.856,花蓮縣光復鄉大華村中興路５１１號
10015,1001507,大華村,14,中興路,,,,５１３號,293092.089,2618505.836,花蓮縣光復鄉大華村中興路５１３號
10015,1001507,大華村,14,中興路,,,,５１８號,293103.24,2618379.61,花蓮縣光復鄉大華村中興路５１８號
10015,1001507,大華村,14,中興路,,,,５２６之１號,293105.87,2618415.48,花蓮縣光復鄉大華村中興路５２６之１號
10015,1001507,大華村,14,中興路,,,,５３０號,293175.692,2618560.803,花蓮縣光復鄉大華村中興路５３０號
10015,1001507,大華村,14,中興路,,,,５３８號,293116.021,2618450.706,花蓮縣光復鄉大華村中興路５３８號
10015,1001507,大華村,14,中興路,,,,５４０號,293124.95,2618474.61,花蓮縣光復鄉大華村中興路５４０號
10015,1001507,大華村,14,中興路,,,,５４２號,293144.516,2618475.493,花蓮縣光復鄉大華村中興路５４２號
10015,1001507,大華村,14,中興路,,,,５５０號,293131.842,2618522.152,花蓮縣光復鄉大華村中興路５５０號
10015,1001507,大華村,14,中興路,,,,５５２號,293133.137,2618527.208,花蓮縣光復鄉大華村中興路５５２號
10015,1001507,大華村,14,中興路,,,,５５４號,293134.432,2618532.265,花蓮縣光復鄉大華村中興路５５４號
10015,1001507,大華村,14,中興路,,,,５５６號,293135.727,2618537.322,花蓮縣光復鄉大華村中興路５５６號
10015,1001507,大華村,14,中興路,,,,５５８號,293137.022,2618542.378,花蓮縣光復鄉大華村中興路５５８號
10015,1001507,大華村,14,中興路,,,,５６０號,293138.317,2618547.435,花蓮縣光復鄉大華村中興路５６０號
10015,1001507,大華村,14,中興路,,,,５６２號,293139.611,2618552.491,花蓮縣光復鄉大華村中興路５６２號
10015,1001507,大華村,14,中興路,,,,５６４號,293140.906,2618557.548,花蓮縣光復鄉大華村中興路５６４號
10015,1001507,大華村,14,中興路,,,,５６６號,293142.201,2618562.604,花蓮縣光復鄉大華村中興路５６６號
10015,1001507,大華村,14,中興路,,,,５６８號,293143.496,2618567.661,花蓮縣光復鄉大華村中興路５６８號
10015,1001507,大華村,14,中興路,,５７２巷,,１號,293181.025,2618575.187,花蓮縣光復鄉大華村中興路５７２巷１號
10015,1001507,大華村,14,中興路,,５７２巷,,２號,293182.778,2618580.954,花蓮縣光復鄉大華村中興路５７２巷２號
10015,1001507,大華村,14,中興路,,５７２巷,,３號,293184.53,2618586.721,花蓮縣光復鄉大華村中興路５７２巷３號
10015,1001507,大華村,14,中興路,,５７２巷,,４號,293186.283,2618591.476,花蓮縣光復鄉大華村中興路５７２巷４號
10015,1001507,大華村,14,中興路,,５７２巷,,５號,293188.036,2618598.255,花蓮縣光復鄉大華村中興路５７２巷５號
10015,1001507,大華村,14,中興路,,５７２巷,,６號,293189.788,2618604.023,花蓮縣光復鄉大華村中興路５７２巷６號
10015,1001507,大華村,14,中興路,,５７２巷,,７號,293191.541,2618609.79,花蓮縣光復鄉大華村中興路５７２巷７號
10015,1001507,大華村,14,中興路,,５７２巷,,８號,293193.293,2618615.557,花蓮縣光復鄉大華村中興路５７２巷８號
10015,1001507,大華村,14,中興路,,,,５７４號,293147.928,2618585.768,花蓮縣光復鄉大華村中興路５７４號
10015,1001507,大華村,14,中興路,,,,５７５號,293082.954,2618624.816,花蓮縣光復鄉大華村中興路５７５號
10015,1001507,大華村,14,中興路,,,,５７５之１號,293081.36,2618618.06,花蓮縣光復鄉大華村中興路５７５之１號
10015,1001507,大華村,14,中興路,,,,５７８號,293150.222,2618594.669,花蓮縣光復鄉大華村中興路５７８號
10015,1001507,大華村,14,中興路,,,,５８０號,293151.37,2618599.119,花蓮縣光復鄉大華村中興路５８０號
10015,1001507,大華村,14,中興路,,,,５８２號,293152.516,2618603.57,花蓮縣光復鄉大華村中興路５８２號
10015,1001507,大華村,14,中興路,,,,５８４號,293153.664,2618608.02,花蓮縣光復鄉大華村中興路５８４號
10015,1001507,大華村,14,中興路,,,,５８５號,293098.699,2618668.982,花蓮縣光復鄉大華村中興路５８５號
10015,1001507,大華村,14,中興路,,,,５８６號,293154.811,2618612.471,花蓮縣光復鄉大華村中興路５８６號
10015,1001507,大華村,14,中興路,,,,５８８號,293155.958,2618616.921,花蓮縣光復鄉大華村中興路５８８號
10015,1001507,大華村,14,中興路,,,,５９０號,293157.105,2618621.372,花蓮縣光復鄉大華村中興路５９０號
10015,1001507,大華村,14,中興路,,,,５９２號,293158.252,2618625.822,花蓮縣光復鄉大華村中興路５９２號
10015,1001507,大華村,14,中興路,,,,５９４號,293159.399,2618630.273,花蓮縣光復鄉大華村中興路５９４號
10015,1001507,大華村,14,中興路,,,,５９６號,293160.546,2618634.723,花蓮縣光復鄉大華村中興路５９６號
10015,1001507,大華村,14,中興路,,,,５９８號,293161.693,2618639.173,花蓮縣光復鄉大華村中興路５９８號
10015,1001507,大華村,14,中興路,,,,６２５號,293151.976,2618761.067,花蓮縣光復鄉大華村中興路６２５號
10015,1001507,大華村,14,中興路,,,,６２９號,293148.97,2618802.85,花蓮縣光復鄉大華村中興路６２９號
10015,1001507,大華村,7,中興路,,６３７巷,,１號,293131.752,2618779.91,花蓮縣光復鄉大華村中興路６３７巷１號
10015,1001507,大華村,14,中興路,,,,６３８號,293191.914,2618690.78,花蓮縣光復鄉大華村中興路６３８號
10015,1001507,大華村,14,中興路,,,,６４０號,293179.118,2618701.147,花蓮縣光復鄉大華村中興路６４０號
10015,1001507,大華村,6,中興路,,,,６４２號,293184.724,2618724.285,花蓮縣光復鄉大華村中興路６４２號
10015,1001507,大華村,7,中興路,,,,６４６號,293197.801,2618754.376,花蓮縣光復鄉大華村中興路６４６號
10015,1001507,大華村,12,中華路,,,,１８１號,293120.398,2618141.04,花蓮縣光復鄉大華村中華路１８１號
10015,1001507,大華村,12,中華路,,,,１８３號,293121.497,2618146.401,花蓮縣光復鄉大華村中華路１８３號
10015,1001507,大華村,12,中華路,,,,１８５號,293122.595,2618151.762,花蓮縣光復鄉大華村中華路１８５號
10015,1001507,大華村,12,中華路,,,,１８６號,293133.966,2618124.615,花蓮縣光復鄉大華村中華路１８６號
10015,1001507,大華村,12,中華路,,,,１８７號,293123.694,2618157.124,花蓮縣光復鄉大華村中華路１８７號
10015,1001507,大華村,12,中華路,,,,１８９號,293124.792,2618162.485,花蓮縣光復鄉大華村中華路１８９號
10015,1001507,大華村,12,中華路,,,,１９１號,293127.22,2618167.79,花蓮縣光復鄉大華村中華路１９１號
10015,1001507,大華村,12,中華路,,,,１９２號,293142.97,2618161.59,花蓮縣光復鄉大華村中華路１９２號
10015,1001507,大華村,12,中華路,,,,１９３號,293132.516,2618188.303,花蓮縣光復鄉大華村中華路１９３號
10015,1001507,大華村,12,中華路,,,,１９５號,293135.401,2618203.841,花蓮縣光復鄉大華村中華路１９５號
10015,1001507,大華村,12,中華路,,,,１９７號,293136.951,2618209.146,花蓮縣光復鄉大華村中華路１９７號
10015,1001507,大華村,12,中華路,,,,１９９號,293138.502,2618214.452,花蓮縣光復鄉大華村中華路１９９號
10015,1001507,大華村,12,中華路,,,,２０１號,293139.251,2618219.472,花蓮縣光復鄉大華村中華路２０１號
10015,1001507,大華村,12,中華路,,,,２０３號,293140.672,2618224.399,花蓮縣光復鄉大華村中華路２０３號
10015,1001507,大華村,12,中華路,,,,２０５號,293142.093,2618229.326,花蓮縣光復鄉大華村中華路２０５號
10015,1001507,大華村,12,中華路,,,,２０６號,293160.9,2618215.14,花蓮縣光復鄉大華村中華路２０６號
10015,1001507,大華村,12,中華路,,,,２０８號,293158.736,2618224.139,花蓮縣光復鄉大華村中華路２０８號
10015,1001507,大華村,12,中華路,,,,２１０號,293159.882,2618228.434,花蓮縣光復鄉大華村中華路２１０號
10015,1001507,大華村,12,中華路,,,,２１１號,293130.846,2618254.798,花蓮縣光復鄉大華村中華路２１１號
10015,1001507,大華村,12,中華路,,,,２１２號,293161.029,2618232.729,花蓮縣光復鄉大華村中華路２１２號
10015,1001507,大華村,12,中華路,,,,２１４號,293162.175,2618237.024,花蓮縣光復鄉大華村中華路２１４號
10015,1001507,大華村,12,中華路,,,,２１５號,293147.729,2618257.102,花蓮縣光復鄉大華村中華路２１５號
10015,1001507,大華村,12,中華路,,,,２１６號,293163.321,2618241.319,花蓮縣光復鄉大華村中華路２１６號
10015,1001507,大華村,12,中華路,,,,２１７號,293149.234,2618261.559,花蓮縣光復鄉大華村中華路２１７號
10015,1001507,大華村,12,中華路,,,,２１８號,293164.64,2618245.42,花蓮縣光復鄉大華村中華路２１８號
10015,1001507,大華村,12,中華路,,,,２１９號,293150.74,2618266.017,花蓮縣光復鄉大華村中華路２１９號
10015,1001507,大華村,12,中華路,,,,２２０號,293165.614,2618249.91,花蓮縣光復鄉大華村中華路２２０號
10015,1001507,大華村,12,中華路,,,,２２１號,293152.245,2618270.474,花蓮縣光復鄉大華村中華路２２１號
10015,1001507,大華村,12,中華路,,,,２２６號,293170.913,2618272.68,花蓮縣光復鄉大華村中華路２２６號
10015,1001507,大華村,12,中華路,,,,２２８號,293172.522,2618276.842,花蓮縣光復鄉大華村中華路２２８號
10015,1001507,大華村,12,中華路,,,,２３１號,293145.336,2618321.804,花蓮縣光復鄉大華村中華路２３１號
10015,1001507,大華村,12,中華路,,２３２巷,,１號,293189.47,2618292.905,花蓮縣光復鄉大華村中華路２３２巷１號
10015,1001507,大華村,12,中華路,,２３２巷,,２號,293180.108,2618280.877,花蓮縣光復鄉大華村中華路２３２巷２號
10015,1001507,大華村,12,中華路,,２３２巷,,３號,293194.11,2618290.553,花蓮縣光復鄉大華村中華路２３２巷３號
10015,1001507,大華村,12,中華路,,２３２巷,,５號,293198.75,2618288.202,花蓮縣光復鄉大華村中華路２３２巷５號
10015,1001507,大華村,12,中華路,,２３２巷,,６號,293185.429,2618277.251,花蓮縣光復鄉大華村中華路２３２巷６號
10015,1001507,大華村,12,中華路,,２３２巷,,７號,293203.39,2618285.851,花蓮縣光復鄉大華村中華路２３２巷７號
10015,1001507,大華村,12,中華路,,２３２巷,,８號,293191.21,2618274.071,花蓮縣光復鄉大華村中華路２３２巷８號
10015,1001507,大華村,12,中華路,,２３２巷,,９號,293208.031,2618283.5,花蓮縣光復鄉大華村中華路２３２巷９號
10015,1001507,大華村,12,中華路,,２３２巷,,１０號,293196.901,2618272.463,花蓮縣光復鄉大華村中華路２３２巷１０號
10015,1001507,大華村,12,中華路,,２３２巷,,１１號,293212.671,2618281.148,花蓮縣光復鄉大華村中華路２３２巷１１號
10015,1001507,大華村,12,中華路,,２３２巷,,１２號,293202.593,2618268.26,花蓮縣光復鄉大華村中華路２３２巷１２號
10015,1001507,大華村,12,中華路,,２３２巷,,１３號,293217.311,2618278.797,花蓮縣光復鄉大華村中華路２３２巷１３號
10015,1001507,大華村,12,中華路,,２３２巷,,１５號,293221.951,2618276.446,花蓮縣光復鄉大華村中華路２３２巷１５號
10015,1001507,大華村,12,中華路,,２３２巷,,１６號,293209.521,2618265.293,花蓮縣光復鄉大華村中華路２３２巷１６號
10015,1001507,大華村,12,中華路,,２３２巷,,１８號,293214.842,2618262.697,花蓮縣光復鄉大華村中華路２３２巷１８號
10015,1001507,大華村,12,中華路,,,,２３４號,293177.739,2618297.788,花蓮縣光復鄉大華村中華路２３４號
10015,1001507,大華村,12,中華路,,,,２３６號,293179.216,2618303.377,花蓮縣光復鄉大華村中華路２３６號
10015,1001507,大華村,12,中華路,,,,２３８號,293180.693,2618308.965,花蓮縣光復鄉大華村中華路２３８號
10015,1001507,大華村,12,中華路,,,,２４５號,293170.798,2618360.002,花蓮縣光復鄉大華村中華路２４５號
10015,1001507,大華村,12,中華路,,,,２４８號,293185.262,2618333.582,花蓮縣光復鄉大華村中華路２４８號
10015,1001507,大華村,12,中華路,,,,２５０號,293186.32,2618339.006,花蓮縣光復鄉大華村中華路２５０號
10015,1001507,大華村,12,中華路,,,,２５２號,293188.154,2618343.918,花蓮縣光復鄉大華村中華路２５２號
10015,1001507,大華村,12,中華路,,,,２５４號,293189.6,2618349.086,花蓮縣光復鄉大華村中華路２５４號
10015,1001507,大華村,12,中華路,,２５６巷,,３號,293208.83,2618341.41,花蓮縣光復鄉大華村中華路２５６巷３號
10015,1001507,大華村,12,中華路,,２５６巷,,５號,293215.187,2618337.314,花蓮縣光復鄉大華村中華路２５６巷５號
10015,1001507,大華村,12,中華路,,２５６巷,,７號,293221.154,2618334.289,花蓮縣光復鄉大華村中華路２５６巷７號
10015,1001507,大華村,12,中華路,,２５６巷,９弄,１號,293207.27,2618322.418,花蓮縣光復鄉大華村中華路２５６巷９弄１號
10015,1001507,大華村,12,中華路,,２５６巷,９弄,１號二樓,293208.545,2618321.543,花蓮縣光復鄉大華村中華路２５６巷９弄１號二樓
10015,1001507,大華村,12,中華路,,２５６巷,９弄,１號三樓,293209.868,2618320.485,花蓮縣光復鄉大華村中華路２５６巷９弄１號三樓
10015,1001507,大華村,12,中華路,,２５６巷,９弄,２號二樓,293228.826,2618311.45,花蓮縣光復鄉大華村中華路２５６巷９弄２號二樓
10015,1001507,大華村,12,中華路,,２５６巷,９弄,２號,293225.967,2618312.602,花蓮縣光復鄉大華村中華路２５６巷９弄２號
10015,1001507,大華村,12,中華路,,２５６巷,,１１號,293230.638,2618329.449,花蓮縣光復鄉大華村中華路２５６巷１１號
10015,1001507,大華村,12,中華路,,２５６巷,,１３號,293235.42,2618327.169,花蓮縣光復鄉大華村中華路２５６巷１３號
10015,1001507,大華村,12,中華路,,２５６巷,,１５號,293240.203,2618324.889,花蓮縣光復鄉大華村中華路２５６巷１５號
10015,1001507,大華村,12,中華路,,２５６巷,,１７號,293244.985,2618322.61,花蓮縣光復鄉大華村中華路２５６巷１７號
10015,1001507,大華村,14,中華路,,,,２５７號,293192.88,2618456.86,花蓮縣光復鄉大華村中華路２５７號
10015,1001507,大華村,14,中華路,,,,２８３號,293231.223,2618533.173,花蓮縣光復鄉大華村中華路２８３號
10015,1001507,大華村,14,中華路,,,,２８７號,293236.362,2618549.524,花蓮縣光復鄉大華村中華路２８７號
10015,1001507,大華村,14,中華路,,,,２８９號,293238.889,2618556.257,花蓮縣光復鄉大華村中華路２８９號
10015,1001507,大華村,14,中華路,,,,２９１號,293246.437,2618561.25,花蓮縣光復鄉大華村中華路２９１號
10015,1001507,大華村,14,中華路,,,,２９３號,293250.746,2618572.592,花蓮縣光復鄉大華村中華路２９３號
10015,1001507,大華村,14,中華路,,,,２９５號,293252.478,2618578.649,花蓮縣光復鄉大華村中華路２９５號
10015,1001507,大華村,14,中華路,,３０１巷,,１號,293222.326,2618624.581,花蓮縣光復鄉大華村中華路３０１巷１號
10015,1001507,大華村,14,中華路,,３０１巷,,２號,293231.677,2618599.456,花蓮縣光復鄉大華村中華路３０１巷２號
10015,1001507,大華村,14,中華路,,３０１巷,,６號,293224.812,2618603.04,花蓮縣光復鄉大華村中華路３０１巷６號
10015,1001507,大華村,14,中華路,,３０１巷,,８號,293220.997,2618605.166,花蓮縣光復鄉大華村中華路３０１巷８號
10015,1001507,大華村,14,中華路,,３０１巷,,１０號,293216.608,2618607.292,花蓮縣光復鄉大華村中華路３０１巷１０號
10015,1001507,大華村,14,中華路,,３０１巷,,１２號,293212.792,2618609.418,花蓮縣光復鄉大華村中華路３０１巷１２號
10015,1001507,大華村,14,中華路,,３０１巷,,２２號,293201.633,2618570.951,花蓮縣光復鄉大華村中華路３０１巷２２號
10015,1001507,大華村,14,中華路,,３０１巷,,２２號二樓,293204.014,2618570.025,花蓮縣光復鄉大華村中華路３０１巷２２號二樓
10015,1001507,大華村,14,中華路,,３０１巷,,２２號三樓,293206.905,2618569.08,花蓮縣光復鄉大華村中華路３０１巷２２號三樓
10015,1001507,大華村,14,中華路,,３０１巷,,２２號四樓,293210.367,2618568.042,花蓮縣光復鄉大華村中華路３０１巷２２號四樓
10015,1001507,大華村,14,中華路,,３０１巷,,２６號二樓,293201.56,2618564.255,花蓮縣光復鄉大華村中華路３０１巷２６號二樓
10015,1001507,大華村,14,中華路,,３０１巷,,２６號三樓,293203.94,2618563.779,花蓮縣光復鄉大華村中華路３０１巷２６號三樓
10015,1001507,大華村,14,中華路,,３０１巷,,２６號,293199.251,2618565.084,花蓮縣光復鄉大華村中華路３０１巷２６號
10015,1001507,大華村,14,中華路,,３０１巷,,２６號四樓,293205.715,2618563.173,花蓮縣光復鄉大華村中華路３０１巷２６號四樓
10015,1001507,大華村,14,中華路,,３０１巷,,２７號,293193.56,2618549.86,花蓮縣光復鄉大華村中華路３０１巷２７號
10015,1001507,大華村,14,中華路,,３０１巷,,２８號,293209.419,2618561.717,花蓮縣光復鄉大華村中華路３０１巷２８號
10015,1001507,大華村,14,中華路,,３０１巷,,３０號,293207.69,2618524.94,花蓮縣光復鄉大華村中華路３０１巷３０號
10015,1001507,大華村,6,中華路,,,,３０３號,293262.575,2618606.274,花蓮縣光復鄉大華村中華路３０３號
10015,1001507,大華村,6,中華路,,,,３０５號,293271.34,2618625.978,花蓮縣光復鄉大華村中華路３０５號
10015,1001507,大華村,12,中華路,,,,３６０號,293238.25,2618474.58,花蓮縣光復鄉大華村中華路３６０號
10015,1001507,大華村,12,中華路,,３６２巷,,１號,293264.006,2618453.914,花蓮縣光復鄉大華村中華路３６２巷１號
10015,1001507,大華村,12,中華路,,３６２巷,,２號,293283.802,2618441.525,花蓮縣光復鄉大華村中華路３６２巷２號
10015,1001507,大華村,12,中華路,,３６２巷,,３號,293267.463,2618461.316,花蓮縣光復鄉大華村中華路３６２巷３號
10015,1001507,大華村,12,中華路,,３６２巷,,５號,293270.92,2618468.718,花蓮縣光復鄉大華村中華路３６２巷５號
10015,1001507,大華村,12,中華路,,３６２巷,,６號,293285.389,2618446.382,花蓮縣光復鄉大華村中華路３６２巷６號
10015,1001507,大華村,12,中華路,,３６２巷,,７號,293273.915,2618490.113,花蓮縣光復鄉大華村中華路３６２巷７號
10015,1001507,大華村,12,中華路,,３６２巷,,８號,293287.272,2618450.515,花蓮縣光復鄉大華村中華路３６２巷８號
10015,1001507,大華村,12,中華路,,３６２巷,,９號,293263.398,2618494.682,花蓮縣光復鄉大華村中華路３６２巷９號
10015,1001507,大華村,12,中華路,,３６２巷,,１０號,293289.154,2618454.648,花蓮縣光復鄉大華村中華路３６２巷１０號
10015,1001507,大華村,12,中華路,,３６２巷,,１２號,293291.037,2618458.78,花蓮縣光復鄉大華村中華路３６２巷１２號
10015,1001507,大華村,12,中華路,,３６２巷,,１６號,293293.276,2618464.707,花蓮縣光復鄉大華村中華路３６２巷１６號
10015,1001507,大華村,12,中華路,,３６２巷,,１８號,293294.11,2618474.418,花蓮縣光復鄉大華村中華路３６２巷１８號
10015,1001507,大華村,12,中華路,,３６２巷,,２０號,293297.303,2618483.019,花蓮縣光復鄉大華村中華路３６２巷２０號
10015,1001507,大華村,4,仁愛路,,,,２號,293451.681,2618167.821,花蓮縣光復鄉大華村仁愛路２號
10015,1001507,大華村,4,仁愛路,,,,５號,293439.792,2618159.886,花蓮縣光復鄉大華村仁愛路５號
10015,1001507,大華村,4,仁愛路,,,,６號,293439.366,2618173.512,花蓮縣光復鄉大華村仁愛路６號
10015,1001507,大華村,4,仁愛路,,,,７號,293435.977,2618162.07,花蓮縣光復鄉大華村仁愛路７號
10015,1001507,大華村,4,仁愛路,,,,８號,293435.852,2618175.227,花蓮縣光復鄉大華村仁愛路８號
10015,1001507,大華村,4,仁愛路,,,,１０號,293431.981,2618177.195,花蓮縣光復鄉大華村仁愛路１０號
10015,1001507,大華村,4,仁愛路,,,,１２號,293429.483,2618178.402,花蓮縣光復鄉大華村仁愛路１２號
10015,1001507,大華村,4,仁愛路,,,,１４號,293425.308,2618180.37,花蓮縣光復鄉大華村仁愛路１４號
10015,1001507,大華村,4,仁愛路,,１６巷,,１號,293417.535,2618207.79,花蓮縣光復鄉大華村仁愛路１６巷１號
10015,1001507,大華村,4,仁愛路,,１６巷,,３號,293419.574,2618212.564,花蓮縣光復鄉大華村仁愛路１６巷３號
10015,1001507,大華村,4,仁愛路,,１６巷,,５號,293421.613,2618217.338,花蓮縣光復鄉大華村仁愛路１６巷５號
10015,1001507,大華村,4,仁愛路,,１６巷,,７號,293423.652,2618222.112,花蓮縣光復鄉大華村仁愛路１６巷７號
10015,1001507,大華村,4,仁愛路,,１６巷,,９號,293425.692,2618226.886,花蓮縣光復鄉大華村仁愛路１６巷９號
10015,1001507,大華村,4,仁愛路,,１６巷,,１１號,293427.731,2618231.66,花蓮縣光復鄉大華村仁愛路１６巷１１號
10015,1001507,大華村,5,仁愛路,,１６巷,,１８號,293452.789,2618235.816,花蓮縣光復鄉大華村仁愛路１６巷１８號
10015,1001507,大華村,5,仁愛路,,１６巷,,２０號,293454.966,2618242.136,花蓮縣光復鄉大華村仁愛路１６巷２０號
10015,1001507,大華村,5,仁愛路,,１６巷,,２２之１號,293459.56,2618254.663,花蓮縣光復鄉大華村仁愛路１６巷２２之１號
10015,1001507,大華村,5,仁愛路,,１６巷,,２２號,293457.143,2618248.455,花蓮縣光復鄉大華村仁愛路１６巷２２號
10015,1001507,大華村,4,仁愛路,,１６巷,,２３號,293438.844,2618249.059,花蓮縣光復鄉大華村仁愛路１６巷２３號
10015,1001507,大華村,4,仁愛路,,１６巷,,２５號,293440.391,2618254,花蓮縣光復鄉大華村仁愛路１６巷２５號
10015,1001507,大華村,5,仁愛路,,１６巷,,２６號,293461.496,2618261.093,花蓮縣光復鄉大華村仁愛路１６巷２６號
10015,1001507,大華村,4,仁愛路,,１６巷,,２７號,293441.937,2618258.942,花蓮縣光復鄉大華村仁愛路１６巷２７號
10015,1001507,大華村,5,仁愛路,,１６巷,,２８號,293463.673,2618267.412,花蓮縣光復鄉大華村仁愛路１６巷２８號
10015,1001507,大華村,4,仁愛路,,１６巷,,２９號,293441.953,2618264.521,花蓮縣光復鄉大華村仁愛路１６巷２９號
10015,1001507,大華村,4,仁愛路,,１６巷,,３１號,293443.499,2618269.463,花蓮縣光復鄉大華村仁愛路１６巷３１號
10015,1001507,大華村,4,仁愛路,,１６巷,,３３號,293445.045,2618274.404,花蓮縣光復鄉大華村仁愛路１６巷３３號
10015,1001507,大華村,5,仁愛路,,１６巷,,３５號,293446.592,2618279.346,花蓮縣光復鄉大華村仁愛路１６巷３５號
10015,1001507,大華村,4,仁愛路,,,,２２號,293414.958,2618186.276,花蓮縣光復鄉大華村仁愛路２２號
10015,1001507,大華村,4,仁愛路,,,,２４號,293409.745,2618188.791,花蓮縣光復鄉大華村仁愛路２４號
10015,1001507,大華村,4,仁愛路,,,,２５號,293394.08,2618178.73,花蓮縣光復鄉大華村仁愛路２５號
10015,1001507,大華村,4,仁愛路,,,,２６號,293405.719,2618190.778,花蓮縣光復鄉大華村仁愛路２６號
10015,1001507,大華村,4,仁愛路,,,,２８號,293399.32,2618193.82,花蓮縣光復鄉大華村仁愛路２８號
10015,1001507,大華村,4,仁愛路,,,,３０號,293394.107,2618196.335,花蓮縣光復鄉大華村仁愛路３０號
10015,1001507,大華村,4,仁愛路,,,,３１號,293377.219,2618185.139,花蓮縣光復鄉大華村仁愛路３１號
10015,1001507,大華村,4,仁愛路,,,,３２號,293388.894,2618198.85,花蓮縣光復鄉大華村仁愛路３２號
10015,1001507,大華村,4,仁愛路,,,,３５號,293354.92,2618200.826,花蓮縣光復鄉大華村仁愛路３５號
10015,1001507,大華村,4,仁愛路,,,,３６號,293367.912,2618210.311,花蓮縣光復鄉大華村仁愛路３６號
10015,1001507,大華村,4,仁愛路,,,,３７號,293347.548,2618205.191,花蓮縣光復鄉大華村仁愛路３７號
10015,1001507,大華村,4,仁愛路,,,,３８號,293362.53,2618210.76,花蓮縣光復鄉大華村仁愛路３８號
10015,1001507,大華村,4,仁愛路,,,,３９號,293341.453,2618207.91,花蓮縣光復鄉大華村仁愛路３９號
10015,1001507,大華村,4,仁愛路,,,,４０號,293358.436,2618212.733,花蓮縣光復鄉大華村仁愛路４０號
10015,1001507,大華村,4,仁愛路,,４１巷,,１號,293333.959,2618192.735,花蓮縣光復鄉大華村仁愛路４１巷１號
10015,1001507,大華村,4,仁愛路,,４１巷,,２號,293327.021,2618196.462,花蓮縣光復鄉大華村仁愛路４１巷２號
10015,1001507,大華村,4,仁愛路,,４１巷,,３號,293331.729,2618188.034,花蓮縣光復鄉大華村仁愛路４１巷３號
10015,1001507,大華村,4,仁愛路,,４１巷,,４號,293324.889,2618191.917,花蓮縣光復鄉大華村仁愛路４１巷４號
10015,1001507,大華村,4,仁愛路,,４１巷,,５號,293329.74,2618184.13,花蓮縣光復鄉大華村仁愛路４１巷５號
10015,1001507,大華村,4,仁愛路,,４１巷,,６號,293322.757,2618187.372,花蓮縣光復鄉大華村仁愛路４１巷６號
10015,1001507,大華村,4,仁愛路,,,,４２號,293354.342,2618214.706,花蓮縣光復鄉大華村仁愛路４２號
10015,1001507,大華村,4,仁愛路,,,,４３號,293332.77,2618210.854,花蓮縣光復鄉大華村仁愛路４３號
10015,1001507,大華村,4,仁愛路,,,,４４號,293350.248,2618216.68,花蓮縣光復鄉大華村仁愛路４４號
10015,1001507,大華村,4,仁愛路,,,,４５號,293328.571,2618212.313,花蓮縣光復鄉大華村仁愛路４５號
10015,1001507,大華村,4,仁愛路,,,,４６號,293346.154,2618218.653,花蓮縣光復鄉大華村仁愛路４６號
10015,1001507,大華村,4,仁愛路,,,,４７號,293323.094,2618213.955,花蓮縣光復鄉大華村仁愛路４７號
10015,1001507,大華村,4,仁愛路,,,,４８號,293342.06,2618220.626,花蓮縣光復鄉大華村仁愛路４８號
10015,1001507,大華村,4,仁愛路,,,,５３號,293320.356,2618217.239,花蓮縣光復鄉大華村仁愛路５３號
10015,1001507,大華村,4,仁愛路,,,,５５號,293315.839,2618219.787,花蓮縣光復鄉大華村仁愛路５５號
10015,1001507,大華村,4,仁愛路,,,,５７號,293311.255,2618222.122,花蓮縣光復鄉大華村仁愛路５７號
10015,1001507,大華村,4,仁愛路,,,,５９號,293304.699,2618224.884,花蓮縣光復鄉大華村仁愛路５９號
10015,1001507,大華村,5,光復路,,,,３號,293467.42,2618278.043,花蓮縣光復鄉大華村光復路３號
10015,1001507,大華村,4,光復路,,,,６號,293382.34,2618343.32,花蓮縣光復鄉大華村光復路６號
10015,1001507,大華村,4,光復路,,,,６之１號,293375.39,2618346.46,花蓮縣光復鄉大華村光復路６之１號
10015,1001507,大華村,4,光復路,,,,６之２號,293369.98,2618348.9,花蓮縣光復鄉大華村光復路６之２號
10015,1001507,大華村,8,光復路,,８巷,,３號,293298.47,2618418.5,花蓮縣光復鄉大華村光復路８巷３號
10015,1001507,大華村,8,光復路,,８巷,,７號,293309.59,2618448.46,花蓮縣光復鄉大華村光復路８巷７號
10015,1001507,大華村,8,光復路,,８巷,,８號,293318.68,2618430.8,花蓮縣光復鄉大華村光復路８巷８號
10015,1001507,大華村,8,光復路,,,,１０號,293289.608,2618389.544,花蓮縣光復鄉大華村光復路１０號
10015,1001507,大華村,8,光復路,,,,１２號,293284.866,2618392.11,花蓮縣光復鄉大華村光復路１２號
10015,1001507,大華村,8,光復路,,,,１４號,293280.125,2618394.677,花蓮縣光復鄉大華村光復路１４號
10015,1001507,大華村,8,光復路,,,,１６號,293275.383,2618397.243,花蓮縣光復鄉大華村光復路１６號
10015,1001507,大華村,4,光復路,,,,１７號,293355.063,2618338.75,花蓮縣光復鄉大華村光復路１７號
10015,1001507,大華村,8,光復路,,,,２４號,293264.789,2618442.388,花蓮縣光復鄉大華村光復路２４號
10015,1001507,大華村,9,光復路,,,,２５號,293284.779,2618372.683,花蓮縣光復鄉大華村光復路２５號
10015,1001507,大華村,9,光復路,,,,２７號,293280.998,2618374.532,花蓮縣光復鄉大華村光復路２７號
10015,1001507,大華村,9,光復路,,,,２９號,293277.34,2618376.331,花蓮縣光復鄉大華村光復路２９號
10015,1001507,大華村,8,光復路,,,,３０號,293229.44,2618419.25,花蓮縣光復鄉大華村光復路３０號
10015,1001507,大華村,9,光復路,,,,３１號,293273.561,2618378.318,花蓮縣光復鄉大華村光復路３１號
10015,1001507,大華村,8,光復路,,,,３２號,293224.156,2618421.235,花蓮縣光復鄉大華村光復路３２號
10015,1001507,大華村,9,光復路,,,,３３號,293270.85,2618379.682,花蓮縣光復鄉大華村光復路３３號
10015,1001507,大華村,8,光復路,,,,３４號,293218.772,2618424.012,花蓮縣光復鄉大華村光復路３４號
10015,1001507,大華村,9,光復路,,,,３５號,293258.117,2618379.769,花蓮縣光復鄉大華村光復路３５號
10015,1001507,大華村,8,光復路,,,,３６號,293213.388,2618426.788,花蓮縣光復鄉大華村光復路３６號
10015,1001507,大華村,9,光復路,,,,３７號,293252.805,2618382.579,花蓮縣光復鄉大華村光復路３７號
10015,1001507,大華村,8,光復路,,,,３８號,293209.58,2618428.43,花蓮縣光復鄉大華村光復路３８號
10015,1001507,大華村,9,光復路,,,,３９號,293241.788,2618386.679,花蓮縣光復鄉大華村光復路３９號
10015,1001507,大華村,8,光復路,,,,４０號,293209.587,2618430.688,花蓮縣光復鄉大華村光復路４０號
10015,1001507,大華村,9,光復路,,,,４１號,293234.914,2618390.347,花蓮縣光復鄉大華村光復路４１號
10015,1001507,大華村,9,光復路,,,,４３號,293226.059,2618394.862,花蓮縣光復鄉大華村光復路４３號
10015,1001507,大華村,9,光復路,,,,４５號,293218.976,2618398.661,花蓮縣光復鄉大華村光復路４５號
10015,1001507,大華村,9,光復路,,,,４７號,293211.894,2618402.46,花蓮縣光復鄉大華村光復路４７號
10015,1001507,大華村,12,光復路,,,,４９號,293182.584,2618417.403,花蓮縣光復鄉大華村光復路４９號
10015,1001507,大華村,12,光復路,,,,５１號,293174.593,2618421.292,花蓮縣光復鄉大華村光復路５１號
10015,1001507,大華村,12,光復路,,,,５３號,293166.601,2618425.18,花蓮縣光復鄉大華村光復路５３號
10015,1001507,大華村,12,光復路,,,,５５號,293160.024,2618428.683,花蓮縣光復鄉大華村光復路５５號
10015,1001507,大華村,12,光復路,,,,５７號,293152.032,2618432.571,花蓮縣光復鄉大華村光復路５７號
10015,1001507,大華村,12,光復路,,,,５９號,293142.626,2618436.846,花蓮縣光復鄉大華村光復路５９號
10015,1001507,大華村,12,光復路,,,,６１號,293134.634,2618440.734,花蓮縣光復鄉大華村光復路６１號
10015,1001507,大華村,12,光復路,,,,６３號,293125.228,2618446.038,花蓮縣光復鄉大華村光復路６３號
10015,1001507,大華村,2,光華街,,,,１號,293307.698,2618068.168,花蓮縣光復鄉大華村光華街１號
10015,1001507,大華村,2,光華街,,,,２號,293332.986,2618071.744,花蓮縣光復鄉大華村光華街２號
10015,1001507,大華村,2,光華街,,５巷,,２號,293304.199,2618097.455,花蓮縣光復鄉大華村光華街５巷２號
10015,1001507,大華村,2,光華街,,５巷,,６號,293300.6,2618099.033,花蓮縣光復鄉大華村光華街５巷６號
10015,1001507,大華村,2,光華街,,５巷,,８號,293297.096,2618100.596,花蓮縣光復鄉大華村光華街５巷８號
10015,1001507,大華村,2,光華街,,５巷,,１０號,293293.335,2618102.028,花蓮縣光復鄉大華村光華街５巷１０號
10015,1001507,大華村,2,光華街,,５巷,,１２號,293289.194,2618103.776,花蓮縣光復鄉大華村光華街５巷１２號
10015,1001507,大華村,2,光華街,,５巷,,１６號,293285.052,2618105.818,花蓮縣光復鄉大華村光華街５巷１６號
10015,1001507,大華村,2,光華街,,５巷,,１８號,293281.17,2618107.503,花蓮縣光復鄉大華村光華街５巷１８號
10015,1001507,大華村,2,光華街,,５巷,,２０號,293277.224,2618109.253,花蓮縣光復鄉大華村光華街５巷２０號
10015,1001507,大華村,2,光華街,,５巷,２２弄,５號,293260.815,2618112.102,花蓮縣光復鄉大華村光華街５巷２２弄５號
10015,1001507,大華村,2,光華街,,５巷,２２弄,７號,293262.584,2618115.77,花蓮縣光復鄉大華村光華街５巷２２弄７號
10015,1001507,大華村,2,光華街,,５巷,２２弄,９號,293264.354,2618119.439,花蓮縣光復鄉大華村光華街５巷２２弄９號
10015,1001507,大華村,2,光華街,,５巷,２２弄,１１號,293266.123,2618123.107,花蓮縣光復鄉大華村光華街５巷２２弄１１號
10015,1001507,大華村,2,光華街,,,,７號,293320.105,2618088.523,花蓮縣光復鄉大華村光華街７號
10015,1001507,大華村,2,光華街,,,,９號,293321.757,2618092.45,花蓮縣光復鄉大華村光華街９號
10015,1001507,大華村,2,光華街,,,,１０號,293365.6,2618126.02,花蓮縣光復鄉大華村光華街１０號
10015,1001507,大華村,2,光華街,,,,１１號,293323.41,2618096.377,花蓮縣光復鄉大華村光華街１１號
10015,1001507,大華村,2,光華街,,,,１３號,293325.062,2618100.304,花蓮縣光復鄉大華村光華街１３號
10015,1001507,大華村,3,光華街,,,,１５號,293325.92,2618116.304,花蓮縣光復鄉大華村光華街１５號
10015,1001507,大華村,3,光華街,,,,３１號,293353.637,2618170.284,花蓮縣光復鄉大華村光華街３１號
10015,1001507,大華村,3,光華街,,,,３３號,293355.259,2618175.508,花蓮縣光復鄉大華村光華街３３號
10015,1001507,大華村,3,光華街,,,,３５號,293356.883,2618180.731,花蓮縣光復鄉大華村光華街３５號
10015,1001507,大華村,3,光華街,,,,３７號,293358.505,2618185.955,花蓮縣光復鄉大華村光華街３７號
10015,1001507,大華村,3,光華街,,,,３９號,293360.128,2618191.179,花蓮縣光復鄉大華村光華街３９號
10015,1001507,大華村,4,光華街,,,,５８號,293398.838,2618240.885,花蓮縣光復鄉大華村光華街５８號
10015,1001507,大華村,4,光華街,,,,６０號,293401.4,2618245.832,花蓮縣光復鄉大華村光華街６０號
10015,1001507,大華村,4,光華街,,,,６６號,293412.523,2618257.33,花蓮縣光復鄉大華村光華街６６號
10015,1001507,大華村,4,光華街,,,,６８號,293413.31,2618261.99,花蓮縣光復鄉大華村光華街６８號
10015,1001507,大華村,4,光華街,,,,７０號,293414.9,2618267.155,花蓮縣光復鄉大華村光華街７０號
10015,1001507,大華村,4,光華街,,,,７２號,293416.588,2618271.816,花蓮縣光復鄉大華村光華街７２號
10015,1001507,大華村,4,光華街,,,,７４號,293418.277,2618276.477,花蓮縣光復鄉大華村光華街７４號
10015,1001507,大華村,4,光華街,,,,７６號,293419.965,2618281.138,花蓮縣光復鄉大華村光華街７６號
10015,1001507,大華村,4,光華街,,,,７８號,293421.753,2618284.917,花蓮縣光復鄉大華村光華街７８號
10015,1001507,大華村,4,光華街,,,,８０號,293423.441,2618289.578,花蓮縣光復鄉大華村光華街８０號
10015,1001507,大華村,9,公園街,,,,１號,293251.442,2618198.16,花蓮縣光復鄉大華村公園街１號
10015,1001507,大華村,9,公園街,,,,３號,293246.337,2618200.889,花蓮縣光復鄉大華村公園街３號
10015,1001507,大華村,9,公園街,,,,５號,293241.232,2618203.619,花蓮縣光復鄉大華村公園街５號
10015,1001507,大華村,9,公園街,,,,７號,293236.127,2618206.348,花蓮縣光復鄉大華村公園街７號
10015,1001507,大華村,9,公園街,,,,９號,293231.022,2618209.078,花蓮縣光復鄉大華村公園街９號
10015,1001507,大華村,9,公園街,,,,１１號,293226.665,2618211.433,花蓮縣光復鄉大華村公園街１１號
10015,1001507,大華村,10,公園街,,,,１２號,293228.782,2618195.87,花蓮縣光復鄉大華村公園街１２號
10015,1001507,大華村,9,公園街,,,,１３號,293219.813,2618215.16,花蓮縣光復鄉大華村公園街１３號
10015,1001507,大華村,9,公園街,,,,１５號,293224.805,2618226.266,花蓮縣光復鄉大華村公園街１５號
10015,1001507,大華村,9,公園街,,,,１７號,293227.987,2618232.227,花蓮縣光復鄉大華村公園街１７號
10015,1001507,大華村,9,公園街,,,,１８號,293214.267,2618198.651,花蓮縣光復鄉大華村公園街１８號
10015,1001507,大華村,9,公園街,,,,２０號,293209.71,2618189.61,花蓮縣光復鄉大華村公園街２０號
10015,1001507,大華村,9,公園街,,,,２５號,293235.466,2618250.559,花蓮縣光復鄉大華村公園街２５號
10015,1001507,大華村,9,公園街,,,,２７號,293237.374,2618254.372,花蓮縣光復鄉大華村公園街２７號
10015,1001507,大華村,14,大華街,,,,２號,293040.664,2618390.689,花蓮縣光復鄉大華村大華街２號
10015,1001507,大華村,14,大華街,,,,４號,293032.584,2618396.824,花蓮縣光復鄉大華村大華街４號
10015,1001507,大華村,17,大華街,,７巷,,１號,292955.393,2618375.095,花蓮縣光復鄉大華村大華街７巷１號
10015,1001507,大華村,17,大華街,,７巷,,２號,292945.462,2618347.614,花蓮縣光復鄉大華村大華街７巷２號
10015,1001507,大華村,17,大華街,,７巷,,３號,292926.819,2618325.97,花蓮縣光復鄉大華村大華街７巷３號
10015,1001507,大華村,17,大華街,,７巷,,４號,292917.757,2618307.659,花蓮縣光復鄉大華村大華街７巷４號
10015,1001507,大華村,17,大華街,,７巷,,５號,292933.655,2618295.651,花蓮縣光復鄉大華村大華街７巷５號
10015,1001507,大華村,17,大華街,,７巷,,７號,292928.559,2618281.905,花蓮縣光復鄉大華村大華街７巷７號
10015,1001507,大華村,17,大華街,,７巷,,８號,292922.955,2618269.687,花蓮縣光復鄉大華村大華街７巷８號
10015,1001507,大華村,17,大華街,,７巷,,９號,292893.404,2618268.669,花蓮縣光復鄉大華村大華街７巷９號
10015,1001507,大華村,17,大華街,,７巷,,１０號,292918.37,2618253.142,花蓮縣光復鄉大華村大華街７巷１０號
10015,1001507,大華村,17,大華街,,７巷,,１１號,292900.283,2618248.56,花蓮縣光復鄉大華村大華街７巷１１號
10015,1001507,大華村,17,大華街,,７巷,,１２號,292923.478,2618245.933,花蓮縣光復鄉大華村大華街７巷１２號
10015,1001507,大華村,17,大華街,,７巷,,１３號,292890.348,2618238.379,花蓮縣光復鄉大華村大華街７巷１３號
10015,1001507,大華村,17,大華街,,７巷,,１５號,292863.9,2618198.109,花蓮縣光復鄉大華村大華街７巷１５號
10015,1001507,大華村,17,大華街,,７巷,,１７號,292882.906,2618097.565,花蓮縣光復鄉大華村大華街７巷１７號
10015,1001507,大華村,17,大華街,,７巷,,１８號,292869,2618073.113,花蓮縣光復鄉大華村大華街７巷１８號
10015,1001507,大華村,17,大華街,,７巷,,２０號,292869.26,2618028.79,花蓮縣光復鄉大華村大華街７巷２０號
10015,1001507,大華村,17,大華街,,７巷,,２５號,292751.139,2617874.329,花蓮縣光復鄉大華村大華街７巷２５號
10015,1001507,大華村,15,大華街,,８巷,,１號,293018.034,2618623.002,花蓮縣光復鄉大華村大華街８巷１號
10015,1001507,大華村,17,大華街,,,,１１號,292975.01,2618398.52,花蓮縣光復鄉大華村大華街１１號
10015,1001507,大華村,17,大華街,,,,１３號,292969.863,2618399.319,花蓮縣光復鄉大華村大華街１３號
10015,1001507,大華村,17,大華街,,,,１７號,292961.53,2618402.688,花蓮縣光復鄉大華村大華街１７號
10015,1001507,大華村,15,大華街,,１８巷,,１號,292974.72,2618454.478,花蓮縣光復鄉大華村大華街１８巷１號
10015,1001507,大華村,17,大華街,,,,１９號,292957.363,2618404.372,花蓮縣光復鄉大華村大華街１９號
10015,1001507,大華村,15,大華街,,,,２０號,292967.34,2618426.508,花蓮縣光復鄉大華村大華街２０號
10015,1001507,大華村,17,大華街,,,,２１號,292952.609,2618406.364,花蓮縣光復鄉大華村大華街２１號
10015,1001507,大華村,17,大華街,,,,２３號,292947.702,2618407.734,花蓮縣光復鄉大華村大華街２３號
10015,1001507,大華村,17,大華街,,,,２５號,292943.928,2618409.493,花蓮縣光復鄉大華村大華街２５號
10015,1001507,大華村,15,大華街,,,,３０號,292939.093,2618444.815,花蓮縣光復鄉大華村大華街３０號
10015,1001507,大華村,17,大華街,,,,３１之１號,292927.354,2618419.897,花蓮縣光復鄉大華村大華街３１之１號
10015,1001507,大華村,17,大華街,,,,３１號,292931.67,2618417.904,花蓮縣光復鄉大華村大華街３１號
10015,1001507,大華村,15,大華街,,３２巷,,５號,292926.401,2618462.05,花蓮縣光復鄉大華村大華街３２巷５號
10015,1001507,大華村,15,大華街,,３２巷,,７號,292934.45,2618482.158,花蓮縣光復鄉大華村大華街３２巷７號
10015,1001507,大華村,15,大華街,,３２巷,,９號,292939.682,2618492.614,花蓮縣光復鄉大華村大華街３２巷９號
10015,1001507,大華村,15,大華街,,３２巷,,１１號,292937.158,2618503.613,花蓮縣光復鄉大華村大華街３２巷１１號
10015,1001507,大華村,15,大華街,,３２巷,,１３號,292932.498,2618516.807,花蓮縣光復鄉大華村大華街３２巷１３號
10015,1001507,大華村,15,大華街,,３２巷,,１５之１號,292940.5,2618514.152,花蓮縣光復鄉大華村大華街３２巷１５之１號
10015,1001507,大華村,15,大華街,,３２巷,,１５之２號,292942.882,2618517.592,花蓮縣光復鄉大華村大華街３２巷１５之２號
10015,1001507,大華村,15,大華街,,３２巷,,１５號,292947.644,2618511.374,花蓮縣光復鄉大華村大華街３２巷１５號
10015,1001507,大華村,15,大華街,,３２巷,,１７號,292954.247,2618533.105,花蓮縣光復鄉大華村大華街３２巷１７號
10015,1001507,大華村,15,大華街,,３２巷,,２１號,292957.354,2618542.419,花蓮縣光復鄉大華村大華街３２巷２１號
10015,1001507,大華村,15,大華街,,３２巷,,２３號,292943.59,2618540.17,花蓮縣光復鄉大華村大華街３２巷２３號
10015,1001507,大華村,15,大華街,,３２巷,,２５號,292963.96,2618555.91,花蓮縣光復鄉大華村大華街３２巷２５號
10015,1001507,大華村,17,大華街,,,,３５號,292919.278,2618423.616,花蓮縣光復鄉大華村大華街３５號
10015,1001507,大華村,15,大華街,,,,３６號,292919.759,2618440.735,花蓮縣光復鄉大華村大華街３６號
10015,1001507,大華村,17,大華街,,,,３７之１號,292907.348,2618428.466,花蓮縣光復鄉大華村大華街３７之１號
10015,1001507,大華村,17,大華街,,,,３７號,292913.532,2618425.893,花蓮縣光復鄉大華村大華街３７號
10015,1001507,大華村,15,大華街,,,,４０號,292907.283,2618442.947,花蓮縣光復鄉大華村大華街４０號
10015,1001507,大華村,17,大華街,,,,４１號,292894.306,2618434.002,花蓮縣光復鄉大華村大華街４１號
10015,1001507,大華村,15,大華街,,,,４２號,292903.66,2618444.757,花蓮縣光復鄉大華村大華街４２號
10015,1001507,大華村,17,大華街,,,,４３號,292888.964,2618436.194,花蓮縣光復鄉大華村大華街４３號
10015,1001507,大華村,17,大華街,,,,４５號,292883.14,2618438.31,花蓮縣光復鄉大華村大華街４５號
10015,1001507,大華村,15,大華街,,,,４６號,292894.895,2618453.232,花蓮縣光復鄉大華村大華街４６號
10015,1001507,大華村,17,大華街,,,,４９號,292873.44,2618442.108,花蓮縣光復鄉大華村大華街４９號
10015,1001507,大華村,17,大華街,,５１巷,１弄,２號,292847.648,2618411.674,花蓮縣光復鄉大華村大華街５１巷１弄２號
10015,1001507,大華村,17,大華街,,５１巷,１弄,４號,292843.14,2618413.92,花蓮縣光復鄉大華村大華街５１巷１弄４號
10015,1001507,大華村,17,大華街,,５１巷,１弄,１４號,292820.128,2618422.802,花蓮縣光復鄉大華村大華街５１巷１弄１４號
10015,1001507,大華村,17,大華街,,５１巷,１弄,１６號,292815.541,2618424.656,花蓮縣光復鄉大華村大華街５１巷１弄１６號
10015,1001507,大華村,17,大華街,,５１巷,１弄,１８號,292810.955,2618426.511,花蓮縣光復鄉大華村大華街５１巷１弄１８號
10015,1001507,大華村,17,大華街,,５１巷,１弄,２６號,292792.608,2618433.929,花蓮縣光復鄉大華村大華街５１巷１弄２６號
10015,1001507,大華村,17,大華街,,５１巷,１弄,３０號,292783.435,2618437.638,花蓮縣光復鄉大華村大華街５１巷１弄３０號
10015,1001507,大華村,17,大華街,,５１巷,１弄,３２號,292778.848,2618439.493,花蓮縣光復鄉大華村大華街５１巷１弄３２號
10015,1001507,大華村,17,大華街,,,,５３號,292862.59,2618444.88,花蓮縣光復鄉大華村大華街５３號
10015,1001507,大華村,16,大華街,,５４巷,,１號,292867.115,2618476.643,花蓮縣光復鄉大華村大華街５４巷１號
10015,1001507,大華村,16,大華街,,５４巷,,５號,292877.448,2618479.287,花蓮縣光復鄉大華村大華街５４巷５號
10015,1001507,大華村,16,大華街,,５４巷,,７號,292880.724,2618489.99,花蓮縣光復鄉大華村大華街５４巷７號
10015,1001507,大華村,16,大華街,,５４巷,,９號,292879.573,2618505.813,花蓮縣光復鄉大華村大華街５４巷９號
10015,1001507,大華村,16,大華街,,５４巷,,１１號,292888.136,2618513.533,花蓮縣光復鄉大華村大華街５４巷１１號
10015,1001507,大華村,16,大華街,,５４巷,,１３號,292888.914,2618523.947,花蓮縣光復鄉大華村大華街５４巷１３號
10015,1001507,大華村,16,大華街,,５４巷,,１５號,292889.556,2618537.478,花蓮縣光復鄉大華村大華街５４巷１５號
10015,1001507,大華村,16,大華街,,５４巷,,１７號,292894.06,2618544.332,花蓮縣光復鄉大華村大華街５４巷１７號
10015,1001507,大華村,16,大華街,,５４巷,,１９號,292897.593,2618553.125,花蓮縣光復鄉大華村大華街５４巷１９號
10015,1001507,大華村,16,大華街,,５４巷,,２１號,292911.662,2618565.465,花蓮縣光復鄉大華村大華街５４巷２１號
10015,1001507,大華村,16,大華街,,,,５６號,292868.375,2618465.814,花蓮縣光復鄉大華村大華街５６號
10015,1001507,大華村,16,大華街,,,,５８號,292848.843,2618467.954,花蓮縣光復鄉大華村大華街５８號
10015,1001507,大華村,17,大華街,,,,６１號,292839.43,2618454.53,花蓮縣光復鄉大華村大華街６１號
10015,1001507,大華村,17,大華街,,,,６３號,292834.406,2618456.25,花蓮縣光復鄉大華村大華街６３號
10015,1001507,大華村,16,大華街,,,,６４號,292827.665,2618477.018,花蓮縣光復鄉大華村大華街６４號
10015,1001507,大華村,16,大華街,,６６巷,,１號,292819.34,2618493.262,花蓮縣光復鄉大華村大華街６６巷１號
10015,1001507,大華村,16,大華街,,６６巷,,２號,292838.88,2618497.165,花蓮縣光復鄉大華村大華街６６巷２號
10015,1001507,大華村,16,大華街,,６６巷,,３號,292818.699,2618511.942,花蓮縣光復鄉大華村大華街６６巷３號
10015,1001507,大華村,16,大華街,,６６巷,,５號,292802.757,2618518.082,花蓮縣光復鄉大華村大華街６６巷５號
10015,1001507,大華村,16,大華街,,６６巷,,６號,292843.934,2618511.24,花蓮縣光復鄉大華村大華街６６巷６號
10015,1001507,大華村,16,大華街,,６６巷,,７號,292835.129,2618520.826,花蓮縣光復鄉大華村大華街６６巷７號
10015,1001507,大華村,16,大華街,,６６巷,,８號,292859.713,2618521.374,花蓮縣光復鄉大華村大華街６６巷８號
10015,1001507,大華村,16,大華街,,６６巷,,９號,292819.572,2618544.784,花蓮縣光復鄉大華村大華街６６巷９號
10015,1001507,大華村,16,大華街,,６６巷,,１１號,292838.628,2618533.026,花蓮縣光復鄉大華村大華街６６巷１１號
10015,1001507,大華村,16,大華街,,６６巷,,１３號,292828.051,2618560.654,花蓮縣光復鄉大華村大華街６６巷１３號
10015,1001507,大華村,16,大華街,,６６巷,,１５號,292842.826,2618556.147,花蓮縣光復鄉大華村大華街６６巷１５號
10015,1001507,大華村,16,大華街,,６６巷,,１６號,292857.135,2618535.321,花蓮縣光復鄉大華村大華街６６巷１６號
10015,1001507,大華村,16,大華街,,,,７４號,292790.09,2618493.55,花蓮縣光復鄉大華村大華街７４號
10015,1001507,大華村,16,大華街,,,,７８號,292462.293,2618441.849,花蓮縣光復鄉大華村大華街７８號
10015,1001507,大華村,17,大華街,,,,７９號,292797.625,2618471.25,花蓮縣光復鄉大華村大華街７９號
10015,1001507,大華村,16,大華街,,,,８０之１號,292758.206,2618495.243,花蓮縣光復鄉大華村大華街８０之１號
10015,1001507,大華村,16,大華街,,,,８０號,292787.575,2618501.197,花蓮縣光復鄉大華村大華街８０號
10015,1001507,大華村,17,大華街,,８７巷,,１之３號,292589,2618154,花蓮縣光復鄉大華村大華街８７巷１之３號
10015,1001507,大華村,17,大華街,,８７巷,,１號,292578.457,2618121.644,花蓮縣光復鄉大華村大華街８７巷１號
10015,1001507,大華村,17,大華街,,８７巷,,２８號,292666.647,2618348.805,花蓮縣光復鄉大華村大華街８７巷２８號
10015,1001507,大華村,17,大華街,,８７巷,,２８之１號,292633.407,2618281.759,花蓮縣光復鄉大華村大華街８７巷２８之１號
10015,1001507,大華村,17,大華街,,８７巷,,３３號,292689.295,2618324.795,花蓮縣光復鄉大華村大華街８７巷３３號
10015,1001507,大華村,17,大華街,,８７巷,,６８號,292461.24,2617987.23,花蓮縣光復鄉大華村大華街８７巷６８號
10015,1001507,大華村,17,大華街,,８７巷,,６９號,292580.574,2618144.53,花蓮縣光復鄉大華村大華街８７巷６９號
10015,1001507,大華村,16,大華街,,,,９５號,292478.921,2618407.515,花蓮縣光復鄉大華村大華街９５號
10015,1001507,大華村,17,大華街,,,,１０１號,292723.744,2618745.288,花蓮縣光復鄉大華村大華街１０１號
10015,1001507,大華村,17,大華街,,,,１０３號,292160.74,2617847.132,花蓮縣光復鄉大華村大華街１０３號
10015,1001507,大華村,17,大華街,,１０７巷,,２０號,292396.74,2618213.01,花蓮縣光復鄉大華村大華街１０７巷２０號
10015,1001507,大華村,17,大華街,,１０７巷,,２０之３號,292300.174,2618153.615,花蓮縣光復鄉大華村大華街１０７巷２０之３號
10015,1001507,大華村,17,大華街,,１０７巷,,３０號,292075.274,2617858.368,花蓮縣光復鄉大華村大華街１０７巷３０號
10015,1001507,大華村,17,大華街,,１０７巷,,４５號,292037.659,2617933.166,花蓮縣光復鄉大華村大華街１０７巷４５號
10015,1001507,大華村,17,大華街,,１０７巷,,５０號,292124.071,2617868.173,花蓮縣光復鄉大華村大華街１０７巷５０號
10015,1001507,大華村,17,大華街,,１０７巷,,５０之３號,292244.59,2617966.14,花蓮縣光復鄉大華村大華街１０７巷５０之３號
10015,1001507,大華村,17,大華街,,１０７巷,,５０之２號,292184.66,2618024.88,花蓮縣光復鄉大華村大華街１０７巷５０之２號
10015,1001507,大華村,17,大華街,,１０７巷,,５２之１號,292159.67,2617888.18,花蓮縣光復鄉大華村大華街１０７巷５２之１號
10015,1001507,大華村,17,大華街,,１０７巷,,５２號,292225.51,2617870.52,花蓮縣光復鄉大華村大華街１０７巷５２號
10015,1001507,大華村,17,大華街,,１０９巷,,１２之１號,292352.99,2618305.28,花蓮縣光復鄉大華村大華街１０９巷１２之１號
10015,1001507,大華村,17,大華街,,１０９巷,,１２號,292417.5,2618312.24,花蓮縣光復鄉大華村大華街１０９巷１２號
10015,1001507,大華村,17,大華街,,１０９巷,,２６號,292092.162,2618008.846,花蓮縣光復鄉大華村大華街１０９巷２６號
10015,1001507,大華村,17,大華街,,１０９巷,,１０６號,292165.526,2617989.666,花蓮縣光復鄉大華村大華街１０９巷１０６號
10015,1001507,大華村,17,大華街,,１０９巷,,１１０號,292204.45,2617992.95,花蓮縣光復鄉大華村大華街１０９巷１１０號
10015,1001507,大華村,17,大華街,,１０９巷,,１１６號,292213.686,2617984.513,花蓮縣光復鄉大華村大華街１０９巷１１６號
10015,1001507,大華村,17,大華街,,１０９巷,,１２１號,290798.62,2617858.86,花蓮縣光復鄉大華村大華街１０９巷１２１號
10015,1001507,大華村,12,慶華街,,,,１１號,293104.897,2618310.135,花蓮縣光復鄉大華村慶華街１１號
10015,1001507,大華村,12,慶華街,,,,１３號,293106.285,2618315.229,花蓮縣光復鄉大華村慶華街１３號
10015,1001507,大華村,12,慶華街,,,,１５號,293107.672,2618320.324,花蓮縣光復鄉大華村慶華街１５號
10015,1001507,大華村,12,慶華街,,,,１７號,293109.06,2618325.419,花蓮縣光復鄉大華村慶華街１７號
10015,1001507,大華村,12,慶華街,,,,１９號,293110.448,2618330.513,花蓮縣光復鄉大華村慶華街１９號
10015,1001507,大華村,12,慶華街,,,,２１號,293111.835,2618335.608,花蓮縣光復鄉大華村慶華街２１號
10015,1001507,大華村,12,慶華街,,,,２３號,293113.223,2618340.703,花蓮縣光復鄉大華村慶華街２３號
10015,1001507,大華村,1,敦厚路,,,,１號,293397.68,2618020.63,花蓮縣光復鄉大華村敦厚路１號
10015,1001507,大華村,1,敦厚路,,,,２號,293420.964,2618040.342,花蓮縣光復鄉大華村敦厚路２號
10015,1001507,大華村,1,敦厚路,,,,９號,293408.261,2618042.692,花蓮縣光復鄉大華村敦厚路９號
10015,1001507,大華村,1,敦厚路,,,,１１號,293409.608,2618047.16,花蓮縣光復鄉大華村敦厚路１１號
10015,1001507,大華村,1,敦厚路,,,,１３號,293410.954,2618051.628,花蓮縣光復鄉大華村敦厚路１３號
10015,1001507,大華村,1,敦厚路,,,,１５號,293412.3,2618056.096,花蓮縣光復鄉大華村敦厚路１５號
10015,1001507,大華村,1,敦厚路,,,,１７號,293413.647,2618060.564,花蓮縣光復鄉大華村敦厚路１７號
10015,1001507,大華村,1,敦厚路,,,,１９號,293414.993,2618065.033,花蓮縣光復鄉大華村敦厚路１９號
10015,1001507,大華村,1,敦厚路,,,,２１號,293416.34,2618069.501,花蓮縣光復鄉大華村敦厚路２１號
10015,1001507,大華村,1,敦厚路,,２３巷,,１號,293409.451,2618073.837,花蓮縣光復鄉大華村敦厚路２３巷１號
10015,1001507,大華村,1,敦厚路,,２３巷,,５號,293386.013,2618075.859,花蓮縣光復鄉大華村敦厚路２３巷５號
10015,1001507,大華村,1,敦厚路,,２３巷,,６號,293395.638,2618091.609,花蓮縣光復鄉大華村敦厚路２３巷６號
10015,1001507,大華村,1,敦厚路,,２３巷,,８號,293392.686,2618092.85,花蓮縣光復鄉大華村敦厚路２３巷８號
10015,1001507,大華村,1,敦厚路,,２３巷,,２２號,293383.45,2618157.699,花蓮縣光復鄉大華村敦厚路２３巷２２號
10015,1001507,大華村,1,敦厚路,,２３巷,,２４號,293369.692,2618163.652,花蓮縣光復鄉大華村敦厚路２３巷２４號
10015,1001507,大華村,1,敦厚路,,,,２５號,293422.524,2618081.914,花蓮縣光復鄉大華村敦厚路２５號
10015,1001507,大華村,1,敦厚路,,,,２７號,293425.378,2618086.58,花蓮縣光復鄉大華村敦厚路２７號
10015,1001507,大華村,1,敦厚路,,,,２９號,293427.388,2618090.274,花蓮縣光復鄉大華村敦厚路２９號
10015,1001507,大華村,1,敦厚路,,,,２９之１號,293429.042,2618094.227,花蓮縣光復鄉大華村敦厚路２９之１號
10015,1001507,大華村,1,敦厚路,,,,２９之２號,293430.858,2618098.179,花蓮縣光復鄉大華村敦厚路２９之２號
10015,1001507,大華村,1,敦厚路,,,,２９之３號,293432.575,2618102.164,花蓮縣光復鄉大華村敦厚路２９之３號
10015,1001507,大華村,1,敦厚路,,,,３１號,293434.238,2618105.805,花蓮縣光復鄉大華村敦厚路３１號
10015,1001507,大華村,1,敦厚路,,,,３３號,293436.175,2618110.503,花蓮縣光復鄉大華村敦厚路３３號
10015,1001507,大華村,1,敦厚路,,,,３５號,293438.364,2618114.696,花蓮縣光復鄉大華村敦厚路３５號
10015,1001507,大華村,1,敦厚路,,,,３９號,293441.101,2618123.81,花蓮縣光復鄉大華村敦厚路３９號
10015,1001507,大華村,1,敦厚路,,,,４１號,293446.756,2618137.299,花蓮縣光復鄉大華村敦厚路４１號
10015,1001507,大華村,1,敦厚路,,,,４５號,293450.587,2618146.96,花蓮縣光復鄉大華村敦厚路４５號
10015,1001507,大華村,1,敦厚路,,,,４７號,293452.594,2618152.064,花蓮縣光復鄉大華村敦厚路４７號
10015,1001507,大華村,5,敦厚路,,,,５３號,293463.381,2618172.815,花蓮縣光復鄉大華村敦厚路５３號
10015,1001507,大華村,5,敦厚路,,,,５５號,293464.564,2618176.247,花蓮縣光復鄉大華村敦厚路５５號
10015,1001507,大華村,5,敦厚路,,,,５７號,293465.746,2618179.679,花蓮縣光復鄉大華村敦厚路５７號
10015,1001507,大華村,5,敦厚路,,,,５９號,293466.929,2618183.111,花蓮縣光復鄉大華村敦厚路５９號
10015,1001507,大華村,5,敦厚路,,,,６１號,293467.063,2618187.046,花蓮縣光復鄉大華村敦厚路６１號
10015,1001507,大華村,5,敦厚路,,,,６３號,293470.661,2618194.014,花蓮縣光復鄉大華村敦厚路６３號
10015,1001507,大華村,5,敦厚路,,,,６５號,293472.061,2618198.189,花蓮縣光復鄉大華村敦厚路６５號
10015,1001507,大華村,5,敦厚路,,,,６７號,293473.462,2618202.363,花蓮縣光復鄉大華村敦厚路６７號
10015,1001507,大華村,5,敦厚路,,,,６９號,293474.862,2618206.537,花蓮縣光復鄉大華村敦厚路６９號
10015,1001507,大華村,5,敦厚路,,,,７１號,293476.262,2618210.711,花蓮縣光復鄉大華村敦厚路７１號
10015,1001507,大華村,5,敦厚路,,,,７３號,293477.663,2618214.885,花蓮縣光復鄉大華村敦厚路７３號
10015,1001507,大華村,5,敦厚路,,,,７５號,293479.064,2618219.059,花蓮縣光復鄉大華村敦厚路７５號
10015,1001507,大華村,5,敦厚路,,,,７７號,293480.464,2618223.234,花蓮縣光復鄉大華村敦厚路７７號
10015,1001507,大華村,5,敦厚路,,,,７９號,293481.865,2618227.408,花蓮縣光復鄉大華村敦厚路７９號
10015,1001507,大華村,5,敦厚路,,,,８１號,293483.265,2618231.582,花蓮縣光復鄉大華村敦厚路８１號
10015,1001507,大華村,5,敦厚路,,,,８３號,293484.665,2618235.756,花蓮縣光復鄉大華村敦厚路８３號
10015,1001507,大華村,5,敦厚路,,,,８５號,293486.066,2618239.93,花蓮縣光復鄉大華村敦厚路８５號
10015,1001507,大華村,5,敦厚路,,,,８７號,293486.69,2618243.31,花蓮縣光復鄉大華村敦厚路８７號
10015,1001507,大華村,5,敦厚路,,,,８９號,293488.867,2618248.279,花蓮縣光復鄉大華村敦厚路８９號
10015,1001507,大華村,5,敦厚路,,,,９１號,293490.267,2618252.453,花蓮縣光復鄉大華村敦厚路９１號
10015,1001507,大華村,5,敦厚路,,,,９３號,293491.668,2618256.627,花蓮縣光復鄉大華村敦厚路９３號
10015,1001507,大華村,5,敦厚路,,,,９５號,293493.068,2618260.801,花蓮縣光復鄉大華村敦厚路９５號
10015,1001507,大華村,5,敦厚路,,,,９９號,293495.869,2618269.149,花蓮縣光復鄉大華村敦厚路９９號
10015,1001507,大華村,5,敦厚路,,,,１０１號,293497.27,2618273.324,花蓮縣光復鄉大華村敦厚路１０１號
10015,1001507,大華村,5,敦厚路,,,,１０５號,293499.694,2618288.221,花蓮縣光復鄉大華村敦厚路１０５號
10015,1001507,大華村,5,敦厚路,,,,１０７號,293502.174,2618293.614,花蓮縣光復鄉大華村敦厚路１０７號
10015,1001507,大華村,5,敦厚路,,,,１０９號,293503.737,2618298.35,花蓮縣光復鄉大華村敦厚路１０９號
10015,1001507,大華村,5,林森路,,,,１１１號,293487.224,2618331.012,花蓮縣光復鄉大華村林森路１１１號
10015,1001507,大華村,5,林森路,,,,１１３號,293486.43,2618336.436,花蓮縣光復鄉大華村林森路１１３號
10015,1001507,大華村,5,林森路,,,,１１７號,293472.271,2618337.724,花蓮縣光復鄉大華村林森路１１７號
10015,1001507,大華村,5,林森路,,,,１１９號,293481.482,2618343.473,花蓮縣光復鄉大華村林森路１１９號
10015,1001507,大華村,5,林森路,,,,１３１號,293462.934,2618361.879,花蓮縣光復鄉大華村林森路１３１號
10015,1001507,大華村,5,林森路,,,,１３５號,293451.933,2618375.567,花蓮縣光復鄉大華村林森路１３５號
10015,1001507,大華村,5,林森路,,,,１４１號,293435.876,2618367.378,花蓮縣光復鄉大華村林森路１４１號
10015,1001507,大華村,5,林森路,,,,１４５號,293443.838,2618386.144,花蓮縣光復鄉大華村林森路１４５號
10015,1001507,大華村,5,林森路,,１４７巷,,１之１號,293427.477,2618399.393,花蓮縣光復鄉大華村林森路１４７巷１之１號
10015,1001507,大華村,5,林森路,,１４７巷,,１號,293417.11,2618378.314,花蓮縣光復鄉大華村林森路１４７巷１號
10015,1001507,大華村,5,林森路,,１４７巷,,１之２號,293413.653,2618398.874,花蓮縣光復鄉大華村林森路１４７巷１之２號
10015,1001507,大華村,5,林森路,,１４７巷,,２號,293413.742,2618375.683,花蓮縣光復鄉大華村林森路１４７巷２號
10015,1001507,大華村,5,林森路,,１４７巷,,３號,293410.373,2618373.053,花蓮縣光復鄉大華村林森路１４７巷３號
10015,1001507,大華村,5,林森路,,１４７巷,,４號,293407.005,2618370.422,花蓮縣光復鄉大華村林森路１４７巷４號
10015,1001507,大華村,5,林森路,,１４７巷,,５號,293403.636,2618367.792,花蓮縣光復鄉大華村林森路１４７巷５號
10015,1001507,大華村,5,林森路,,１４７巷,,６號,293400.268,2618365.161,花蓮縣光復鄉大華村林森路１４７巷６號
10015,1001507,大華村,8,林森路,,,,１７３號,293357.404,2618482.921,花蓮縣光復鄉大華村林森路１７３號
10015,1001507,大華村,8,林森路,,,,１７５號,293351.584,2618492.049,花蓮縣光復鄉大華村林森路１７５號
10015,1001507,大華村,8,林森路,,,,１８１號,293343.51,2618510.99,花蓮縣光復鄉大華村林森路１８１號
10015,1001507,大華村,8,林森路,,,,１８３號,293335.344,2618513.25,花蓮縣光復鄉大華村林森路１８３號
10015,1001507,大華村,8,林森路,,,,１８７之１號,293315.83,2618516.58,花蓮縣光復鄉大華村林森路１８７之１號
10015,1001507,大華村,8,林森路,,,,１８７號,293333.55,2618524.38,花蓮縣光復鄉大華村林森路１８７號
10015,1001507,大華村,8,林森路,,,,１８９之１號,293317.118,2618537.953,花蓮縣光復鄉大華村林森路１８９之１號
10015,1001507,大華村,8,林森路,,,,１８９號,293311.076,2618542.38,花蓮縣光復鄉大華村林森路１８９號
10015,1001507,大華村,6,林森路,,,,１９３號,293317.118,2618554.655,花蓮縣光復鄉大華村林森路１９３號
10015,1001507,大華村,6,林森路,,,,１９９號,293301.057,2618582.627,花蓮縣光復鄉大華村林森路１９９號
10015,1001507,大華村,6,林森路,,,,２０３號,293285.034,2618608.737,花蓮縣光復鄉大華村林森路２０３號
10015,1001507,大華村,6,林森路,,,,２０３之１號,293283.944,2618611.349,花蓮縣光復鄉大華村林森路２０３之１號
10015,1001507,大華村,6,林森路,,,,２０５號,293267.299,2618639.366,花蓮縣光復鄉大華村林森路２０５號
10015,1001507,大華村,6,林森路,,,,２０７號,293255.94,2618641.46,花蓮縣光復鄉大華村林森路２０７號
10015,1001507,大華村,6,林森路,,,,２１５之１號,293247.231,2618669.573,花蓮縣光復鄉大華村林森路２１５之１號
10015,1001507,大華村,6,林森路,,,,２１５號,293248.289,2618665.207,花蓮縣光復鄉大華村林森路２１５號
10015,1001507,大華村,6,林森路,,,,２１７號,293228.23,2618662.097,花蓮縣光復鄉大華村林森路２１７號
10015,1001507,大華村,6,林森路,,,,２２３號,293240.68,2618684.905,花蓮縣光復鄉大華村林森路２２３號
10015,1001507,大華村,6,林森路,,,,２２５號,293219.583,2618681.449,花蓮縣光復鄉大華村林森路２２５號
10015,1001507,大華村,6,林森路,,,,２２９號,293232.204,2618702.004,花蓮縣光復鄉大華村林森路２２９號
10015,1001507,大華村,6,林森路,,,,２３５號,293224.47,2618709.45,花蓮縣光復鄉大華村林森路２３５號
10015,1001507,大華村,6,林森路,,,,２３７號,293221.03,2618713.28,花蓮縣光復鄉大華村林森路２３７號
10015,1001507,大華村,6,林森路,,,,２３９號,293214.681,2618725.194,花蓮縣光復鄉大華村林森路２３９號
10015,1001507,大華村,6,林森路,,,,２４１號,293204.158,2618741.705,花蓮縣光復鄉大華村林森路２４１號
10015,1001507,大華村,7,林森路,,,,２４５號,293192.929,2618767.543,花蓮縣光復鄉大華村林森路２４５號
10015,1001507,大華村,7,林森路,,,,２９５之２號,293095.922,2618904.406,花蓮縣光復鄉大華村林森路２９５之２號
10015,1001507,大華村,7,林森路,,,,２９５之５號,293093.839,2618908.723,花蓮縣光復鄉大華村林森路２９５之５號
10015,1001507,大華村,7,林森路,,,,２９５之１號,293106.715,2618883.487,花蓮縣光復鄉大華村林森路２９５之１號
10015,1001507,大華村,7,林森路,,,,２９５之１２號,292923.506,2619144.199,花蓮縣光復鄉大華村林森路２９５之１２號
10015,1001507,大華村,12,華新街,,,,１號,293102.722,2618191.429,花蓮縣光復鄉大華村華新街１號
10015,1001507,大華村,12,華新街,,,,２之１號,293109.48,2618172.734,花蓮縣光復鄉大華村華新街２之１號
10015,1001507,大華村,12,華新街,,,,２號,293113.978,2618171.279,花蓮縣光復鄉大華村華新街２號
10015,1001507,大華村,12,華新街,,,,６號,293103.825,2618174.192,花蓮縣光復鄉大華村華新街６號
10015,1001507,大華村,12,華新街,,,,８號,293098.094,2618175.474,花蓮縣光復鄉大華村華新街８號
10015,1001507,大華村,12,華新街,,,,１０號,293091.84,2618176.756,花蓮縣光復鄉大華村華新街１０號
10015,1001507,大豐村,8,,大豐,,,１０４之２號,289186.89,2610416.67,花蓮縣光復鄉大豐村大豐１０４之２號
10015,1001507,大豐村,16,,大豐,,,１６４之２號,289223.19,2611847.45,花蓮縣光復鄉大豐村大豐１６４之２號
10015,1001507,大豐村,8,,大豐,,,１０５號,289200.79,2610475.11,花蓮縣光復鄉大豐村大豐１０５號
10015,1001507,大豐村,13,,大豐,,,１５０之１號,288860.13,2611448.57,花蓮縣光復鄉大豐村大豐１５０之１號
10015,1001507,大豐村,10,,大豐,,,２５８之１號,288317.08,2610404.75,花蓮縣光復鄉大豐村大豐２５８之１號
10015,1001507,大豐村,16,,大豐,,,１６４之１５號,289245.74,2612018.59,花蓮縣光復鄉大豐村大豐１６４之１５號
10015,1001507,大豐村,16,,大豐,,,１６４之３號,289208.37,2611633.8,花蓮縣光復鄉大豐村大豐１６４之３號
10015,1001507,大豐村,11,,大豐,,,１２４之１號,289208.03,2611169.64,花蓮縣光復鄉大豐村大豐１２４之１號
10015,1001507,大豐村,13,,大豐,,,１４７之２號,288997,2611673.03,花蓮縣光復鄉大豐村大豐１４７之２號
10015,1001507,大豐村,7,,大豐,,,１０１號,289377.36,2610522.18,花蓮縣光復鄉大豐村大豐１０１號
10015,1001507,大豐村,13,,大豐,,,１６１之１號,288590.75,2611721.38,花蓮縣光復鄉大豐村大豐１６１之１號
10015,1001507,大豐村,14,,大豐,,,２２５之１號,288372,2611717.07,花蓮縣光復鄉大豐村大豐２２５之１號
10015,1001507,大豐村,10,,大豐,,,２５７之１號,288379.77,2610162.63,花蓮縣光復鄉大豐村大豐２５７之１號
10015,1001507,大豐村,7,,大豐,,,９６號,289398.661,2610652.589,花蓮縣光復鄉大豐村大豐９６號
10015,1001507,大豐村,7,,大豐,,,９７之１號,289380.405,2610649.282,花蓮縣光復鄉大豐村大豐９７之１號
10015,1001507,大豐村,7,,大豐,,,９９號,289327.095,2610662.437,花蓮縣光復鄉大豐村大豐９９號
10015,1001507,大豐村,7,,大豐,,,１００之１號,289380.29,2610600.34,花蓮縣光復鄉大豐村大豐１００之１號
10015,1001507,大豐村,7,,大豐,,,１００號,289455.8,2610658.36,花蓮縣光復鄉大豐村大豐１００號
10015,1001507,大豐村,7,,大豐,,,１０３號,289304.39,2610487.302,花蓮縣光復鄉大豐村大豐１０３號
10015,1001507,大豐村,7,,大豐,,,１０４號,289276.329,2610471.047,花蓮縣光復鄉大豐村大豐１０４號
10015,1001507,大豐村,8,,大豐,,,１０６號,289170.1,2610457.519,花蓮縣光復鄉大豐村大豐１０６號
10015,1001507,大豐村,8,,大豐,,,１０７之２號,289146.976,2610386.128,花蓮縣光復鄉大豐村大豐１０７之２號
10015,1001507,大豐村,8,,大豐,,,１０７號,289070.079,2610390.091,花蓮縣光復鄉大豐村大豐１０７號
10015,1001507,大豐村,8,,大豐,,,１０７之１號,289108.289,2610400.126,花蓮縣光復鄉大豐村大豐１０７之１號
10015,1001507,大豐村,8,,大豐,,,１０８號,288845.598,2610389.587,花蓮縣光復鄉大豐村大豐１０８號
10015,1001507,大豐村,8,,大豐,,,１０８之１號,288856.267,2610372.271,花蓮縣光復鄉大豐村大豐１０８之１號
10015,1001507,大豐村,8,,大豐,,,１０９之５號,288940.429,2610444.674,花蓮縣光復鄉大豐村大豐１０９之５號
10015,1001507,大豐村,8,,大豐,,,１０９號,288935.666,2610355.245,花蓮縣光復鄉大豐村大豐１０９號
10015,1001507,大豐村,8,,大豐,,,１１０號,289095.595,2610342.565,花蓮縣光復鄉大豐村大豐１１０號
10015,1001507,大豐村,8,,大豐,,,１１２號,289253.006,2610144.594,花蓮縣光復鄉大豐村大豐１１２號
10015,1001507,大豐村,10,,大豐,,,１１７號,288726.15,2610517.116,花蓮縣光復鄉大豐村大豐１１７號
10015,1001507,大豐村,11,,大豐,,,１１７號,288726.15,2610517.116,花蓮縣光復鄉大豐村大豐１１７號
10015,1001507,大豐村,11,,大豐,,,１１８號,288708.82,2610526.43,花蓮縣光復鄉大豐村大豐１１８號
10015,1001507,大豐村,11,,大豐,,,１１９號,288754.899,2610514.954,花蓮縣光復鄉大豐村大豐１１９號
10015,1001507,大豐村,11,,大豐,,,１２１之８號,288928.79,2610707.61,花蓮縣光復鄉大豐村大豐１２１之８號
10015,1001507,大豐村,8,,大豐,,,１２１號,288843.257,2610597.797,花蓮縣光復鄉大豐村大豐１２１號
10015,1001507,大豐村,11,,大豐,,,１２２號,289020.44,2610784.91,花蓮縣光復鄉大豐村大豐１２２號
10015,1001507,大豐村,11,,大豐,,,１２３號,288764.591,2610713.581,花蓮縣光復鄉大豐村大豐１２３號
10015,1001507,大豐村,11,,大豐,,,１２４號,289203.533,2611174.801,花蓮縣光復鄉大豐村大豐１２４號
10015,1001507,大豐村,11,,大豐,,,１２５號,289207.691,2611184.345,花蓮縣光復鄉大豐村大豐１２５號
10015,1001507,大豐村,8,,大豐,,,１２５之１號,289170.146,2610485.193,花蓮縣光復鄉大豐村大豐１２５之１號
10015,1001507,大豐村,12,,大豐,,,１２６號,289264.42,2611294.9,花蓮縣光復鄉大豐村大豐１２６號
10015,1001507,大豐村,12,,大豐,,,１２７號,289157.562,2611380.262,花蓮縣光復鄉大豐村大豐１２７號
10015,1001507,大豐村,12,,大豐,,,１２８號,289162.241,2611388.678,花蓮縣光復鄉大豐村大豐１２８號
10015,1001507,大豐村,12,,大豐,,,１３０號,289229.05,2611410.792,花蓮縣光復鄉大豐村大豐１３０號
10015,1001507,大豐村,12,,大豐,,,１３１號,289204.387,2611412.91,花蓮縣光復鄉大豐村大豐１３１號
10015,1001507,大豐村,12,,大豐,,,１３２號,289200.022,2611446.605,花蓮縣光復鄉大豐村大豐１３２號
10015,1001507,大豐村,12,,大豐,,,１３７號,289134.875,2611386.75,花蓮縣光復鄉大豐村大豐１３７號
10015,1001507,大豐村,12,,大豐,,,１３９號,289130.41,2611363.951,花蓮縣光復鄉大豐村大豐１３９號
10015,1001507,大豐村,12,,大豐,,,１４０之１號,288986.786,2611458.621,花蓮縣光復鄉大豐村大豐１４０之１號
10015,1001507,大豐村,12,,大豐,,,１４０號,289033.643,2611460.236,花蓮縣光復鄉大豐村大豐１４０號
10015,1001507,大豐村,12,,大豐,,,１４１號,289007.357,2611413.844,花蓮縣光復鄉大豐村大豐１４１號
10015,1001507,大豐村,12,,大豐,,,１４２號,289076.924,2611526.459,花蓮縣光復鄉大豐村大豐１４２號
10015,1001507,大豐村,12,,大豐,,,１４３號,289097.931,2611561.232,花蓮縣光復鄉大豐村大豐１４３號
10015,1001507,大豐村,12,,大豐,,,１４４號,289065.343,2611536.097,花蓮縣光復鄉大豐村大豐１４４號
10015,1001507,大豐村,13,,大豐,,,１４５號,288977.532,2611513.04,花蓮縣光復鄉大豐村大豐１４５號
10015,1001507,大豐村,13,,大豐,,,１４６號,288810.9,2611607.273,花蓮縣光復鄉大豐村大豐１４６號
10015,1001507,大豐村,13,,大豐,,,１４７號,288945.678,2611649.733,花蓮縣光復鄉大豐村大豐１４７號
10015,1001507,大豐村,13,,大豐,,,１４７之１號,288985.367,2611655.436,花蓮縣光復鄉大豐村大豐１４７之１號
10015,1001507,大豐村,13,,大豐,,,１４８號,288863.314,2611648.533,花蓮縣光復鄉大豐村大豐１４８號
10015,1001507,大豐村,13,,大豐,,,１４９號,288404.89,2610748.67,花蓮縣光復鄉大豐村大豐１４９號
10015,1001507,大豐村,13,,大豐,,,１５０號,288871.515,2611417.484,花蓮縣光復鄉大豐村大豐１５０號
10015,1001507,大豐村,13,,大豐,,,１５１號,288863.6,2611377.877,花蓮縣光復鄉大豐村大豐１５１號
10015,1001507,大豐村,11,,大豐,,,１５２號,288808.374,2610896.542,花蓮縣光復鄉大豐村大豐１５２號
10015,1001507,大豐村,11,,大豐,,,１５３號,288785.76,2610871.79,花蓮縣光復鄉大豐村大豐１５３號
10015,1001507,大豐村,11,,大豐,,,１５４號,288716.437,2610740.67,花蓮縣光復鄉大豐村大豐１５４號
10015,1001507,大豐村,11,,大豐,,,１５５號,288573.696,2610748.28,花蓮縣光復鄉大豐村大豐１５５號
10015,1001507,大豐村,11,,大豐,,,１５６號,288580.179,2610760.507,花蓮縣光復鄉大豐村大豐１５６號
10015,1001507,大豐村,13,,大豐,,,１５７之１號,288723.706,2611226.306,花蓮縣光復鄉大豐村大豐１５７之１號
10015,1001507,大豐村,13,,大豐,,,１５７號,288772.56,2611266.13,花蓮縣光復鄉大豐村大豐１５７號
10015,1001507,大豐村,13,,大豐,,,１５８號,288605.555,2611524.391,花蓮縣光復鄉大豐村大豐１５８號
10015,1001507,大豐村,13,,大豐,,,１５９號,288680.205,2611484.446,花蓮縣光復鄉大豐村大豐１５９號
10015,1001507,大豐村,13,,大豐,,,１６０號,288592.825,2611442.053,花蓮縣光復鄉大豐村大豐１６０號
10015,1001507,大豐村,13,,大豐,,,１６１之２號,288578.325,2611744.271,花蓮縣光復鄉大豐村大豐１６１之２號
10015,1001507,大豐村,13,,大豐,,,１６１號,288753.613,2611739.748,花蓮縣光復鄉大豐村大豐１６１號
10015,1001507,大豐村,13,,大豐,,,１６２號,289232.07,2611776.326,花蓮縣光復鄉大豐村大豐１６２號
10015,1001507,大豐村,12,,大豐,,,１６２號,289232.07,2611776.326,花蓮縣光復鄉大豐村大豐１６２號
10015,1001507,大豐村,16,,大豐,,,１６４之５號,289127.472,2611716.304,花蓮縣光復鄉大豐村大豐１６４之５號
10015,1001507,大豐村,16,,大豐,,,１６４之１號,289203.743,2611700.748,花蓮縣光復鄉大豐村大豐１６４之１號
10015,1001507,大豐村,16,,大豐,,,１６４號,289194.926,2611678.129,花蓮縣光復鄉大豐村大豐１６４號
10015,1001507,大豐村,16,,大豐,,,１６６號,289264.156,2611659.25,花蓮縣光復鄉大豐村大豐１６６號
10015,1001507,大豐村,16,,大豐,,,１７１號,288376.549,2611929.259,花蓮縣光復鄉大豐村大豐１７１號
10015,1001507,大豐村,16,,大豐,,,１７３號,288097.322,2612169.659,花蓮縣光復鄉大豐村大豐１７３號
10015,1001507,大豐村,16,,大豐,,,１７６號,288110.551,2612093.922,花蓮縣光復鄉大豐村大豐１７６號
10015,1001507,大豐村,16,,大豐,,,１７７號,287993.42,2612127.77,花蓮縣光復鄉大豐村大豐１７７號
10015,1001507,大豐村,17,,大豐,,,１８１號,287947.13,2612211.3,花蓮縣光復鄉大豐村大豐１８１號
10015,1001507,大豐村,17,,大豐,,,１８２號,287922.162,2612209.562,花蓮縣光復鄉大豐村大豐１８２號
10015,1001507,大豐村,17,,大豐,,,１８３號,287848.187,2612158.328,花蓮縣光復鄉大豐村大豐１８３號
10015,1001507,大豐村,16,,大豐,,,１８５號,287989.73,2612008.03,花蓮縣光復鄉大豐村大豐１８５號
10015,1001507,大豐村,17,,大豐,,,１８７號,287807.93,2612189.123,花蓮縣光復鄉大豐村大豐１８７號
10015,1001507,大豐村,17,,大豐,,,１８７之１號,287709.31,2612210.619,花蓮縣光復鄉大豐村大豐１８７之１號
10015,1001507,大豐村,17,,大豐,,,１８８號,287664.083,2612292.058,花蓮縣光復鄉大豐村大豐１８８號
10015,1001507,大豐村,17,,大豐,,,１８９號,287568.496,2612282.291,花蓮縣光復鄉大豐村大豐１８９號
10015,1001507,大豐村,17,,大豐,,,１９０號,287475.849,2612268.468,花蓮縣光復鄉大豐村大豐１９０號
10015,1001507,大豐村,17,,大豐,,,１９１號,287417.37,2612167.26,花蓮縣光復鄉大豐村大豐１９１號
10015,1001507,大豐村,14,,大豐,,,２１７號,288122.225,2611749.868,花蓮縣光復鄉大豐村大豐２１７號
10015,1001507,大豐村,14,,大豐,,,２１８號,288119.061,2611744.154,花蓮縣光復鄉大豐村大豐２１８號
10015,1001507,大豐村,14,,大豐,,,２２２號,288156.178,2611736.477,花蓮縣光復鄉大豐村大豐２２２號
10015,1001507,大豐村,14,,大豐,,,２２３號,288168.48,2611718.699,花蓮縣光復鄉大豐村大豐２２３號
10015,1001507,大豐村,14,,大豐,,,２２４號,288213.529,2611676.704,花蓮縣光復鄉大豐村大豐２２４號
10015,1001507,大豐村,14,,大豐,,,２２５之２號,288409.62,2611754.22,花蓮縣光復鄉大豐村大豐２２５之２號
10015,1001507,大豐村,14,,大豐,,,２２６號,288256.118,2611612.698,花蓮縣光復鄉大豐村大豐２２６號
10015,1001507,大豐村,14,,大豐,,,２２７號,288311.919,2611657.204,花蓮縣光復鄉大豐村大豐２２７號
10015,1001507,大豐村,14,,大豐,,,２２８號,288276.257,2611687.107,花蓮縣光復鄉大豐村大豐２２８號
10015,1001507,大豐村,14,,大豐,,,２２９號,288372.729,2611543.183,花蓮縣光復鄉大豐村大豐２２９號
10015,1001507,大豐村,14,,大豐,,,２３０號,288312.824,2611589.972,花蓮縣光復鄉大豐村大豐２３０號
10015,1001507,大豐村,14,,大豐,,,２３１號,288277.194,2611548.475,花蓮縣光復鄉大豐村大豐２３１號
10015,1001507,大豐村,14,,大豐,,,２３２號,288297.504,2611474.489,花蓮縣光復鄉大豐村大豐２３２號
10015,1001507,大豐村,14,,大豐,,,２３３號,288277.587,2611451.564,花蓮縣光復鄉大豐村大豐２３３號
10015,1001507,大豐村,14,,大豐,,,２３５號,288421.989,2611512.437,花蓮縣光復鄉大豐村大豐２３５號
10015,1001507,大豐村,14,,大豐,,,２３５之１號,288524.529,2611450.473,花蓮縣光復鄉大豐村大豐２３５之１號
10015,1001507,大豐村,13,,大豐,,,２３６號,288590.675,2611377.69,花蓮縣光復鄉大豐村大豐２３６號
10015,1001507,大豐村,13,,大豐,,,２３７號,288640.565,2611313.928,花蓮縣光復鄉大豐村大豐２３７號
10015,1001507,大豐村,11,,大豐,,,２４３號,288925.345,2610704.451,花蓮縣光復鄉大豐村大豐２４３號
10015,1001507,大豐村,10,,大豐,,,２５０號,288492.088,2610362.108,花蓮縣光復鄉大豐村大豐２５０號
10015,1001507,大豐村,9,,大豐,,,２５１號,288770.332,2609726.986,花蓮縣光復鄉大豐村大豐２５１號
10015,1001507,大豐村,10,,大豐,,,２５１號,288770.332,2609726.986,花蓮縣光復鄉大豐村大豐２５１號
10015,1001507,大豐村,10,,大豐,,,２５５號,288461.261,2610250.176,花蓮縣光復鄉大豐村大豐２５５號
10015,1001507,大豐村,10,,大豐,,,２５７號,288373.95,2610169.645,花蓮縣光復鄉大豐村大豐２５７號
10015,1001507,大豐村,10,,大豐,,,２５８號,288389.978,2610162.598,花蓮縣光復鄉大豐村大豐２５８號
10015,1001507,大豐村,10,,大豐,,,２５９號,288465.329,2609998.689,花蓮縣光復鄉大豐村大豐２５９號
10015,1001507,大豐村,10,,大豐,,,２５９之１號,288451.081,2610253.328,花蓮縣光復鄉大豐村大豐２５９之１號
10015,1001507,大豐村,9,,大豐,,,２６０號,288384.441,2609792.816,花蓮縣光復鄉大豐村大豐２６０號
10015,1001507,大豐村,9,,大豐,,,２６１號,288527.783,2609765.633,花蓮縣光復鄉大豐村大豐２６１號
10015,1001507,大豐村,9,,大豐,,,２６２號,288558.822,2609727.554,花蓮縣光復鄉大豐村大豐２６２號
10015,1001507,大豐村,9,,大豐,,,２６３號,288574.051,2609715.869,花蓮縣光復鄉大豐村大豐２６３號
10015,1001507,大豐村,10,,大豐,,,２６４號,288476.326,2609977.411,花蓮縣光復鄉大豐村大豐２６４號
10015,1001507,大豐村,9,,大豐,,,２６５之１號,288808.204,2609712.336,花蓮縣光復鄉大豐村大豐２６５之１號
10015,1001507,大豐村,9,,大豐,,,２６５號,288826.242,2609753.046,花蓮縣光復鄉大豐村大豐２６５號
10015,1001507,大豐村,9,,大豐,,,２６６號,288817.201,2609703.498,花蓮縣光復鄉大豐村大豐２６６號
10015,1001507,大豐村,9,,大豐,,,２６７號,288805.419,2609729.822,花蓮縣光復鄉大豐村大豐２６７號
10015,1001507,大豐村,9,,大豐,,,２６８號,288901.337,2609734.536,花蓮縣光復鄉大豐村大豐２６８號
10015,1001507,大豐村,9,,大豐,,,２７０號,288989.592,2609605.559,花蓮縣光復鄉大豐村大豐２７０號
10015,1001507,大豐村,6,尚德街,,,,１之１０號,289686.875,2610853.943,花蓮縣光復鄉大豐村尚德街１之１０號
10015,1001507,大豐村,6,尚德街,,,,１號,289690.064,2611105.639,花蓮縣光復鄉大豐村尚德街１號
10015,1001507,大豐村,1,尚德街,,２巷,,１號,289695.542,2611239.907,花蓮縣光復鄉大豐村尚德街２巷１號
10015,1001507,大豐村,1,尚德街,,２巷,,２號,289709.502,2611328.527,花蓮縣光復鄉大豐村尚德街２巷２號
10015,1001507,大豐村,1,尚德街,,２巷,,３號,289713.332,2611339.671,花蓮縣光復鄉大豐村尚德街２巷３號
10015,1001507,大豐村,1,尚德街,,２巷,,６號,289698.354,2611360.586,花蓮縣光復鄉大豐村尚德街２巷６號
10015,1001507,大豐村,1,尚德街,,２巷,１６弄,１０號,289666.34,2611503.902,花蓮縣光復鄉大豐村尚德街２巷１６弄１０號
10015,1001507,大豐村,1,尚德街,,２巷,,３０號,289594.63,2611671.79,花蓮縣光復鄉大豐村尚德街２巷３０號
10015,1001507,大豐村,16,尚德街,,２巷,,６２號,289412.22,2611736.95,花蓮縣光復鄉大豐村尚德街２巷６２號
10015,1001507,大豐村,6,尚德街,,,,３之１號,289697.083,2611140.515,花蓮縣光復鄉大豐村尚德街３之１號
10015,1001507,大豐村,6,尚德街,,,,３號,289686.583,2611115.989,花蓮縣光復鄉大豐村尚德街３號
10015,1001507,大豐村,6,尚德街,,,,５號,289680.685,2611166.609,花蓮縣光復鄉大豐村尚德街５號
10015,1001507,大豐村,1,尚德街,,,,６號,289684.675,2611185.732,花蓮縣光復鄉大豐村尚德街６號
10015,1001507,大豐村,6,尚德街,,７巷,,１號,289670.629,2611134.561,花蓮縣光復鄉大豐村尚德街７巷１號
10015,1001507,大豐村,6,尚德街,,７巷,,２號,289660.026,2611154.473,花蓮縣光復鄉大豐村尚德街７巷２號
10015,1001507,大豐村,6,尚德街,,７巷,,３號,289673.219,2611118.793,花蓮縣光復鄉大豐村尚德街７巷３號
10015,1001507,大豐村,6,尚德街,,７巷,,５號,289655.455,2611124.585,花蓮縣光復鄉大豐村尚德街７巷５號
10015,1001507,大豐村,6,尚德街,,７巷,,１０號,289642.195,2611139.662,花蓮縣光復鄉大豐村尚德街７巷１０號
10015,1001507,大豐村,6,尚德街,,７巷,,１２號,289631.763,2611129.133,花蓮縣光復鄉大豐村尚德街７巷１２號
10015,1001507,大豐村,6,尚德街,,７巷,,１４號,289617.674,2611098.487,花蓮縣光復鄉大豐村尚德街７巷１４號
10015,1001507,大豐村,6,尚德街,,７巷,,１６號,289619.123,2611083.816,花蓮縣光復鄉大豐村尚德街７巷１６號
10015,1001507,大豐村,6,尚德街,,７巷,,１８之１號,289585.701,2611069.684,花蓮縣光復鄉大豐村尚德街７巷１８之１號
10015,1001507,大豐村,6,尚德街,,７巷,,１８號,289590.296,2611079.959,花蓮縣光復鄉大豐村尚德街７巷１８號
10015,1001507,大豐村,1,尚德街,,,,８號,289666.79,2611195.89,花蓮縣光復鄉大豐村尚德街８號
10015,1001507,大豐村,2,尚德街,,,,１０號,289649.859,2611224.864,花蓮縣光復鄉大豐村尚德街１０號
10015,1001507,大豐村,3,尚德街,,,,１１號,289641.692,2611180.076,花蓮縣光復鄉大豐村尚德街１１號
10015,1001507,大豐村,3,尚德街,,,,１３號,289631.9,2611187.35,花蓮縣光復鄉大豐村尚德街１３號
10015,1001507,大豐村,2,尚德街,,,,１４號,289635.468,2611206.702,花蓮縣光復鄉大豐村尚德街１４號
10015,1001507,大豐村,3,尚德街,,,,１５號,289620.569,2611200.909,花蓮縣光復鄉大豐村尚德街１５號
10015,1001507,大豐村,2,尚德街,,,,１６號,289632.362,2611208.51,花蓮縣光復鄉大豐村尚德街１６號
10015,1001507,大豐村,6,尚德街,,１７巷,,１號,289600.291,2611153.14,花蓮縣光復鄉大豐村尚德街１７巷１號
10015,1001507,大豐村,6,尚德街,,１７巷,,２號,289594.21,2611195.67,花蓮縣光復鄉大豐村尚德街１７巷２號
10015,1001507,大豐村,6,尚德街,,１７巷,,３號,289597.196,2611142.002,花蓮縣光復鄉大豐村尚德街１７巷３號
10015,1001507,大豐村,6,尚德街,,１７巷,,６號,289548.715,2611163.47,花蓮縣光復鄉大豐村尚德街１７巷６號
10015,1001507,大豐村,6,尚德街,,１７巷,,７號,289592.305,2611099.547,花蓮縣光復鄉大豐村尚德街１７巷７號
10015,1001507,大豐村,6,尚德街,,１７巷,,８號,289576.08,2611157.359,花蓮縣光復鄉大豐村尚德街１７巷８號
10015,1001507,大豐村,6,尚德街,,１７巷,,１２號,289569.072,2611140.422,花蓮縣光復鄉大豐村尚德街１７巷１２號
10015,1001507,大豐村,6,尚德街,,１７巷,,１４號,289542.377,2611088.048,花蓮縣光復鄉大豐村尚德街１７巷１４號
10015,1001507,大豐村,2,尚德街,,,,１８號,289627.203,2611211.153,花蓮縣光復鄉大豐村尚德街１８號
10015,1001507,大豐村,3,尚德街,,,,１９號,289612.823,2611206.145,花蓮縣光復鄉大豐村尚德街１９號
10015,1001507,大豐村,2,尚德街,,２０巷,,１號,289624.638,2611231.739,花蓮縣光復鄉大豐村尚德街２０巷１號
10015,1001507,大豐村,2,尚德街,,２０巷,,３號,289630.412,2611242.029,花蓮縣光復鄉大豐村尚德街２０巷３號
10015,1001507,大豐村,2,尚德街,,２０巷,,５號,289645.706,2611268.33,花蓮縣光復鄉大豐村尚德街２０巷５號
10015,1001507,大豐村,1,尚德街,,２０巷,,６號,289674.853,2611298.486,花蓮縣光復鄉大豐村尚德街２０巷６號
10015,1001507,大豐村,2,尚德街,,２０巷,,７號,289648.919,2611340.897,花蓮縣光復鄉大豐村尚德街２０巷７號
10015,1001507,大豐村,1,尚德街,,２０巷,,８號,289687.107,2611315.217,花蓮縣光復鄉大豐村尚德街２０巷８號
10015,1001507,大豐村,1,尚德街,,２０巷,,９號,289649.219,2611273.705,花蓮縣光復鄉大豐村尚德街２０巷９號
10015,1001507,大豐村,1,尚德街,,２０巷,,１０號,289694.604,2611327.237,花蓮縣光復鄉大豐村尚德街２０巷１０號
10015,1001507,大豐村,1,尚德街,,２０巷,,１１號,289657.215,2611296.678,花蓮縣光復鄉大豐村尚德街２０巷１１號
10015,1001507,大豐村,1,尚德街,,２０巷,,１３號,289674.357,2611332.104,花蓮縣光復鄉大豐村尚德街２０巷１３號
10015,1001507,大豐村,1,尚德街,,２０巷,,１５號,289678.655,2611342.101,花蓮縣光復鄉大豐村尚德街２０巷１５號
10015,1001507,大豐村,1,尚德街,,２０巷,,１７號,289682.265,2611350.522,花蓮縣光復鄉大豐村尚德街２０巷１７號
10015,1001507,大豐村,1,尚德街,,２０巷,,１９號,289687.993,2611375.278,花蓮縣光復鄉大豐村尚德街２０巷１９號
10015,1001507,大豐村,3,尚德街,,２０巷,,２１號,289658.586,2611356.357,花蓮縣光復鄉大豐村尚德街２０巷２１號
10015,1001507,大豐村,1,尚德街,,２０巷,,２３號,289666.11,2611362.232,花蓮縣光復鄉大豐村尚德街２０巷２３號
10015,1001507,大豐村,1,尚德街,,２０巷,,２５號,289682.368,2611401.066,花蓮縣光復鄉大豐村尚德街２０巷２５號
10015,1001507,大豐村,2,尚德街,,,,２２號,289618.059,2611218.55,花蓮縣光復鄉大豐村尚德街２２號
10015,1001507,大豐村,3,尚德街,,,,２３號,289597.502,2611214.215,花蓮縣光復鄉大豐村尚德街２３號
10015,1001507,大豐村,3,尚德街,,,,２５號,289590.794,2611217.909,花蓮縣光復鄉大豐村尚德街２５號
10015,1001507,大豐村,3,尚德街,,２６巷,,１號,289608.25,2611257.349,花蓮縣光復鄉大豐村尚德街２６巷１號
10015,1001507,大豐村,3,尚德街,,２６巷,,２號,289612.729,2611283.15,花蓮縣光復鄉大豐村尚德街２６巷２號
10015,1001507,大豐村,3,尚德街,,２６巷,,３號,289628.123,2611294.529,花蓮縣光復鄉大豐村尚德街２６巷３號
10015,1001507,大豐村,3,尚德街,,２６巷,,７號,289639.591,2611283.403,花蓮縣光復鄉大豐村尚德街２６巷７號
10015,1001507,大豐村,3,尚德街,,,,２７號,289578.425,2611225.94,花蓮縣光復鄉大豐村尚德街２７號
10015,1001507,大豐村,3,尚德街,,,,２９號,289563.695,2611234.417,花蓮縣光復鄉大豐村尚德街２９號
10015,1001507,大豐村,4,尚德街,,３０巷,,１號,289578.6,2611255.285,花蓮縣光復鄉大豐村尚德街３０巷１號
10015,1001507,大豐村,4,尚德街,,３０巷,,２號,289595.561,2611290.251,花蓮縣光復鄉大豐村尚德街３０巷２號
10015,1001507,大豐村,4,尚德街,,３０巷,,３號,289602.609,2611306.131,花蓮縣光復鄉大豐村尚德街３０巷３號
10015,1001507,大豐村,4,尚德街,,３０巷,,５號,289606.345,2611328.729,花蓮縣光復鄉大豐村尚德街３０巷５號
10015,1001507,大豐村,3,尚德街,,３０巷,,６號,289634.926,2611325.792,花蓮縣光復鄉大豐村尚德街３０巷６號
10015,1001507,大豐村,3,尚德街,,３０巷,,７號,289643.181,2611381.628,花蓮縣光復鄉大豐村尚德街３０巷７號
10015,1001507,大豐村,3,尚德街,,,,３１號,289546.487,2611191.292,花蓮縣光復鄉大豐村尚德街３１號
10015,1001507,大豐村,4,尚德街,,,,３２號,289596.964,2611228.203,花蓮縣光復鄉大豐村尚德街３２號
10015,1001507,大豐村,3,尚德街,,,,３３號,289543.83,2611244.269,花蓮縣光復鄉大豐村尚德街３３號
10015,1001507,大豐村,5,尚德街,,３４巷,,１號,289563.06,2611299.776,花蓮縣光復鄉大豐村尚德街３４巷１號
10015,1001507,大豐村,4,尚德街,,３４巷,,２號,289594.751,2611353.348,花蓮縣光復鄉大豐村尚德街３４巷２號
10015,1001507,大豐村,4,尚德街,,３４巷,,３號,289632.712,2611407.49,花蓮縣光復鄉大豐村尚德街３４巷３號
10015,1001507,大豐村,3,尚德街,,,,３５號,289531.71,2611250.895,花蓮縣光復鄉大豐村尚德街３５號
10015,1001507,大豐村,5,尚德街,,,,３６號,289538.384,2611263.642,花蓮縣光復鄉大豐村尚德街３６號
10015,1001507,大豐村,3,尚德街,,３７巷,,１號,289523.042,2611202.656,花蓮縣光復鄉大豐村尚德街３７巷１號
10015,1001507,大豐村,3,尚德街,,３７巷,,２號,289469.863,2611192,花蓮縣光復鄉大豐村尚德街３７巷２號
10015,1001507,大豐村,6,尚德街,,３７巷,,６號,289261.365,2611229.375,花蓮縣光復鄉大豐村尚德街３７巷６號
10015,1001507,大豐村,6,尚德街,,３７巷,,１０號,289364.713,2611128.566,花蓮縣光復鄉大豐村尚德街３７巷１０號
10015,1001507,大豐村,5,尚德街,,３８巷,,１號,289538.765,2611312.78,花蓮縣光復鄉大豐村尚德街３８巷１號
10015,1001507,大豐村,5,尚德街,,３８巷,,３號,289555.575,2611348.496,花蓮縣光復鄉大豐村尚德街３８巷３號
10015,1001507,大豐村,5,尚德街,,３８巷,,３之１號,289547.975,2611325.577,花蓮縣光復鄉大豐村尚德街３８巷３之１號
10015,1001507,大豐村,5,尚德街,,３８巷,,７號,289562.601,2611380.442,花蓮縣光復鄉大豐村尚德街３８巷７號
10015,1001507,大豐村,5,尚德街,,３８巷,,８號,289584.827,2611398.094,花蓮縣光復鄉大豐村尚德街３８巷８號
10015,1001507,大豐村,5,尚德街,,３８巷,,８之１號,289592.52,2611413.41,花蓮縣光復鄉大豐村尚德街３８巷８之１號
10015,1001507,大豐村,5,尚德街,,３８巷,,９號,289552.704,2611424.566,花蓮縣光復鄉大豐村尚德街３８巷９號
10015,1001507,大豐村,5,尚德街,,３８巷,,１０號,289534.722,2611447.427,花蓮縣光復鄉大豐村尚德街３８巷１０號
10015,1001507,大豐村,5,尚德街,,３８巷,,１１號,289542.276,2611492.39,花蓮縣光復鄉大豐村尚德街３８巷１１號
10015,1001507,大豐村,5,尚德街,,３８巷,,１２號,289525.751,2611490.48,花蓮縣光復鄉大豐村尚德街３８巷１２號
10015,1001507,大豐村,5,尚德街,,３８巷,,１３號,289387.005,2611601.447,花蓮縣光復鄉大豐村尚德街３８巷１３號
10015,1001507,大豐村,5,尚德街,,,,４０號,289516.457,2611274.203,花蓮縣光復鄉大豐村尚德街４０號
10015,1001507,大豐村,5,尚德街,,,,４２號,289453.815,2611320.101,花蓮縣光復鄉大豐村尚德街４２號
10015,1001507,大豐村,5,尚德街,,,,４６號,289340.452,2611373.299,花蓮縣光復鄉大豐村尚德街４６號
10015,1001507,大豐村,5,尚德街,,,,４８號,289309.755,2611430.081,花蓮縣光復鄉大豐村尚德街４８號
10015,1001507,大豐村,5,尚德街,,,,４８之１號,289358.18,2611983.67,花蓮縣光復鄉大豐村尚德街４８之１號
10015,1001507,大進村,4,中山路一段,,,,１２５號,292743.08,2617086.16,花蓮縣光復鄉大進村中山路一段１２５號
10015,1001507,大進村,4,中山路一段,,,,１３７號,292814.289,2617210.98,花蓮縣光復鄉大進村中山路一段１３７號
10015,1001507,大進村,4,中山路一段,,,,１３９號,292816.321,2617215.323,花蓮縣光復鄉大進村中山路一段１３９號
10015,1001507,大進村,4,中山路一段,,,,１４１號,292818.353,2617219.666,花蓮縣光復鄉大進村中山路一段１４１號
10015,1001507,大進村,4,中山路一段,,,,１４３號,292820.386,2617224.009,花蓮縣光復鄉大進村中山路一段１４３號
10015,1001507,大進村,4,中山路一段,,,,１４５號,292823.099,2617231.346,花蓮縣光復鄉大進村中山路一段１４５號
10015,1001507,大進村,4,中山路一段,,,,１４７號,292825.172,2617235.866,花蓮縣光復鄉大進村中山路一段１４７號
10015,1001507,大進村,4,中山路一段,,,,１４９號,292827.245,2617240.385,花蓮縣光復鄉大進村中山路一段１４９號
10015,1001507,大進村,4,中山路一段,,,,１５１號,292829.318,2617244.904,花蓮縣光復鄉大進村中山路一段１５１號
10015,1001507,大進村,5,中山路一段,,,,１５５號,292831.293,2617257.553,花蓮縣光復鄉大進村中山路一段１５５號
10015,1001507,大進村,5,中山路一段,,,,１５７號,292833.751,2617262.724,花蓮縣光復鄉大進村中山路一段１５７號
10015,1001507,大進村,5,中山路一段,,,,１５９號,292836.208,2617267.894,花蓮縣光復鄉大進村中山路一段１５９號
10015,1001507,大進村,5,中山路一段,,,,１６１號,292838.666,2617273.065,花蓮縣光復鄉大進村中山路一段１６１號
10015,1001507,大進村,6,中山路一段,,,,１６３號,292849.627,2617285.717,花蓮縣光復鄉大進村中山路一段１６３號
10015,1001507,大進村,6,中山路一段,,,,１６５號,292851.514,2617289.895,花蓮縣光復鄉大進村中山路一段１６５號
10015,1001507,大進村,6,中山路一段,,,,１６７號,292853.402,2617294.072,花蓮縣光復鄉大進村中山路一段１６７號
10015,1001507,大進村,6,中山路一段,,,,１６９號,292855.29,2617298.25,花蓮縣光復鄉大進村中山路一段１６９號
10015,1001507,大進村,6,中山路一段,,,,１７３號,292859.066,2617306.605,花蓮縣光復鄉大進村中山路一段１７３號
10015,1001507,大進村,6,中山路一段,,,,１７５號,292860.953,2617310.782,花蓮縣光復鄉大進村中山路一段１７５號
10015,1001507,大進村,6,中山路一段,,,,１７７號,292862.841,2617314.96,花蓮縣光復鄉大進村中山路一段１７７號
10015,1001507,大進村,6,中山路一段,,,,１７９號,292864.729,2617319.137,花蓮縣光復鄉大進村中山路一段１７９號
10015,1001507,大進村,7,中山路一段,,,,１８１號,292866.412,2617331.567,花蓮縣光復鄉大進村中山路一段１８１號
10015,1001507,大進村,7,中山路一段,,,,１８３號,292869.171,2617337.593,花蓮縣光復鄉大進村中山路一段１８３號
10015,1001507,大進村,7,中山路一段,,,,１８５號,292871.93,2617343.619,花蓮縣光復鄉大進村中山路一段１８５號
10015,1001507,大進村,7,中山路一段,,,,１８７號,292874.69,2617349.645,花蓮縣光復鄉大進村中山路一段１８７號
10015,1001507,大進村,7,中山路一段,,,,１８９號,292877.45,2617355.671,花蓮縣光復鄉大進村中山路一段１８９號
10015,1001507,大進村,8,中山路一段,,,,１９１號,292884.993,2617369.72,花蓮縣光復鄉大進村中山路一段１９１號
10015,1001507,大進村,8,中山路一段,,,,１９３號,292887.249,2617375.087,花蓮縣光復鄉大進村中山路一段１９３號
10015,1001507,大進村,8,中山路一段,,,,１９５號,292889.055,2617380.455,花蓮縣光復鄉大進村中山路一段１９５號
10015,1001507,大進村,8,中山路一段,,,,１９７號,292891.311,2617385.822,花蓮縣光復鄉大進村中山路一段１９７號
10015,1001507,大進村,8,中山路一段,,,,１９９號,292891.862,2617389.749,花蓮縣光復鄉大進村中山路一段１９９號
10015,1001507,大進村,8,中山路一段,,,,２０１號,292893.837,2617394.391,花蓮縣光復鄉大進村中山路一段２０１號
10015,1001507,大進村,8,中山路一段,,,,２０３號,292895.524,2617397.871,花蓮縣光復鄉大進村中山路一段２０３號
10015,1001507,大進村,8,中山路一段,,,,２０５號,292896.547,2617401.24,花蓮縣光復鄉大進村中山路一段２０５號
10015,1001507,大進村,8,中山路一段,,,,２０７號,292897.863,2617405.097,花蓮縣光復鄉大進村中山路一段２０７號
10015,1001507,大進村,8,中山路一段,,,,２０９號,292899.391,2617409.747,花蓮縣光復鄉大進村中山路一段２０９號
10015,1001507,大進村,8,中山路一段,,,,２１１號,292900.725,2617414.451,花蓮縣光復鄉大進村中山路一段２１１號
10015,1001507,大進村,8,中山路一段,,,,２１３號,292904.194,2617420,花蓮縣光復鄉大進村中山路一段２１３號
10015,1001507,大進村,8,中山路一段,,,,２１５號,292904.806,2617423.623,花蓮縣光復鄉大進村中山路一段２１５號
10015,1001507,大進村,8,中山路一段,,,,２１７號,292905.486,2617427.393,花蓮縣光復鄉大進村中山路一段２１７號
10015,1001507,大進村,8,中山路一段,,,,２１９號,292905.806,2617430.646,花蓮縣光復鄉大進村中山路一段２１９號
10015,1001507,大進村,8,中山路一段,,,,２２１號,292906.157,2617434.923,花蓮縣光復鄉大進村中山路一段２２１號
10015,1001507,大進村,8,中山路一段,,,,２２３號,292906.434,2617438.265,花蓮縣光復鄉大進村中山路一段２２３號
10015,1001507,大進村,4,中興路,,,,１３８號,292738.81,2617142.55,花蓮縣光復鄉大進村中興路１３８號
10015,1001507,大進村,5,中興路,,１７６巷,１弄,２號,292788.359,2617222.338,花蓮縣光復鄉大進村中興路１７６巷１弄２號
10015,1001507,大進村,5,中興路,,１７６巷,１弄,６號,292789.833,2617226.908,花蓮縣光復鄉大進村中興路１７６巷１弄６號
10015,1001507,大進村,5,中興路,,１７６巷,１弄,８號,292791.404,2617230.979,花蓮縣光復鄉大進村中興路１７６巷１弄８號
10015,1001507,大進村,5,中興路,,１７６巷,１弄,１０號,292792.883,2617234.579,花蓮縣光復鄉大進村中興路１７６巷１弄１０號
10015,1001507,大進村,5,中興路,,１７６巷,１弄,１２號,292794.899,2617238.6,花蓮縣光復鄉大進村中興路１７６巷１弄１２號
10015,1001507,大進村,5,中興路,,１７６巷,１弄,１６號,292796.807,2617243.158,花蓮縣光復鄉大進村中興路１７６巷１弄１６號
10015,1001507,大進村,5,中興路,,１７６巷,１弄,１８號,292798.548,2617247.793,花蓮縣光復鄉大進村中興路１７６巷１弄１８號
10015,1001507,大進村,5,中興路,,１７６巷,１弄,２０號,292801.336,2617253.344,花蓮縣光復鄉大進村中興路１７６巷１弄２０號
10015,1001507,大進村,5,中興路,,１７６巷,１弄,２２號,292802.945,2617257.194,花蓮縣光復鄉大進村中興路１７６巷１弄２２號
10015,1001507,大進村,5,中興路,,,,１７８號,292755.669,2617228.615,花蓮縣光復鄉大進村中興路１７８號
10015,1001507,大進村,5,中興路,,,,１８０號,292756.689,2617232.274,花蓮縣光復鄉大進村中興路１８０號
10015,1001507,大進村,5,中興路,,,,１８２號,292757.771,2617236.332,花蓮縣光復鄉大進村中興路１８２號
10015,1001507,大進村,5,中興路,,,,１８６號,292758.804,2617240.66,花蓮縣光復鄉大進村中興路１８６號
10015,1001507,大進村,5,中興路,,,,１８８號,292760.438,2617244.704,花蓮縣光復鄉大進村中興路１８８號
10015,1001507,大進村,5,中興路,,,,１９０號,292761.347,2617248.583,花蓮縣光復鄉大進村中興路１９０號
10015,1001507,大進村,5,中興路,,,,１９２號,292762.278,2617253.2,花蓮縣光復鄉大進村中興路１９２號
10015,1001507,大進村,5,中興路,,,,１９６號,292763.82,2617258.472,花蓮縣光復鄉大進村中興路１９６號
10015,1001507,大進村,5,中興路,,,,１９８號,292765.867,2617265.204,花蓮縣光復鄉大進村中興路１９８號
10015,1001507,大進村,5,中興路,,,,２００號,292766.887,2617268.863,花蓮縣光復鄉大進村中興路２００號
10015,1001507,大進村,5,中興路,,２０２巷,１弄,１號,292794.563,2617273.274,花蓮縣光復鄉大進村中興路２０２巷１弄１號
10015,1001507,大進村,5,中興路,,２０２巷,１弄,２號,292809.167,2617267.6,花蓮縣光復鄉大進村中興路２０２巷１弄２號
10015,1001507,大進村,5,中興路,,２０２巷,１弄,３號,292796.934,2617278.628,花蓮縣光復鄉大進村中興路２０２巷１弄３號
10015,1001507,大進村,5,中興路,,２０２巷,１弄,４號,292811.56,2617272.854,花蓮縣光復鄉大進村中興路２０２巷１弄４號
10015,1001507,大進村,5,中興路,,２０２巷,１弄,５號,292799.304,2617283.981,花蓮縣光復鄉大進村中興路２０２巷１弄５號
10015,1001507,大進村,5,中興路,,２０２巷,１弄,６號,292813.952,2617278.107,花蓮縣光復鄉大進村中興路２０２巷１弄６號
10015,1001507,大進村,5,中興路,,２０２巷,１弄,７號,292801.674,2617289.335,花蓮縣光復鄉大進村中興路２０２巷１弄７號
10015,1001507,大進村,5,中興路,,２０２巷,１弄,８號,292816.344,2617283.36,花蓮縣光復鄉大進村中興路２０２巷１弄８號
10015,1001507,大進村,5,中興路,,,,２０４號,292773.338,2617281.766,花蓮縣光復鄉大進村中興路２０４號
10015,1001507,大進村,5,中興路,,,,２０６號,292775.435,2617287.166,花蓮縣光復鄉大進村中興路２０６號
10015,1001507,大進村,5,中興路,,,,２０８號,292777.533,2617292.566,花蓮縣光復鄉大進村中興路２０８號
10015,1001507,大進村,5,中興路,,,,２１０號,292779.63,2617297.966,花蓮縣光復鄉大進村中興路２１０號
10015,1001507,大進村,6,中興路,,２１２巷,１弄,１號,292808.75,2617300.377,花蓮縣光復鄉大進村中興路２１２巷１弄１號
10015,1001507,大進村,6,中興路,,２１２巷,１弄,２號,292820.624,2617295.514,花蓮縣光復鄉大進村中興路２１２巷１弄２號
10015,1001507,大進村,6,中興路,,２１２巷,１弄,３號,292811.397,2617305.591,花蓮縣光復鄉大進村中興路２１２巷１弄３號
10015,1001507,大進村,6,中興路,,２１２巷,１弄,４號,292823.056,2617300.777,花蓮縣光復鄉大進村中興路２１２巷１弄４號
10015,1001507,大進村,6,中興路,,２１２巷,１弄,５號,292814.044,2617310.806,花蓮縣光復鄉大進村中興路２１２巷１弄５號
10015,1001507,大進村,6,中興路,,２１２巷,１弄,６號,292825.488,2617306.04,花蓮縣光復鄉大進村中興路２１２巷１弄６號
10015,1001507,大進村,6,中興路,,２１２巷,１弄,７號,292816.691,2617316.02,花蓮縣光復鄉大進村中興路２１２巷１弄７號
10015,1001507,大進村,6,中興路,,２１２巷,１弄,８號,292827.919,2617311.303,花蓮縣光復鄉大進村中興路２１２巷１弄８號
10015,1001507,大進村,6,中興路,,２１２巷,１弄,９號,292819.338,2617321.234,花蓮縣光復鄉大進村中興路２１２巷１弄９號
10015,1001507,大進村,6,中興路,,２１２巷,１弄,１０號,292830.351,2617316.567,花蓮縣光復鄉大進村中興路２１２巷１弄１０號
10015,1001507,大進村,6,中興路,,２１２巷,１弄,１１號,292821.984,2617326.449,花蓮縣光復鄉大進村中興路２１２巷１弄１１號
10015,1001507,大進村,6,中興路,,２１２巷,１弄,１２號,292832.783,2617321.83,花蓮縣光復鄉大進村中興路２１２巷１弄１２號
10015,1001507,大進村,6,中興路,,２１２巷,１弄,１４號,292835.215,2617327.093,花蓮縣光復鄉大進村中興路２１２巷１弄１４號
10015,1001507,大進村,6,中興路,,,,２１４號,292785.69,2617310.235,花蓮縣光復鄉大進村中興路２１４號
10015,1001507,大進村,6,中興路,,,,２１６號,292788.633,2617315.315,花蓮縣光復鄉大進村中興路２１６號
10015,1001507,大進村,6,中興路,,,,２１８號,292791.577,2617320.394,花蓮縣光復鄉大進村中興路２１８號
10015,1001507,大進村,6,中興路,,,,２２０號,292794.52,2617325.474,花蓮縣光復鄉大進村中興路２２０號
10015,1001507,大進村,6,中興路,,,,２２２號,292797.463,2617330.553,花蓮縣光復鄉大進村中興路２２２號
10015,1001507,大進村,6,中興路,,,,２２４號,292800.406,2617335.633,花蓮縣光復鄉大進村中興路２２４號
10015,1001507,大進村,6,中興路,,,,２２６號,292803.35,2617340.712,花蓮縣光復鄉大進村中興路２２６號
10015,1001507,大進村,7,中興路,,２２８巷,１弄,２號,292839.118,2617354.219,花蓮縣光復鄉大進村中興路２２８巷１弄２號
10015,1001507,大進村,7,中興路,,２２８巷,１弄,４號,292841.614,2617359.483,花蓮縣光復鄉大進村中興路２２８巷１弄４號
10015,1001507,大進村,7,中興路,,２２８巷,１弄,６號,292844.11,2617364.747,花蓮縣光復鄉大進村中興路２２８巷１弄６號
10015,1001507,大進村,7,中興路,,２２８巷,１弄,８號,292846.606,2617370.01,花蓮縣光復鄉大進村中興路２２８巷１弄８號
10015,1001507,大進村,7,中興路,,,,２３０號,292810.997,2617354.181,花蓮縣光復鄉大進村中興路２３０號
10015,1001507,大進村,7,中興路,,,,２３２號,292814.124,2617359.136,花蓮縣光復鄉大進村中興路２３２號
10015,1001507,大進村,7,中興路,,,,２３４號,292817.251,2617364.091,花蓮縣光復鄉大進村中興路２３４號
10015,1001507,大進村,7,中興路,,,,２３６號,292820.378,2617369.046,花蓮縣光復鄉大進村中興路２３６號
10015,1001507,大進村,7,中興路,,,,２３８號,292823.505,2617374.001,花蓮縣光復鄉大進村中興路２３８號
10015,1001507,大進村,7,中興路,,,,２４０號,292826.632,2617378.956,花蓮縣光復鄉大進村中興路２４０號
10015,1001507,大進村,8,中興路,,２４２巷,１弄,１號,292863.509,2617379.29,花蓮縣光復鄉大進村中興路２４２巷１弄１號
10015,1001507,大進村,8,中興路,,２４２巷,１弄,２號,292865.849,2617384.514,花蓮縣光復鄉大進村中興路２４２巷１弄２號
10015,1001507,大進村,8,中興路,,２４２巷,１弄,３號,292868.189,2617389.739,花蓮縣光復鄉大進村中興路２４２巷１弄３號
10015,1001507,大進村,8,中興路,,２４２巷,１弄,４號,292870.529,2617394.963,花蓮縣光復鄉大進村中興路２４２巷１弄４號
10015,1001507,大進村,8,中興路,,,,２４４號,292834.996,2617392.415,花蓮縣光復鄉大進村中興路２４４號
10015,1001507,大進村,8,中興路,,,,２４６號,292837.764,2617397.492,花蓮縣光復鄉大進村中興路２４６號
10015,1001507,大進村,8,中興路,,,,２４８號,292840.532,2617402.569,花蓮縣光復鄉大進村中興路２４８號
10015,1001507,大進村,8,中興路,,,,２５０號,292843.3,2617407.64,花蓮縣光復鄉大進村中興路２５０號
10015,1001507,大進村,8,中興路,,,,２５２號,292846.06,2617412.72,花蓮縣光復鄉大進村中興路２５２號
10015,1001507,大進村,12,大進街,,１巷,,１號,293503.809,2616510.809,花蓮縣光復鄉大進村大進街１巷１號
10015,1001507,大進村,12,大進街,,１巷,,２號,293519.151,2616523.513,花蓮縣光復鄉大進村大進街１巷２號
10015,1001507,大進村,12,大進街,,,,２號,293697.213,2616687.207,花蓮縣光復鄉大進村大進街２號
10015,1001507,大進村,12,大進街,,,,３之１號,293444.119,2616781.968,花蓮縣光復鄉大進村大進街３之１號
10015,1001507,大進村,12,大進街,,,,３號,293460.541,2616774.612,花蓮縣光復鄉大進村大進街３號
10015,1001507,大進村,9,大進街,,４巷,,１號,293562.721,2617072.615,花蓮縣光復鄉大進村大進街４巷１號
10015,1001507,大進村,9,大進街,,４巷,,２號,293580.929,2617090.967,花蓮縣光復鄉大進村大進街４巷２號
10015,1001507,大進村,9,大進街,,４巷,,３號,293589.343,2617109.808,花蓮縣光復鄉大進村大進街４巷３號
10015,1001507,大進村,9,大進街,,４巷,,４號,293517.884,2617166.042,花蓮縣光復鄉大進村大進街４巷４號
10015,1001507,大進村,12,大進街,,,,５號,293430.528,2616793.002,花蓮縣光復鄉大進村大進街５號
10015,1001507,大進村,12,大進街,,,,６號,293485.524,2616786.847,花蓮縣光復鄉大進村大進街６號
10015,1001507,大進村,12,大進街,,,,７號,293396.267,2616810.825,花蓮縣光復鄉大進村大進街７號
10015,1001507,大進村,12,大進街,,,,８號,293440.593,2616817.309,花蓮縣光復鄉大進村大進街８號
10015,1001507,大進村,12,大進街,,,,９號,293362.572,2616794.699,花蓮縣光復鄉大進村大進街９號
10015,1001507,大進村,12,大進街,,,,９之１號,293367.7,2616828.8,花蓮縣光復鄉大進村大進街９之１號
10015,1001507,大進村,12,大進街,,,,１０號,293430.069,2616819.323,花蓮縣光復鄉大進村大進街１０號
10015,1001507,大進村,12,大進街,,１２巷,,１號,293427.158,2616837.893,花蓮縣光復鄉大進村大進街１２巷１號
10015,1001507,大進村,12,大進街,,１２巷,,２號,293422.904,2616864.966,花蓮縣光復鄉大進村大進街１２巷２號
10015,1001507,大進村,12,大進街,,１２巷,,３號,293437.47,2616849.66,花蓮縣光復鄉大進村大進街１２巷３號
10015,1001507,大進村,11,大進街,,,,１３號,293329.161,2616844.776,花蓮縣光復鄉大進村大進街１３號
10015,1001507,大進村,12,大進街,,,,１４號,293402.597,2616837.716,花蓮縣光復鄉大進村大進街１４號
10015,1001507,大進村,11,大進街,,１５巷,,１號,293300.726,2616844.356,花蓮縣光復鄉大進村大進街１５巷１號
10015,1001507,大進村,11,大進街,,１５巷,,２號,293297.736,2616837.9,花蓮縣光復鄉大進村大進街１５巷２號
10015,1001507,大進村,11,大進街,,１５巷,,３之１號,293279.112,2616832.312,花蓮縣光復鄉大進村大進街１５巷３之１號
10015,1001507,大進村,11,大進街,,１５巷,,３號,293294.656,2616832.324,花蓮縣光復鄉大進村大進街１５巷３號
10015,1001507,大進村,11,大進街,,１５巷,,４號,293256.331,2616826.048,花蓮縣光復鄉大進村大進街１５巷４號
10015,1001507,大進村,11,大進街,,１５巷,,５號,293261.731,2616790.785,花蓮縣光復鄉大進村大進街１５巷５號
10015,1001507,大進村,11,大進街,,１５巷,,６號,293243.645,2616799.536,花蓮縣光復鄉大進村大進街１５巷６號
10015,1001507,大進村,11,大進街,,１５巷,,７號,293257.213,2616778.141,花蓮縣光復鄉大進村大進街１５巷７號
10015,1001507,大進村,11,大進街,,１５巷,,８號,293215.539,2616555.182,花蓮縣光復鄉大進村大進街１５巷８號
10015,1001507,大進村,11,大進街,,１５巷,,８之１號,293201.802,2616549.454,花蓮縣光復鄉大進村大進街１５巷８之１號
10015,1001507,大進村,11,大進街,,１５巷,,９號,293196.325,2616540.851,花蓮縣光復鄉大進村大進街１５巷９號
10015,1001507,大進村,11,大進街,,１５巷,,１０號,293067.755,2616378.733,花蓮縣光復鄉大進村大進街１５巷１０號
10015,1001507,大進村,11,大進街,,１５巷,,１１號,293091.931,2616357.696,花蓮縣光復鄉大進村大進街１５巷１１號
10015,1001507,大進村,11,大進街,,１５巷,,１２號,293085.264,2616332.009,花蓮縣光復鄉大進村大進街１５巷１２號
10015,1001507,大進村,11,大進街,,,,１６號,293354.017,2616870.264,花蓮縣光復鄉大進村大進街１６號
10015,1001507,大進村,11,大進街,,,,１７號,293290.982,2616864.516,花蓮縣光復鄉大進村大進街１７號
10015,1001507,大進村,11,大進街,,,,１８之１號,293316.966,2616873.05,花蓮縣光復鄉大進村大進街１８之１號
10015,1001507,大進村,11,大進街,,,,１８號,293303.82,2616880.216,花蓮縣光復鄉大進村大進街１８號
10015,1001507,大進村,11,大進街,,,,２０號,293294.059,2616893.949,花蓮縣光復鄉大進村大進街２０號
10015,1001507,大進村,11,大進街,,,,２２號,293287.76,2616896.934,花蓮縣光復鄉大進村大進街２２號
10015,1001507,大進村,10,復興街,,,,１號,292821.689,2616711.545,花蓮縣光復鄉大進村復興街１號
10015,1001507,大進村,1,復興街,,２巷,,１號,292803.2,2616671.97,花蓮縣光復鄉大進村復興街２巷１號
10015,1001507,大進村,10,復興街,,２巷,,１號,292802.36,2616665.96,花蓮縣光復鄉大進村復興街２巷１號
10015,1001507,大進村,10,復興街,,,,３號,292831.345,2616708.227,花蓮縣光復鄉大進村復興街３號
10015,1001507,大進村,10,復興街,,,,５號,292835.735,2616706,花蓮縣光復鄉大進村復興街５號
10015,1001507,大進村,10,復興街,,,,７號,292840.125,2616703.772,花蓮縣光復鄉大進村復興街７號
10015,1001507,大進村,10,復興街,,,,９號,292844.515,2616701.544,花蓮縣光復鄉大進村復興街９號
10015,1001507,大進村,10,復興街,,,,１１號,292848.905,2616699.316,花蓮縣光復鄉大進村復興街１１號
10015,1001507,大進村,10,復興街,,,,１３號,292853.295,2616697.089,花蓮縣光復鄉大進村復興街１３號
10015,1001507,大進村,10,復興街,,,,１５號,292857.685,2616694.861,花蓮縣光復鄉大進村復興街１５號
10015,1001507,大進村,10,復興街,,,,１７號,292862.074,2616692.633,花蓮縣光復鄉大進村復興街１７號
10015,1001507,大進村,10,復興街,,,,１９號,292866.464,2616690.405,花蓮縣光復鄉大進村復興街１９號
10015,1001507,大進村,10,復興街,,２０巷,,１號,292833.608,2616689.926,花蓮縣光復鄉大進村復興街２０巷１號
10015,1001507,大進村,10,復興街,,２０巷,,３號,292830.219,2616683.149,花蓮縣光復鄉大進村復興街２０巷３號
10015,1001507,大進村,10,復興街,,２０巷,,５號,292826.83,2616676.373,花蓮縣光復鄉大進村復興街２０巷５號
10015,1001507,大進村,10,復興街,,２０巷,,７號,292823.441,2616669.596,花蓮縣光復鄉大進村復興街２０巷７號
10015,1001507,大進村,10,復興街,,２０巷,,９號,292820.053,2616662.819,花蓮縣光復鄉大進村復興街２０巷９號
10015,1001507,大進村,10,復興街,,２０巷,,１１號,292816.664,2616656.043,花蓮縣光復鄉大進村復興街２０巷１１號
10015,1001507,大進村,10,復興街,,,,２１號,292870.854,2616688.177,花蓮縣光復鄉大進村復興街２１號
10015,1001507,大進村,10,復興街,,２２巷,,１號,292873.757,2616669.683,花蓮縣光復鄉大進村復興街２２巷１號
10015,1001507,大進村,10,復興街,,２２巷,,２號,292853.845,2616679.256,花蓮縣光復鄉大進村復興街２２巷２號
10015,1001507,大進村,10,復興街,,２２巷,,３號,292870.328,2616662.897,花蓮縣光復鄉大進村復興街２２巷３號
10015,1001507,大進村,10,復興街,,２２巷,,４號,292850.486,2616672.451,花蓮縣光復鄉大進村復興街２２巷４號
10015,1001507,大進村,10,復興街,,２２巷,,５號,292866.9,2616656.111,花蓮縣光復鄉大進村復興街２２巷５號
10015,1001507,大進村,10,復興街,,２２巷,,６號,292847.128,2616665.645,花蓮縣光復鄉大進村復興街２２巷６號
10015,1001507,大進村,10,復興街,,２２巷,,７號,292863.472,2616649.325,花蓮縣光復鄉大進村復興街２２巷７號
10015,1001507,大進村,10,復興街,,２２巷,,８號,292843.769,2616658.84,花蓮縣光復鄉大進村復興街２２巷８號
10015,1001507,大進村,10,復興街,,２２巷,,９號,292860.043,2616642.539,花蓮縣光復鄉大進村復興街２２巷９號
10015,1001507,大進村,10,復興街,,２２巷,,１０號,292840.411,2616652.035,花蓮縣光復鄉大進村復興街２２巷１０號
10015,1001507,大進村,10,復興街,,２２巷,,１１號,292856.615,2616635.753,花蓮縣光復鄉大進村復興街２２巷１１號
10015,1001507,大進村,10,復興街,,２２巷,,１２號,292837.052,2616645.229,花蓮縣光復鄉大進村復興街２２巷１２號
10015,1001507,大進村,10,復興街,,２２巷,,１５號,292870.524,2616599.413,花蓮縣光復鄉大進村復興街２２巷１５號
10015,1001507,大進村,10,復興街,,,,２３號,292874.55,2616685.66,花蓮縣光復鄉大進村復興街２３號
10015,1001507,大進村,10,復興街,,,,２５號,292879.634,2616683.722,花蓮縣光復鄉大進村復興街２５號
10015,1001507,大進村,10,復興街,,,,２７號,292884.024,2616681.494,花蓮縣光復鄉大進村復興街２７號
10015,1001507,大進村,10,復興街,,,,２９號,292888.414,2616679.267,花蓮縣光復鄉大進村復興街２９號
10015,1001507,大進村,10,復興街,,,,３１號,292916.19,2616670.79,花蓮縣光復鄉大進村復興街３１號
10015,1001507,大進村,1,糖廠街,,１巷,,１號,292714.388,2616815.085,花蓮縣光復鄉大進村糖廠街１巷１號
10015,1001507,大進村,1,糖廠街,,１巷,,２號,292726.882,2616839.432,花蓮縣光復鄉大進村糖廠街１巷２號
10015,1001507,大進村,1,糖廠街,,１巷,,３號,292704.523,2616820.772,花蓮縣光復鄉大進村糖廠街１巷３號
10015,1001507,大進村,1,糖廠街,,１巷,,４號,292714.404,2616849.742,花蓮縣光復鄉大進村糖廠街１巷４號
10015,1001507,大進村,1,糖廠街,,１巷,,５號,292683.208,2616829.361,花蓮縣光復鄉大進村糖廠街１巷５號
10015,1001507,大進村,1,糖廠街,,１巷,,６號,292694.486,2616853.818,花蓮縣光復鄉大進村糖廠街１巷６號
10015,1001507,大進村,1,糖廠街,,１巷,,７號,292673.849,2616834.396,花蓮縣光復鄉大進村糖廠街１巷７號
10015,1001507,大進村,1,糖廠街,,１巷,,８號,292683.448,2616858.374,花蓮縣光復鄉大進村糖廠街１巷８號
10015,1001507,大進村,1,糖廠街,,,,２號,292774.388,2616775.924,花蓮縣光復鄉大進村糖廠街２號
10015,1001507,大進村,1,糖廠街,,３巷,,１號,292740.691,2616874.661,花蓮縣光復鄉大進村糖廠街３巷１號
10015,1001507,大進村,1,糖廠街,,３巷,,２號,292757.211,2616910.117,花蓮縣光復鄉大進村糖廠街３巷２號
10015,1001507,大進村,2,糖廠街,,３巷,,２號,292757.211,2616910.117,花蓮縣光復鄉大進村糖廠街３巷２號
10015,1001507,大進村,1,糖廠街,,３巷,,３號,292730.702,2616880.325,花蓮縣光復鄉大進村糖廠街３巷３號
10015,1001507,大進村,1,糖廠街,,３巷,,４號,292745.735,2616916.019,花蓮縣光復鄉大進村糖廠街３巷４號
10015,1001507,大進村,1,糖廠街,,３巷,,５號,292712.346,2616888.147,花蓮縣光復鄉大進村糖廠街３巷５號
10015,1001507,大進村,1,糖廠街,,３巷,,６號,292726.331,2616924.006,花蓮縣光復鄉大進村糖廠街３巷６號
10015,1001507,大進村,1,糖廠街,,３巷,,７號,292701.548,2616891.384,花蓮縣光復鄉大進村糖廠街３巷７號
10015,1001507,大進村,1,糖廠街,,３巷,,８號,292717.45,2616928.784,花蓮縣光復鄉大進村糖廠街３巷８號
10015,1001507,大進村,1,糖廠街,,,,４號,292771.955,2616866.065,花蓮縣光復鄉大進村糖廠街４號
10015,1001507,大進村,1,糖廠街,,５巷,,１號,292775.153,2616946.848,花蓮縣光復鄉大進村糖廠街５巷１號
10015,1001507,大進村,2,糖廠街,,５巷,,１號,292775.153,2616946.848,花蓮縣光復鄉大進村糖廠街５巷１號
10015,1001507,大進村,1,糖廠街,,５巷,,２號,292791.271,2616981.46,花蓮縣光復鄉大進村糖廠街５巷２號
10015,1001507,大進村,3,糖廠街,,５巷,,２號,292791.271,2616981.46,花蓮縣光復鄉大進村糖廠街５巷２號
10015,1001507,大進村,1,糖廠街,,５巷,,３號,292766.639,2616950.288,花蓮縣光復鄉大進村糖廠街５巷３號
10015,1001507,大進村,2,糖廠街,,５巷,,３號,292766.639,2616950.288,花蓮縣光復鄉大進村糖廠街５巷３號
10015,1001507,大進村,1,糖廠街,,５巷,,４號,292784.504,2616984.528,花蓮縣光復鄉大進村糖廠街５巷４號
10015,1001507,大進村,2,糖廠街,,５巷,,４號,292784.504,2616984.528,花蓮縣光復鄉大進村糖廠街５巷４號
10015,1001507,大進村,3,糖廠街,,５巷,,４號,292784.504,2616984.528,花蓮縣光復鄉大進村糖廠街５巷４號
10015,1001507,大進村,1,糖廠街,,５巷,,５號,292739.653,2616961.21,花蓮縣光復鄉大進村糖廠街５巷５號
10015,1001507,大進村,2,糖廠街,,５巷,,５號,292739.653,2616961.21,花蓮縣光復鄉大進村糖廠街５巷５號
10015,1001507,大進村,2,糖廠街,,６巷,,１號,292821.212,2616959.083,花蓮縣光復鄉大進村糖廠街６巷１號
10015,1001507,大進村,2,糖廠街,,６巷,,２號,292802.28,2616934.878,花蓮縣光復鄉大進村糖廠街６巷２號
10015,1001507,大進村,1,糖廠街,,６巷,,２號,292802.28,2616934.878,花蓮縣光復鄉大進村糖廠街６巷２號
10015,1001507,大進村,2,糖廠街,,６巷,,３號,292828.887,2616956.584,花蓮縣光復鄉大進村糖廠街６巷３號
10015,1001507,大進村,1,糖廠街,,６巷,,４號,292810.446,2616931.153,花蓮縣光復鄉大進村糖廠街６巷４號
10015,1001507,大進村,2,糖廠街,,６巷,,４號,292810.446,2616931.153,花蓮縣光復鄉大進村糖廠街６巷４號
10015,1001507,大進村,1,糖廠街,,６巷,,５號,292877.53,2616944.201,花蓮縣光復鄉大進村糖廠街６巷５號
10015,1001507,大進村,1,糖廠街,,６巷,,６號,292816.723,2616928.846,花蓮縣光復鄉大進村糖廠街６巷６號
10015,1001507,大進村,2,糖廠街,,６巷,,６號,292816.723,2616928.846,花蓮縣光復鄉大進村糖廠街６巷６號
10015,1001507,大進村,1,糖廠街,,６巷,,８號,292822.43,2616926.84,花蓮縣光復鄉大進村糖廠街６巷８號
10015,1001507,大進村,2,糖廠街,,６巷,,８號,292822.43,2616926.84,花蓮縣光復鄉大進村糖廠街６巷８號
10015,1001507,大進村,2,糖廠街,,６巷,,１０號,292855.991,2616909.693,花蓮縣光復鄉大進村糖廠街６巷１０號
10015,1001507,大進村,1,糖廠街,,６巷,,１０號,292855.991,2616909.693,花蓮縣光復鄉大進村糖廠街６巷１０號
10015,1001507,大進村,1,糖廠街,,６巷,,１２號,292869.877,2616912.682,花蓮縣光復鄉大進村糖廠街６巷１２號
10015,1001507,大進村,2,糖廠街,,６巷,,１２號,292869.877,2616912.682,花蓮縣光復鄉大進村糖廠街６巷１２號
10015,1001507,大進村,2,糖廠街,,７巷,,１號,292805.167,2617010.542,花蓮縣光復鄉大進村糖廠街７巷１號
10015,1001507,大進村,3,糖廠街,,７巷,,１號,292805.167,2617010.542,花蓮縣光復鄉大進村糖廠街７巷１號
10015,1001507,大進村,2,糖廠街,,７巷,,２號,292808.722,2617037.183,花蓮縣光復鄉大進村糖廠街７巷２號
10015,1001507,大進村,4,糖廠街,,７巷,,２號,292808.722,2617037.183,花蓮縣光復鄉大進村糖廠街７巷２號
10015,1001507,大進村,3,糖廠街,,７巷,,３號,292794.799,2617016.759,花蓮縣光復鄉大進村糖廠街７巷３號
10015,1001507,大進村,2,糖廠街,,７巷,,３號,292794.799,2617016.759,花蓮縣光復鄉大進村糖廠街７巷３號
10015,1001507,大進村,2,糖廠街,,７巷,,５號,292775.839,2617025.935,花蓮縣光復鄉大進村糖廠街７巷５號
10015,1001507,大進村,3,糖廠街,,７巷,,５號,292775.839,2617025.935,花蓮縣光復鄉大進村糖廠街７巷５號
10015,1001507,大進村,3,糖廠街,,７巷,,７號,292767.671,2617029.223,花蓮縣光復鄉大進村糖廠街７巷７號
10015,1001507,大進村,2,糖廠街,,７巷,,７號,292767.671,2617029.223,花蓮縣光復鄉大進村糖廠街７巷７號
10015,1001507,大進村,2,糖廠街,,８巷,,１號,292846.085,2617022.71,花蓮縣光復鄉大進村糖廠街８巷１號
10015,1001507,大進村,2,糖廠街,,８巷,,２號,292834.307,2617001.186,花蓮縣光復鄉大進村糖廠街８巷２號
10015,1001507,大進村,2,糖廠街,,８巷,,３號,292854.382,2617019.066,花蓮縣光復鄉大進村糖廠街８巷３號
10015,1001507,大進村,2,糖廠街,,８巷,,４號,292840.566,2616998.199,花蓮縣光復鄉大進村糖廠街８巷４號
10015,1001507,大進村,2,糖廠街,,８巷,,５號,292861.127,2617016.198,花蓮縣光復鄉大進村糖廠街８巷５號
10015,1001507,大進村,2,糖廠街,,８巷,,６號,292846.825,2616995.212,花蓮縣光復鄉大進村糖廠街８巷６號
10015,1001507,大進村,2,糖廠街,,８巷,,７號,292870.975,2617011.778,花蓮縣光復鄉大進村糖廠街８巷７號
10015,1001507,大進村,2,糖廠街,,８巷,,８號,292853.084,2616992.225,花蓮縣光復鄉大進村糖廠街８巷８號
10015,1001507,大進村,2,糖廠街,,８巷,,９號,292879.924,2617003.615,花蓮縣光復鄉大進村糖廠街８巷９號
10015,1001507,大進村,4,糖廠街,,８巷,,１１號,292887.531,2617002.031,花蓮縣光復鄉大進村糖廠街８巷１１號
10015,1001507,大進村,2,糖廠街,,８巷,,１１號,292887.531,2617002.031,花蓮縣光復鄉大進村糖廠街８巷１１號
10015,1001507,大進村,4,糖廠街,,８巷,,１３號,292898.202,2616997.703,花蓮縣光復鄉大進村糖廠街８巷１３號
10015,1001507,大進村,2,糖廠街,,８巷,,１３號,292898.202,2616997.703,花蓮縣光復鄉大進村糖廠街８巷１３號
10015,1001507,大進村,2,糖廠街,,,,９號,292834.704,2617074.1,花蓮縣光復鄉大進村糖廠街９號
10015,1001507,大進村,3,糖廠街,,,,１０之１號,292875.26,2617098.011,花蓮縣光復鄉大進村糖廠街１０之１號
10015,1001507,大進村,6,糖廠街,,,,１０號,292869.074,2617053.297,花蓮縣光復鄉大進村糖廠街１０號
10015,1001507,大進村,2,糖廠街,,,,１０號,292869.074,2617053.297,花蓮縣光復鄉大進村糖廠街１０號
10015,1001507,大進村,3,糖廠街,,１１巷,,２號,292844.939,2617099.85,花蓮縣光復鄉大進村糖廠街１１巷２號
10015,1001507,大進村,3,糖廠街,,１１巷,,４號,292839.715,2617102.136,花蓮縣光復鄉大進村糖廠街１１巷４號
10015,1001507,大進村,3,糖廠街,,１１巷,,６號,292834.49,2617104.423,花蓮縣光復鄉大進村糖廠街１１巷６號
10015,1001507,大進村,3,糖廠街,,１１巷,,８號,292829.267,2617106.709,花蓮縣光復鄉大進村糖廠街１１巷８號
10015,1001507,大進村,3,糖廠街,,１１巷,,１０號,292818.041,2617110.511,花蓮縣光復鄉大進村糖廠街１１巷１０號
10015,1001507,大進村,3,糖廠街,,１１巷,,１２號,292812.225,2617113.341,花蓮縣光復鄉大進村糖廠街１１巷１２號
10015,1001507,大進村,3,糖廠街,,１１巷,,１４號,292806.409,2617116.172,花蓮縣光復鄉大進村糖廠街１１巷１４號
10015,1001507,大進村,3,糖廠街,,１１巷,,１６號,292800.592,2617119.002,花蓮縣光復鄉大進村糖廠街１１巷１６號
10015,1001507,大進村,3,糖廠街,,,,１２號,292903.17,2617105.39,花蓮縣光復鄉大進村糖廠街１２號
10015,1001507,大進村,6,糖廠街,,１３巷,,１號,292860.075,2617130.248,花蓮縣光復鄉大進村糖廠街１３巷１號
10015,1001507,大進村,3,糖廠街,,１３巷,,１號,292860.075,2617130.248,花蓮縣光復鄉大進村糖廠街１３巷１號
10015,1001507,大進村,3,糖廠街,,１３巷,,２號,292872.298,2617155.539,花蓮縣光復鄉大進村糖廠街１３巷２號
10015,1001507,大進村,3,糖廠街,,１３巷,,３號,292854.627,2617132.841,花蓮縣光復鄉大進村糖廠街１３巷３號
10015,1001507,大進村,3,糖廠街,,１３巷,,４號,292865.847,2617158.659,花蓮縣光復鄉大進村糖廠街１３巷４號
10015,1001507,大進村,6,糖廠街,,１３巷,,５號,292848.83,2617135.434,花蓮縣光復鄉大進村糖廠街１３巷５號
10015,1001507,大進村,3,糖廠街,,１３巷,,５號,292848.83,2617135.434,花蓮縣光復鄉大進村糖廠街１３巷５號
10015,1001507,大進村,3,糖廠街,,１３巷,,６號,292860.972,2617160.378,花蓮縣光復鄉大進村糖廠街１３巷６號
10015,1001507,大進村,3,糖廠街,,１３巷,,７號,292844.432,2617138.027,花蓮縣光復鄉大進村糖廠街１３巷７號
10015,1001507,大進村,3,糖廠街,,１３巷,,８號,292855.766,2617163.068,花蓮縣光復鄉大進村糖廠街１３巷８號
10015,1001507,大進村,6,糖廠街,,１３巷,,９號,292831.034,2617144.135,花蓮縣光復鄉大進村糖廠街１３巷９號
10015,1001507,大進村,3,糖廠街,,１３巷,,１０號,292842.615,2617166.54,花蓮縣光復鄉大進村糖廠街１３巷１０號
10015,1001507,大進村,6,糖廠街,,１３巷,,１１號,292826.366,2617145.979,花蓮縣光復鄉大進村糖廠街１３巷１１號
10015,1001507,大進村,3,糖廠街,,１３巷,,１１號,292826.366,2617145.979,花蓮縣光復鄉大進村糖廠街１３巷１１號
10015,1001507,大進村,3,糖廠街,,１３巷,,１２號,292836.591,2617169.514,花蓮縣光復鄉大進村糖廠街１３巷１２號
10015,1001507,大進村,3,糖廠街,,１３巷,,１３號,292819.772,2617149.048,花蓮縣光復鄉大進村糖廠街１３巷１３號
10015,1001507,大進村,3,糖廠街,,１３巷,,１４號,292830.317,2617172.607,花蓮縣光復鄉大進村糖廠街１３巷１４號
10015,1001507,大進村,3,糖廠街,,１３巷,,１５號,292813.878,2617151.417,花蓮縣光復鄉大進村糖廠街１３巷１５號
10015,1001507,大進村,3,糖廠街,,１３巷,,１６號,292824.891,2617175.716,花蓮縣光復鄉大進村糖廠街１３巷１６號
10015,1001507,大進村,3,糖廠街,,１５巷,,９號,292855.433,2617194.699,花蓮縣光復鄉大進村糖廠街１５巷９號
10015,1001507,大進村,3,糖廠街,,１５巷,,１１號,292849.039,2617197.427,花蓮縣光復鄉大進村糖廠街１５巷１１號
10015,1001507,大進村,3,糖廠街,,１５巷,,１３號,292842.645,2617200.155,花蓮縣光復鄉大進村糖廠街１５巷１３號
10015,1001507,大進村,3,糖廠街,,１５巷,,１５號,292837.539,2617202.161,花蓮縣光復鄉大進村糖廠街１５巷１５號
10015,1001507,大進村,9,糖廠街,,,,１６號,292948.342,2617142.331,花蓮縣光復鄉大進村糖廠街１６號
10015,1001507,大進村,8,糖廠街,,,,１８號,292974.857,2617309.103,花蓮縣光復鄉大進村糖廠街１８號
10015,1001507,大進村,8,糖廠街,,,,１８之６號,293253.699,2617568.481,花蓮縣光復鄉大進村糖廠街１８之６號
10015,1001507,大進村,3,糖廠街,,,,１８號,292974.857,2617309.103,花蓮縣光復鄉大進村糖廠街１８號
10015,1001507,大進村,3,糖廠街,,,,１９號,292908.036,2617286.468,花蓮縣光復鄉大進村糖廠街１９號
10015,1001507,大進村,9,糖廠街,,,,２８號,293064.5,2617068.67,花蓮縣光復鄉大進村糖廠街２８號
10015,1001507,大進村,9,糖廠街,,,,３２號,293219.282,2617301.111,花蓮縣光復鄉大進村糖廠街３２號
10015,1001507,大進村,9,糖廠街,,４１巷,２弄,２６號,293512.424,2617608.884,花蓮縣光復鄉大進村糖廠街４１巷２弄２６號
10015,1001507,大進村,9,糖廠街,,４１巷,２弄,２７號,293548.553,2617635.669,花蓮縣光復鄉大進村糖廠街４１巷２弄２７號
10015,1001507,大進村,9,糖廠街,,４１巷,２弄,３０號,293960.671,2617386.517,花蓮縣光復鄉大進村糖廠街４１巷２弄３０號
10015,1001507,大進村,9,糖廠街,,,,４２號,293269.36,2617371.33,花蓮縣光復鄉大進村糖廠街４２號
10015,1001507,大進村,9,糖廠街,,,,４２之１號,293268.71,2617375.99,花蓮縣光復鄉大進村糖廠街４２之１號
10015,1001507,大進村,9,糖廠街,,,,４６號,293280.017,2617391.448,花蓮縣光復鄉大進村糖廠街４６號
10015,1001507,大進村,9,糖廠街,,,,５０號,293296.545,2617407.807,花蓮縣光復鄉大進村糖廠街５０號
10015,1001507,大馬村,3,中學街,,,,１４２之１號,293489.906,2618727.5,花蓮縣光復鄉大馬村中學街１４２之１號
10015,1001507,大馬村,3,中學街,,,,１４２之２號,293485.375,2618725.75,花蓮縣光復鄉大馬村中學街１４２之２號
10015,1001507,大馬村,3,中學街,,,,１４４號,293481.358,2618725.603,花蓮縣光復鄉大馬村中學街１４４號
10015,1001507,大馬村,3,中學街,,,,１４６號,293477.452,2618727.301,花蓮縣光復鄉大馬村中學街１４６號
10015,1001507,大馬村,3,中學街,,,,１４８號,293473.546,2618728.999,花蓮縣光復鄉大馬村中學街１４８號
10015,1001507,大馬村,3,中學街,,,,１５０號,293469.64,2618730.697,花蓮縣光復鄉大馬村中學街１５０號
10015,1001507,大馬村,3,中學街,,,,１５４號,293461.95,2618734.66,花蓮縣光復鄉大馬村中學街１５４號
10015,1001507,大馬村,3,中學街,,,,１５６號,293457.921,2618735.791,花蓮縣光復鄉大馬村中學街１５６號
10015,1001507,大馬村,3,中學街,,,,１５８號,293445.347,2618752.354,花蓮縣光復鄉大馬村中學街１５８號
10015,1001507,大馬村,5,中學街,,１６６巷,,３號,293398.026,2618778.259,花蓮縣光復鄉大馬村中學街１６６巷３號
10015,1001507,大馬村,4,中學街,,１６６巷,,１４之１號,293433.314,2618800.698,花蓮縣光復鄉大馬村中學街１６６巷１４之１號
10015,1001507,大馬村,4,中學街,,１６６巷,,１４號,293432.256,2618794.48,花蓮縣光復鄉大馬村中學街１６６巷１４號
10015,1001507,大馬村,5,中學街,,１６６巷,,１７號,293394.173,2618812.199,花蓮縣光復鄉大馬村中學街１６６巷１７號
10015,1001507,大馬村,4,中學街,,１６６巷,,１８號,293431.745,2618812.33,花蓮縣光復鄉大馬村中學街１６６巷１８號
10015,1001507,大馬村,4,中學街,,１６６巷,２０弄,１號,293462.134,2618821.265,花蓮縣光復鄉大馬村中學街１６６巷２０弄１號
10015,1001507,大馬村,4,中學街,,１６６巷,２０弄,２號,293466.899,2618831.239,花蓮縣光復鄉大馬村中學街１６６巷２０弄２號
10015,1001507,大馬村,4,中學街,,１６６巷,２０弄,３號,293476.2,2618838.947,花蓮縣光復鄉大馬村中學街１６６巷２０弄３號
10015,1001507,大馬村,5,中學街,,１６６巷,,２２號,293449.099,2618831.2,花蓮縣光復鄉大馬村中學街１６６巷２２號
10015,1001507,大馬村,5,中學街,,１６６巷,,２３號,293410.538,2618845.959,花蓮縣光復鄉大馬村中學街１６６巷２３號
10015,1001507,大馬村,5,中學街,,,,１６８號,293398.186,2618765.159,花蓮縣光復鄉大馬村中學街１６８號
10015,1001507,大馬村,5,中學街,,,,１７４號,293389.749,2618796.342,花蓮縣光復鄉大馬村中學街１７４號
10015,1001507,大馬村,5,中學街,,,,１７６號,293386.39,2618773.14,花蓮縣光復鄉大馬村中學街１７６號
10015,1001507,大馬村,10,中學街,,,,１７７號,293255.281,2618802.432,花蓮縣光復鄉大馬村中學街１７７號
10015,1001507,大馬村,5,中學街,,,,１７８之１號,293367.462,2618783.543,花蓮縣光復鄉大馬村中學街１７８之１號
10015,1001507,大馬村,5,中學街,,,,１７８號,293375.416,2618781.277,花蓮縣光復鄉大馬村中學街１７８號
10015,1001507,大馬村,10,中學街,,,,１８１號,293253.159,2618805.322,花蓮縣光復鄉大馬村中學街１８１號
10015,1001507,大馬村,10,中學街,,,,１８３號,293228.469,2618832.498,花蓮縣光復鄉大馬村中學街１８３號
10015,1001507,大馬村,5,中學街,,,,１９８號,293346.4,2618783.66,花蓮縣光復鄉大馬村中學街１９８號
10015,1001507,大馬村,5,中學街,,,,２００號,293335.03,2618788.56,花蓮縣光復鄉大馬村中學街２００號
10015,1001507,大馬村,6,中學街,,,,２０６號,293323.088,2618803.161,花蓮縣光復鄉大馬村中學街２０６號
10015,1001507,大馬村,6,中學街,,,,２１０號,293306.707,2618805.662,花蓮縣光復鄉大馬村中學街２１０號
10015,1001507,大馬村,6,中學街,,,,２１２號,293306.437,2618841.439,花蓮縣光復鄉大馬村中學街２１２號
10015,1001507,大馬村,6,中學街,,,,２３２號,293272.448,2618812.647,花蓮縣光復鄉大馬村中學街２３２號
10015,1001507,大馬村,6,中學街,,,,２５０號,293254.718,2618830.856,花蓮縣光復鄉大馬村中學街２５０號
10015,1001507,大馬村,6,中學街,,２５４巷,,１號,293243.426,2618849.927,花蓮縣光復鄉大馬村中學街２５４巷１號
10015,1001507,大馬村,6,中學街,,２５４巷,,２號,293269.732,2618838.512,花蓮縣光復鄉大馬村中學街２５４巷２號
10015,1001507,大馬村,6,中學街,,２５４巷,,７號,293277.59,2618860.961,花蓮縣光復鄉大馬村中學街２５４巷７號
10015,1001507,大馬村,6,中學街,,２５４巷,,８號,293284.704,2618849.966,花蓮縣光復鄉大馬村中學街２５４巷８號
10015,1001507,大馬村,6,中學街,,２５４巷,,１１之２號,293272.389,2618871.751,花蓮縣光復鄉大馬村中學街２５４巷１１之２號
10015,1001507,大馬村,6,中學街,,２５４巷,,１１之１號,293263.922,2618880.086,花蓮縣光復鄉大馬村中學街２５４巷１１之１號
10015,1001507,大馬村,6,中學街,,２５４巷,,１１號,293272.99,2618887.997,花蓮縣光復鄉大馬村中學街２５４巷１１號
10015,1001507,大馬村,6,中學街,,,,２６０號,293232.552,2618868.136,花蓮縣光復鄉大馬村中學街２６０號
10015,1001507,大馬村,6,中學街,,,,２６２號,293226.634,2618877.62,花蓮縣光復鄉大馬村中學街２６２號
10015,1001507,大馬村,3,中山路三段,,,,３７號,293497.259,2618726.827,花蓮縣光復鄉大馬村中山路三段３７號
10015,1001507,大馬村,3,中山路三段,,,,３９號,293499.045,2618731.67,花蓮縣光復鄉大馬村中山路三段３９號
10015,1001507,大馬村,3,中山路三段,,,,４５號,293503.45,2618742.308,花蓮縣光復鄉大馬村中山路三段４５號
10015,1001507,大馬村,3,中山路三段,,,,４７號,293505.674,2618747.605,花蓮縣光復鄉大馬村中山路三段４７號
10015,1001507,大馬村,3,中山路三段,,,,４９號,293510.387,2618756.507,花蓮縣光復鄉大馬村中山路三段４９號
10015,1001507,大馬村,3,中山路三段,,,,５３號,293510.983,2618757.697,花蓮縣光復鄉大馬村中山路三段５３號
10015,1001507,大馬村,3,中山路三段,,,,５７號,293514.649,2618768.41,花蓮縣光復鄉大馬村中山路三段５７號
10015,1001507,大馬村,3,中山路三段,,,,５９號,293509.504,2618780.357,花蓮縣光復鄉大馬村中山路三段５９號
10015,1001507,大馬村,3,中山路三段,,,,６１號,293522.026,2618791.57,花蓮縣光復鄉大馬村中山路三段６１號
10015,1001507,大馬村,3,中山路三段,,,,６３號,293533.369,2618809.932,花蓮縣光復鄉大馬村中山路三段６３號
10015,1001507,大馬村,3,中山路三段,,,,６３之１號,293525.76,2618805.76,花蓮縣光復鄉大馬村中山路三段６３之１號
10015,1001507,大馬村,3,中山路三段,,,,６５號,293542.068,2618824.587,花蓮縣光復鄉大馬村中山路三段６５號
10015,1001507,大馬村,3,中山路三段,,,,６５之１號,293543.48,2618825.13,花蓮縣光復鄉大馬村中山路三段６５之１號
10015,1001507,大馬村,3,中山路三段,,,,６７號,293545.48,2618830.62,花蓮縣光復鄉大馬村中山路三段６７號
10015,1001507,大馬村,3,中山路三段,,,,６９號,293547.513,2618836.705,花蓮縣光復鄉大馬村中山路三段６９號
10015,1001507,大馬村,2,中山路三段,,,,７５號,293553.225,2618952.943,花蓮縣光復鄉大馬村中山路三段７５號
10015,1001507,大馬村,4,中山路三段,,,,８１號,293524.602,2618894.898,花蓮縣光復鄉大馬村中山路三段８１號
10015,1001507,大馬村,3,中山路三段,,,,８３號,293556.373,2618907.325,花蓮縣光復鄉大馬村中山路三段８３號
10015,1001507,大馬村,3,中山路三段,,,,８５號,293579.251,2618907.325,花蓮縣光復鄉大馬村中山路三段８５號
10015,1001507,大馬村,1,中山路三段,,８９巷,２弄,１號,293556.253,2619061.826,花蓮縣光復鄉大馬村中山路三段８９巷２弄１號
10015,1001507,大馬村,1,中山路三段,,８９巷,,４號,293564.068,2619071.722,花蓮縣光復鄉大馬村中山路三段８９巷４號
10015,1001507,大馬村,1,中山路三段,,８９巷,,１４號,293524.851,2619140.554,花蓮縣光復鄉大馬村中山路三段８９巷１４號
10015,1001507,大馬村,1,中山路三段,,８９巷,,２５號,293625.093,2619072.488,花蓮縣光復鄉大馬村中山路三段８９巷２５號
10015,1001507,大馬村,1,中山路三段,,８９巷,,３１號,293614.346,2619076.971,花蓮縣光復鄉大馬村中山路三段８９巷３１號
10015,1001507,大馬村,1,中山路三段,,８９巷,３５弄,１號,293578.9,2619084.721,花蓮縣光復鄉大馬村中山路三段８９巷３５弄１號
10015,1001507,大馬村,1,中山路三段,,８９巷,３５弄,５之１號,293598.865,2619098.084,花蓮縣光復鄉大馬村中山路三段８９巷３５弄５之１號
10015,1001507,大馬村,1,中山路三段,,８９巷,３５弄,５號,293582.545,2619094.579,花蓮縣光復鄉大馬村中山路三段８９巷３５弄５號
10015,1001507,大馬村,1,中山路三段,,８９巷,３５弄,１５號,293595.261,2619108.647,花蓮縣光復鄉大馬村中山路三段８９巷３５弄１５號
10015,1001507,大馬村,1,中山路三段,,８９巷,３５弄,１９號,293599.825,2619118.489,花蓮縣光復鄉大馬村中山路三段８９巷３５弄１９號
10015,1001507,大馬村,1,中山路三段,,８９巷,４３弄,１號,293564.316,2619106.365,花蓮縣光復鄉大馬村中山路三段８９巷４３弄１號
10015,1001507,大馬村,1,中山路三段,,８９巷,,４５號,293558.711,2619094.365,花蓮縣光復鄉大馬村中山路三段８９巷４５號
10015,1001507,大馬村,1,中山路三段,,,,１５７號,293651.629,2619072.673,花蓮縣光復鄉大馬村中山路三段１５７號
10015,1001507,大馬村,1,中山路三段,,,,１６１號,293724.031,2619371.25,花蓮縣光復鄉大馬村中山路三段１６１號
10015,1001507,大馬村,1,中山路三段,,,,１６７號,293644.515,2619116.179,花蓮縣光復鄉大馬村中山路三段１６７號
10015,1001507,大馬村,1,中山路三段,,,,１７５號,293653.758,2619134.369,花蓮縣光復鄉大馬村中山路三段１７５號
10015,1001507,大馬村,1,中山路三段,,,,１８１號,293680.074,2619136.725,花蓮縣光復鄉大馬村中山路三段１８１號
10015,1001507,大馬村,1,中山路三段,,１８３巷,,１號,293663.568,2619143.982,花蓮縣光復鄉大馬村中山路三段１８３巷１號
10015,1001507,大馬村,9,中華路,,,,３１３號,293298.868,2618689.514,花蓮縣光復鄉大馬村中華路３１３號
10015,1001507,大馬村,9,中華路,,,,３１５號,293298.667,2618698.136,花蓮縣光復鄉大馬村中華路３１５號
10015,1001507,大馬村,9,中華路,,,,３１７號,293297.534,2618704.931,花蓮縣光復鄉大馬村中華路３１７號
10015,1001507,大馬村,9,中華路,,,,３１９號,293300.51,2618709.32,花蓮縣光復鄉大馬村中華路３１９號
10015,1001507,大馬村,9,中華路,,,,３２１號,293306.911,2618711.99,花蓮縣光復鄉大馬村中華路３２１號
10015,1001507,大馬村,9,中華路,,,,３２３號,293307.96,2618715.82,花蓮縣光復鄉大馬村中華路３２３號
10015,1001507,大馬村,9,中華路,,,,３２５號,293292.609,2618727.726,花蓮縣光復鄉大馬村中華路３２５號
10015,1001507,大馬村,9,中華路,,,,３２７號,293296.666,2618739.825,花蓮縣光復鄉大馬村中華路３２７號
10015,1001507,大馬村,6,中華路,,,,３６９號,293339.241,2618796.796,花蓮縣光復鄉大馬村中華路３６９號
10015,1001507,大馬村,5,中華路,,,,３７０號,293360.189,2618802.092,花蓮縣光復鄉大馬村中華路３７０號
10015,1001507,大馬村,5,中華路,,,,３７４號,293360.922,2618806.442,花蓮縣光復鄉大馬村中華路３７４號
10015,1001507,大馬村,5,中華路,,,,３７６號,293363.492,2618818.766,花蓮縣光復鄉大馬村中華路３７６號
10015,1001507,大馬村,6,中華路,,３７７巷,,１號,293337.709,2618844.979,花蓮縣光復鄉大馬村中華路３７７巷１號
10015,1001507,大馬村,5,中華路,,３７８巷,,１號,293376.287,2618801.902,花蓮縣光復鄉大馬村中華路３７８巷１號
10015,1001507,大馬村,5,中華路,,,,３８０號,293367.268,2618828.43,花蓮縣光復鄉大馬村中華路３８０號
10015,1001507,大馬村,6,中華路,,,,３８１號,293356.64,2618839.73,花蓮縣光復鄉大馬村中華路３８１號
10015,1001507,大馬村,5,中華路,,,,３８２號,293371.478,2618834.635,花蓮縣光復鄉大馬村中華路３８２號
10015,1001507,大馬村,5,中華路,,,,３８６號,293378.616,2618848.546,花蓮縣光復鄉大馬村中華路３８６號
10015,1001507,大馬村,6,中華路,,,,３８７號,293364.32,2618859.45,花蓮縣光復鄉大馬村中華路３８７號
10015,1001507,大馬村,6,中華路,,,,３８９號,293358.836,2618871.432,花蓮縣光復鄉大馬村中華路３８９號
10015,1001507,大馬村,5,中華路,,,,３９０號,293393.872,2618860.082,花蓮縣光復鄉大馬村中華路３９０號
10015,1001507,大馬村,5,中華路,,,,３９２之１號,293407.074,2618893.11,花蓮縣光復鄉大馬村中華路３９２之１號
10015,1001507,大馬村,5,中華路,,,,３９２號,293392.527,2618892.464,花蓮縣光復鄉大馬村中華路３９２號
10015,1001507,大馬村,6,中華路,,,,３９５號,293380.79,2618915.04,花蓮縣光復鄉大馬村中華路３９５號
10015,1001507,大馬村,6,中華路,,,,３９９號,293387.146,2618928.67,花蓮縣光復鄉大馬村中華路３９９號
10015,1001507,大馬村,5,中華路,,４０２巷,,１號,293424.208,2618917.013,花蓮縣光復鄉大馬村中華路４０２巷１號
10015,1001507,大馬村,5,中華路,,４０２巷,,２號,293436.36,2618908.018,花蓮縣光復鄉大馬村中華路４０２巷２號
10015,1001507,大馬村,6,中華路,,,,４０３號,293377.09,2618941.76,花蓮縣光復鄉大馬村中華路４０３號
10015,1001507,大馬村,5,中華路,,,,４０６號１樓,293414.36,2618931.72,花蓮縣光復鄉大馬村中華路４０６號１樓
10015,1001507,大馬村,5,中華路,,,,４０６號２樓,293414.36,2618931.72,花蓮縣光復鄉大馬村中華路４０６號２樓
10015,1001507,大馬村,12,八德街,,,,１號,292850.464,2619568.387,花蓮縣光復鄉大馬村八德街１號
10015,1001507,大馬村,12,八德街,,,,３號,292842.061,2619557.051,花蓮縣光復鄉大馬村八德街３號
10015,1001507,大馬村,12,八德街,,,,５號,292827.743,2619578.304,花蓮縣光復鄉大馬村八德街５號
10015,1001507,大馬村,12,八德街,,,,５之１號,292836.49,2619583.667,花蓮縣光復鄉大馬村八德街５之１號
10015,1001507,大馬村,11,八德街,,,,６號,292859.945,2619575.371,花蓮縣光復鄉大馬村八德街６號
10015,1001507,大馬村,12,八德街,,,,７號,292827.619,2619602.25,花蓮縣光復鄉大馬村八德街７號
10015,1001507,大馬村,12,八德街,,,,１３號,292818.077,2619617.953,花蓮縣光復鄉大馬村八德街１３號
10015,1001507,大馬村,11,八德街,,,,１４之１號,292829.14,2619626.75,花蓮縣光復鄉大馬村八德街１４之１號
10015,1001507,大馬村,11,八德街,,,,１４號,292831.126,2619624.042,花蓮縣光復鄉大馬村八德街１４號
10015,1001507,大馬村,12,八德街,,,,１５號,292810.199,2619632.56,花蓮縣光復鄉大馬村八德街１５號
10015,1001507,大馬村,11,八德街,,１６巷,,１號,292858.068,2619639.879,花蓮縣光復鄉大馬村八德街１６巷１號
10015,1001507,大馬村,11,八德街,,１６巷,,３之１號,292894.06,2619661.474,花蓮縣光復鄉大馬村八德街１６巷３之１號
10015,1001507,大馬村,11,八德街,,１６巷,,３號,292879.725,2619653.047,花蓮縣光復鄉大馬村八德街１６巷３號
10015,1001507,大馬村,11,八德街,,,,２０號,292802.8,2619671.965,花蓮縣光復鄉大馬村八德街２０號
10015,1001507,大馬村,13,八德街,,,,２１號,292772.06,2619676.069,花蓮縣光復鄉大馬村八德街２１號
10015,1001507,大馬村,11,八德街,,,,２２號,292809.952,2619680.305,花蓮縣光復鄉大馬村八德街２２號
10015,1001507,大馬村,13,八德街,,,,２３之１號,292742.651,2619741.104,花蓮縣光復鄉大馬村八德街２３之１號
10015,1001507,大馬村,13,八德街,,,,２３號,292768.86,2619682.56,花蓮縣光復鄉大馬村八德街２３號
10015,1001507,大馬村,13,八德街,,,,４９號,292730.783,2619770.733,花蓮縣光復鄉大馬村八德街４９號
10015,1001507,大馬村,14,四維街,,,,１號,292796.23,2619535.85,花蓮縣光復鄉大馬村四維街１號
10015,1001507,大馬村,12,四維街,,,,２號,292823.025,2619534.718,花蓮縣光復鄉大馬村四維街２號
10015,1001507,大馬村,14,四維街,,,,３之１號,292783.83,2619561.55,花蓮縣光復鄉大馬村四維街３之１號
10015,1001507,大馬村,14,四維街,,,,３號,292792.68,2619554.01,花蓮縣光復鄉大馬村四維街３號
10015,1001507,大馬村,12,四維街,,,,４號,292830.434,2619542.225,花蓮縣光復鄉大馬村四維街４號
10015,1001507,大馬村,14,四維街,,,,７之１號,292777.49,2619578.89,花蓮縣光復鄉大馬村四維街７之１號
10015,1001507,大馬村,14,四維街,,,,７號,292780.19,2619566.07,花蓮縣光復鄉大馬村四維街７號
10015,1001507,大馬村,12,四維街,,８巷,,１號,292829.71,2619555.57,花蓮縣光復鄉大馬村四維街８巷１號
10015,1001507,大馬村,12,四維街,,,,８號,292816.643,2619551.174,花蓮縣光復鄉大馬村四維街８號
10015,1001507,大馬村,14,四維街,,,,９號,292774.92,2619583.9,花蓮縣光復鄉大馬村四維街９號
10015,1001507,大馬村,12,四維街,,,,１０號,292805.868,2619565.712,花蓮縣光復鄉大馬村四維街１０號
10015,1001507,大馬村,14,四維街,,,,１１號,292771.46,2619589.16,花蓮縣光復鄉大馬村四維街１１號
10015,1001507,大馬村,12,四維街,,,,１４號,292793.835,2619588.12,花蓮縣光復鄉大馬村四維街１４號
10015,1001507,大馬村,14,四維街,,,,１５號,292767.644,2619598.217,花蓮縣光復鄉大馬村四維街１５號
10015,1001507,大馬村,12,四維街,,,,１６號,292776.159,2619612.58,花蓮縣光復鄉大馬村四維街１６號
10015,1001507,大馬村,15,四維街,,,,１９號,292735.696,2619627.004,花蓮縣光復鄉大馬村四維街１９號
10015,1001507,大馬村,13,四維街,,,,２０號,292755.58,2619648.385,花蓮縣光復鄉大馬村四維街２０號
10015,1001507,大馬村,15,四維街,,,,２１號,292742.617,2619632.865,花蓮縣光復鄉大馬村四維街２１號
10015,1001507,大馬村,15,四維街,,,,２５號,292732.522,2619642.85,花蓮縣光復鄉大馬村四維街２５號
10015,1001507,大馬村,13,四維街,,,,２８號,292747.614,2619666.917,花蓮縣光復鄉大馬村四維街２８號
10015,1001507,大馬村,15,四維街,,,,２９號,292721.252,2619670.795,花蓮縣光復鄉大馬村四維街２９號
10015,1001507,大馬村,13,四維街,,,,３０號,292770.313,2619694.136,花蓮縣光復鄉大馬村四維街３０號
10015,1001507,大馬村,13,四維街,,,,３２號,292738.055,2619690.39,花蓮縣光復鄉大馬村四維街３２號
10015,1001507,大馬村,15,四維街,,,,３３號,292716.22,2619688.91,花蓮縣光復鄉大馬村四維街３３號
10015,1001507,大馬村,13,四維街,,,,３６號,292730.931,2619698.522,花蓮縣光復鄉大馬村四維街３６號
10015,1001507,大馬村,13,四維街,,,,４３號,292711.742,2619724.011,花蓮縣光復鄉大馬村四維街４３號
10015,1001507,大馬村,17,,大馬,,,２３０號,292724.46,2619171.59,花蓮縣光復鄉大馬村大馬２３０號
10015,1001507,大馬村,21,,大馬,,,２６８之８號,289859.8,2618848.52,花蓮縣光復鄉大馬村大馬２６８之８號
10015,1001507,大馬村,20,,大馬,,,２５６之１號,290953.72,2619908.38,花蓮縣光復鄉大馬村大馬２５６之１號
10015,1001507,大馬村,21,,大馬,,,２７８號,290081.22,2619245.54,花蓮縣光復鄉大馬村大馬２７８號
10015,1001507,大馬村,17,,大馬,,,２２７號,292799.34,2619185.88,花蓮縣光復鄉大馬村大馬２２７號
10015,1001507,大馬村,21,,大馬,,,２６３之７號,290132.63,2619248.78,花蓮縣光復鄉大馬村大馬２６３之７號
10015,1001507,大馬村,17,,大馬,,,２２９之２號,292743.762,2619121.674,花蓮縣光復鄉大馬村大馬２２９之２號
10015,1001507,大馬村,17,,大馬,,,２２９之３號,292724.249,2619119.923,花蓮縣光復鄉大馬村大馬２２９之３號
10015,1001507,大馬村,17,,大馬,,,２２９號,292722.894,2619135.456,花蓮縣光復鄉大馬村大馬２２９號
10015,1001507,大馬村,17,,大馬,,,２２９之５號,292766.245,2619107.557,花蓮縣光復鄉大馬村大馬２２９之５號
10015,1001507,大馬村,17,,大馬,,,２２９之１號,292716.599,2619151.256,花蓮縣光復鄉大馬村大馬２２９之１號
10015,1001507,大馬村,17,,大馬,,,２３１之１０號,292695.513,2619247.14,花蓮縣光復鄉大馬村大馬２３１之１０號
10015,1001507,大馬村,17,,大馬,,,２３１之１號,292700.898,2619118.994,花蓮縣光復鄉大馬村大馬２３１之１號
10015,1001507,大馬村,17,,大馬,,,２３１之２號,292690.612,2619110.889,花蓮縣光復鄉大馬村大馬２３１之２號
10015,1001507,大馬村,17,,大馬,,,２３１號,292703.298,2619170.938,花蓮縣光復鄉大馬村大馬２３１號
10015,1001507,大馬村,17,,大馬,,,２３２號,292702.707,2619265.293,花蓮縣光復鄉大馬村大馬２３２號
10015,1001507,大馬村,17,,大馬,,,２３３之１號,292644.644,2619361.264,花蓮縣光復鄉大馬村大馬２３３之１號
10015,1001507,大馬村,17,,大馬,,,２３３號,292651.457,2619347.792,花蓮縣光復鄉大馬村大馬２３３號
10015,1001507,大馬村,17,,大馬,,,２３４號,292632.921,2619325.61,花蓮縣光復鄉大馬村大馬２３４號
10015,1001507,大馬村,17,,大馬,,,２３５號,292700.229,2619326.426,花蓮縣光復鄉大馬村大馬２３５號
10015,1001507,大馬村,17,,大馬,,,２３６號,292641.711,2619369.926,花蓮縣光復鄉大馬村大馬２３６號
10015,1001507,大馬村,17,,大馬,,,２３７號,292645.117,2619381.007,花蓮縣光復鄉大馬村大馬２３７號
10015,1001507,大馬村,18,,大馬,,,２３８號,292613.41,2619394.885,花蓮縣光復鄉大馬村大馬２３８號
10015,1001507,大馬村,18,,大馬,,,２３８之１號,292618.563,2619375.386,花蓮縣光復鄉大馬村大馬２３８之１號
10015,1001507,大馬村,18,,大馬,,,２３９號,292634.885,2619423.586,花蓮縣光復鄉大馬村大馬２３９號
10015,1001507,大馬村,18,,大馬,,,２４２之１號,292621.097,2619467.353,花蓮縣光復鄉大馬村大馬２４２之１號
10015,1001507,大馬村,18,,大馬,,,２４３號,292651.127,2619454.593,花蓮縣光復鄉大馬村大馬２４３號
10015,1001507,大馬村,18,,大馬,,,２４４號,292643.603,2619464.17,花蓮縣光復鄉大馬村大馬２４４號
10015,1001507,大馬村,18,,大馬,,,２４５之１號,292641.395,2619482.913,花蓮縣光復鄉大馬村大馬２４５之１號
10015,1001507,大馬村,18,,大馬,,,２４５號,292641.153,2619498.759,花蓮縣光復鄉大馬村大馬２４５號
10015,1001507,大馬村,18,,大馬,,,２４５之２號,292666.354,2619466.587,花蓮縣光復鄉大馬村大馬２４５之２號
10015,1001507,大馬村,18,,大馬,,,２４６號,292610.52,2619524.464,花蓮縣光復鄉大馬村大馬２４６號
10015,1001507,大馬村,18,,大馬,,,２４７之１號,292603.935,2619543.298,花蓮縣光復鄉大馬村大馬２４７之１號
10015,1001507,大馬村,18,,大馬,,,２４７號,292631.11,2619543.038,花蓮縣光復鄉大馬村大馬２４７號
10015,1001507,大馬村,18,,大馬,,,２４８號,292618.428,2619562.186,花蓮縣光復鄉大馬村大馬２４８號
10015,1001507,大馬村,18,,大馬,,,２４９號,292587.486,2619595.662,花蓮縣光復鄉大馬村大馬２４９號
10015,1001507,大馬村,20,,大馬,,,２５３之１號,292576.1,2619648.97,花蓮縣光復鄉大馬村大馬２５３之１號
10015,1001507,大馬村,20,,大馬,,,２５６號,290999.237,2619928.365,花蓮縣光復鄉大馬村大馬２５６號
10015,1001507,大馬村,20,,大馬,,,２５８號,290921.368,2619890.484,花蓮縣光復鄉大馬村大馬２５８號
10015,1001507,大馬村,20,,大馬,,,２６０之１號,290928.633,2619880.532,花蓮縣光復鄉大馬村大馬２６０之１號
10015,1001507,大馬村,20,,大馬,,,２６３號,290300.32,2618611.55,花蓮縣光復鄉大馬村大馬２６３號
10015,1001507,大馬村,21,,大馬,,,２６８之７號,290100.215,2619105.413,花蓮縣光復鄉大馬村大馬２６８之７號
10015,1001507,大馬村,21,,大馬,,,２７０號,290060.732,2619263.494,花蓮縣光復鄉大馬村大馬２７０號
10015,1001507,大馬村,21,,大馬,,,２７１號,290063.26,2618591.27,花蓮縣光復鄉大馬村大馬２７１號
10015,1001507,大馬村,21,,大馬,,,２７２號,290077.96,2619252.09,花蓮縣光復鄉大馬村大馬２７２號
10015,1001507,大馬村,21,,大馬,,,２７７號,289171.7,2619176.99,花蓮縣光復鄉大馬村大馬２７７號
10015,1001507,大馬村,21,,大馬,,,２８３號,289958.5,2619195.447,花蓮縣光復鄉大馬村大馬２８３號
10015,1001507,大馬村,21,,大馬,,,２８６號,290068.89,2619245.7,花蓮縣光復鄉大馬村大馬２８６號
10015,1001507,大馬村,21,,大馬,,,２８８號,290724.23,2618145.78,花蓮縣光復鄉大馬村大馬２８８號
10015,1001507,大馬村,22,,大馬,,,２９２之１號,290485.344,2620145.635,花蓮縣光復鄉大馬村大馬２９２之１號
10015,1001507,大馬村,22,,大馬,,,２９２號,290542.61,2620155.766,花蓮縣光復鄉大馬村大馬２９２號
10015,1001507,大馬村,23,,大馬,,,２９６之１號,290284.088,2620123.34,花蓮縣光復鄉大馬村大馬２９６之１號
10015,1001507,大馬村,23,,大馬,,,２９６號,290314.569,2620126.841,花蓮縣光復鄉大馬村大馬２９６號
10015,1001507,大馬村,22,,大馬,,,３０２之１號,290439.46,2620094.79,花蓮縣光復鄉大馬村大馬３０２之１號
10015,1001507,大馬村,22,,大馬,,,３０２之２號,290325.847,2620131.698,花蓮縣光復鄉大馬村大馬３０２之２號
10015,1001507,大馬村,22,,大馬,,,３０２號,290373.845,2620136.207,花蓮縣光復鄉大馬村大馬３０２號
10015,1001507,大馬村,10,成功街,,３１４巷,,１號,293685.847,2618941.31,花蓮縣光復鄉大馬村成功街３１４巷１號
10015,1001507,大馬村,6,成功街,,,,４０７號,293356.699,2618955.73,花蓮縣光復鄉大馬村成功街４０７號
10015,1001507,大馬村,6,成功街,,,,４０９號,293353.818,2618937.018,花蓮縣光復鄉大馬村成功街４０９號
10015,1001507,大馬村,11,成功街,,４２０巷,,３０號,293319.422,2619448.436,花蓮縣光復鄉大馬村成功街４２０巷３０號
10015,1001507,大馬村,11,成功街,,５６０巷,,６０號,293314.628,2619468.446,花蓮縣光復鄉大馬村成功街５６０巷６０號
10015,1001507,大馬村,11,成功街,,,,６１１號,293002.983,2619494.585,花蓮縣光復鄉大馬村成功街６１１號
10015,1001507,大馬村,11,成功街,,,,６２５之１號,292944.67,2619621.66,花蓮縣光復鄉大馬村成功街６２５之１號
10015,1001507,大馬村,11,成功街,,,,６５９號,292849.088,2619755.682,花蓮縣光復鄉大馬村成功街６５９號
10015,1001507,大馬村,11,成功街,,,,６６１號,292844.695,2619751.909,花蓮縣光復鄉大馬村成功街６６１號
10015,1001507,大馬村,11,成功街,,,,６６２號,292839.959,2619715.072,花蓮縣光復鄉大馬村成功街６６２號
10015,1001507,大馬村,11,成功街,,,,６７１號,292817.735,2619727.024,花蓮縣光復鄉大馬村成功街６７１號
10015,1001507,大馬村,11,成功街,,,,７５５號,292880.69,2619722.941,花蓮縣光復鄉大馬村成功街７５５號
10015,1001507,大馬村,11,成功街,,,,７５７號,292876.45,2619734.45,花蓮縣光復鄉大馬村成功街７５７號
10015,1001507,大馬村,11,成功街,,,,７６０之２號,292923.041,2619763.518,花蓮縣光復鄉大馬村成功街７６０之２號
10015,1001507,大馬村,11,成功街,,,,７６０號,292898.645,2619731.635,花蓮縣光復鄉大馬村成功街７６０號
10015,1001507,大馬村,11,成功街,,,,７６０之３號,292929.19,2619673.94,花蓮縣光復鄉大馬村成功街７６０之３號
10015,1001507,大馬村,11,成功街,,,,７６３號,292807.609,2619721.056,花蓮縣光復鄉大馬村成功街７６３號
10015,1001507,大馬村,11,成功街,,,,７６５號,292799.474,2619716.213,花蓮縣光復鄉大馬村成功街７６５號
10015,1001507,大馬村,11,成功街,,,,７６６號,292890.302,2619749.799,花蓮縣光復鄉大馬村成功街７６６號
10015,1001507,大馬村,11,成功街,,,,７６７號,292852.588,2619765.832,花蓮縣光復鄉大馬村成功街７６７號
10015,1001507,大馬村,11,成功街,,７６８巷,,１號,292933.098,2619781.998,花蓮縣光復鄉大馬村成功街７６８巷１號
10015,1001507,大馬村,11,成功街,,,,８０３號,292846,2619771.25,花蓮縣光復鄉大馬村成功街８０３號
10015,1001507,大馬村,8,林森路,,,,２００號,293368.78,2618652.85,花蓮縣光復鄉大馬村林森路２００號
10015,1001507,大馬村,7,林森路,,,,２００號,293368.78,2618652.85,花蓮縣光復鄉大馬村林森路２００號
10015,1001507,大馬村,9,林森路,,,,２２８號,293280.524,2618663.39,花蓮縣光復鄉大馬村林森路２２８號
10015,1001507,大馬村,9,林森路,,,,２３８號,293268.667,2618682.015,花蓮縣光復鄉大馬村林森路２３８號
10015,1001507,大馬村,9,林森路,,,,２４０號,293266.534,2618685.822,花蓮縣光復鄉大馬村林森路２４０號
10015,1001507,大馬村,9,林森路,,,,２４６號,293270.347,2618716.328,花蓮縣光復鄉大馬村林森路２４６號
10015,1001507,大馬村,9,林森路,,,,２５４號,293256.058,2618706.53,花蓮縣光復鄉大馬村林森路２５４號
10015,1001507,大馬村,9,林森路,,,,２５８號,293264.387,2618730.562,花蓮縣光復鄉大馬村林森路２５８號
10015,1001507,大馬村,9,林森路,,,,２６０號,293276.787,2618734.027,花蓮縣光復鄉大馬村林森路２６０號
10015,1001507,大馬村,9,林森路,,,,２６２號,293249.698,2618719.627,花蓮縣光復鄉大馬村林森路２６２號
10015,1001507,大馬村,9,林森路,,,,２６４號,293244.075,2618731.057,花蓮縣光復鄉大馬村林森路２６４號
10015,1001507,大馬村,9,林森路,,,,２６８號,293239.913,2618742.298,花蓮縣光復鄉大馬村林森路２６８號
10015,1001507,大馬村,9,林森路,,,,２７２號,293230.589,2618752.377,花蓮縣光復鄉大馬村林森路２７２號
10015,1001507,大馬村,10,林森路,,２７４巷,,３號,293234.417,2618786.587,花蓮縣光復鄉大馬村林森路２７４巷３號
10015,1001507,大馬村,10,林森路,,,,２７６號,293221.959,2618773.077,花蓮縣光復鄉大馬村林森路２７６號
10015,1001507,大馬村,10,林森路,,,,２７８號,293218.558,2618786.282,花蓮縣光復鄉大馬村林森路２７８號
10015,1001507,大馬村,10,林森路,,,,２８２號,293205.597,2618797.404,花蓮縣光復鄉大馬村林森路２８２號
10015,1001507,大馬村,10,林森路,,,,２９０號,293197.973,2618809.289,花蓮縣光復鄉大馬村林森路２９０號
10015,1001507,大馬村,10,林森路,,２９４巷,,３號,293177.064,2618854.898,花蓮縣光復鄉大馬村林森路２９４巷３號
10015,1001507,大馬村,10,林森路,,２９４巷,,９號,293206.363,2618866.946,花蓮縣光復鄉大馬村林森路２９４巷９號
10015,1001507,大馬村,10,林森路,,２９４巷,,１５號,293202.06,2618876.305,花蓮縣光復鄉大馬村林森路２９４巷１５號
10015,1001507,大馬村,10,林森路,,,,２９８號,293175.28,2618977.85,花蓮縣光復鄉大馬村林森路２９８號
10015,1001507,大馬村,10,林森路,,,,３００號,293106.23,2618964.99,花蓮縣光復鄉大馬村林森路３００號
10015,1001507,大馬村,10,林森路,,,,３０２號,293101.847,2619016.421,花蓮縣光復鄉大馬村林森路３０２號
10015,1001507,大馬村,16,林森路,,,,３０５號,292912.051,2619208.646,花蓮縣光復鄉大馬村林森路３０５號
10015,1001507,大馬村,16,林森路,,,,３０５之１號,292874.81,2619272.97,花蓮縣光復鄉大馬村林森路３０５之１號
10015,1001507,大馬村,16,林森路,,,,３０５之５號,292851.01,2619318.83,花蓮縣光復鄉大馬村林森路３０５之５號
10015,1001507,大馬村,10,林森路,,,,３１６號,293039.54,2619083.406,花蓮縣光復鄉大馬村林森路３１６號
10015,1001507,大馬村,16,林森路,,,,３３１號,292761.325,2619467.45,花蓮縣光復鄉大馬村林森路３３１號
10015,1001507,大馬村,16,林森路,,,,３３５之１號,292755.413,2619480.091,花蓮縣光復鄉大馬村林森路３３５之１號
10015,1001507,大馬村,16,林森路,,,,３３５號,292758.087,2619475.438,花蓮縣光復鄉大馬村林森路３３５號
10015,1001507,大馬村,16,林森路,,,,３３７號,292750.618,2619487.521,花蓮縣光復鄉大馬村林森路３３７號
10015,1001507,大馬村,16,林森路,,,,３４１之１號,292730.02,2619498.758,花蓮縣光復鄉大馬村林森路３４１之１號
10015,1001507,大馬村,16,林森路,,,,３４１之２號,292746.715,2619493.952,花蓮縣光復鄉大馬村林森路３４１之２號
10015,1001507,大馬村,16,林森路,,,,３４１號,292740.692,2619502.225,花蓮縣光復鄉大馬村林森路３４１號
10015,1001507,大馬村,16,林森路,,,,３４５號,292730.507,2619517.292,花蓮縣光復鄉大馬村林森路３４５號
10015,1001507,大馬村,16,林森路,,３４７巷,,１號,292716.346,2619533.06,花蓮縣光復鄉大馬村林森路３４７巷１號
10015,1001507,大馬村,16,林森路,,,,３５１號,292726.104,2619528.353,花蓮縣光復鄉大馬村林森路３５１號
10015,1001507,大馬村,16,林森路,,,,３６１號,292701.001,2619546.774,花蓮縣光復鄉大馬村林森路３６１號
10015,1001507,大馬村,16,林森路,,,,３６３號,292704.336,2619561.834,花蓮縣光復鄉大馬村林森路３６３號
10015,1001507,大馬村,16,林森路,,,,３６３之１號,292697.093,2619577.741,花蓮縣光復鄉大馬村林森路３６３之１號
10015,1001507,大馬村,16,林森路,,,,３６５號,292700.004,2619571.711,花蓮縣光復鄉大馬村林森路３６５號
10015,1001507,大馬村,10,林森路,,,,３６６號,292966.551,2619198.111,花蓮縣光復鄉大馬村林森路３６６號
10015,1001507,大馬村,10,林森路,,,,３８２號,292902.78,2619323.65,花蓮縣光復鄉大馬村林森路３８２號
10015,1001507,大馬村,14,林森路,,,,３９０號,292856.566,2619390.47,花蓮縣光復鄉大馬村林森路３９０號
10015,1001507,大馬村,14,林森路,,,,３９２號,292853.622,2619396.086,花蓮縣光復鄉大馬村林森路３９２號
10015,1001507,大馬村,14,林森路,,,,４１２號,292814.442,2619448.97,花蓮縣光復鄉大馬村林森路４１２號
10015,1001507,大馬村,14,林森路,,,,４１４號,292810.721,2619454.841,花蓮縣光復鄉大馬村林森路４１４號
10015,1001507,大馬村,14,林森路,,,,４２４號,292792.714,2619485.383,花蓮縣光復鄉大馬村林森路４２４號
10015,1001507,大馬村,14,林森路,,４２６巷,,１號,292784.814,2619499.652,花蓮縣光復鄉大馬村林森路４２６巷１號
10015,1001507,大馬村,14,林森路,,４２６巷,,５號,292810.69,2619514.014,花蓮縣光復鄉大馬村林森路４２６巷５號
10015,1001507,大馬村,14,林森路,,４２６巷,,７號,292816.302,2619518.335,花蓮縣光復鄉大馬村林森路４２６巷７號
10015,1001507,大馬村,12,林森路,,４２６巷,,１１號,292827.462,2619525.125,花蓮縣光復鄉大馬村林森路４２６巷１１號
10015,1001507,大馬村,12,林森路,,４２６巷,,１５號,292840.704,2619534.077,花蓮縣光復鄉大馬村林森路４２６巷１５號
10015,1001507,大馬村,12,林森路,,４２６巷,,２１號,292854.334,2619545.184,花蓮縣光復鄉大馬村林森路４２６巷２１號
10015,1001507,大馬村,11,林森路,,４２６巷,,２５號,292873.569,2619567.43,花蓮縣光復鄉大馬村林森路４２６巷２５號
10015,1001507,大馬村,12,林森路,,４２６巷,,２６號,292913.269,2619525.949,花蓮縣光復鄉大馬村林森路４２６巷２６號
10015,1001507,大馬村,11,林森路,,４２６巷,,３３號,292889.207,2619590.617,花蓮縣光復鄉大馬村林森路４２６巷３３號
10015,1001507,大馬村,11,林森路,,４２６巷,,３７號,292892.548,2619617.975,花蓮縣光復鄉大馬村林森路４２６巷３７號
10015,1001507,大馬村,11,林森路,,４２６巷,,３７之１號,292878.85,2619605.41,花蓮縣光復鄉大馬村林森路４２６巷３７之１號
10015,1001507,大馬村,14,林森路,,,,４２８號,292781.441,2619505.188,花蓮縣光復鄉大馬村林森路４２８號
10015,1001507,大馬村,14,林森路,,,,４３０號,292778.973,2619508.766,花蓮縣光復鄉大馬村林森路４３０號
10015,1001507,大馬村,14,林森路,,,,４３２號,292776.207,2619513.004,花蓮縣光復鄉大馬村林森路４３２號
10015,1001507,大馬村,14,林森路,,,,４３８號,292772.02,2619554.08,花蓮縣光復鄉大馬村林森路４３８號
10015,1001507,大馬村,19,林森路,,,,４３９號,292315.008,2619810.809,花蓮縣光復鄉大馬村林森路４３９號
10015,1001507,大馬村,14,林森路,,,,４４２號,292768.437,2619534.759,花蓮縣光復鄉大馬村林森路４４２號
10015,1001507,大馬村,19,林森路,,,,４４５號,292282.441,2619817.433,花蓮縣光復鄉大馬村林森路４４５號
10015,1001507,大馬村,19,林森路,,,,４４５之１號,292290.945,2619816.194,花蓮縣光復鄉大馬村林森路４４５之１號
10015,1001507,大馬村,14,林森路,,,,４４６號,292764.849,2619542.115,花蓮縣光復鄉大馬村林森路４４６號
10015,1001507,大馬村,19,林森路,,,,４４７號,292266.939,2619804.534,花蓮縣光復鄉大馬村林森路４４７號
10015,1001507,大馬村,14,林森路,,,,４５０號,292747.703,2619559.062,花蓮縣光復鄉大馬村林森路４５０號
10015,1001507,大馬村,14,林森路,,４５４巷,,１號,292751.807,2619575.574,花蓮縣光復鄉大馬村林森路４５４巷１號
10015,1001507,大馬村,14,林森路,,,,４５４號,292741.142,2619570.507,花蓮縣光復鄉大馬村林森路４５４號
10015,1001507,大馬村,14,林森路,,,,４５８號,292734.124,2619587.47,花蓮縣光復鄉大馬村林森路４５８號
10015,1001507,大馬村,15,林森路,,４６０巷,,１號,292738.07,2619599.22,花蓮縣光復鄉大馬村林森路４６０巷１號
10015,1001507,大馬村,14,林森路,,４６０巷,,４號,292742.646,2619591.236,花蓮縣光復鄉大馬村林森路４６０巷４號
10015,1001507,大馬村,15,林森路,,４６０巷,,５號,292748.481,2619618.799,花蓮縣光復鄉大馬村林森路４６０巷５號
10015,1001507,大馬村,14,林森路,,４６０巷,,６號,292764.04,2619604.358,花蓮縣光復鄉大馬村林森路４６０巷６號
10015,1001507,大馬村,13,林森路,,４６０巷,,１１號,292774.01,2619625.348,花蓮縣光復鄉大馬村林森路４６０巷１１號
10015,1001507,大馬村,13,林森路,,４６０巷,,１５號,292789.095,2619640.093,花蓮縣光復鄉大馬村林森路４６０巷１５號
10015,1001507,大馬村,13,林森路,,４６０巷,,２１號,292800.15,2619641.935,花蓮縣光復鄉大馬村林森路４６０巷２１號
10015,1001507,大馬村,12,林森路,,４６０巷,,２２號,292797.52,2619626.455,花蓮縣光復鄉大馬村林森路４６０巷２２號
10015,1001507,大馬村,11,林森路,,４６０巷,,２９號,292816.144,2619652.725,花蓮縣光復鄉大馬村林森路４６０巷２９號
10015,1001507,大馬村,11,林森路,,４６０巷,,３０號,292829.688,2619642.588,花蓮縣光復鄉大馬村林森路４６０巷３０號
10015,1001507,大馬村,11,林森路,,４６０巷,,３１號,292828.625,2619657.944,花蓮縣光復鄉大馬村林森路４６０巷３１號
10015,1001507,大馬村,11,林森路,,４６０巷,,３４號,292856.669,2619662.202,花蓮縣光復鄉大馬村林森路４６０巷３４號
10015,1001507,大馬村,11,林森路,,４６０巷,３５弄,１號,292822.22,2619686.664,花蓮縣光復鄉大馬村林森路４６０巷３５弄１號
10015,1001507,大馬村,11,林森路,,４６０巷,,３５號,292839.064,2619670.017,花蓮縣光復鄉大馬村林森路４６０巷３５號
10015,1001507,大馬村,11,林森路,,４６０巷,,３６號,292869.711,2619670.113,花蓮縣光復鄉大馬村林森路４６０巷３６號
10015,1001507,大馬村,11,林森路,,４６０巷,,３７號,292848.384,2619675.828,花蓮縣光復鄉大馬村林森路４６０巷３７號
10015,1001507,大馬村,11,林森路,,４６０巷,,３９號,292852.906,2619696.5,花蓮縣光復鄉大馬村林森路４６０巷３９號
10015,1001507,大馬村,11,林森路,,４６０巷,,４０號,292883.23,2619678.765,花蓮縣光復鄉大馬村林森路４６０巷４０號
10015,1001507,大馬村,11,林森路,,４６０巷,,４１號,292874.114,2619694.859,花蓮縣光復鄉大馬村林森路４６０巷４１號
10015,1001507,大馬村,11,林森路,,４６０巷,,４６號,292901.672,2619685.589,花蓮縣光復鄉大馬村林森路４６０巷４６號
10015,1001507,大馬村,11,林森路,,４６０巷,,４７號,292886.355,2619700.397,花蓮縣光復鄉大馬村林森路４６０巷４７號
10015,1001507,大馬村,11,林森路,,４６０巷,,５１號,292908.082,2619709.265,花蓮縣光復鄉大馬村林森路４６０巷５１號
10015,1001507,大馬村,11,林森路,,４６０巷,,５３號,292920.393,2619716.195,花蓮縣光復鄉大馬村林森路４６０巷５３號
10015,1001507,大馬村,11,林森路,,４６０巷,,５７之５號,292905.26,2619748.82,花蓮縣光復鄉大馬村林森路４６０巷５７之５號
10015,1001507,大馬村,11,林森路,,４６０巷,,５７之３號,292913.55,2619758.57,花蓮縣光復鄉大馬村林森路４６０巷５７之３號
10015,1001507,大馬村,11,林森路,,４６０巷,,５７之２號,292943.539,2619767.228,花蓮縣光復鄉大馬村林森路４６０巷５７之２號
10015,1001507,大馬村,11,林森路,,４６０巷,,５７之６號,292933.813,2619789.25,花蓮縣光復鄉大馬村林森路４６０巷５７之６號
10015,1001507,大馬村,11,林森路,,４６０巷,,５７之１號,292900.719,2619791.458,花蓮縣光復鄉大馬村林森路４６０巷５７之１號
10015,1001507,大馬村,11,林森路,,４６０巷,,５７之７號,292897.295,2619796.125,花蓮縣光復鄉大馬村林森路４６０巷５７之７號
10015,1001507,大馬村,11,林森路,,４６０巷,,５７號,292928.427,2619726.711,花蓮縣光復鄉大馬村林森路４６０巷５７號
10015,1001507,大馬村,11,林森路,,４６０巷,,５９之１號,292942.223,2619734.736,花蓮縣光復鄉大馬村林森路４６０巷５９之１號
10015,1001507,大馬村,11,林森路,,４６０巷,,５９號,292934.115,2619729.982,花蓮縣光復鄉大馬村林森路４６０巷５９號
10015,1001507,大馬村,11,林森路,,４６０巷,６０弄,１號,292968.346,2619686.681,花蓮縣光復鄉大馬村林森路４６０巷６０弄１號
10015,1001507,大馬村,11,林森路,,４６０巷,,６８號,292962.108,2619722.389,花蓮縣光復鄉大馬村林森路４６０巷６８號
10015,1001507,大馬村,11,林森路,,４６０巷,,７０號,292966.656,2619718,花蓮縣光復鄉大馬村林森路４６０巷７０號
10015,1001507,大馬村,11,林森路,,４６０巷,,７２號,292969.219,2619713,花蓮縣光復鄉大馬村林森路４６０巷７２號
10015,1001507,大馬村,11,林森路,,４６０巷,,７４號,292973.219,2619707.75,花蓮縣光復鄉大馬村林森路４６０巷７４號
10015,1001507,大馬村,11,林森路,,４６０巷,,７６號,292981.969,2619709.75,花蓮縣光復鄉大馬村林森路４６０巷７６號
10015,1001507,大馬村,11,林森路,,４６０巷,,７８號,293016.749,2619757.732,花蓮縣光復鄉大馬村林森路４６０巷７８號
10015,1001507,大馬村,11,林森路,,４６０巷,,８０號,293068.929,2619800.587,花蓮縣光復鄉大馬村林森路４６０巷８０號
10015,1001507,大馬村,15,林森路,,,,４６２號,292724.44,2619600.23,花蓮縣光復鄉大馬村林森路４６２號
10015,1001507,大馬村,15,林森路,,,,４６４號,292721.005,2619604.73,花蓮縣光復鄉大馬村林森路４６４號
10015,1001507,大馬村,15,林森路,,,,４６８號,292717.285,2619611.127,花蓮縣光復鄉大馬村林森路４６８號
10015,1001507,大馬村,19,林森路,,,,４６９號,292192.469,2619843.5,花蓮縣光復鄉大馬村林森路４６９號
10015,1001507,大馬村,15,林森路,,,,４７０號,292715.425,2619614.325,花蓮縣光復鄉大馬村林森路４７０號
10015,1001507,大馬村,19,林森路,,,,４７１號,292185.531,2619846.25,花蓮縣光復鄉大馬村林森路４７１號
10015,1001507,大馬村,19,林森路,,,,４７３之１號,292151.625,2619842.5,花蓮縣光復鄉大馬村林森路４７３之１號
10015,1001507,大馬村,15,林森路,,,,４７４號,292711.705,2619620.721,花蓮縣光復鄉大馬村林森路４７４號
10015,1001507,大馬村,15,林森路,,,,４８０號,292713.168,2619641.795,花蓮縣光復鄉大馬村林森路４８０號
10015,1001507,大馬村,15,林森路,,,,４８４號,292705.889,2619648.498,花蓮縣光復鄉大馬村林森路４８４號
10015,1001507,大馬村,15,林森路,,,,４８８號,292680.475,2619737.042,花蓮縣光復鄉大馬村林森路４８８號
10015,1001507,大馬村,15,林森路,,,,４８８之１號,292703.178,2619701.211,花蓮縣光復鄉大馬村林森路４８８之１號
10015,1001507,大馬村,13,林森路,,４９０巷,１弄,９號,292722.791,2619759.329,花蓮縣光復鄉大馬村林森路４９０巷１弄９號
10015,1001507,大馬村,13,林森路,,４９０巷,１弄,１１號,292717.499,2619756.683,花蓮縣光復鄉大馬村林森路４９０巷１弄１１號
10015,1001507,大馬村,13,林森路,,４９０巷,,３號,292735.31,2619755.56,花蓮縣光復鄉大馬村林森路４９０巷３號
10015,1001507,大馬村,13,林森路,,４９０巷,,５號,292733.639,2619762.636,花蓮縣光復鄉大馬村林森路４９０巷５號
10015,1001507,大馬村,13,林森路,,,,４９２號,292699.952,2619749.356,花蓮縣光復鄉大馬村林森路４９２號
10015,1001507,大馬村,19,林森路,,,,４９７號,292119.445,2619879.225,花蓮縣光復鄉大馬村林森路４９７號
10015,1001507,大馬村,19,林森路,,,,４９７之１號,292110.42,2619893.634,花蓮縣光復鄉大馬村林森路４９７之１號
10015,1001507,大馬村,19,林森路,,,,４９９號,292101.165,2619900.466,花蓮縣光復鄉大馬村林森路４９９號
10015,1001507,大馬村,19,林森路,,,,５０１之１號,292069.666,2619900.814,花蓮縣光復鄉大馬村林森路５０１之１號
10015,1001507,大馬村,19,林森路,,,,５０１號,292093.66,2619906.754,花蓮縣光復鄉大馬村林森路５０１號
10015,1001507,大馬村,19,林森路,,,,５０７號,292068.455,2619918.302,花蓮縣光復鄉大馬村林森路５０７號
10015,1001507,大馬村,19,林森路,,５１１巷,,１號,292043.118,2619917.103,花蓮縣光復鄉大馬村林森路５１１巷１號
10015,1001507,大馬村,19,林森路,,,,５１４號,292430.827,2619834.176,花蓮縣光復鄉大馬村林森路５１４號
10015,1001507,大馬村,19,林森路,,,,５１５號,292042.374,2619942.869,花蓮縣光復鄉大馬村林森路５１５號
10015,1001507,大馬村,19,林森路,,,,５１６號,292423.863,2619835.428,花蓮縣光復鄉大馬村林森路５１６號
10015,1001507,大馬村,19,林森路,,,,５１８號,292416.567,2619836.45,花蓮縣光復鄉大馬村林森路５１８號
10015,1001507,大馬村,19,林森路,,,,５１９號,292016.333,2619950.927,花蓮縣光復鄉大馬村林森路５１９號
10015,1001507,大馬村,19,林森路,,,,５２０號,292411.87,2619837.298,花蓮縣光復鄉大馬村林森路５２０號
10015,1001507,大馬村,19,林森路,,,,５２２號,292407.223,2619838.141,花蓮縣光復鄉大馬村林森路５２２號
10015,1001507,大馬村,19,林森路,,,,５２４號,292402.718,2619838.898,花蓮縣光復鄉大馬村林森路５２４號
10015,1001507,大馬村,19,林森路,,,,５２５號,291984.655,2619986.957,花蓮縣光復鄉大馬村林森路５２５號
10015,1001507,大馬村,19,林森路,,,,５２６號,292398.093,2619839.47,花蓮縣光復鄉大馬村林森路５２６號
10015,1001507,大馬村,19,林森路,,,,５２７號,291972.432,2619994.767,花蓮縣光復鄉大馬村林森路５２７號
10015,1001507,大馬村,19,林森路,,,,５２８號,292393.309,2619840.227,花蓮縣光復鄉大馬村林森路５２８號
10015,1001507,大馬村,19,林森路,,,,５３０號,292389.601,2619840.625,花蓮縣光復鄉大馬村林森路５３０號
10015,1001507,大馬村,19,林森路,,,,５３５號,291938.856,2620012.297,花蓮縣光復鄉大馬村林森路５３５號
10015,1001507,大馬村,19,林森路,,,,５４３號,291922.437,2620034.066,花蓮縣光復鄉大馬村林森路５４３號
10015,1001507,大馬村,19,林森路,,,,５４４號,292358.846,2619853.941,花蓮縣光復鄉大馬村林森路５４４號
10015,1001507,大馬村,19,林森路,,,,５５０號,292327.48,2619847.21,花蓮縣光復鄉大馬村林森路５５０號
10015,1001507,大馬村,19,林森路,,,,５５２號,292320.34,2619848.8,花蓮縣光復鄉大馬村林森路５５２號
10015,1001507,大馬村,19,林森路,,,,５５８號,292301.163,2619855.359,花蓮縣光復鄉大馬村林森路５５８號
10015,1001507,大馬村,19,林森路,,,,５６６號,292311.34,2619854.1,花蓮縣光復鄉大馬村林森路５６６號
10015,1001507,大馬村,19,林森路,,５７０巷,９弄,１號,292350.572,2619965.793,花蓮縣光復鄉大馬村林森路５７０巷９弄１號
10015,1001507,大馬村,19,林森路,,５７０巷,,１６之５號,292299.161,2620069.352,花蓮縣光復鄉大馬村林森路５７０巷１６之５號
10015,1001507,大馬村,19,林森路,,５７０巷,,１６號,292291.75,2620020.62,花蓮縣光復鄉大馬村林森路５７０巷１６號
10015,1001507,大馬村,19,林森路,,５７０巷,,２０號,292296.463,2620080.921,花蓮縣光復鄉大馬村林森路５７０巷２０號
10015,1001507,大馬村,19,林森路,,５７０巷,２９弄,４３號,292896.38,2620002.1,花蓮縣光復鄉大馬村林森路５７０巷２９弄４３號
10015,1001507,大馬村,19,林森路,,５７０巷,３０弄,１８號,292176.958,2620046.137,花蓮縣光復鄉大馬村林森路５７０巷３０弄１８號
10015,1001507,大馬村,19,林森路,,５７０巷,３０弄,２２號,292137.66,2620115.25,花蓮縣光復鄉大馬村林森路５７０巷３０弄２２號
10015,1001507,大馬村,19,林森路,,５７０巷,７５弄,５０號,293254.271,2619993.628,花蓮縣光復鄉大馬村林森路５７０巷７５弄５０號
10015,1001507,大馬村,19,林森路,,,,５７６之５號,292159.618,2619915.025,花蓮縣光復鄉大馬村林森路５７６之５號
10015,1001507,大馬村,19,林森路,,,,５７６號,292215.172,2619898.914,花蓮縣光復鄉大馬村林森路５７６號
10015,1001507,大馬村,19,林森路,,,,６０４號,292125.543,2619931.809,花蓮縣光復鄉大馬村林森路６０４號
10015,1001507,大馬村,19,林森路,,,,６０６號,292111.763,2619942.604,花蓮縣光復鄉大馬村林森路６０６號
10015,1001507,大馬村,19,林森路,,６０８巷,,１號,292127.671,2619967.159,花蓮縣光復鄉大馬村林森路６０８巷１號
10015,1001507,大馬村,19,林森路,,,,６１２號,292100.399,2619947.997,花蓮縣光復鄉大馬村林森路６１２號
10015,1001507,大馬村,19,林森路,,,,６１３號,291705.882,2620168.673,花蓮縣光復鄉大馬村林森路６１３號
10015,1001507,大馬村,19,林森路,,,,６１７號,291700.09,2620185.319,花蓮縣光復鄉大馬村林森路６１７號
10015,1001507,大馬村,19,林森路,,,,６２０號,292082.487,2619970.467,花蓮縣光復鄉大馬村林森路６２０號
10015,1001507,大馬村,19,林森路,,,,６２１號,291709.956,2620211.416,花蓮縣光復鄉大馬村林森路６２１號
10015,1001507,大馬村,19,林森路,,６２３巷,,１號,291694.179,2620203.598,花蓮縣光復鄉大馬村林森路６２３巷１號
10015,1001507,大馬村,19,林森路,,６２３巷,,２號,291691.134,2620190.92,花蓮縣光復鄉大馬村林森路６２３巷２號
10015,1001507,大馬村,19,林森路,,,,６２３號,291701.75,2620209.1,花蓮縣光復鄉大馬村林森路６２３號
10015,1001507,大馬村,19,林森路,,,,６２４號,292072.17,2619978.25,花蓮縣光復鄉大馬村林森路６２４號
10015,1001507,大馬村,19,林森路,,,,６２５號,291695.882,2620211.355,花蓮縣光復鄉大馬村林森路６２５號
10015,1001507,大馬村,19,林森路,,,,６２７號,291699.538,2620223.166,花蓮縣光復鄉大馬村林森路６２７號
10015,1001507,大馬村,19,林森路,,,,６２８號,292044.822,2619989.233,花蓮縣光復鄉大馬村林森路６２８號
10015,1001507,大馬村,19,林森路,,,,６３０號,292030.02,2619999.7,花蓮縣光復鄉大馬村林森路６３０號
10015,1001507,大馬村,19,林森路,,,,６３２號,292022.88,2620010.46,花蓮縣光復鄉大馬村林森路６３２號
10015,1001507,大馬村,19,林森路,,６３３巷,,１號,291658.204,2620215.729,花蓮縣光復鄉大馬村林森路６３３巷１號
10015,1001507,大馬村,19,林森路,,６３３巷,,２號,291632.501,2620213.848,花蓮縣光復鄉大馬村林森路６３３巷２號
10015,1001507,大馬村,19,林森路,,６３３巷,,３號,291661.996,2620227.326,花蓮縣光復鄉大馬村林森路６３３巷３號
10015,1001507,大馬村,19,林森路,,６３３巷,,４號,291646.134,2620228.641,花蓮縣光復鄉大馬村林森路６３３巷４號
10015,1001507,大馬村,19,林森路,,,,６３４號,292012.27,2620018.4,花蓮縣光復鄉大馬村林森路６３４號
10015,1001507,大馬村,19,林森路,,,,６３５號,291674.453,2620229.723,花蓮縣光復鄉大馬村林森路６３５號
10015,1001507,大馬村,19,林森路,,,,６３６號,292003.385,2620025.432,花蓮縣光復鄉大馬村林森路６３６號
10015,1001507,大馬村,19,林森路,,,,６３８號,291990.774,2620030.93,花蓮縣光復鄉大馬村林森路６３８號
10015,1001507,大馬村,19,林森路,,,,６３９號,291669.655,2620237.455,花蓮縣光復鄉大馬村林森路６３９號
10015,1001507,大馬村,19,林森路,,,,６４０號,291973.962,2620052.781,花蓮縣光復鄉大馬村林森路６４０號
10015,1001507,大馬村,19,林森路,,,,６４２號,291965.17,2620050.37,花蓮縣光復鄉大馬村林森路６４２號
10015,1001507,大馬村,19,林森路,,,,６４４號,291965.105,2620064.598,花蓮縣光復鄉大馬村林森路６４４號
10015,1001507,大馬村,19,林森路,,,,６４６號,291963.922,2620076.037,花蓮縣光復鄉大馬村林森路６４６號
10015,1001507,大馬村,19,林森路,,,,６４８號,291956.191,2620084.519,花蓮縣光復鄉大馬村林森路６４８號
10015,1001507,大馬村,19,林森路,,,,６５０號,291937.973,2620070.596,花蓮縣光復鄉大馬村林森路６５０號
10015,1001507,大馬村,19,林森路,,,,６５３號,291634.879,2620260.847,花蓮縣光復鄉大馬村林森路６５３號
10015,1001507,大馬村,19,林森路,,,,６５５號,291618.469,2620271.452,花蓮縣光復鄉大馬村林森路６５５號
10015,1001507,大馬村,19,林森路,,,,６５７號,291603.807,2620281.587,花蓮縣光復鄉大馬村林森路６５７號
10015,1001507,大馬村,19,林森路,,６５８巷,,１號,291969.184,2620189.968,花蓮縣光復鄉大馬村林森路６５８巷１號
10015,1001507,大馬村,19,林森路,,,,６５８號,291967.511,2620127.331,花蓮縣光復鄉大馬村林森路６５８號
10015,1001507,大馬村,19,林森路,,,,６５９號,291596.732,2620287.871,花蓮縣光復鄉大馬村林森路６５９號
10015,1001507,大馬村,19,林森路,,,,６５９之１號,291551.705,2620246.077,花蓮縣光復鄉大馬村林森路６５９之１號
10015,1001507,大馬村,19,林森路,,,,６６０號,291917.987,2620087.14,花蓮縣光復鄉大馬村林森路６６０號
10015,1001507,大馬村,19,林森路,,,,６６２號,291909.348,2620092.806,花蓮縣光復鄉大馬村林森路６６２號
10015,1001507,大馬村,19,林森路,,,,６６８號,291907.004,2620107.085,花蓮縣光復鄉大馬村林森路６６８號
10015,1001507,大馬村,19,林森路,,,,６８０號,291871.499,2620125.147,花蓮縣光復鄉大馬村林森路６８０號
10015,1001507,大馬村,19,林森路,,,,６９６之３號,291912.163,2620244.22,花蓮縣光復鄉大馬村林森路６９６之３號
10015,1001507,大馬村,19,林森路,,,,６９６號,291837.488,2620170.621,花蓮縣光復鄉大馬村林森路６９６號
10015,1001507,大馬村,19,林森路,,,,６９６之２號,291885.406,2620211.721,花蓮縣光復鄉大馬村林森路６９６之２號
10015,1001507,大馬村,19,林森路,,,,７００號,291826.88,2620177.191,花蓮縣光復鄉大馬村林森路７００號
10015,1001507,大馬村,19,林森路,,,,７０２號,291814.415,2620177.635,花蓮縣光復鄉大馬村林森路７０２號
10015,1001507,大馬村,19,林森路,,,,７０４之２號,291814.36,2620285.504,花蓮縣光復鄉大馬村林森路７０４之２號
10015,1001507,大馬村,19,林森路,,,,７０４之１號,291791.201,2620218.237,花蓮縣光復鄉大馬村林森路７０４之１號
10015,1001507,大馬村,19,林森路,,,,７０４號,291807.012,2620189.433,花蓮縣光復鄉大馬村林森路７０４號
10015,1001507,大馬村,19,林森路,,,,７１４號,291744.02,2620213.537,花蓮縣光復鄉大馬村林森路７１４號
10015,1001507,大馬村,19,林森路,,,,７１６號,291738.601,2620214.567,花蓮縣光復鄉大馬村林森路７１６號
10015,1001507,大馬村,19,林森路,,,,７１８號,291733.767,2620218.403,花蓮縣光復鄉大馬村林森路７１８號
10015,1001507,大馬村,19,林森路,,,,７２０號,291727.066,2620224.841,花蓮縣光復鄉大馬村林森路７２０號
10015,1001507,大馬村,19,林森路,,,,７２４號,291717.403,2620231.897,花蓮縣光復鄉大馬村林森路７２４號
10015,1001507,大馬村,19,林森路,,,,７２６號,291712.48,2620235.691,花蓮縣光復鄉大馬村林森路７２６號
10015,1001507,大馬村,19,林森路,,,,７２８號,291707.949,2620239.944,花蓮縣光復鄉大馬村林森路７２８號
10015,1001507,大馬村,19,林森路,,,,７３０號,291702.12,2620246.69,花蓮縣光復鄉大馬村林森路７３０號
10015,1001507,大馬村,19,林森路,,,,７３２號,291703.964,2620254.2,花蓮縣光復鄉大馬村林森路７３２號
10015,1001507,大馬村,19,林森路,,,,７３４號,291694.473,2620253.522,花蓮縣光復鄉大馬村林森路７３４號
10015,1001507,大馬村,19,林森路,,,,７３８號,291683.323,2620264.26,花蓮縣光復鄉大馬村林森路７３８號
10015,1001507,大馬村,19,林森路,,,,７４０號,291678.344,2620268.062,花蓮縣光復鄉大馬村林森路７４０號
10015,1001507,大馬村,19,林森路,,,,７４２號,291673.627,2620271.257,花蓮縣光復鄉大馬村林森路７４２號
10015,1001507,大馬村,19,林森路,,,,７４４號,291668.585,2620275.665,花蓮縣光復鄉大馬村林森路７４４號
10015,1001507,大馬村,19,林森路,,,,７５２號,291651.852,2620302.027,花蓮縣光復鄉大馬村林森路７５２號
10015,1001507,大馬村,19,林森路,,,,７５４號,291640.494,2620297.537,花蓮縣光復鄉大馬村林森路７５４號
10015,1001507,大馬村,19,林森路,,,,７５６號,291639.108,2620321.27,花蓮縣光復鄉大馬村林森路７５６號
10015,1001507,大馬村,19,林森路,,,,７５８號,291629.747,2620321.394,花蓮縣光復鄉大馬村林森路７５８號
10015,1001507,大馬村,19,林森路,,,,７６０號,291612.974,2620342.034,花蓮縣光復鄉大馬村林森路７６０號
10015,1001507,大馬村,19,林森路,,,,７６２號,291620.057,2620360.504,花蓮縣光復鄉大馬村林森路７６２號
10015,1001507,大馬村,19,林森路,,,,７６６號,291625.875,2620374.283,花蓮縣光復鄉大馬村林森路７６６號
10015,1001507,大馬村,19,林森路,,,,７７０號,291540.936,2620369.598,花蓮縣光復鄉大馬村林森路７７０號
10015,1001507,大馬村,4,武昌街,,,,１６６號,293517.465,2618875.409,花蓮縣光復鄉大馬村武昌街１６６號
10015,1001507,大馬村,4,武昌街,,１６７巷,,２號,293491.284,2618819.424,花蓮縣光復鄉大馬村武昌街１６７巷２號
10015,1001507,大馬村,4,武昌街,,,,１７０號,293506.614,2618882.09,花蓮縣光復鄉大馬村武昌街１７０號
10015,1001507,大馬村,4,武昌街,,,,１７１號,293514.436,2618859.776,花蓮縣光復鄉大馬村武昌街１７１號
10015,1001507,大馬村,4,武昌街,,,,１７２之１號,293477.503,2618868.185,花蓮縣光復鄉大馬村武昌街１７２之１號
10015,1001507,大馬村,4,武昌街,,,,１７２號,293484.998,2618866.381,花蓮縣光復鄉大馬村武昌街１７２號
10015,1001507,大馬村,4,武昌街,,,,１７３之１號,293470.755,2618849.147,花蓮縣光復鄉大馬村武昌街１７３之１號
10015,1001507,大馬村,4,武昌街,,,,１７３號,293488.223,2618845.974,花蓮縣光復鄉大馬村武昌街１７３號
10015,1001507,大馬村,4,武昌街,,,,１７４號,293498.287,2618866.836,花蓮縣光復鄉大馬村武昌街１７４號
10015,1001507,大馬村,5,武昌街,,,,１８１號,293420.938,2618858.25,花蓮縣光復鄉大馬村武昌街１８１號
10015,1001507,大馬村,4,武昌街,,,,１８４號,293455.565,2618873.083,花蓮縣光復鄉大馬村武昌街１８４號
10015,1001507,大馬村,4,武昌街,,１８６巷,,１號,293460.208,2618889.41,花蓮縣光復鄉大馬村武昌街１８６巷１號
10015,1001507,大馬村,4,武昌街,,１８６巷,,２號,293498.357,2618918.298,花蓮縣光復鄉大馬村武昌街１８６巷２號
10015,1001507,大馬村,4,武昌街,,１８６巷,,３號,293470.295,2618918.5,花蓮縣光復鄉大馬村武昌街１８６巷３號
10015,1001507,大馬村,5,武昌街,,,,１８８號,293443.927,2618881.482,花蓮縣光復鄉大馬村武昌街１８８號
10015,1001507,大馬村,6,武昌街,,,,２２６號,293369.023,2618894.477,花蓮縣光復鄉大馬村武昌街２２６號
10015,1001507,大馬村,6,武昌街,,,,２３０號,293361.661,2618903.433,花蓮縣光復鄉大馬村武昌街２３０號
10015,1001507,大馬村,6,武昌街,,,,２３１號,293341.699,2618880.386,花蓮縣光復鄉大馬村武昌街２３１號
10015,1001507,大馬村,6,武昌街,,,,２３１之１號,293349.049,2618877.345,花蓮縣光復鄉大馬村武昌街２３１之１號
10015,1001507,大馬村,6,武昌街,,,,２３２號,293352.057,2618904.712,花蓮縣光復鄉大馬村武昌街２３２號
10015,1001507,大馬村,6,武昌街,,,,２７４號,293274.976,2618946.764,花蓮縣光復鄉大馬村武昌街２７４號
10015,1001507,大馬村,6,武昌街,,,,２７５號,293265.502,2618911.44,花蓮縣光復鄉大馬村武昌街２７５號
10015,1001507,大馬村,6,武昌街,,,,２７６號,293263.515,2618932.187,花蓮縣光復鄉大馬村武昌街２７６號
10015,1001507,大馬村,6,武昌街,,,,２９０號,293262.801,2618971.914,花蓮縣光復鄉大馬村武昌街２９０號
10015,1001507,東富村,1,中正路二段,,,,１２７號,296118.189,2617031.376,花蓮縣光復鄉東富村中正路二段１２７號
10015,1001507,東富村,2,中正路二段,,,,１３３號,296165.921,2616996.42,花蓮縣光復鄉東富村中正路二段１３３號
10015,1001507,東富村,2,中正路二段,,,,１３５號,296188.049,2616991.561,花蓮縣光復鄉東富村中正路二段１３５號
10015,1001507,東富村,2,中正路二段,,,,１３７之１號,296152.787,2616982.064,花蓮縣光復鄉東富村中正路二段１３７之１號
10015,1001507,東富村,2,中正路二段,,,,１３７號,296158.748,2616972.853,花蓮縣光復鄉東富村中正路二段１３７號
10015,1001507,東富村,2,中正路二段,,,,１３９號,296170.906,2616968.723,花蓮縣光復鄉東富村中正路二段１３９號
10015,1001507,東富村,2,中正路二段,,,,１４１號,296179.174,2616958.883,花蓮縣光復鄉東富村中正路二段１４１號
10015,1001507,東富村,2,中正路二段,,,,１４３之１號,296187.456,2616923.51,花蓮縣光復鄉東富村中正路二段１４３之１號
10015,1001507,東富村,2,中正路二段,,,,１４３號,296183.765,2616940.041,花蓮縣光復鄉東富村中正路二段１４３號
10015,1001507,東富村,2,中正路二段,,,,１４５號,296198.368,2616910.276,花蓮縣光復鄉東富村中正路二段１４５號
10015,1001507,東富村,2,中正路二段,,,,１４７號,296202.52,2616886.438,花蓮縣光復鄉東富村中正路二段１４７號
10015,1001507,東富村,2,中正路二段,,,,１５１號,296236.708,2616840.631,花蓮縣光復鄉東富村中正路二段１５１號
10015,1001507,東富村,2,中正路二段,,,,１５３之１號,296416.72,2616773.75,花蓮縣光復鄉東富村中正路二段１５３之１號
10015,1001507,東富村,2,中正路二段,,,,１５３號,296272.493,2616775.386,花蓮縣光復鄉東富村中正路二段１５３號
10015,1001507,東富村,2,中正路二段,,,,１７３號,296606.599,2616185.312,花蓮縣光復鄉東富村中正路二段１７３號
10015,1001507,東富村,5,光豐路,,,,６１號,296264.107,2617277.894,花蓮縣光復鄉東富村光豐路６１號
10015,1001507,東富村,4,光豐路,,,,６２號,296266.341,2617249.609,花蓮縣光復鄉東富村光豐路６２號
10015,1001507,東富村,4,光豐路,,,,６６號,296291.008,2617244.641,花蓮縣光復鄉東富村光豐路６６號
10015,1001507,東富村,4,光豐路,,,,６８號,296295.226,2617242.76,花蓮縣光復鄉東富村光豐路６８號
10015,1001507,東富村,4,光豐路,,,,７０號,296300.745,2617240.015,花蓮縣光復鄉東富村光豐路７０號
10015,1001507,東富村,5,光豐路,,,,７１號,296290.318,2617267.574,花蓮縣光復鄉東富村光豐路７１號
10015,1001507,東富村,5,光豐路,,,,７１之１號,296295.481,2617264.255,花蓮縣光復鄉東富村光豐路７１之１號
10015,1001507,東富村,4,光豐路,,,,７２號,296309.935,2617235.265,花蓮縣光復鄉東富村光豐路７２號
10015,1001507,東富村,5,光豐路,,,,７３號,296302.663,2617267.804,花蓮縣光復鄉東富村光豐路７３號
10015,1001507,東富村,5,光豐路,,,,７５之１號,296296.508,2617288.917,花蓮縣光復鄉東富村光豐路７５之１號
10015,1001507,東富村,5,光豐路,,,,７５號,296313.603,2617284.96,花蓮縣光復鄉東富村光豐路７５號
10015,1001507,東富村,4,光豐路,,７６巷,,１號,296306.674,2617203.558,花蓮縣光復鄉東富村光豐路７６巷１號
10015,1001507,東富村,4,光豐路,,７６巷,,２號,296286.116,2617202.655,花蓮縣光復鄉東富村光豐路７６巷２號
10015,1001507,東富村,4,光豐路,,７６巷,,３號,296309.611,2617178.241,花蓮縣光復鄉東富村光豐路７６巷３號
10015,1001507,東富村,4,光豐路,,７６巷,,５號,296299.219,2617187.758,花蓮縣光復鄉東富村光豐路７６巷５號
10015,1001507,東富村,4,光豐路,,７６巷,,６號,296332.745,2617185.07,花蓮縣光復鄉東富村光豐路７６巷６號
10015,1001507,東富村,4,光豐路,,７６巷,,７號,296293.512,2617160.757,花蓮縣光復鄉東富村光豐路７６巷７號
10015,1001507,東富村,4,光豐路,,７６巷,,８號,296284.832,2617155.66,花蓮縣光復鄉東富村光豐路７６巷８號
10015,1001507,東富村,4,光豐路,,７６巷,,１０號,296289,2617176.132,花蓮縣光復鄉東富村光豐路７６巷１０號
10015,1001507,東富村,5,光豐路,,,,７７號,296324.693,2617247.459,花蓮縣光復鄉東富村光豐路７７號
10015,1001507,東富村,4,光豐路,,,,７８號,296327.673,2617222.834,花蓮縣光復鄉東富村光豐路７８號
10015,1001507,東富村,4,光豐路,,,,８０號,296338.696,2617211.2,花蓮縣光復鄉東富村光豐路８０號
10015,1001507,東富村,5,光豐路,,,,８１號,296350.106,2617248.276,花蓮縣光復鄉東富村光豐路８１號
10015,1001507,東富村,4,光豐路,,,,８２號,296366.383,2617203.296,花蓮縣光復鄉東富村光豐路８２號
10015,1001507,東富村,5,光豐路,,８３巷,,１號,296358.734,2617268.788,花蓮縣光復鄉東富村光豐路８３巷１號
10015,1001507,東富村,5,光豐路,,８３巷,,２號,296337.237,2617269.824,花蓮縣光復鄉東富村光豐路８３巷２號
10015,1001507,東富村,5,光豐路,,８３巷,,３號,296342.498,2617285.944,花蓮縣光復鄉東富村光豐路８３巷３號
10015,1001507,東富村,5,光豐路,,８３巷,,５號,296363.523,2617288.862,花蓮縣光復鄉東富村光豐路８３巷５號
10015,1001507,東富村,7,光豐路,,８３巷,,６號,296382.796,2617279.525,花蓮縣光復鄉東富村光豐路８３巷６號
10015,1001507,東富村,6,光豐路,,８３巷,,７號,296393.77,2617297.777,花蓮縣光復鄉東富村光豐路８３巷７號
10015,1001507,東富村,6,光豐路,,８３巷,,８號,296398.728,2617309.833,花蓮縣光復鄉東富村光豐路８３巷８號
10015,1001507,東富村,6,光豐路,,８３巷,,９之１號,296401.989,2617325.249,花蓮縣光復鄉東富村光豐路８３巷９之１號
10015,1001507,東富村,6,光豐路,,８３巷,,９號,296400.479,2617318.956,花蓮縣光復鄉東富村光豐路８３巷９號
10015,1001507,東富村,6,光豐路,,８３巷,,１０號,296381.436,2617325.571,花蓮縣光復鄉東富村光豐路８３巷１０號
10015,1001507,東富村,6,光豐路,,８３巷,,１１號,296381.32,2617339.425,花蓮縣光復鄉東富村光豐路８３巷１１號
10015,1001507,東富村,6,光豐路,,８３巷,,１２號,296376.95,2617356.175,花蓮縣光復鄉東富村光豐路８３巷１２號
10015,1001507,東富村,6,光豐路,,８３巷,,１３號,296403.457,2617336.335,花蓮縣光復鄉東富村光豐路８３巷１３號
10015,1001507,東富村,6,光豐路,,８３巷,,１４號,296401.309,2617352.706,花蓮縣光復鄉東富村光豐路８３巷１４號
10015,1001507,東富村,4,光豐路,,,,８４號,296379.668,2617198.416,花蓮縣光復鄉東富村光豐路８４號
10015,1001507,東富村,7,光豐路,,,,８５號,296358.754,2617238.259,花蓮縣光復鄉東富村光豐路８５號
10015,1001507,東富村,7,光豐路,,,,８５之１號,296367.69,2617226.37,花蓮縣光復鄉東富村光豐路８５之１號
10015,1001507,東富村,11,光豐路,,,,８６號,296407.88,2617131.15,花蓮縣光復鄉東富村光豐路８６號
10015,1001507,東富村,7,光豐路,,,,８７之１號,296383.77,2617217.65,花蓮縣光復鄉東富村光豐路８７之１號
10015,1001507,東富村,7,光豐路,,,,８７號,296375.6,2617222.16,花蓮縣光復鄉東富村光豐路８７號
10015,1001507,東富村,11,光豐路,,,,８８號,296536.96,2617107.89,花蓮縣光復鄉東富村光豐路８８號
10015,1001507,東富村,8,光豐路,,,,８９號,296422.96,2617191.016,花蓮縣光復鄉東富村光豐路８９號
10015,1001507,東富村,11,光豐路,,９０巷,,１號,296788.06,2616876.46,花蓮縣光復鄉東富村光豐路９０巷１號
10015,1001507,東富村,11,光豐路,,９０巷,,２號,296820.606,2616946.185,花蓮縣光復鄉東富村光豐路９０巷２號
10015,1001507,東富村,8,光豐路,,,,９３號,296468.831,2617168.216,花蓮縣光復鄉東富村光豐路９３號
10015,1001507,東富村,11,光豐路,,９５巷,,１號,296995.988,2617188.418,花蓮縣光復鄉東富村光豐路９５巷１號
10015,1001507,東富村,11,光豐路,,９５巷,,２號,296996.65,2617168,花蓮縣光復鄉東富村光豐路９５巷２號
10015,1001507,東富村,11,光豐路,,９５巷,,２之１號,296942.726,2617282.121,花蓮縣光復鄉東富村光豐路９５巷２之１號
10015,1001507,東富村,11,光豐路,,９５巷,,６之５號,297135.878,2617251.252,花蓮縣光復鄉東富村光豐路９５巷６之５號
10015,1001507,東富村,11,光豐路,,９５巷,,２１號,297017.17,2617119.97,花蓮縣光復鄉東富村光豐路９５巷２１號
10015,1001507,東富村,11,光豐路,,９５巷,,３０號,296862.034,2617428.633,花蓮縣光復鄉東富村光豐路９５巷３０號
10015,1001507,東富村,11,光豐路,,,,１００號,297817.008,2616621.834,花蓮縣光復鄉東富村光豐路１００號
10015,1001507,東富村,10,富強街,,,,２７號,296401.491,2617467.475,花蓮縣光復鄉東富村富強街２７號
10015,1001507,東富村,10,富強街,,,,３１號,296454.74,2617447.824,花蓮縣光復鄉東富村富強街３１號
10015,1001507,東富村,10,富強街,,,,３３號,296462.167,2617441.542,花蓮縣光復鄉東富村富強街３３號
10015,1001507,東富村,10,富強街,,,,３５號,296478.852,2617435.048,花蓮縣光復鄉東富村富強街３５號
10015,1001507,東富村,10,富強街,,,,３７號,296489.16,2617428.514,花蓮縣光復鄉東富村富強街３７號
10015,1001507,東富村,10,富強街,,,,３８號,296425.329,2617433.006,花蓮縣光復鄉東富村富強街３８號
10015,1001507,東富村,10,富強街,,４１巷,,１號,296533.328,2617442.291,花蓮縣光復鄉東富村富強街４１巷１號
10015,1001507,東富村,10,富強街,,４１巷,,２號,296512.907,2617447.351,花蓮縣光復鄉東富村富強街４１巷２號
10015,1001507,東富村,11,富強街,,４１巷,,３號,296528.954,2617425.982,花蓮縣光復鄉東富村富強街４１巷３號
10015,1001507,東富村,10,富強街,,,,４２號,296465.975,2617422.155,花蓮縣光復鄉東富村富強街４２號
10015,1001507,東富村,10,富強街,,,,４３之１號,296515.357,2617410.461,花蓮縣光復鄉東富村富強街４３之１號
10015,1001507,東富村,10,富強街,,,,４３號,296527.936,2617410.787,花蓮縣光復鄉東富村富強街４３號
10015,1001507,東富村,9,富強街,,,,４４號,296512.671,2617387.049,花蓮縣光復鄉東富村富強街４４號
10015,1001507,東富村,10,富強街,,,,４５號,296552.769,2617398.218,花蓮縣光復鄉東富村富強街４５號
10015,1001507,東富村,9,富強街,,,,４６號,296532.542,2617381.402,花蓮縣光復鄉東富村富強街４６號
10015,1001507,東富村,9,富強街,,,,４８號,296543.844,2617372.294,花蓮縣光復鄉東富村富強街４８號
10015,1001507,東富村,2,富田三街,,,,２１號,296206.409,2616953.659,花蓮縣光復鄉東富村富田三街２１號
10015,1001507,東富村,2,富田三街,,,,２２之６號,296350.102,2617001.135,花蓮縣光復鄉東富村富田三街２２之６號
10015,1001507,東富村,2,富田三街,,,,２２號,296220.402,2616920.371,花蓮縣光復鄉東富村富田三街２２號
10015,1001507,東富村,2,富田三街,,,,２３號,296191.676,2616934.106,花蓮縣光復鄉東富村富田三街２３號
10015,1001507,東富村,2,富田三街,,,,２４號,296205.745,2616928.16,花蓮縣光復鄉東富村富田三街２４號
10015,1001507,東富村,1,富田三街,,,,２５號,296211.637,2616980.628,花蓮縣光復鄉東富村富田三街２５號
10015,1001507,東富村,1,富田三街,,,,２７號,296210.542,2616998.729,花蓮縣光復鄉東富村富田三街２７號
10015,1001507,東富村,1,富田三街,,,,３１號,296185.718,2617057.091,花蓮縣光復鄉東富村富田三街３１號
10015,1001507,東富村,8,富田三街,,,,３２號,296416.603,2617215.394,花蓮縣光復鄉東富村富田三街３２號
10015,1001507,東富村,1,富田三街,,,,３３號,296220.918,2617040.974,花蓮縣光復鄉東富村富田三街３３號
10015,1001507,東富村,1,富田三街,,,,３５號,296253.991,2617055.923,花蓮縣光復鄉東富村富田三街３５號
10015,1001507,東富村,8,富田三街,,,,３６號,296443.126,2617254.087,花蓮縣光復鄉東富村富田三街３６號
10015,1001507,東富村,1,富田三街,,３７巷,,１號,296229.674,2617076.476,花蓮縣光復鄉東富村富田三街３７巷１號
10015,1001507,東富村,1,富田三街,,３７巷,,２號,296220.979,2617095.87,花蓮縣光復鄉東富村富田三街３７巷２號
10015,1001507,東富村,3,富田三街,,３７巷,,３號,296249.846,2617105.766,花蓮縣光復鄉東富村富田三街３７巷３號
10015,1001507,東富村,1,富田三街,,３７巷,,４號,296222.742,2617103.057,花蓮縣光復鄉東富村富田三街３７巷４號
10015,1001507,東富村,3,富田三街,,３７巷,,５號,296255.284,2617124.964,花蓮縣光復鄉東富村富田三街３７巷５號
10015,1001507,東富村,1,富田三街,,３７巷,,７號,296219.996,2617138.334,花蓮縣光復鄉東富村富田三街３７巷７號
10015,1001507,東富村,8,富田三街,,３８巷,,１之１號,296490.426,2617269.846,花蓮縣光復鄉東富村富田三街３８巷１之１號
10015,1001507,東富村,8,富田三街,,３８巷,,１號,296497.881,2617256.544,花蓮縣光復鄉東富村富田三街３８巷１號
10015,1001507,東富村,8,富田三街,,３８巷,,２之１號,296491.33,2617241.4,花蓮縣光復鄉東富村富田三街３８巷２之１號
10015,1001507,東富村,8,富田三街,,３８巷,,２號,296474.398,2617253.968,花蓮縣光復鄉東富村富田三街３８巷２號
10015,1001507,東富村,8,富田三街,,３８巷,,３號,296544.583,2617264.299,花蓮縣光復鄉東富村富田三街３８巷３號
10015,1001507,東富村,8,富田三街,,３８巷,,５號,296531.401,2617265.968,花蓮縣光復鄉東富村富田三街３８巷５號
10015,1001507,東富村,8,富田三街,,３８巷,,６號,296468.694,2617249.254,花蓮縣光復鄉東富村富田三街３８巷６號
10015,1001507,東富村,8,富田三街,,３８巷,,８號,296526.189,2617241.522,花蓮縣光復鄉東富村富田三街３８巷８號
10015,1001507,東富村,8,富田三街,,３８巷,,１１號,296573.731,2617260.73,花蓮縣光復鄉東富村富田三街３８巷１１號
10015,1001507,東富村,8,富田三街,,３８巷,,１２號,296532.995,2617228.081,花蓮縣光復鄉東富村富田三街３８巷１２號
10015,1001507,東富村,8,富田三街,,３８巷,,１３號,296577.463,2617274.9,花蓮縣光復鄉東富村富田三街３８巷１３號
10015,1001507,東富村,8,富田三街,,３８巷,,１４號,296552.384,2617242.774,花蓮縣光復鄉東富村富田三街３８巷１４號
10015,1001507,東富村,8,富田三街,,３８巷,,１５號,296586.14,2617282.359,花蓮縣光復鄉東富村富田三街３８巷１５號
10015,1001507,東富村,8,富田三街,,３８巷,,１６號,296559.631,2617246.364,花蓮縣光復鄉東富村富田三街３８巷１６號
10015,1001507,東富村,8,富田三街,,３８巷,,１７號,296597.148,2617254.234,花蓮縣光復鄉東富村富田三街３８巷１７號
10015,1001507,東富村,8,富田三街,,３８巷,,１８號,296572.865,2617226.514,花蓮縣光復鄉東富村富田三街３８巷１８號
10015,1001507,東富村,8,富田三街,,３８巷,,２１號,296632.637,2617271.168,花蓮縣光復鄉東富村富田三街３８巷２１號
10015,1001507,東富村,4,富田三街,,,,３９號,296266,2617070.02,花蓮縣光復鄉東富村富田三街３９號
10015,1001507,東富村,8,富田三街,,,,４０號,296457.343,2617273.291,花蓮縣光復鄉東富村富田三街４０號
10015,1001507,東富村,4,富田三街,,,,４１號,296283.086,2617127.352,花蓮縣光復鄉東富村富田三街４１號
10015,1001507,東富村,4,富田三街,,,,４１之１號,296289.378,2617133.738,花蓮縣光復鄉東富村富田三街４１之１號
10015,1001507,東富村,8,富田三街,,,,４２號,296470.864,2617282.711,花蓮縣光復鄉東富村富田三街４２號
10015,1001507,東富村,4,富田三街,,,,４３號,296300.245,2617137.335,花蓮縣光復鄉東富村富田三街４３號
10015,1001507,東富村,4,富田三街,,,,４５號,296316.025,2617146.633,花蓮縣光復鄉東富村富田三街４５號
10015,1001507,東富村,8,富田三街,,,,４６之２號,296482.381,2617308.411,花蓮縣光復鄉東富村富田三街４６之２號
10015,1001507,東富村,8,富田三街,,,,４６之６號,296501.567,2617299.211,花蓮縣光復鄉東富村富田三街４６之６號
10015,1001507,東富村,8,富田三街,,,,４６之９號,296515.956,2617292.311,花蓮縣光復鄉東富村富田三街４６之９號
10015,1001507,東富村,8,富田三街,,,,４６之８號,296511.16,2617294.611,花蓮縣光復鄉東富村富田三街４６之８號
10015,1001507,東富村,8,富田三街,,,,４６號,296472.788,2617313.011,花蓮縣光復鄉東富村富田三街４６號
10015,1001507,東富村,8,富田三街,,,,４６之７號,296506.363,2617296.911,花蓮縣光復鄉東富村富田三街４６之７號
10015,1001507,東富村,8,富田三街,,,,４６之３號,296487.177,2617306.111,花蓮縣光復鄉東富村富田三街４６之３號
10015,1001507,東富村,8,富田三街,,,,４６之１號,296477.584,2617310.711,花蓮縣光復鄉東富村富田三街４６之１號
10015,1001507,東富村,9,富田三街,,,,４６號,296472.788,2617313.011,花蓮縣光復鄉東富村富田三街４６號
10015,1001507,東富村,8,富田三街,,,,４６之５號,296496.77,2617301.511,花蓮縣光復鄉東富村富田三街４６之５號
10015,1001507,東富村,8,富田三街,,,,４６之４號,296491.67,2617304.12,花蓮縣光復鄉東富村富田三街４６之４號
10015,1001507,東富村,4,富田三街,,,,４７號,296321.872,2617153.079,花蓮縣光復鄉東富村富田三街４７號
10015,1001507,東富村,9,富田三街,,,,４８號,296481.459,2617325.037,花蓮縣光復鄉東富村富田三街４８號
10015,1001507,東富村,9,富田三街,,,,５０號,296494.908,2617338.913,花蓮縣光復鄉東富村富田三街５０號
10015,1001507,東富村,4,富田三街,,,,５１號,296327.818,2617158.617,花蓮縣光復鄉東富村富田三街５１號
10015,1001507,東富村,9,富田三街,,,,５２號,296500.878,2617347.615,花蓮縣光復鄉東富村富田三街５２號
10015,1001507,東富村,9,富田三街,,５４巷,,１號,296537.838,2617346.004,花蓮縣光復鄉東富村富田三街５４巷１號
10015,1001507,東富村,9,富田三街,,５４巷,,２號,296545.512,2617336.518,花蓮縣光復鄉東富村富田三街５４巷２號
10015,1001507,東富村,9,富田三街,,５４巷,,３號,296533.156,2617335.738,花蓮縣光復鄉東富村富田三街５４巷３號
10015,1001507,東富村,9,富田三街,,５４巷,,５號,296542.91,2617330.93,花蓮縣光復鄉東富村富田三街５４巷５號
10015,1001507,東富村,9,富田三街,,５４巷,,６號,296518.037,2617324.176,花蓮縣光復鄉東富村富田三街５４巷６號
10015,1001507,東富村,9,富田三街,,５４巷,,６之１號,296529.349,2617301.758,花蓮縣光復鄉東富村富田三街５４巷６之１號
10015,1001507,東富村,9,富田三街,,５４巷,,６之２號,296525.987,2617317.144,花蓮縣光復鄉東富村富田三街５４巷６之２號
10015,1001507,東富村,9,富田三街,,５４巷,,６之３號,296536.247,2617313.076,花蓮縣光復鄉東富村富田三街５４巷６之３號
10015,1001507,東富村,7,富田三街,,,,５５號,296397.329,2617227.977,花蓮縣光復鄉東富村富田三街５５號
10015,1001507,東富村,9,富田三街,,,,５６號,296503.999,2617375.726,花蓮縣光復鄉東富村富田三街５６號
10015,1001507,東富村,7,富田三街,,,,５７號,296399.286,2617243.62,花蓮縣光復鄉東富村富田三街５７號
10015,1001507,東富村,7,富田三街,,,,５９號,296419.672,2617256.621,花蓮縣光復鄉東富村富田三街５９號
10015,1001507,東富村,7,富田三街,,,,６１號,296425.752,2617265.715,花蓮縣光復鄉東富村富田三街６１號
10015,1001507,東富村,7,富田三街,,,,６３號,296429.238,2617272.546,花蓮縣光復鄉東富村富田三街６３號
10015,1001507,東富村,7,富田三街,,,,６５之１號,296437.75,2617283.75,花蓮縣光復鄉東富村富田三街６５之１號
10015,1001507,東富村,7,富田三街,,,,６５號,296432.724,2617279.377,花蓮縣光復鄉東富村富田三街６５號
10015,1001507,東富村,7,富田三街,,,,６７號,296443.19,2617291.328,花蓮縣光復鄉東富村富田三街６７號
10015,1001507,東富村,7,富田三街,,,,７１號,296434.892,2617314.077,花蓮縣光復鄉東富村富田三街７１號
10015,1001507,東富村,7,富田三街,,,,７３號,296428.952,2617328.408,花蓮縣光復鄉東富村富田三街７３號
10015,1001507,東富村,7,富田三街,,,,７５之１號,296459.93,2617337.929,花蓮縣光復鄉東富村富田三街７５之１號
10015,1001507,東富村,7,富田三街,,,,７５號,296454.015,2617329.71,花蓮縣光復鄉東富村富田三街７５號
10015,1001507,東富村,7,富田三街,,,,７７號,296479.187,2617355.487,花蓮縣光復鄉東富村富田三街７７號
10015,1001507,東富村,7,富田三街,,,,７９號,296431.456,2617300.235,花蓮縣光復鄉東富村富田三街７９號
10015,1001507,東富村,7,富田三街,,,,８１號,296494.936,2617401.973,花蓮縣光復鄉東富村富田三街８１號
10015,1001507,東富村,1,建國路二段,,,,１２６號,296113.71,2617061.923,花蓮縣光復鄉東富村建國路二段１２６號
10015,1001507,東富村,1,建國路二段,,,,１２８號,296139.019,2617046.593,花蓮縣光復鄉東富村建國路二段１２８號
10015,1001507,東富村,1,建國路二段,,,,１３０號,296145.707,2617057.512,花蓮縣光復鄉東富村建國路二段１３０號
10015,1001507,東富村,1,建國路二段,,,,１３２之１號,296148.08,2617071.09,花蓮縣光復鄉東富村建國路二段１３２之１號
10015,1001507,東富村,1,建國路二段,,,,１３２號,296136.132,2617085.38,花蓮縣光復鄉東富村建國路二段１３２號
10015,1001507,東富村,1,建國路二段,,,,１３４號,296162.72,2617068.97,花蓮縣光復鄉東富村建國路二段１３４號
10015,1001507,東富村,3,建國路二段,,,,１３８號,296148.752,2617106.478,花蓮縣光復鄉東富村建國路二段１３８號
10015,1001507,東富村,3,建國路二段,,,,１４０號,296164.307,2617126.542,花蓮縣光復鄉東富村建國路二段１４０號
10015,1001507,東富村,3,建國路二段,,,,１４２之１號,296176.44,2617143.052,花蓮縣光復鄉東富村建國路二段１４２之１號
10015,1001507,東富村,3,建國路二段,,,,１４２之２號,296179.997,2617148.32,花蓮縣光復鄉東富村建國路二段１４２之２號
10015,1001507,東富村,3,建國路二段,,,,１４２號,296170.011,2617133.559,花蓮縣光復鄉東富村建國路二段１４２號
10015,1001507,東富村,3,建國路二段,,,,１４４號,296187.239,2617155.813,花蓮縣光復鄉東富村建國路二段１４４號
10015,1001507,東富村,3,建國路二段,,,,１４６號,296190.374,2617160.819,花蓮縣光復鄉東富村建國路二段１４６號
10015,1001507,東富村,3,建國路二段,,,,１４６之１號,296194.993,2617166.843,花蓮縣光復鄉東富村建國路二段１４６之１號
10015,1001507,東富村,3,建國路二段,,,,１４８號,296204.767,2617180.526,花蓮縣光復鄉東富村建國路二段１４８號
10015,1001507,東富村,3,建國路二段,,,,１５０號,296237.827,2617197.885,花蓮縣光復鄉東富村建國路二段１５０號
10015,1001507,東富村,3,建國路二段,,,,１５２號,296243.454,2617186.006,花蓮縣光復鄉東富村建國路二段１５２號
10015,1001507,東富村,3,建國路二段,,,,１５４號,296212.927,2617203.569,花蓮縣光復鄉東富村建國路二段１５４號
10015,1001507,東富村,3,建國路二段,,,,１５６號,296220.005,2617216.793,花蓮縣光復鄉東富村建國路二段１５６號
10015,1001507,東富村,4,建國路二段,,１５８巷,,１號,296257.387,2617202.661,花蓮縣光復鄉東富村建國路二段１５８巷１號
10015,1001507,東富村,3,建國路二段,,１５８巷,,２號,296256.057,2617181.809,花蓮縣光復鄉東富村建國路二段１５８巷２號
10015,1001507,東富村,3,建國路二段,,１５８巷,,３號,296244.414,2617166.5,花蓮縣光復鄉東富村建國路二段１５８巷３號
10015,1001507,東富村,3,建國路二段,,１５８巷,,５號,296259.054,2617159.593,花蓮縣光復鄉東富村建國路二段１５８巷５號
10015,1001507,東富村,3,建國路二段,,１５８巷,,６號,296254.417,2617148.498,花蓮縣光復鄉東富村建國路二段１５８巷６號
10015,1001507,東富村,3,建國路二段,,１５８巷,,６之１號,296247.148,2617142.656,花蓮縣光復鄉東富村建國路二段１５８巷６之１號
10015,1001507,東富村,4,建國路二段,,,,１６２號,296250.96,2617254.7,花蓮縣光復鄉東富村建國路二段１６２號
10015,1001507,東富村,4,建國路二段,,,,１６４號,296256.024,2617261.897,花蓮縣光復鄉東富村建國路二段１６４號
10015,1001507,東富村,6,建國路二段,,,,１６８號,296291.865,2617310.568,花蓮縣光復鄉東富村建國路二段１６８號
10015,1001507,東富村,6,建國路二段,,,,１７０號,296311.244,2617344.093,花蓮縣光復鄉東富村建國路二段１７０號
10015,1001507,東富村,6,建國路二段,,,,１７２號,296329.443,2617346.412,花蓮縣光復鄉東富村建國路二段１７２號
10015,1001507,東富村,6,建國路二段,,,,１７４號,296340.774,2617355.066,花蓮縣光復鄉東富村建國路二段１７４號
10015,1001507,東富村,6,建國路二段,,,,１７６號,296332.983,2617369.71,花蓮縣光復鄉東富村建國路二段１７６號
10015,1001507,東富村,6,建國路二段,,,,１７８號,296341.622,2617376.366,花蓮縣光復鄉東富村建國路二段１７８號
10015,1001507,東富村,6,建國路二段,,１８０巷,,１號,296380.007,2617370.24,花蓮縣光復鄉東富村建國路二段１８０巷１號
10015,1001507,東富村,6,建國路二段,,１８０巷,,３號,296386.615,2617363.388,花蓮縣光復鄉東富村建國路二段１８０巷３號
10015,1001507,東富村,10,建國路二段,,,,１８４號,296385.164,2617444.403,花蓮縣光復鄉東富村建國路二段１８４號
10015,1001507,東富村,10,建國路二段,,,,１８８號,296462.177,2617521.241,花蓮縣光復鄉東富村建國路二段１８８號
10015,1001507,東富村,10,建國路二段,,,,１８８之１號,296446.3,2617521.9,花蓮縣光復鄉東富村建國路二段１８８之１號
10015,1001507,東富村,10,建國路二段,,,,１９０號,296469.43,2617557.97,花蓮縣光復鄉東富村建國路二段１９０號
10015,1001507,東富村,10,建國路二段,,,,１９２號,296491.21,2617592.57,花蓮縣光復鄉東富村建國路二段１９２號
10015,1001507,東富村,11,東富路,,,,１之１０號,296860.726,2617625.29,花蓮縣光復鄉東富村東富路１之１０號
10015,1001507,東富村,11,東富路,,,,１號,296791.67,2617518.024,花蓮縣光復鄉東富村東富路１號
10015,1001507,東富村,11,東富路,,,,２之１號,296767.44,2617715.61,花蓮縣光復鄉東富村東富路２之１號
10015,1001507,東富村,11,東富路,,,,２之２號,296891.99,2617615.64,花蓮縣光復鄉東富村東富路２之２號
10015,1001507,東富村,11,東富路,,４巷,,６號,297100.867,2617657.461,花蓮縣光復鄉東富村東富路４巷６號
10015,1001507,東富村,11,東富路,,４巷,,３６之１號,297724.35,2617562.4,花蓮縣光復鄉東富村東富路４巷３６之１號
10015,1001507,東富村,11,東富路,,４巷,,３９之１號,297796.05,2617467.94,花蓮縣光復鄉東富村東富路４巷３９之１號
10015,1001507,東富村,11,東富路,,,,５號,300743.51,2616070.83,花蓮縣光復鄉東富村東富路５號
10015,1001507,東富村,11,東富路,,,,８之３號,297094.414,2617872.918,花蓮縣光復鄉東富村東富路８之３號
10015,1001507,東富村,11,東富路,,,,８號,297059.647,2617806.738,花蓮縣光復鄉東富村東富路８號
10015,1001507,東富村,11,東富路,,,,８之５號,297074.213,2617834.788,花蓮縣光復鄉東富村東富路８之５號
10015,1001507,東富村,11,東富路,,,,１０號,297132.001,2617918.839,花蓮縣光復鄉東富村東富路１０號
10015,1001507,東富村,12,東富路,,,,１２之１號,297415.262,2618259.663,花蓮縣光復鄉東富村東富路１２之１號
10015,1001507,東富村,12,東富路,,,,１２之２號,297262.33,2618277.65,花蓮縣光復鄉東富村東富路１２之２號
10015,1001507,東富村,12,東富路,,１３巷,,１號,297427.291,2618436.742,花蓮縣光復鄉東富村東富路１３巷１號
10015,1001507,東富村,12,東富路,,１３巷,,２號,297424.849,2618461.447,花蓮縣光復鄉東富村東富路１３巷２號
10015,1001507,東富村,12,東富路,,１３巷,,３號,297427.771,2618481.259,花蓮縣光復鄉東富村東富路１３巷３號
10015,1001507,東富村,12,東富路,,１３巷,,５號,297447.244,2618496.76,花蓮縣光復鄉東富村東富路１３巷５號
10015,1001507,東富村,12,東富路,,１３巷,,６號,297431.564,2618510.857,花蓮縣光復鄉東富村東富路１３巷６號
10015,1001507,東富村,12,東富路,,１３巷,,８號,297436.754,2618523.058,花蓮縣光復鄉東富村東富路１３巷８號
10015,1001507,東富村,12,東富路,,１３巷,,１０號,297436.153,2618525.983,花蓮縣光復鄉東富村東富路１３巷１０號
10015,1001507,東富村,15,東富路,,,,１６號,297485.462,2618265.391,花蓮縣光復鄉東富村東富路１６號
10015,1001507,東富村,15,東富路,,,,１６之５號,297671.99,2618285.63,花蓮縣光復鄉東富村東富路１６之５號
10015,1001507,東富村,15,東富路,,１８巷,,１號,297938.772,2618321.423,花蓮縣光復鄉東富村東富路１８巷１號
10015,1001507,東富村,15,東富路,,１８巷,,２之２號,297703.84,2618196.097,花蓮縣光復鄉東富村東富路１８巷２之２號
10015,1001507,東富村,15,東富路,,１８巷,,２號,297780.601,2618259.639,花蓮縣光復鄉東富村東富路１８巷２號
10015,1001507,東富村,15,東富路,,１８巷,,３號,297978.977,2618310.492,花蓮縣光復鄉東富村東富路１８巷３號
10015,1001507,東富村,15,東富路,,１８巷,,５號,298039.57,2618295.05,花蓮縣光復鄉東富村東富路１８巷５號
10015,1001507,東富村,15,東富路,,１８巷,,６號,298110.502,2618239.913,花蓮縣光復鄉東富村東富路１８巷６號
10015,1001507,東富村,15,東富路,,１８巷,,７號,298139.821,2618291.268,花蓮縣光復鄉東富村東富路１８巷７號
10015,1001507,東富村,15,東富路,,１８巷,,８之３號,298069.454,2618201.76,花蓮縣光復鄉東富村東富路１８巷８之３號
10015,1001507,東富村,15,東富路,,１８巷,,８之１號,298109.51,2618185.15,花蓮縣光復鄉東富村東富路１８巷８之１號
10015,1001507,東富村,15,東富路,,１８巷,,８號,298112.265,2618170.248,花蓮縣光復鄉東富村東富路１８巷８號
10015,1001507,東富村,15,東富路,,１８巷,,８之２號,298073.158,2618192.368,花蓮縣光復鄉東富村東富路１８巷８之２號
10015,1001507,東富村,15,東富路,,１８巷,,１０號,298146.07,2618248.528,花蓮縣光復鄉東富村東富路１８巷１０號
10015,1001507,東富村,16,東富路,,１８巷,,１１號,298253.951,2618309.344,花蓮縣光復鄉東富村東富路１８巷１１號
10015,1001507,東富村,15,東富路,,１８巷,,１２號,298226.861,2618271.365,花蓮縣光復鄉東富村東富路１８巷１２號
10015,1001507,東富村,15,東富路,,１８巷,,１３號,298241.484,2618323.359,花蓮縣光復鄉東富村東富路１８巷１３號
10015,1001507,東富村,16,東富路,,１８巷,,１５號,298225.346,2618337.331,花蓮縣光復鄉東富村東富路１８巷１５號
10015,1001507,東富村,15,東富路,,１８巷,,１６號,298259.416,2618282.358,花蓮縣光復鄉東富村東富路１８巷１６號
10015,1001507,東富村,16,東富路,,１８巷,,１７號,298205.367,2618339.169,花蓮縣光復鄉東富村東富路１８巷１７號
10015,1001507,東富村,16,東富路,,１８巷,,１８號,298275.365,2618292.401,花蓮縣光復鄉東富村東富路１８巷１８號
10015,1001507,東富村,16,東富路,,１８巷,,１８之１號,298300.32,2618300.29,花蓮縣光復鄉東富村東富路１８巷１８之１號
10015,1001507,東富村,16,東富路,,１８巷,,１９號,298212.052,2618357.973,花蓮縣光復鄉東富村東富路１８巷１９號
10015,1001507,東富村,16,東富路,,１８巷,,２０號,298373.295,2618322.987,花蓮縣光復鄉東富村東富路１８巷２０號
10015,1001507,東富村,16,東富路,,１８巷,,２１號,298212.5,2618365.034,花蓮縣光復鄉東富村東富路１８巷２１號
10015,1001507,東富村,16,東富路,,１８巷,,２１之３號,298193.053,2618359.213,花蓮縣光復鄉東富村東富路１８巷２１之３號
10015,1001507,東富村,16,東富路,,１８巷,,２２號,298367.56,2618328.393,花蓮縣光復鄉東富村東富路１８巷２２號
10015,1001507,東富村,16,東富路,,１８巷,,２３號,298344.44,2618350.643,花蓮縣光復鄉東富村東富路１８巷２３號
10015,1001507,東富村,16,東富路,,１８巷,,２４號,298376.752,2618337.131,花蓮縣光復鄉東富村東富路１８巷２４號
10015,1001507,東富村,16,東富路,,１８巷,,２５號,298353.598,2618379.293,花蓮縣光復鄉東富村東富路１８巷２５號
10015,1001507,東富村,16,東富路,,１８巷,,２８之１號,298462.33,2618323.23,花蓮縣光復鄉東富村東富路１８巷２８之１號
10015,1001507,東富村,16,東富路,,１８巷,,２８號,298405.222,2618337.088,花蓮縣光復鄉東富村東富路１８巷２８號
10015,1001507,東富村,16,東富路,,１８巷,,３０號,298545.285,2618401.3,花蓮縣光復鄉東富村東富路１８巷３０號
10015,1001507,東富村,14,東富路,,１９巷,,１號,297600.335,2618807.526,花蓮縣光復鄉東富村東富路１９巷１號
10015,1001507,東富村,13,東富路,,１９巷,,２號,297590.598,2618782.331,花蓮縣光復鄉東富村東富路１９巷２號
10015,1001507,東富村,13,東富路,,１９巷,,３號,297583.57,2618815.603,花蓮縣光復鄉東富村東富路１９巷３號
10015,1001507,東富村,13,東富路,,１９巷,,４號,297562.603,2618801.759,花蓮縣光復鄉東富村東富路１９巷４號
10015,1001507,東富村,14,東富路,,１９巷,,５號,297566.446,2618827.775,花蓮縣光復鄉東富村東富路１９巷５號
10015,1001507,東富村,14,東富路,,１９巷,,６之１號,297544.06,2618765.349,花蓮縣光復鄉東富村東富路１９巷６之１號
10015,1001507,東富村,14,東富路,,１９巷,,６號,297550.71,2618777.452,花蓮縣光復鄉東富村東富路１９巷６號
10015,1001507,東富村,15,東富路,,,,２０之８號,297484.333,2618395.068,花蓮縣光復鄉東富村東富路２０之８號
10015,1001507,東富村,15,東富路,,,,２０號,297493.858,2618298.76,花蓮縣光復鄉東富村東富路２０號
10015,1001507,東富村,14,東富路,,,,２１號,297621.227,2618795.927,花蓮縣光復鄉東富村東富路２１號
10015,1001507,東富村,14,東富路,,,,２３之２號,297636.754,2618827.089,花蓮縣光復鄉東富村東富路２３之２號
10015,1001507,東富村,14,東富路,,,,２３號,297628.817,2618810.288,花蓮縣光復鄉東富村東富路２３號
10015,1001507,東富村,14,東富路,,,,２５號,297644.476,2618857.721,花蓮縣光復鄉東富村東富路２５號
10015,1001507,東富村,14,東富路,,,,２６之１號,297594.28,2618719.68,花蓮縣光復鄉東富村東富路２６之１號
10015,1001507,東富村,14,東富路,,,,２６號,297614.79,2618743.68,花蓮縣光復鄉東富村東富路２６號
10015,1001507,東富村,14,東富路,,,,２７號,297652.572,2618851.943,花蓮縣光復鄉東富村東富路２７號
10015,1001507,東富村,13,東富路,,２８巷,,１號,297636.22,2618716.14,花蓮縣光復鄉東富村東富路２８巷１號
10015,1001507,東富村,13,東富路,,２８巷,,１之１號,297614.91,2618706.14,花蓮縣光復鄉東富村東富路２８巷１之１號
10015,1001507,東富村,13,東富路,,２８巷,,２號,297655.62,2618723.96,花蓮縣光復鄉東富村東富路２８巷２號
10015,1001507,東富村,13,東富路,,２８巷,,３號,297670.84,2618711.9,花蓮縣光復鄉東富村東富路２８巷３號
10015,1001507,東富村,13,東富路,,２８巷,,５號,297696.44,2618707.23,花蓮縣光復鄉東富村東富路２８巷５號
10015,1001507,東富村,14,東富路,,２８巷,,７號,297651.867,2618769.201,花蓮縣光復鄉東富村東富路２８巷７號
10015,1001507,東富村,14,東富路,,２８巷,,９號,297657.162,2618767.045,花蓮縣光復鄉東富村東富路２８巷９號
10015,1001507,東富村,14,東富路,,２８巷,,１１號,297662.456,2618764.89,花蓮縣光復鄉東富村東富路２８巷１１號
10015,1001507,東富村,14,東富路,,２８巷,,１３號,297667.751,2618762.734,花蓮縣光復鄉東富村東富路２８巷１３號
10015,1001507,東富村,14,東富路,,２８巷,,１５號,297673.046,2618760.579,花蓮縣光復鄉東富村東富路２８巷１５號
10015,1001507,東富村,14,東富路,,２８巷,,１７號,297678.34,2618758.423,花蓮縣光復鄉東富村東富路２８巷１７號
10015,1001507,東富村,14,東富路,,２８巷,,１９之１號,297686.964,2618755.003,花蓮縣光復鄉東富村東富路２８巷１９之１號
10015,1001507,東富村,13,東富路,,２８巷,,１９之３號,297694.672,2618751.204,花蓮縣光復鄉東富村東富路２８巷１９之３號
10015,1001507,東富村,14,東富路,,２８巷,,１９號,297683.635,2618756.268,花蓮縣光復鄉東富村東富路２８巷１９號
10015,1001507,東富村,14,東富路,,２８巷,,１９之２號,297690.238,2618752.998,花蓮縣光復鄉東富村東富路２８巷１９之２號
10015,1001507,東富村,14,東富路,,２８巷,,１９之３號,297694.672,2618751.204,花蓮縣光復鄉東富村東富路２８巷１９之３號
10015,1001507,東富村,13,東富路,,２８巷,,１９號,297683.635,2618756.268,花蓮縣光復鄉東富村東富路２８巷１９號
10015,1001507,東富村,13,東富路,,２８巷,,２１號,297684.755,2618738.623,花蓮縣光復鄉東富村東富路２８巷２１號
10015,1001507,東富村,14,東富路,,２８巷,,２１號,297684.755,2618738.623,花蓮縣光復鄉東富村東富路２８巷２１號
10015,1001507,東富村,14,東富路,,２８巷,,２３號,297695.314,2618733.77,花蓮縣光復鄉東富村東富路２８巷２３號
10015,1001507,東富村,14,東富路,,,,３０之２號,297641.063,2618781.475,花蓮縣光復鄉東富村東富路３０之２號
10015,1001507,東富村,14,東富路,,,,３０之１號,297638.786,2618775.844,花蓮縣光復鄉東富村東富路３０之１號
10015,1001507,東富村,14,東富路,,,,３０號,297636.748,2618769.256,花蓮縣光復鄉東富村東富路３０號
10015,1001507,東富村,14,東富路,,,,３１號,297743.681,2618940.721,花蓮縣光復鄉東富村東富路３１號
10015,1001507,東富村,14,東富路,,,,３２號,297657.76,2618785.315,花蓮縣光復鄉東富村東富路３２號
10015,1001507,東富村,14,東富路,,,,３３號,297773.768,2618961.992,花蓮縣光復鄉東富村東富路３３號
10015,1001507,東富村,14,東富路,,,,３３之１號,297755.387,2618949.953,花蓮縣光復鄉東富村東富路３３之１號
10015,1001507,東富村,14,東富路,,,,３４號,297653.846,2618805.762,花蓮縣光復鄉東富村東富路３４號
10015,1001507,東富村,14,東富路,,,,３５號,297785.262,2618977.128,花蓮縣光復鄉東富村東富路３５號
10015,1001507,東富村,14,東富路,,,,３６號,297742.33,2618876.247,花蓮縣光復鄉東富村東富路３６號
10015,1001507,東富村,17,東富路,,,,３９號,298532.462,2619695.673,花蓮縣光復鄉東富村東富路３９號
10015,1001507,東富村,17,東富路,,,,４０號,298636.564,2619673.457,花蓮縣光復鄉東富村東富路４０號
10015,1001507,東富村,17,東富路,,,,４０之１號,298639.474,2619659.038,花蓮縣光復鄉東富村東富路４０之１號
10015,1001507,東富村,17,東富路,,４２巷,,１號,298765.898,2619529.798,花蓮縣光復鄉東富村東富路４２巷１號
10015,1001507,東富村,17,東富路,,４２巷,,３號,298769.574,2619542.323,花蓮縣光復鄉東富村東富路４２巷３號
10015,1001507,東富村,17,東富路,,４２巷,,５號,298721.455,2619328.798,花蓮縣光復鄉東富村東富路４２巷５號
10015,1001507,東富村,17,東富路,,４２巷,,６之３號,298582.038,2619324.646,花蓮縣光復鄉東富村東富路４２巷６之３號
10015,1001507,東富村,17,東富路,,４２巷,,６號,298659.958,2619333.046,花蓮縣光復鄉東富村東富路４２巷６號
10015,1001507,東富村,17,東富路,,４３巷,,１號,298629.88,2619792.459,花蓮縣光復鄉東富村東富路４３巷１號
10015,1001507,東富村,17,東富路,,４３巷,,２號,298601.404,2619802.07,花蓮縣光復鄉東富村東富路４３巷２號
10015,1001507,東富村,17,東富路,,４３巷,,３號,298607.383,2619833.04,花蓮縣光復鄉東富村東富路４３巷３號
10015,1001507,東富村,17,東富路,,４３巷,,５號,298601.994,2619861.42,花蓮縣光復鄉東富村東富路４３巷５號
10015,1001507,東富村,17,東富路,,４３巷,,６號,298668.864,2619970.203,花蓮縣光復鄉東富村東富路４３巷６號
10015,1001507,東富村,17,東富路,,,,４５號,298858.63,2619980.19,花蓮縣光復鄉東富村東富路４５號
10015,1001507,東富村,17,東富路,,,,４６號,298843.002,2619880.826,花蓮縣光復鄉東富村東富路４６號
10015,1001507,東富村,17,東富路,,,,４８號,298865.51,2619941.697,花蓮縣光復鄉東富村東富路４８號
10015,1001507,東富村,17,東富路,,,,５０號,298905.49,2619849.89,花蓮縣光復鄉東富村東富路５０號
10015,1001507,東富村,17,東富路,,,,５１號,298995.579,2620121.372,花蓮縣光復鄉東富村東富路５１號
10015,1001507,東富村,17,東富路,,,,５２號,298929.86,2619984.96,花蓮縣光復鄉東富村東富路５２號
10015,1001507,東富村,17,東富路,,,,５２之１號,299053.19,2619958.89,花蓮縣光復鄉東富村東富路５２之１號
10015,1001507,東富村,17,東富路,,,,５３號,298992.164,2620128.722,花蓮縣光復鄉東富村東富路５３號
10015,1001507,東富村,17,東富路,,,,５５號,299033.889,2620159.776,花蓮縣光復鄉東富村東富路５５號
10015,1001507,東富村,17,東富路,,,,５６號,299059.94,2620145.211,花蓮縣光復鄉東富村東富路５６號
10015,1001507,東富村,17,東富路,,,,５７號,299126.975,2620248.534,花蓮縣光復鄉東富村東富路５７號
10015,1001507,東富村,17,東富路,,,,５８號,299131.6,2620208.568,花蓮縣光復鄉東富村東富路５８號
10015,1001507,東富村,17,東富路,,,,６０號,299198.17,2620263.08,花蓮縣光復鄉東富村東富路６０號
10015,1001507,東富村,17,東富路,,,,６１號,299162.79,2620291.95,花蓮縣光復鄉東富村東富路６１號
10015,1001507,東富村,17,東富路,,,,６２號,299183.53,2620185.097,花蓮縣光復鄉東富村東富路６２號
10015,1001507,東富村,21,東富路,,,,６４之７號,299580.011,2620778.706,花蓮縣光復鄉東富村東富路６４之７號
10015,1001507,東富村,21,東富路,,,,６５號,299552.825,2620815.285,花蓮縣光復鄉東富村東富路６５號
10015,1001507,東富村,18,東富路,,６６巷,,１號,299765.39,2621047.95,花蓮縣光復鄉東富村東富路６６巷１號
10015,1001507,東富村,18,東富路,,６６巷,,３號,299776.635,2621116.75,花蓮縣光復鄉東富村東富路６６巷３號
10015,1001507,東富村,18,東富路,,６６巷,,８號,299836.564,2621124.667,花蓮縣光復鄉東富村東富路６６巷８號
10015,1001507,東富村,18,東富路,,６６巷,,１０號,299879.408,2621164.169,花蓮縣光復鄉東富村東富路６６巷１０號
10015,1001507,東富村,18,東富路,,６６巷,,１２號,299803.566,2621112.656,花蓮縣光復鄉東富村東富路６６巷１２號
10015,1001507,東富村,18,東富路,,６６巷,,１５號,299824.25,2621113.233,花蓮縣光復鄉東富村東富路６６巷１５號
10015,1001507,東富村,21,東富路,,,,６７號,299553.891,2620930.11,花蓮縣光復鄉東富村東富路６７號
10015,1001507,東富村,21,東富路,,,,７０號,299589.435,2620881.234,花蓮縣光復鄉東富村東富路７０號
10015,1001507,東富村,21,東富路,,,,７１號,299570.089,2620950.021,花蓮縣光復鄉東富村東富路７１號
10015,1001507,東富村,21,東富路,,,,７２號,299620.3,2620864.23,花蓮縣光復鄉東富村東富路７２號
10015,1001507,東富村,21,東富路,,,,７３號,299573.182,2620967.975,花蓮縣光復鄉東富村東富路７３號
10015,1001507,東富村,21,東富路,,,,７４號,299616.188,2620895.948,花蓮縣光復鄉東富村東富路７４號
10015,1001507,東富村,21,東富路,,,,７５號,299733.907,2621330.168,花蓮縣光復鄉東富村東富路７５號
10015,1001507,東富村,21,東富路,,,,７５之１號,299722.228,2621309.468,花蓮縣光復鄉東富村東富路７５之１號
10015,1001507,東富村,21,東富路,,,,７６號,299592.01,2620903.498,花蓮縣光復鄉東富村東富路７６號
10015,1001507,東富村,21,東富路,,,,７８號,299593.677,2620934.34,花蓮縣光復鄉東富村東富路７８號
10015,1001507,東富村,21,東富路,,,,８０號,299605.01,2620927.394,花蓮縣光復鄉東富村東富路８０號
10015,1001507,東富村,21,東富路,,,,８２號,299618.61,2620942.192,花蓮縣光復鄉東富村東富路８２號
10015,1001507,東富村,21,東富路,,,,８４號,299635.233,2620925.28,花蓮縣光復鄉東富村東富路８４號
10015,1001507,東富村,21,東富路,,,,８６號,299645.15,2620962.139,花蓮縣光復鄉東富村東富路８６號
10015,1001507,東富村,21,東富路,,,,８８號,299623.195,2621035.465,花蓮縣光復鄉東富村東富路８８號
10015,1001507,東富村,21,東富路,,,,９０號,299751.592,2621304.475,花蓮縣光復鄉東富村東富路９０號
10015,1001507,東富村,21,東富路,,９２巷,,１之１號,299759.826,2621338.109,花蓮縣光復鄉東富村東富路９２巷１之１號
10015,1001507,東富村,21,東富路,,９２巷,,１之２號,299805.948,2621358.17,花蓮縣光復鄉東富村東富路９２巷１之２號
10015,1001507,東富村,21,東富路,,９２巷,,１號,299768.047,2621324.95,花蓮縣光復鄉東富村東富路９２巷１號
10015,1001507,東富村,20,東富路,,９２巷,,２號,299791.775,2621331.223,花蓮縣光復鄉東富村東富路９２巷２號
10015,1001507,東富村,21,東富路,,９２巷,,３號,299869.427,2621319.956,花蓮縣光復鄉東富村東富路９２巷３號
10015,1001507,東富村,21,東富路,,９２巷,,４號,299839.76,2621324.433,花蓮縣光復鄉東富村東富路９２巷４號
10015,1001507,東富村,21,東富路,,９２巷,,４之１號,299850.91,2621315.181,花蓮縣光復鄉東富村東富路９２巷４之１號
10015,1001507,東富村,21,東富路,,９２巷,,５號,299896.277,2621300.591,花蓮縣光復鄉東富村東富路９２巷５號
10015,1001507,東富村,18,東富路,,９２巷,,６號,299951.818,2621153.96,花蓮縣光復鄉東富村東富路９２巷６號
10015,1001507,東富村,21,東富路,,９２巷,,７號,300022.139,2621505.266,花蓮縣光復鄉東富村東富路９２巷７號
10015,1001507,東富村,18,東富路,,９２巷,,７之１號,300022.139,2621505.266,花蓮縣光復鄉東富村東富路９２巷７之１號
10015,1001507,東富村,18,東富路,,９２巷,,９號,299902.559,2621118.163,花蓮縣光復鄉東富村東富路９２巷９號
10015,1001507,東富村,18,東富路,,９２巷,,１０號,299942.658,2621225.277,花蓮縣光復鄉東富村東富路９２巷１０號
10015,1001507,東富村,18,東富路,,９２巷,,１１號,299899.42,2621150.17,花蓮縣光復鄉東富村東富路９２巷１１號
10015,1001507,東富村,18,東富路,,９２巷,,１２號,299968.771,2621223.503,花蓮縣光復鄉東富村東富路９２巷１２號
10015,1001507,東富村,19,東富路,,９２巷,,１５號,300089.475,2621369.059,花蓮縣光復鄉東富村東富路９２巷１５號
10015,1001507,東富村,20,東富路,,９２巷,,１６之２０號,300133.125,2621323.543,花蓮縣光復鄉東富村東富路９２巷１６之２０號
10015,1001507,東富村,20,東富路,,９２巷,,１６號,300114.339,2621356.484,花蓮縣光復鄉東富村東富路９２巷１６號
10015,1001507,東富村,19,東富路,,９２巷,,１７之２號,300216.469,2621332.732,花蓮縣光復鄉東富村東富路９２巷１７之２號
10015,1001507,東富村,19,東富路,,９２巷,,１７號,300190.187,2621335.069,花蓮縣光復鄉東富村東富路９２巷１７號
10015,1001507,東富村,19,東富路,,９２巷,,１７之１號,300202.994,2621327.279,花蓮縣光復鄉東富村東富路９２巷１７之１號
10015,1001507,東富村,19,東富路,,９２巷,,１８號,300219.056,2621372.899,花蓮縣光復鄉東富村東富路９２巷１８號
10015,1001507,東富村,20,東富路,,９２巷,,１９之３號,300234.125,2621292.25,花蓮縣光復鄉東富村東富路９２巷１９之３號
10015,1001507,東富村,20,東富路,,９２巷,,１９之１號,300133.232,2621285.144,花蓮縣光復鄉東富村東富路９２巷１９之１號
10015,1001507,東富村,20,東富路,,９２巷,,１９號,300233.424,2621266.295,花蓮縣光復鄉東富村東富路９２巷１９號
10015,1001507,東富村,19,東富路,,９２巷,,２０號,300228.616,2621317.148,花蓮縣光復鄉東富村東富路９２巷２０號
10015,1001507,東富村,20,東富路,,９２巷,,２１之１號,300250.182,2621314.865,花蓮縣光復鄉東富村東富路９２巷２１之１號
10015,1001507,東富村,20,東富路,,９２巷,,２１號,300245.419,2621306.531,花蓮縣光復鄉東富村東富路９２巷２１號
10015,1001507,東富村,20,東富路,,９２巷,,２１之２號,299808.83,2621325.3,花蓮縣光復鄉東富村東富路９２巷２１之２號
10015,1001507,東富村,20,東富路,,９２巷,,２２號,300256.333,2621323.442,花蓮縣光復鄉東富村東富路９２巷２２號
10015,1001507,東富村,20,東富路,,９２巷,,２２之１號,300284.607,2621362.375,花蓮縣光復鄉東富村東富路９２巷２２之１號
10015,1001507,東富村,20,東富路,,９２巷,,２２之２號,300281.167,2621356.157,花蓮縣光復鄉東富村東富路９２巷２２之２號
10015,1001507,東富村,19,東富路,,９２巷,,２４之３號,300246.219,2621344.5,花蓮縣光復鄉東富村東富路９２巷２４之３號
10015,1001507,東富村,19,東富路,,９２巷,,２４號,300226.861,2621325.183,花蓮縣光復鄉東富村東富路９２巷２４號
10015,1001507,東富村,19,東富路,,９２巷,,２４之２號,300243.427,2621337.068,花蓮縣光復鄉東富村東富路９２巷２４之２號
10015,1001507,東富村,18,東富路,,９２巷,,２５號,301264.476,2620223.801,花蓮縣光復鄉東富村東富路９２巷２５號
10015,1001507,東富村,18,東富路,,９２巷,,２７號,301202.83,2619962.4,花蓮縣光復鄉東富村東富路９２巷２７號
10015,1001507,東富村,18,東富路,,９２巷,,２８號,301118.175,2620100.553,花蓮縣光復鄉東富村東富路９２巷２８號
10015,1001507,東富村,18,東富路,,９２巷,,３０號,300932.034,2619681.024,花蓮縣光復鄉東富村東富路９２巷３０號
10015,1001507,東富村,20,東富路,,９２巷,,３１之１號,301335.785,2621416.932,花蓮縣光復鄉東富村東富路９２巷３１之１號
10015,1001507,東富村,20,東富路,,９２巷,,３１號,300265.208,2621343.177,花蓮縣光復鄉東富村東富路９２巷３１號
10015,1001507,東富村,20,東富路,,９２巷,,３２號,301649.279,2621343.76,花蓮縣光復鄉東富村東富路９２巷３２號
10015,1001507,東富村,20,東富路,,９２巷,,３３號,301670.82,2621361.136,花蓮縣光復鄉東富村東富路９２巷３３號
10015,1001507,東富村,20,東富路,,９２巷,,３６號,300565.911,2621184.746,花蓮縣光復鄉東富村東富路９２巷３６號
10015,1001507,東富村,20,東富路,,９２巷,,５０號,300790.879,2621105.13,花蓮縣光復鄉東富村東富路９２巷５０號
10015,1001507,東富村,21,東富路,,,,９６號,299794.37,2621364.61,花蓮縣光復鄉東富村東富路９６號
10015,1001507,西富村,8,中正路二段,,２巷,,１之１號,294592.304,2617491.216,花蓮縣光復鄉西富村中正路二段２巷１之１號
10015,1001507,西富村,8,中正路二段,,２巷,,１號,294588.07,2617493.73,花蓮縣光復鄉西富村中正路二段２巷１號
10015,1001507,西富村,8,中正路二段,,２巷,,３號,294463.6,2617340.51,花蓮縣光復鄉西富村中正路二段２巷３號
10015,1001507,西富村,7,中正路二段,,２巷,,３之１號,294501.499,2617342.795,花蓮縣光復鄉西富村中正路二段２巷３之１號
10015,1001507,西富村,8,中正路二段,,２巷,,５號,294442.874,2617310.484,花蓮縣光復鄉西富村中正路二段２巷５號
10015,1001507,西富村,8,中正路二段,,２巷,,６號,294436.354,2617291.166,花蓮縣光復鄉西富村中正路二段２巷６號
10015,1001507,西富村,8,中正路二段,,２巷,,７號,294401.577,2617255.305,花蓮縣光復鄉西富村中正路二段２巷７號
10015,1001507,西富村,8,中正路二段,,２巷,,８號,294380.214,2617279.158,花蓮縣光復鄉西富村中正路二段２巷８號
10015,1001507,西富村,8,中正路二段,,２巷,,１０號,294404.34,2617300.746,花蓮縣光復鄉西富村中正路二段２巷１０號
10015,1001507,西富村,8,中正路二段,,２巷,,１１號,294445.961,2617322.473,花蓮縣光復鄉西富村中正路二段２巷１１號
10015,1001507,西富村,8,中正路二段,,２巷,,１２號,294571.803,2617484.441,花蓮縣光復鄉西富村中正路二段２巷１２號
10015,1001507,西富村,8,中正路二段,,２巷,,１３號,294396.107,2617293.663,花蓮縣光復鄉西富村中正路二段２巷１３號
10015,1001507,西富村,8,中正路二段,,２巷,,１５號,294601.662,2617506.487,花蓮縣光復鄉西富村中正路二段２巷１５號
10015,1001507,西富村,8,中正路二段,,２巷,,１６號,294388.447,2617245.197,花蓮縣光復鄉西富村中正路二段２巷１６號
10015,1001507,西富村,8,中正路二段,,２巷,,１６之１號,294810.53,2617027.597,花蓮縣光復鄉西富村中正路二段２巷１６之１號
10015,1001507,西富村,8,中正路二段,,２巷,,１７號,294813.61,2616921.62,花蓮縣光復鄉西富村中正路二段２巷１７號
10015,1001507,西富村,8,中正路二段,,２巷,,２１號,294398.49,2617207.17,花蓮縣光復鄉西富村中正路二段２巷２１號
10015,1001507,西富村,8,中正路二段,,２巷,,２７號,294375.217,2616968.002,花蓮縣光復鄉西富村中正路二段２巷２７號
10015,1001507,西富村,7,中正路二段,,２巷,,３６之１號,294325.476,2616920.509,花蓮縣光復鄉西富村中正路二段２巷３６之１號
10015,1001507,西富村,8,中正路二段,,２巷,,３８號,294241.68,2616753.54,花蓮縣光復鄉西富村中正路二段２巷３８號
10015,1001507,西富村,8,中正路二段,,２巷,,３９號,294226.39,2616741.52,花蓮縣光復鄉西富村中正路二段２巷３９號
10015,1001507,西富村,8,中正路二段,,２巷,,３９之１號,294185.37,2616734.32,花蓮縣光復鄉西富村中正路二段２巷３９之１號
10015,1001507,西富村,8,中正路二段,,２巷,,３９之１號,294185.56,2616734.4,花蓮縣光復鄉西富村中正路二段２巷３９之１號
10015,1001507,西富村,8,中正路二段,,２巷,,５０號,294031.824,2616973.714,花蓮縣光復鄉西富村中正路二段２巷５０號
10015,1001507,西富村,8,中正路二段,,４巷,,６號,294743.63,2617528.52,花蓮縣光復鄉西富村中正路二段４巷６號
10015,1001507,西富村,7,中正路二段,,６巷,,３之１號,294899.04,2617547.29,花蓮縣光復鄉西富村中正路二段６巷３之１號
10015,1001507,西富村,7,中正路二段,,,,６號,295179.078,2617538.584,花蓮縣光復鄉西富村中正路二段６號
10015,1001507,西富村,7,中正路二段,,６巷,,１０號,294803.8,2617309.061,花蓮縣光復鄉西富村中正路二段６巷１０號
10015,1001507,西富村,7,中正路二段,,６巷,,１２號,294780.051,2617330.307,花蓮縣光復鄉西富村中正路二段６巷１２號
10015,1001507,西富村,7,中正路二段,,６巷,,１３號,294766.891,2617336.318,花蓮縣光復鄉西富村中正路二段６巷１３號
10015,1001507,西富村,7,中正路二段,,６巷,,１４號,294781.779,2617334.261,花蓮縣光復鄉西富村中正路二段６巷１４號
10015,1001507,西富村,7,中正路二段,,６巷,,１５號,294768.727,2617340.228,花蓮縣光復鄉西富村中正路二段６巷１５號
10015,1001507,西富村,7,中正路二段,,６巷,,１６號,294783.506,2617338.215,花蓮縣光復鄉西富村中正路二段６巷１６號
10015,1001507,西富村,7,中正路二段,,６巷,,１７號,294770.563,2617344.139,花蓮縣光復鄉西富村中正路二段６巷１７號
10015,1001507,西富村,7,中正路二段,,６巷,,１８號,294785.233,2617342.17,花蓮縣光復鄉西富村中正路二段６巷１８號
10015,1001507,西富村,7,中正路二段,,６巷,,１９號,294772.4,2617348.049,花蓮縣光復鄉西富村中正路二段６巷１９號
10015,1001507,西富村,7,中正路二段,,６巷,,２０號,294786.96,2617346.124,花蓮縣光復鄉西富村中正路二段６巷２０號
10015,1001507,西富村,7,中正路二段,,６巷,,２１號,294774.236,2617351.96,花蓮縣光復鄉西富村中正路二段６巷２１號
10015,1001507,西富村,8,中正路二段,,６巷,２２弄,１號,294806.292,2617335.44,花蓮縣光復鄉西富村中正路二段６巷２２弄１號
10015,1001507,西富村,7,中正路二段,,６巷,２２弄,２號,294811.942,2617348.779,花蓮縣光復鄉西富村中正路二段６巷２２弄２號
10015,1001507,西富村,7,中正路二段,,６巷,２２弄,３號,294810.35,2617333.624,花蓮縣光復鄉西富村中正路二段６巷２２弄３號
10015,1001507,西富村,7,中正路二段,,６巷,２２弄,５號,294814.408,2617331.808,花蓮縣光復鄉西富村中正路二段６巷２２弄５號
10015,1001507,西富村,7,中正路二段,,６巷,２２弄,６號,294816.739,2617346.78,花蓮縣光復鄉西富村中正路二段６巷２２弄６號
10015,1001507,西富村,7,中正路二段,,６巷,２２弄,７號,294818.466,2617329.992,花蓮縣光復鄉西富村中正路二段６巷２２弄７號
10015,1001507,西富村,7,中正路二段,,６巷,２２弄,８號,294821.633,2617344.191,花蓮縣光復鄉西富村中正路二段６巷２２弄８號
10015,1001507,西富村,7,中正路二段,,６巷,２２弄,９號,294822.524,2617328.176,花蓮縣光復鄉西富村中正路二段６巷２２弄９號
10015,1001507,西富村,7,中正路二段,,６巷,２２弄,１１號,294826.582,2617326.36,花蓮縣光復鄉西富村中正路二段６巷２２弄１１號
10015,1001507,西富村,7,中正路二段,,６巷,２２弄,１５號,294834.698,2617322.728,花蓮縣光復鄉西富村中正路二段６巷２２弄１５號
10015,1001507,西富村,7,中正路二段,,６巷,２３弄,１號,294762.939,2617372.662,花蓮縣光復鄉西富村中正路二段６巷２３弄１號
10015,1001507,西富村,7,中正路二段,,６巷,２３弄,２號,294756.116,2617357.313,花蓮縣光復鄉西富村中正路二段６巷２３弄２號
10015,1001507,西富村,7,中正路二段,,６巷,２３弄,３號,294759.082,2617374.37,花蓮縣光復鄉西富村中正路二段６巷２３弄３號
10015,1001507,西富村,7,中正路二段,,６巷,２３弄,５號,294755.224,2617376.078,花蓮縣光復鄉西富村中正路二段６巷２３弄５號
10015,1001507,西富村,7,中正路二段,,６巷,２３弄,６號,294752.587,2617358.789,花蓮縣光復鄉西富村中正路二段６巷２３弄６號
10015,1001507,西富村,7,中正路二段,,６巷,２３弄,７號,294751.366,2617377.786,花蓮縣光復鄉西富村中正路二段６巷２３弄７號
10015,1001507,西富村,7,中正路二段,,６巷,２３弄,８號,294748.512,2617360.552,花蓮縣光復鄉西富村中正路二段６巷２３弄８號
10015,1001507,西富村,7,中正路二段,,６巷,２３弄,９號,294747.509,2617379.494,花蓮縣光復鄉西富村中正路二段６巷２３弄９號
10015,1001507,西富村,7,中正路二段,,６巷,２３弄,１０號,294744.437,2617362.315,花蓮縣光復鄉西富村中正路二段６巷２３弄１０號
10015,1001507,西富村,7,中正路二段,,６巷,２３弄,１１號,294743.651,2617381.202,花蓮縣光復鄉西富村中正路二段６巷２３弄１１號
10015,1001507,西富村,7,中正路二段,,６巷,２３弄,１２號,294740.362,2617364.077,花蓮縣光復鄉西富村中正路二段６巷２３弄１２號
10015,1001507,西富村,7,中正路二段,,６巷,,２４號,294792.602,2617356.566,花蓮縣光復鄉西富村中正路二段６巷２４號
10015,1001507,西富村,7,中正路二段,,６巷,,２５號,294778.286,2617361.661,花蓮縣光復鄉西富村中正路二段６巷２５號
10015,1001507,西富村,7,中正路二段,,６巷,,２６號,294794.454,2617360.566,花蓮縣光復鄉西富村中正路二段６巷２６號
10015,1001507,西富村,7,中正路二段,,６巷,,２７號,294780.115,2617365.727,花蓮縣光復鄉西富村中正路二段６巷２７號
10015,1001507,西富村,7,中正路二段,,６巷,,２８號,294796.306,2617364.566,花蓮縣光復鄉西富村中正路二段６巷２８號
10015,1001507,西富村,7,中正路二段,,６巷,,２９號,294781.945,2617369.794,花蓮縣光復鄉西富村中正路二段６巷２９號
10015,1001507,西富村,7,中正路二段,,６巷,,３０號,294798.158,2617368.566,花蓮縣光復鄉西富村中正路二段６巷３０號
10015,1001507,西富村,7,中正路二段,,６巷,,３１號,294783.4,2617373.57,花蓮縣光復鄉西富村中正路二段６巷３１號
10015,1001507,西富村,7,中正路二段,,６巷,,３３號,294785.604,2617377.927,花蓮縣光復鄉西富村中正路二段６巷３３號
10015,1001507,西富村,8,中正路二段,,６巷,,３４號,294801.475,2617375.987,花蓮縣光復鄉西富村中正路二段６巷３４號
10015,1001507,西富村,7,中正路二段,,６巷,,３５號,294787.434,2617381.993,花蓮縣光復鄉西富村中正路二段６巷３５號
10015,1001507,西富村,7,中正路二段,,６巷,,３６號,294803.713,2617380.566,花蓮縣光復鄉西富村中正路二段６巷３６號
10015,1001507,西富村,7,中正路二段,,６巷,,３７號,294789.263,2617386.06,花蓮縣光復鄉西富村中正路二段６巷３７號
10015,1001507,西富村,7,中正路二段,,,,８號,295198.55,2617515.398,花蓮縣光復鄉西富村中正路二段８號
10015,1001507,西富村,7,中正路二段,,,,１０號,295267.07,2617472.66,花蓮縣光復鄉西富村中正路二段１０號
10015,1001507,西富村,7,中正路二段,,,,１２號,295286.959,2617446.339,花蓮縣光復鄉西富村中正路二段１２號
10015,1001507,西富村,7,中正路二段,,,,１２之１號,295281.683,2617480.634,花蓮縣光復鄉西富村中正路二段１２之１號
10015,1001507,西富村,7,中正路二段,,,,１４號,295295.42,2617459.7,花蓮縣光復鄉西富村中正路二段１４號
10015,1001507,西富村,7,中正路二段,,,,１６號,295289.86,2617472.53,花蓮縣光復鄉西富村中正路二段１６號
10015,1001507,西富村,7,中正路二段,,,,１６之１號,295390.13,2617508.11,花蓮縣光復鄉西富村中正路二段１６之１號
10015,1001507,西富村,7,中正路二段,,,,１６之２號,295268.95,2617354.25,花蓮縣光復鄉西富村中正路二段１６之２號
10015,1001507,西富村,7,中正路二段,,,,１６之３號,295253.67,2617330.47,花蓮縣光復鄉西富村中正路二段１６之３號
10015,1001507,西富村,4,中正路二段,,,,１８號,295640.321,2617420.096,花蓮縣光復鄉西富村中正路二段１８號
10015,1001507,西富村,3,中正路二段,,２２巷,,１號,295666.68,2617362.039,花蓮縣光復鄉西富村中正路二段２２巷１號
10015,1001507,西富村,4,中正路二段,,２２巷,,２號,295666.156,2617393.557,花蓮縣光復鄉西富村中正路二段２２巷２號
10015,1001507,西富村,4,中正路二段,,２２巷,,３號,295640.86,2617341.54,花蓮縣光復鄉西富村中正路二段２２巷３號
10015,1001507,西富村,4,中正路二段,,２２巷,,５號,295620.034,2617321.959,花蓮縣光復鄉西富村中正路二段２２巷５號
10015,1001507,西富村,4,中正路二段,,２２巷,,６號,295655.91,2617378.92,花蓮縣光復鄉西富村中正路二段２２巷６號
10015,1001507,西富村,3,中正路二段,,２２巷,,７號,295635.452,2617339.764,花蓮縣光復鄉西富村中正路二段２２巷７號
10015,1001507,西富村,4,中正路二段,,２２巷,,８號,295648.24,2617374.29,花蓮縣光復鄉西富村中正路二段２２巷８號
10015,1001507,西富村,4,中正路二段,,２２巷,,１０之３號,295613.241,2617394.593,花蓮縣光復鄉西富村中正路二段２２巷１０之３號
10015,1001507,西富村,4,中正路二段,,２２巷,,１０號,295629.938,2617378.472,花蓮縣光復鄉西富村中正路二段２２巷１０號
10015,1001507,西富村,4,中正路二段,,２２巷,,１０之１號,295639.065,2617364.79,花蓮縣光復鄉西富村中正路二段２２巷１０之１號
10015,1001507,西富村,4,中正路二段,,２２巷,,１０之２號,295621.178,2617389.169,花蓮縣光復鄉西富村中正路二段２２巷１０之２號
10015,1001507,西富村,4,中正路二段,,２２巷,,１２號,295621.356,2617358.979,花蓮縣光復鄉西富村中正路二段２２巷１２號
10015,1001507,西富村,4,中正路二段,,２２巷,,１４號,295617.508,2617341.143,花蓮縣光復鄉西富村中正路二段２２巷１４號
10015,1001507,西富村,4,中正路二段,,２２巷,,１６號,295584.971,2617360.648,花蓮縣光復鄉西富村中正路二段２２巷１６號
10015,1001507,西富村,4,中正路二段,,２２巷,,１６之２號,295600.83,2617352.87,花蓮縣光復鄉西富村中正路二段２２巷１６之２號
10015,1001507,西富村,4,中正路二段,,２２巷,,１６之１號,295579.672,2617379.201,花蓮縣光復鄉西富村中正路二段２２巷１６之１號
10015,1001507,西富村,3,中正路二段,,,,２６號,295691.78,2617400.4,花蓮縣光復鄉西富村中正路二段２６號
10015,1001507,西富村,3,中正路二段,,,,２８號,295707.392,2617392.545,花蓮縣光復鄉西富村中正路二段２８號
10015,1001507,西富村,3,中正路二段,,,,２８之１號,295713.316,2617388.319,花蓮縣光復鄉西富村中正路二段２８之１號
10015,1001507,西富村,3,中正路二段,,,,３２號,295719.24,2617384.094,花蓮縣光復鄉西富村中正路二段３２號
10015,1001507,西富村,3,中正路二段,,,,３４號,295725.164,2617379.868,花蓮縣光復鄉西富村中正路二段３４號
10015,1001507,西富村,3,中正路二段,,,,３６號,295731.088,2617375.642,花蓮縣光復鄉西富村中正路二段３６號
10015,1001507,西富村,1,中正路二段,,,,３８號,295745.822,2617366.253,花蓮縣光復鄉西富村中正路二段３８號
10015,1001507,西富村,1,中正路二段,,,,４０號,295749.609,2617365.289,花蓮縣光復鄉西富村中正路二段４０號
10015,1001507,西富村,1,中正路二段,,,,４２號,295753.395,2617364.325,花蓮縣光復鄉西富村中正路二段４２號
10015,1001507,西富村,1,中正路二段,,,,４６號,295757.084,2617361.981,花蓮縣光復鄉西富村中正路二段４６號
10015,1001507,西富村,1,中正路二段,,,,４６之１號,295760.369,2617360.938,花蓮縣光復鄉西富村中正路二段４６之１號
10015,1001507,西富村,1,中正路二段,,,,４８號,295764.194,2617360.157,花蓮縣光復鄉西富村中正路二段４８號
10015,1001507,西富村,1,中正路二段,,,,５０號,295780.483,2617356.49,花蓮縣光復鄉西富村中正路二段５０號
10015,1001507,西富村,1,中正路二段,,,,５６號,295807.228,2617349.577,花蓮縣光復鄉西富村中正路二段５６號
10015,1001507,西富村,1,中正路二段,,,,５８號,295816.755,2617346.961,花蓮縣光復鄉西富村中正路二段５８號
10015,1001507,西富村,1,中正路二段,,,,６０號,295827.524,2617342.585,花蓮縣光復鄉西富村中正路二段６０號
10015,1001507,西富村,1,中正路二段,,,,６２號,295838.659,2617332.961,花蓮縣光復鄉西富村中正路二段６２號
10015,1001507,西富村,1,中正路二段,,,,６４號,295848.995,2617328.015,花蓮縣光復鄉西富村中正路二段６４號
10015,1001507,西富村,1,中正路二段,,,,６６號,295860.133,2617327.608,花蓮縣光復鄉西富村中正路二段６６號
10015,1001507,西富村,1,中正路二段,,,,７０號,295880.777,2617319.699,花蓮縣光復鄉西富村中正路二段７０號
10015,1001507,西富村,1,中正路二段,,７２巷,,１號,295869.551,2617297.979,花蓮縣光復鄉西富村中正路二段７２巷１號
10015,1001507,西富村,11,中正路二段,,７２巷,,１之１號,295867.44,2617311.17,花蓮縣光復鄉西富村中正路二段７２巷１之１號
10015,1001507,西富村,1,中正路二段,,７２巷,,３號,295857.934,2617273.448,花蓮縣光復鄉西富村中正路二段７２巷３號
10015,1001507,西富村,1,中正路二段,,７２巷,,５號,295841.735,2617271.015,花蓮縣光復鄉西富村中正路二段７２巷５號
10015,1001507,西富村,1,中正路二段,,７２巷,,７號,295840.94,2617254.47,花蓮縣光復鄉西富村中正路二段７２巷７號
10015,1001507,西富村,1,中正路二段,,７２巷,,２６號,295840.326,2617230.538,花蓮縣光復鄉西富村中正路二段７２巷２６號
10015,1001507,西富村,1,中正路二段,,７２巷,,２８號,295838.615,2617226.499,花蓮縣光復鄉西富村中正路二段７２巷２８號
10015,1001507,西富村,1,中正路二段,,７２巷,,３０號,295836.904,2617222.459,花蓮縣光復鄉西富村中正路二段７２巷３０號
10015,1001507,西富村,1,中正路二段,,７２巷,,３２號,295835.192,2617218.419,花蓮縣光復鄉西富村中正路二段７２巷３２號
10015,1001507,西富村,1,中正路二段,,７２巷,３４弄,１號,295822.683,2617206.269,花蓮縣光復鄉西富村中正路二段７２巷３４弄１號
10015,1001507,西富村,1,中正路二段,,７２巷,３４弄,３號,295818.527,2617209.576,花蓮縣光復鄉西富村中正路二段７２巷３４弄３號
10015,1001507,西富村,5,富愛街,,,,２１之１號,295781.557,2617147.787,花蓮縣光復鄉西富村富愛街２１之１號
10015,1001507,西富村,5,富愛街,,,,２１號,295786.003,2617154.624,花蓮縣光復鄉西富村富愛街２１號
10015,1001507,西富村,5,富愛街,,,,２３之１號,295773.817,2617165.083,花蓮縣光復鄉西富村富愛街２３之１號
10015,1001507,西富村,5,富愛街,,,,２３號,295766.088,2617153.309,花蓮縣光復鄉西富村富愛街２３號
10015,1001507,西富村,5,富愛街,,,,２５之１號,295736.606,2617155.849,花蓮縣光復鄉西富村富愛街２５之１號
10015,1001507,西富村,5,富愛街,,,,２５號,295748.91,2617143.448,花蓮縣光復鄉西富村富愛街２５號
10015,1001507,西富村,5,富愛街,,,,２７號,295730.471,2617176.811,花蓮縣光復鄉西富村富愛街２７號
10015,1001507,西富村,5,富愛街,,,,２９號,295748.302,2617168.957,花蓮縣光復鄉西富村富愛街２９號
10015,1001507,西富村,5,富愛街,,,,３１號,295720.921,2617162.427,花蓮縣光復鄉西富村富愛街３１號
10015,1001507,西富村,5,富愛街,,,,３３號,295713.795,2617190.482,花蓮縣光復鄉西富村富愛街３３號
10015,1001507,西富村,5,富愛街,,,,３５號,295692.434,2617174.356,花蓮縣光復鄉西富村富愛街３５號
10015,1001507,西富村,5,富愛街,,,,３７之１號,295708.949,2617165.703,花蓮縣光復鄉西富村富愛街３７之１號
10015,1001507,西富村,5,富愛街,,,,３７號,295707.523,2617177.665,花蓮縣光復鄉西富村富愛街３７號
10015,1001507,西富村,5,富愛街,,,,３７之２號,295715.82,2617173.64,花蓮縣光復鄉西富村富愛街３７之２號
10015,1001507,西富村,5,富愛街,,,,３９號,295694.793,2617213.186,花蓮縣光復鄉西富村富愛街３９號
10015,1001507,西富村,2,富愛街,,,,４０號,295766.575,2617184.422,花蓮縣光復鄉西富村富愛街４０號
10015,1001507,西富村,5,富愛街,,,,４１號,295687.141,2617186.637,花蓮縣光復鄉西富村富愛街４１號
10015,1001507,西富村,2,富愛街,,,,４２之１號,295767.583,2617204.397,花蓮縣光復鄉西富村富愛街４２之１號
10015,1001507,西富村,2,富愛街,,,,４２號,295777.702,2617197.408,花蓮縣光復鄉西富村富愛街４２號
10015,1001507,西富村,5,富愛街,,,,４３號,295683.39,2617204.865,花蓮縣光復鄉西富村富愛街４３號
10015,1001507,西富村,5,富愛街,,,,４５號,295678.395,2617232.315,花蓮縣光復鄉西富村富愛街４５號
10015,1001507,西富村,2,富愛街,,,,４６之１號,295746.916,2617220.335,花蓮縣光復鄉西富村富愛街４６之１號
10015,1001507,西富村,2,富愛街,,,,４６號,295754.567,2617204.055,花蓮縣光復鄉西富村富愛街４６號
10015,1001507,西富村,5,富愛街,,,,４７號,295673.996,2617223.92,花蓮縣光復鄉西富村富愛街４７號
10015,1001507,西富村,2,富愛街,,,,４８號,295717.913,2617224.135,花蓮縣光復鄉西富村富愛街４８號
10015,1001507,西富村,2,富愛街,,,,５０之１號,295748.121,2617239.289,花蓮縣光復鄉西富村富愛街５０之１號
10015,1001507,西富村,2,富愛街,,,,５０號,295738.343,2617228.773,花蓮縣光復鄉西富村富愛街５０號
10015,1001507,西富村,5,富愛街,,,,５１之１號,295661.373,2617231.146,花蓮縣光復鄉西富村富愛街５１之１號
10015,1001507,西富村,5,富愛街,,,,５１號,295658.127,2617224.359,花蓮縣光復鄉西富村富愛街５１號
10015,1001507,西富村,2,富愛街,,,,５２號,295696.517,2617261.37,花蓮縣光復鄉西富村富愛街５２號
10015,1001507,西富村,5,富愛街,,,,５３號,295667.639,2617244.457,花蓮縣光復鄉西富村富愛街５３號
10015,1001507,西富村,4,富愛街,,,,５４號,295613.939,2617302.012,花蓮縣光復鄉西富村富愛街５４號
10015,1001507,西富村,5,富愛街,,,,５５號,295646.705,2617252.022,花蓮縣光復鄉西富村富愛街５５號
10015,1001507,西富村,5,富愛街,,,,５５之１號,295652.378,2617257.247,花蓮縣光復鄉西富村富愛街５５之１號
10015,1001507,西富村,4,富愛街,,,,５６號,295583.205,2617309.048,花蓮縣光復鄉西富村富愛街５６號
10015,1001507,西富村,4,富愛街,,,,５６之１號,295591.612,2617308.299,花蓮縣光復鄉西富村富愛街５６之１號
10015,1001507,西富村,5,富愛街,,,,５７號,295629.48,2617224.024,花蓮縣光復鄉西富村富愛街５７號
10015,1001507,西富村,4,富愛街,,,,５８號,295588.565,2617332.138,花蓮縣光復鄉西富村富愛街５８號
10015,1001507,西富村,5,富愛街,,,,５９號,295646.872,2617241.367,花蓮縣光復鄉西富村富愛街５９號
10015,1001507,西富村,4,富愛街,,,,６０號,295565.881,2617316.907,花蓮縣光復鄉西富村富愛街６０號
10015,1001507,西富村,6,富愛街,,,,６１之１號,295617.09,2617277.05,花蓮縣光復鄉西富村富愛街６１之１號
10015,1001507,西富村,6,富愛街,,,,６１號,295582.754,2617296.958,花蓮縣光復鄉西富村富愛街６１號
10015,1001507,西富村,4,富愛街,,,,６２號,295557.426,2617318.91,花蓮縣光復鄉西富村富愛街６２號
10015,1001507,西富村,6,富愛街,,,,６３號,295570.485,2617298.566,花蓮縣光復鄉西富村富愛街６３號
10015,1001507,西富村,4,富愛街,,,,６４之１號,295521.11,2617356.053,花蓮縣光復鄉西富村富愛街６４之１號
10015,1001507,西富村,4,富愛街,,,,６４號,295548.971,2617320.913,花蓮縣光復鄉西富村富愛街６４號
10015,1001507,西富村,6,富愛街,,,,６５號,295523.002,2617281.14,花蓮縣光復鄉西富村富愛街６５號
10015,1001507,西富村,4,富愛街,,,,６６號,295534.911,2617326.933,花蓮縣光復鄉西富村富愛街６６號
10015,1001507,西富村,6,富愛街,,,,６７號,295505.77,2617296.7,花蓮縣光復鄉西富村富愛街６７號
10015,1001507,西富村,4,富愛街,,,,６８號,295520.635,2617329.026,花蓮縣光復鄉西富村富愛街６８號
10015,1001507,西富村,6,富愛街,,,,６９號,295507.33,2617310.058,花蓮縣光復鄉西富村富愛街６９號
10015,1001507,西富村,6,富愛街,,,,６９之１號,295481.64,2617313.22,花蓮縣光復鄉西富村富愛街６９之１號
10015,1001507,西富村,4,富愛街,,,,７０號,295508.686,2617333.832,花蓮縣光復鄉西富村富愛街７０號
10015,1001507,西富村,6,富愛街,,,,７１之１號,295459.234,2617319.598,花蓮縣光復鄉西富村富愛街７１之１號
10015,1001507,西富村,6,富愛街,,,,７１之２號,295451.297,2617305.178,花蓮縣光復鄉西富村富愛街７１之２號
10015,1001507,西富村,6,富愛街,,,,７１號,295486.682,2617290.203,花蓮縣光復鄉西富村富愛街７１號
10015,1001507,西富村,4,富愛街,,,,７２號,295493.529,2617333.58,花蓮縣光復鄉西富村富愛街７２號
10015,1001507,西富村,6,富愛街,,,,７３號,295489.952,2617281.063,花蓮縣光復鄉西富村富愛街７３號
10015,1001507,西富村,6,富愛街,,,,７５號,295479.866,2617261.883,花蓮縣光復鄉西富村富愛街７５號
10015,1001507,西富村,6,富愛街,,,,７５之１號,295469.29,2617281.34,花蓮縣光復鄉西富村富愛街７５之１號
10015,1001507,西富村,6,富愛街,,,,７７號,295468.16,2617267.109,花蓮縣光復鄉西富村富愛街７７號
10015,1001507,西富村,6,富愛街,,,,７９號,295505.894,2617256.409,花蓮縣光復鄉西富村富愛街７９號
10015,1001507,西富村,6,富愛街,,,,８１號,295357.695,2617128.098,花蓮縣光復鄉西富村富愛街８１號
10015,1001507,西富村,6,富田一街,,,,１號,295559.419,2617230.688,花蓮縣光復鄉西富村富田一街１號
10015,1001507,西富村,5,富田一街,,,,２號,295598.276,2617238.482,花蓮縣光復鄉西富村富田一街２號
10015,1001507,西富村,6,富田一街,,,,３號,295582.499,2617244.165,花蓮縣光復鄉西富村富田一街３號
10015,1001507,西富村,6,富田一街,,,,５號,295588.36,2617255.45,花蓮縣光復鄉西富村富田一街５號
10015,1001507,西富村,5,富田一街,,,,６號,295609.498,2617247.202,花蓮縣光復鄉西富村富田一街６號
10015,1001507,西富村,6,富田一街,,,,７號,295597.225,2617267.332,花蓮縣光復鄉西富村富田一街７號
10015,1001507,西富村,5,富田一街,,,,８號,295623.617,2617248.884,花蓮縣光復鄉西富村富田一街８號
10015,1001507,西富村,5,富田一街,,,,１０號,295631.2,2617256.023,花蓮縣光復鄉西富村富田一街１０號
10015,1001507,西富村,4,富田一街,,,,１１號,295632.094,2617291.686,花蓮縣光復鄉西富村富田一街１１號
10015,1001507,西富村,5,富田一街,,,,１２號,295637.773,2617264.701,花蓮縣光復鄉西富村富田一街１２號
10015,1001507,西富村,4,富田一街,,,,１５之１號,295640.942,2617308.412,花蓮縣光復鄉西富村富田一街１５之１號
10015,1001507,西富村,4,富田一街,,,,１５號,295639.059,2617303.106,花蓮縣光復鄉西富村富田一街１５號
10015,1001507,西富村,2,富田一街,,,,１６號,295676.024,2617316.666,花蓮縣光復鄉西富村富田一街１６號
10015,1001507,西富村,4,富田一街,,,,１７號,295647.284,2617329.322,花蓮縣光復鄉西富村富田一街１７號
10015,1001507,西富村,4,富田一街,,,,１９號,295668.276,2617333.061,花蓮縣光復鄉西富村富田一街１９號
10015,1001507,西富村,1,富田一街,,,,２０號,295705.539,2617322.494,花蓮縣光復鄉西富村富田一街２０號
10015,1001507,西富村,3,富田一街,,,,２１號,295678.495,2617345.782,花蓮縣光復鄉西富村富田一街２１號
10015,1001507,西富村,1,富田一街,,,,２２號,295729.895,2617318.38,花蓮縣光復鄉西富村富田一街２２號
10015,1001507,西富村,3,富田一街,,,,２３號,295704.566,2617346.5,花蓮縣光復鄉西富村富田一街２３號
10015,1001507,西富村,1,富田一街,,,,２４號,295728.669,2617331.509,花蓮縣光復鄉西富村富田一街２４號
10015,1001507,西富村,3,富田一街,,,,２７號,295720.021,2617359.283,花蓮縣光復鄉西富村富田一街２７號
10015,1001507,西富村,1,富田一街,,,,２８號,295729.646,2617347.572,花蓮縣光復鄉西富村富田一街２８號
10015,1001507,西富村,18,建國路一段,,１０巷,,８號,294020.22,2613128.25,花蓮縣光復鄉西富村建國路一段１０巷８號
10015,1001507,西富村,18,建國路二段,,,,２號,294041.62,2613143.54,花蓮縣光復鄉西富村建國路二段２號
10015,1001507,西富村,17,建國路二段,,７巷,,２號,294465.365,2614115.942,花蓮縣光復鄉西富村建國路二段７巷２號
10015,1001507,西富村,17,建國路二段,,７巷,,３號,294530.054,2614064.75,花蓮縣光復鄉西富村建國路二段７巷３號
10015,1001507,西富村,17,建國路二段,,７巷,,５號,294519.811,2614048.901,花蓮縣光復鄉西富村建國路二段７巷５號
10015,1001507,西富村,17,建國路二段,,７巷,,６號,294382.232,2613979.174,花蓮縣光復鄉西富村建國路二段７巷６號
10015,1001507,西富村,17,建國路二段,,７巷,,８號,294355.662,2613907.158,花蓮縣光復鄉西富村建國路二段７巷８號
10015,1001507,西富村,17,建國路二段,,７巷,,９號,294386.537,2613991.731,花蓮縣光復鄉西富村建國路二段７巷９號
10015,1001507,西富村,17,建國路二段,,７巷,,１０號,294353.167,2613888.245,花蓮縣光復鄉西富村建國路二段７巷１０號
10015,1001507,西富村,17,建國路二段,,７巷,,１１號,294353.61,2613959.01,花蓮縣光復鄉西富村建國路二段７巷１１號
10015,1001507,西富村,17,建國路二段,,７巷,,１２號,294331.979,2613849.168,花蓮縣光復鄉西富村建國路二段７巷１２號
10015,1001507,西富村,17,建國路二段,,７巷,,１５號,294322.038,2613832.757,花蓮縣光復鄉西富村建國路二段７巷１５號
10015,1001507,西富村,17,建國路二段,,７巷,,１５之１號,294183.64,2613896.25,花蓮縣光復鄉西富村建國路二段７巷１５之１號
10015,1001507,西富村,17,建國路二段,,７巷,,１６號,294375.316,2613863.871,花蓮縣光復鄉西富村建國路二段７巷１６號
10015,1001507,西富村,17,建國路二段,,７巷,,１８號,294399.263,2613861.042,花蓮縣光復鄉西富村建國路二段７巷１８號
10015,1001507,西富村,17,建國路二段,,７巷,,２０之１號,294544.042,2613723.014,花蓮縣光復鄉西富村建國路二段７巷２０之１號
10015,1001507,西富村,17,建國路二段,,７巷,,２０號,294314.262,2613852.988,花蓮縣光復鄉西富村建國路二段７巷２０號
10015,1001507,西富村,17,建國路二段,,７巷,,２８號,294461.7,2613783.84,花蓮縣光復鄉西富村建國路二段７巷２８號
10015,1001507,西富村,17,建國路二段,,７巷,,３０號,294527.846,2613785.297,花蓮縣光復鄉西富村建國路二段７巷３０號
10015,1001507,西富村,18,建國路二段,,,,８號,294021.01,2613169.06,花蓮縣光復鄉西富村建國路二段８號
10015,1001507,西富村,18,建國路二段,,,,８之１號,294018.207,2613231.801,花蓮縣光復鄉西富村建國路二段８之１號
10015,1001507,西富村,18,建國路二段,,１０巷,,１號,294072.447,2613179.325,花蓮縣光復鄉西富村建國路二段１０巷１號
10015,1001507,西富村,18,建國路二段,,１０巷,,２號,294093.635,2613187.356,花蓮縣光復鄉西富村建國路二段１０巷２號
10015,1001507,西富村,18,建國路二段,,１０巷,,３號,294037.21,2613171.77,花蓮縣光復鄉西富村建國路二段１０巷３號
10015,1001507,西富村,18,建國路二段,,１０巷,,５號,294084.137,2613225.56,花蓮縣光復鄉西富村建國路二段１０巷５號
10015,1001507,西富村,18,建國路二段,,１０巷,,６號,294030.549,2613151.998,花蓮縣光復鄉西富村建國路二段１０巷６號
10015,1001507,西富村,18,建國路二段,,１０巷,,７號,294050.39,2613126.66,花蓮縣光復鄉西富村建國路二段１０巷７號
10015,1001507,西富村,18,建國路二段,,１０巷,,８號,294020.22,2613128.31,花蓮縣光復鄉西富村建國路二段１０巷８號
10015,1001507,西富村,18,建國路二段,,,,１２號,294020.94,2613284.18,花蓮縣光復鄉西富村建國路二段１２號
10015,1001507,西富村,18,建國路二段,,１６巷,,１號,294096.644,2613354.768,花蓮縣光復鄉西富村建國路二段１６巷１號
10015,1001507,西富村,18,建國路二段,,１６巷,,１之１號,294114.394,2613349.504,花蓮縣光復鄉西富村建國路二段１６巷１之１號
10015,1001507,西富村,18,建國路二段,,１６巷,,１之３號,294103.83,2613386.21,花蓮縣光復鄉西富村建國路二段１６巷１之３號
10015,1001507,西富村,18,建國路二段,,１６巷,,２號,294129.73,2613329.96,花蓮縣光復鄉西富村建國路二段１６巷２號
10015,1001507,西富村,18,建國路二段,,１６巷,,３號,294117.262,2613313.678,花蓮縣光復鄉西富村建國路二段１６巷３號
10015,1001507,西富村,15,民有街,,,,８之１號,294921.61,2615032.11,花蓮縣光復鄉西富村民有街８之１號
10015,1001507,西富村,15,民有街,,,,８號,294859.164,2614880.514,花蓮縣光復鄉西富村民有街８號
10015,1001507,西富村,15,民有街,,,,９號,294782.766,2614798.37,花蓮縣光復鄉西富村民有街９號
10015,1001507,西富村,15,民有街,,,,１０號,294890.385,2614756.663,花蓮縣光復鄉西富村民有街１０號
10015,1001507,西富村,15,民有街,,,,１１之１號,294762.831,2614793.583,花蓮縣光復鄉西富村民有街１１之１號
10015,1001507,西富村,15,民有街,,,,１１號,294739.535,2614184.375,花蓮縣光復鄉西富村民有街１１號
10015,1001507,西富村,15,民有街,,,,１２號,294924.12,2614728.551,花蓮縣光復鄉西富村民有街１２號
10015,1001507,西富村,16,民有街,,１３巷,,１號,294306.7,2614411.9,花蓮縣光復鄉西富村民有街１３巷１號
10015,1001507,西富村,16,民有街,,１３巷,,２號,294506.2,2614284.307,花蓮縣光復鄉西富村民有街１３巷２號
10015,1001507,西富村,16,民有街,,１３巷,,３號,294566.79,2614299.05,花蓮縣光復鄉西富村民有街１３巷３號
10015,1001507,西富村,16,民有街,,１３巷,,５之２號,294642.875,2614234.681,花蓮縣光復鄉西富村民有街１３巷５之２號
10015,1001507,西富村,16,民有街,,１３巷,,５號,294622.237,2614215.234,花蓮縣光復鄉西富村民有街１３巷５號
10015,1001507,西富村,16,民有街,,１３巷,,５之１號,294780.32,2614189.83,花蓮縣光復鄉西富村民有街１３巷５之１號
10015,1001507,西富村,16,民有街,,１３巷,,６號,294580.3,2614187.01,花蓮縣光復鄉西富村民有街１３巷６號
10015,1001507,西富村,16,民有街,,１３巷,,７號,294592.91,2614187.119,花蓮縣光復鄉西富村民有街１３巷７號
10015,1001507,西富村,16,民有街,,１３巷,,１１號,294642.652,2614175.081,花蓮縣光復鄉西富村民有街１３巷１１號
10015,1001507,西富村,15,民有街,,,,１４號,294960.891,2615048.814,花蓮縣光復鄉西富村民有街１４號
10015,1001507,西富村,15,民有街,,,,１５號,294692.579,2615179.951,花蓮縣光復鄉西富村民有街１５號
10015,1001507,西富村,15,民有街,,,,１６號,294679.579,2615246.323,花蓮縣光復鄉西富村民有街１６號
10015,1001507,西富村,15,民有街,,,,１８號,294526.54,2615090.37,花蓮縣光復鄉西富村民有街１８號
10015,1001507,西富村,15,民有街,,,,２１之１號,294796.77,2614764.665,花蓮縣光復鄉西富村民有街２１之１號
10015,1001507,西富村,15,民有街,,,,２３號,294822.9,2614694.39,花蓮縣光復鄉西富村民有街２３號
10015,1001507,西富村,15,民有街,,,,２５號,294889.683,2614708.818,花蓮縣光復鄉西富村民有街２５號
10015,1001507,西富村,16,民有街,,,,２６號,294639.891,2614769.356,花蓮縣光復鄉西富村民有街２６號
10015,1001507,西富村,15,民有街,,,,２７號,295023.087,2614569.627,花蓮縣光復鄉西富村民有街２７號
10015,1001507,西富村,15,民有街,,３１巷,,１號,294637.978,2614566.757,花蓮縣光復鄉西富村民有街３１巷１號
10015,1001507,西富村,14,民有街,,,,３６號,294313.371,2614759.343,花蓮縣光復鄉西富村民有街３６號
10015,1001507,西富村,14,民有街,,,,３８號,294312.939,2614782.491,花蓮縣光復鄉西富村民有街３８號
10015,1001507,西富村,14,民有街,,,,４０號,294283.105,2614806.006,花蓮縣光復鄉西富村民有街４０號
10015,1001507,西富村,14,民有街,,,,４２號,294285.322,2614793.984,花蓮縣光復鄉西富村民有街４２號
10015,1001507,西富村,14,民有街,,,,４６號,294267.85,2614795.17,花蓮縣光復鄉西富村民有街４６號
10015,1001507,西富村,14,民有街,,４８巷,,１號,294293.914,2614833.866,花蓮縣光復鄉西富村民有街４８巷１號
10015,1001507,西富村,14,民有街,,４８巷,,２號,294314.918,2614852.073,花蓮縣光復鄉西富村民有街４８巷２號
10015,1001507,西富村,14,民有街,,４８巷,,５號,294244.859,2614811.591,花蓮縣光復鄉西富村民有街４８巷５號
10015,1001507,西富村,14,民有街,,４８巷,,６號,294340.374,2614895.937,花蓮縣光復鄉西富村民有街４８巷６號
10015,1001507,西富村,14,民有街,,４９巷,,１號,294337.668,2614577.62,花蓮縣光復鄉西富村民有街４９巷１號
10015,1001507,西富村,14,民有街,,４９巷,,２號,294308.443,2614650.941,花蓮縣光復鄉西富村民有街４９巷２號
10015,1001507,西富村,14,民有街,,４９巷,,３號,294099.708,2614542.483,花蓮縣光復鄉西富村民有街４９巷３號
10015,1001507,西富村,14,民有街,,４９巷,,４５號,294305.27,2614709.35,花蓮縣光復鄉西富村民有街４９巷４５號
10015,1001507,西富村,14,民有街,,,,５０號,294239.602,2614924.867,花蓮縣光復鄉西富村民有街５０號
10015,1001507,西富村,14,民有街,,,,５０之１號,294228.22,2614851.31,花蓮縣光復鄉西富村民有街５０之１號
10015,1001507,西富村,13,民有街,,５１巷,,１號,293835.277,2614897.011,花蓮縣光復鄉西富村民有街５１巷１號
10015,1001507,西富村,13,民有街,,５１巷,,１之１號,293845.011,2614923.745,花蓮縣光復鄉西富村民有街５１巷１之１號
10015,1001507,西富村,12,民有街,,５１巷,,２號,293827.703,2614934.799,花蓮縣光復鄉西富村民有街５１巷２號
10015,1001507,西富村,13,民有街,,５１巷,,３號,293897.98,2614874,花蓮縣光復鄉西富村民有街５１巷３號
10015,1001507,西富村,13,民有街,,５１巷,,５之１號,293914.985,2614840.869,花蓮縣光復鄉西富村民有街５１巷５之１號
10015,1001507,西富村,13,民有街,,５１巷,,５號,293907.035,2614785.861,花蓮縣光復鄉西富村民有街５１巷５號
10015,1001507,西富村,13,民有街,,５１巷,,５之２號,293936.171,2614793.217,花蓮縣光復鄉西富村民有街５１巷５之２號
10015,1001507,西富村,12,民有街,,５１巷,,６號,293827.522,2614928.913,花蓮縣光復鄉西富村民有街５１巷６號
10015,1001507,西富村,13,民有街,,５１巷,,７號,293833.803,2614739.407,花蓮縣光復鄉西富村民有街５１巷７號
10015,1001507,西富村,13,民有街,,５１巷,,８號,293789.35,2614664.3,花蓮縣光復鄉西富村民有街５１巷８號
10015,1001507,西富村,13,民有街,,５１巷,,９號,293824.36,2614784.89,花蓮縣光復鄉西富村民有街５１巷９號
10015,1001507,西富村,13,民有街,,５１巷,,１１號,293831.785,2614726.026,花蓮縣光復鄉西富村民有街５１巷１１號
10015,1001507,西富村,13,民有街,,５１巷,,１３號,293815.641,2614745.09,花蓮縣光復鄉西富村民有街５１巷１３號
10015,1001507,西富村,13,民有街,,５１巷,,１５號,293825.215,2614705.594,花蓮縣光復鄉西富村民有街５１巷１５號
10015,1001507,西富村,13,民有街,,５１巷,,１６號,293789.7,2614604.349,花蓮縣光復鄉西富村民有街５１巷１６號
10015,1001507,西富村,13,民有街,,５１巷,,１７號,293879.93,2614602.23,花蓮縣光復鄉西富村民有街５１巷１７號
10015,1001507,西富村,13,民有街,,５１巷,,１９號,293808.971,2614645.341,花蓮縣光復鄉西富村民有街５１巷１９號
10015,1001507,西富村,13,民有街,,５１巷,,２１號,293894.227,2614589.584,花蓮縣光復鄉西富村民有街５１巷２１號
10015,1001507,西富村,13,民有街,,５１巷,,２３之２號,293897.21,2614651.9,花蓮縣光復鄉西富村民有街５１巷２３之２號
10015,1001507,西富村,13,民有街,,５１巷,,２３號,293918.78,2614644.89,花蓮縣光復鄉西富村民有街５１巷２３號
10015,1001507,西富村,13,民有街,,５１巷,,２３之３號,293908.76,2614647.28,花蓮縣光復鄉西富村民有街５１巷２３之３號
10015,1001507,西富村,13,民有街,,５１巷,,２５號,293937.74,2614658.91,花蓮縣光復鄉西富村民有街５１巷２５號
10015,1001507,西富村,13,民有街,,５１巷,,２７號,293931.46,2614622.76,花蓮縣光復鄉西富村民有街５１巷２７號
10015,1001507,西富村,12,民有街,,,,５１之５號,293532.81,2614430.25,花蓮縣光復鄉西富村民有街５１之５號
10015,1001507,西富村,12,民有街,,,,５１之３號,293625.865,2614742.186,花蓮縣光復鄉西富村民有街５１之３號
10015,1001507,西富村,12,民有街,,,,５１之６號,293693.26,2614815.18,花蓮縣光復鄉西富村民有街５１之６號
10015,1001507,西富村,12,民有街,,,,５１之１號,293607.344,2614656.528,花蓮縣光復鄉西富村民有街５１之１號
10015,1001507,西富村,12,民有街,,,,５１之２號,293451.58,2614414.57,花蓮縣光復鄉西富村民有街５１之２號
10015,1001507,西富村,13,民有街,,,,５２號,293863.072,2615022.364,花蓮縣光復鄉西富村民有街５２號
10015,1001507,西富村,12,民有街,,,,５３號,293767.118,2615027.137,花蓮縣光復鄉西富村民有街５３號
10015,1001507,西富村,12,民有街,,,,５５號,293743.486,2615043.151,花蓮縣光復鄉西富村民有街５５號
10015,1001507,西富村,12,民有街,,,,５５之２號,293711.222,2615061.858,花蓮縣光復鄉西富村民有街５５之２號
10015,1001507,西富村,12,民有街,,,,５５之１號,293723.859,2615055.869,花蓮縣光復鄉西富村民有街５５之１號
10015,1001507,西富村,12,民有街,,,,５６之３號,293796.16,2615041.22,花蓮縣光復鄉西富村民有街５６之３號
10015,1001507,西富村,12,民有街,,,,５６之１號,293771.41,2615090.89,花蓮縣光復鄉西富村民有街５６之１號
10015,1001507,西富村,12,民有街,,,,５６之２號,293790.85,2615046.17,花蓮縣光復鄉西富村民有街５６之２號
10015,1001507,西富村,12,民有街,,,,５７號,293704.703,2615065.123,花蓮縣光復鄉西富村民有街５７號
10015,1001507,西富村,12,民有街,,,,５９號,293679.018,2615041.935,花蓮縣光復鄉西富村民有街５９號
10015,1001507,西富村,12,民有街,,,,６１號,293655.145,2615036.91,花蓮縣光復鄉西富村民有街６１號
10015,1001507,西富村,12,民有街,,,,６３之３號,293728.35,2615078.4,花蓮縣光復鄉西富村民有街６３之３號
10015,1001507,西富村,12,民有街,,,,６３之５號,293720.107,2615082.391,花蓮縣光復鄉西富村民有街６３之５號
10015,1001507,西富村,12,民有街,,,,６３號,293777.387,2615052.818,花蓮縣光復鄉西富村民有街６３號
10015,1001507,西富村,12,民有街,,,,６５號,293643.438,2615042.45,花蓮縣光復鄉西富村民有街６５號
10015,1001507,西富村,12,民有街,,,,６７號,293637.907,2615052.901,花蓮縣光復鄉西富村民有街６７號
10015,1001507,西富村,12,民治街,,,,１之１號,293724.64,2615233.59,花蓮縣光復鄉西富村民治街１之１號
10015,1001507,西富村,12,民治街,,,,１號,293751.695,2615215.743,花蓮縣光復鄉西富村民治街１號
10015,1001507,西富村,10,民治街,,,,２號,293748.193,2615240.138,花蓮縣光復鄉西富村民治街２號
10015,1001507,西富村,12,民治街,,,,３號,293711.45,2615244.27,花蓮縣光復鄉西富村民治街３號
10015,1001507,西富村,12,民治街,,,,５之２號,293699.249,2615209.699,花蓮縣光復鄉西富村民治街５之２號
10015,1001507,西富村,12,民治街,,,,５號,293694.796,2615232.917,花蓮縣光復鄉西富村民治街５號
10015,1001507,西富村,12,民治街,,,,５之１號,293706.657,2615216.182,花蓮縣光復鄉西富村民治街５之１號
10015,1001507,西富村,10,民治街,,,,６號,293754.187,2615237.404,花蓮縣光復鄉西富村民治街６號
10015,1001507,西富村,12,民治街,,,,７號,293644.568,2615236.803,花蓮縣光復鄉西富村民治街７號
10015,1001507,西富村,10,民治街,,,,８號,293797.136,2615269.574,花蓮縣光復鄉西富村民治街８號
10015,1001507,西富村,12,民治街,,,,１１號,293668.811,2615273.847,花蓮縣光復鄉西富村民治街１１號
10015,1001507,西富村,10,民治街,,,,１２號,293738.496,2615264.645,花蓮縣光復鄉西富村民治街１２號
10015,1001507,西富村,12,民治街,,,,１３號,293653.827,2615273.647,花蓮縣光復鄉西富村民治街１３號
10015,1001507,西富村,10,民治街,,,,１４之５號,293670.201,2615309.721,花蓮縣光復鄉西富村民治街１４之５號
10015,1001507,西富村,10,民治街,,,,１４號,293673.9,2615289.74,花蓮縣光復鄉西富村民治街１４號
10015,1001507,西富村,10,民治街,,,,１４之３號,293667.555,2615299.8,花蓮縣光復鄉西富村民治街１４之３號
10015,1001507,西富村,11,民治街,,１５巷,,１號,293287.535,2615141.083,花蓮縣光復鄉西富村民治街１５巷１號
10015,1001507,西富村,11,民治街,,１５巷,,２之３號,293358.042,2615158.403,花蓮縣光復鄉西富村民治街１５巷２之３號
10015,1001507,西富村,11,民治街,,１５巷,,２號,293359.63,2615171.235,花蓮縣光復鄉西富村民治街１５巷２號
10015,1001507,西富村,11,民治街,,１５巷,,４號,293318.165,2615174.264,花蓮縣光復鄉西富村民治街１５巷４號
10015,1001507,西富村,11,民治街,,１５巷,,５號,293194.691,2615030.372,花蓮縣光復鄉西富村民治街１５巷５號
10015,1001507,西富村,11,民治街,,１５巷,,６號,293345.41,2615213.02,花蓮縣光復鄉西富村民治街１５巷６號
10015,1001507,西富村,11,民治街,,１５巷,,７號,293214.553,2615038.409,花蓮縣光復鄉西富村民治街１５巷７號
10015,1001507,西富村,11,民治街,,１５巷,,１１號,293190.388,2614987.081,花蓮縣光復鄉西富村民治街１５巷１１號
10015,1001507,西富村,11,民治街,,１５巷,,１５之１號,293249.52,2614354.38,花蓮縣光復鄉西富村民治街１５巷１５之１號
10015,1001507,西富村,11,民治街,,１５巷,,１５號,293329.012,2614698.354,花蓮縣光復鄉西富村民治街１５巷１５號
10015,1001507,西富村,11,民治街,,１５巷,,１６號,293360.14,2614932.83,花蓮縣光復鄉西富村民治街１５巷１６號
10015,1001507,西富村,11,民治街,,１５巷,,２６號,293119.52,2614817.75,花蓮縣光復鄉西富村民治街１５巷２６號
10015,1001507,西富村,11,民治街,,１５巷,,２８號,293107.21,2614651.06,花蓮縣光復鄉西富村民治街１５巷２８號
10015,1001507,西富村,11,民治街,,１６巷,,１號,293446.78,2615566.276,花蓮縣光復鄉西富村民治街１６巷１號
10015,1001507,西富村,11,民治街,,１６巷,,３之６號,293799.67,2616037.48,花蓮縣光復鄉西富村民治街１６巷３之６號
10015,1001507,西富村,11,民治街,,１６巷,,３號,293703.029,2615859.308,花蓮縣光復鄉西富村民治街１６巷３號
10015,1001507,西富村,11,民治街,,１６巷,,３之３號,293635.48,2615611.65,花蓮縣光復鄉西富村民治街１６巷３之３號
10015,1001507,西富村,11,民治街,,１６巷,,３之５號,293782.522,2616030.14,花蓮縣光復鄉西富村民治街１６巷３之５號
10015,1001507,西富村,11,民治街,,１６巷,,３之１號,293687.89,2615839.65,花蓮縣光復鄉西富村民治街１６巷３之１號
10015,1001507,西富村,11,民治街,,１６巷,,３之４號,293593.677,2616229.725,花蓮縣光復鄉西富村民治街１６巷３之４號
10015,1001507,西富村,11,民治街,,１６巷,,６之２號,294029.41,2616061.86,花蓮縣光復鄉西富村民治街１６巷６之２號
10015,1001507,西富村,11,民治街,,１６巷,,６之３號,293823.84,2616058.91,花蓮縣光復鄉西富村民治街１６巷６之３號
10015,1001507,西富村,11,民治街,,１６巷,,６之１號,294010.27,2616092.47,花蓮縣光復鄉西富村民治街１６巷６之１號
10015,1001507,西富村,11,民治街,,１６巷,,６號,293806.29,2615887.56,花蓮縣光復鄉西富村民治街１６巷６號
10015,1001507,西富村,11,民治街,,１６巷,,７號,293739.563,2615854,花蓮縣光復鄉西富村民治街１６巷７號
10015,1001507,西富村,11,民治街,,１６巷,,１０號,293725.989,2616405.749,花蓮縣光復鄉西富村民治街１６巷１０號
10015,1001507,西富村,11,民治街,,１６巷,,１０之１號,293666.67,2616337.41,花蓮縣光復鄉西富村民治街１６巷１０之１號
10015,1001507,西富村,11,民治街,,１６巷,,１２號,293553.22,2616094.98,花蓮縣光復鄉西富村民治街１６巷１２號
10015,1001507,西富村,12,西富路,,,,１號,293644.839,2615115.27,花蓮縣光復鄉西富村西富路１號
10015,1001507,西富村,12,西富路,,,,１之２號,293634.031,2615135.75,花蓮縣光復鄉西富村西富路１之２號
10015,1001507,西富村,12,西富路,,,,１之１號,293625.659,2615129.393,花蓮縣光復鄉西富村西富路１之１號
10015,1001507,西富村,10,西富路,,,,２號,293727.439,2615097.179,花蓮縣光復鄉西富村西富路２號
10015,1001507,西富村,12,西富路,,,,３號,293624.246,2615163.669,花蓮縣光復鄉西富村西富路３號
10015,1001507,西富村,12,西富路,,,,４號,293727.399,2615100.591,花蓮縣光復鄉西富村西富路４號
10015,1001507,西富村,12,西富路,,,,５號,293663.036,2615207.657,花蓮縣光復鄉西富村西富路５號
10015,1001507,西富村,12,西富路,,,,６號,293740.748,2615124.159,花蓮縣光復鄉西富村西富路６號
10015,1001507,西富村,12,西富路,,,,７號,293742.82,2615171.347,花蓮縣光復鄉西富村西富路７號
10015,1001507,西富村,12,西富路,,,,８號,293750.651,2615128.285,花蓮縣光復鄉西富村西富路８號
10015,1001507,西富村,12,西富路,,,,９之１號,293730.78,2615194.02,花蓮縣光復鄉西富村西富路９之１號
10015,1001507,西富村,12,西富路,,,,９號,293758.74,2615194.1,花蓮縣光復鄉西富村西富路９號
10015,1001507,西富村,10,西富路,,,,１１號,293728.185,2615252.797,花蓮縣光復鄉西富村西富路１１號
10015,1001507,西富村,9,西富路,,,,１２之１號,293767.188,2615168.303,花蓮縣光復鄉西富村西富路１２之１號
10015,1001507,西富村,10,西富路,,,,１３號,293808.366,2615286.386,花蓮縣光復鄉西富村西富路１３號
10015,1001507,西富村,10,西富路,,,,１５號,293803.096,2615278.342,花蓮縣光復鄉西富村西富路１５號
10015,1001507,西富村,10,西富路,,,,１６號,293820.277,2615188.667,花蓮縣光復鄉西富村西富路１６號
10015,1001507,西富村,12,西富路,,,,１７之１號,293693.059,2615088.963,花蓮縣光復鄉西富村西富路１７之１號
10015,1001507,西富村,12,西富路,,,,１７號,293701.181,2615096.498,花蓮縣光復鄉西富村西富路１７號
10015,1001507,西富村,10,西富路,,,,１８號,293809.579,2615243.383,花蓮縣光復鄉西富村西富路１８號
10015,1001507,西富村,10,西富路,,,,１９號,293812.624,2615298.408,花蓮縣光復鄉西富村西富路１９號
10015,1001507,西富村,12,西富路,,,,２１號,293715.409,2615139.473,花蓮縣光復鄉西富村西富路２１號
10015,1001507,西富村,10,西富路,,,,２２號,293841.814,2615245.441,花蓮縣光復鄉西富村西富路２２號
10015,1001507,西富村,10,西富路,,,,２３號,293832.125,2615335.141,花蓮縣光復鄉西富村西富路２３號
10015,1001507,西富村,10,西富路,,,,２５號,293848.103,2615355.76,花蓮縣光復鄉西富村西富路２５號
10015,1001507,西富村,10,西富路,,,,２６號,293825.067,2615284.556,花蓮縣光復鄉西富村西富路２６號
10015,1001507,西富村,10,西富路,,,,２７號,293880.81,2615419.04,花蓮縣光復鄉西富村西富路２７號
10015,1001507,西富村,10,西富路,,,,２８號,293837.518,2615302.294,花蓮縣光復鄉西富村西富路２８號
10015,1001507,西富村,10,西富路,,,,３０之２號,293853.494,2615333.016,花蓮縣光復鄉西富村西富路３０之２號
10015,1001507,西富村,10,西富路,,,,３０號,293852.557,2615306.358,花蓮縣光復鄉西富村西富路３０號
10015,1001507,西富村,10,西富路,,,,３０之１號,293845.595,2615322.372,花蓮縣光復鄉西富村西富路３０之１號
10015,1001507,西富村,10,西富路,,,,３１號,293868.083,2615396.437,花蓮縣光復鄉西富村西富路３１號
10015,1001507,西富村,10,西富路,,,,３２號,293857.934,2615342.213,花蓮縣光復鄉西富村西富路３２號
10015,1001507,西富村,10,西富路,,,,３４之８號,293928.875,2615497.022,花蓮縣光復鄉西富村西富路３４之８號
10015,1001507,西富村,10,西富路,,,,３４之１２號,294089.71,2615860.95,花蓮縣光復鄉西富村西富路３４之１２號
10015,1001507,西富村,10,西富路,,,,３４之７號,293922.636,2615493.287,花蓮縣光復鄉西富村西富路３４之７號
10015,1001507,西富村,10,西富路,,,,３４號,293886.072,2615428.589,花蓮縣光復鄉西富村西富路３４號
10015,1001507,西富村,10,西富路,,,,３４之１１號,294037.01,2615703.65,花蓮縣光復鄉西富村西富路３４之１１號
10015,1001507,西富村,10,西富路,,,,３４之９號,293893.88,2615592,花蓮縣光復鄉西富村西富路３４之９號
10015,1001507,西富村,10,西富路,,,,３６號,293882.888,2615366.407,花蓮縣光復鄉西富村西富路３６號
10015,1001507,西富村,9,西富路,,３７巷,,１之１號,294340.53,2616094.436,花蓮縣光復鄉西富村西富路３７巷１之１號
10015,1001507,西富村,9,西富路,,３７巷,,１號,294327.013,2616087.513,花蓮縣光復鄉西富村西富路３７巷１號
10015,1001507,西富村,9,西富路,,３７巷,,２號,294362.06,2615790.331,花蓮縣光復鄉西富村西富路３７巷２號
10015,1001507,西富村,9,西富路,,３７巷,,３號,294340.99,2616111.433,花蓮縣光復鄉西富村西富路３７巷３號
10015,1001507,西富村,9,西富路,,３７巷,,５之１號,294194.85,2616313.7,花蓮縣光復鄉西富村西富路３７巷５之１號
10015,1001507,西富村,9,西富路,,３７巷,,５號,294361.49,2616140.048,花蓮縣光復鄉西富村西富路３７巷５號
10015,1001507,西富村,9,西富路,,３７巷,,６之１號,294466.229,2615940.475,花蓮縣光復鄉西富村西富路３７巷６之１號
10015,1001507,西富村,9,西富路,,３７巷,,６號,294451.147,2615946.958,花蓮縣光復鄉西富村西富路３７巷６號
10015,1001507,西富村,10,西富路,,,,３８號,293890.126,2615389.882,花蓮縣光復鄉西富村西富路３８號
10015,1001507,西富村,10,西富路,,,,４０號,293924.564,2615399.17,花蓮縣光復鄉西富村西富路４０號
10015,1001507,西富村,9,西富路,,４１巷,,１號,294311.071,2615537.352,花蓮縣光復鄉西富村西富路４１巷１號
10015,1001507,西富村,9,西富路,,４１巷,,２號,294682.712,2615575.124,花蓮縣光復鄉西富村西富路４１巷２號
10015,1001507,西富村,9,西富路,,４１巷,,２之１號,294665.549,2615601.982,花蓮縣光復鄉西富村西富路４１巷２之１號
10015,1001507,西富村,9,西富路,,４１巷,,５號,294461.625,2615646.43,花蓮縣光復鄉西富村西富路４１巷５號
10015,1001507,西富村,9,西富路,,４１巷,,６號,294690.805,2615567.837,花蓮縣光復鄉西富村西富路４１巷６號
10015,1001507,西富村,9,西富路,,４１巷,,７號,294655.96,2615899.48,花蓮縣光復鄉西富村西富路４１巷７號
10015,1001507,西富村,9,西富路,,４１巷,,１２之１號,295034.397,2616025.571,花蓮縣光復鄉西富村西富路４１巷１２之１號
10015,1001507,西富村,9,西富路,,４１巷,,１２號,295088.211,2616132.54,花蓮縣光復鄉西富村西富路４１巷１２號
10015,1001507,西富村,9,西富路,,４１巷,,１３號,295042.213,2615974.589,花蓮縣光復鄉西富村西富路４１巷１３號
10015,1001507,西富村,9,西富路,,４３巷,,１號,294876.857,2615506.83,花蓮縣光復鄉西富村西富路４３巷１號
10015,1001512,明利村,2,忠孝路,,,,２之１號,291980.96,2622261.42,花蓮縣萬榮鄉明利村忠孝路２之１號
10015,1001512,明利村,2,忠孝路,,,,４號,291955.987,2622244.157,花蓮縣萬榮鄉明利村忠孝路４號
10015,1001512,明利村,2,忠孝路,,,,６號,291978.854,2622253.836,花蓮縣萬榮鄉明利村忠孝路６號
10015,1001512,明利村,2,忠孝路,,,,７號,291970.794,2622243.516,花蓮縣萬榮鄉明利村忠孝路７號
10015,1001512,明利村,2,忠孝路,,,,８號,291965.218,2622234.036,花蓮縣萬榮鄉明利村忠孝路８號
10015,1001512,明利村,2,忠孝路,,,,９號,291959.651,2622226.585,花蓮縣萬榮鄉明利村忠孝路９號
10015,1001512,明利村,2,忠孝路,,,,１０號,291948.166,2622213.276,花蓮縣萬榮鄉明利村忠孝路１０號
10015,1001512,明利村,2,忠孝路,,,,１１號,291938.573,2622200.307,花蓮縣萬榮鄉明利村忠孝路１１號
10015,1001512,明利村,2,忠孝路,,,,１２號,291934.084,2622193.879,花蓮縣萬榮鄉明利村忠孝路１２號
10015,1001512,明利村,2,忠孝路,,,,１４號,291928.193,2622186.371,花蓮縣萬榮鄉明利村忠孝路１４號
10015,1001512,明利村,2,忠孝路,,,,１５號,291926.056,2622181.732,花蓮縣萬榮鄉明利村忠孝路１５號
10015,1001512,明利村,2,忠孝路,,,,１６號,291920.709,2622168.832,花蓮縣萬榮鄉明利村忠孝路１６號
10015,1001512,明利村,8,,明利,,,１１０之１號,290919.38,2622613.08,花蓮縣萬榮鄉明利村明利１１０之１號
10015,1001512,明利村,5,,明利,,,７９之１８號,290944.07,2622253.89,花蓮縣萬榮鄉明利村明利７９之１８號
10015,1001512,明利村,6,,明利,,,９３之１號,291044.7,2622653.7,花蓮縣萬榮鄉明利村明利９３之１號
10015,1001512,明利村,3,,明利,,,３８之３號,291171.08,2621423.84,花蓮縣萬榮鄉明利村明利３８之３號
10015,1001512,明利村,1,,明利,,,１２之１２號,292314.57,2622932.71,花蓮縣萬榮鄉明利村明利１２之１２號
10015,1001512,明利村,5,,明利,,,７８之１號,291012.14,2621474.9,花蓮縣萬榮鄉明利村明利７８之１號
10015,1001512,明利村,5,,明利,,,７９之６號（農業資材室）,290741.19,2621643.04,花蓮縣萬榮鄉明利村明利７９之６號（農業資材室）
10015,1001512,明利村,2,,明利,,,３５之１６號,292315.36,2622981.74,花蓮縣萬榮鄉明利村明利３５之１６號
10015,1001512,明利村,3,,明利,,,３７之１號,291193.8,2621470.8,花蓮縣萬榮鄉明利村明利３７之１號
10015,1001512,明利村,1,,明利,,,１５號,292266.73,2623012.55,花蓮縣萬榮鄉明利村明利１５號
10015,1001512,明利村,3,,明利,,,３６之６號,291289.56,2621507.22,花蓮縣萬榮鄉明利村明利３６之６號
10015,1001512,明利村,4,,明利,,,５４號（財團法人台灣基督長老教會原住民教會）,291035.21,2621355.89,花蓮縣萬榮鄉明利村明利５４號（財團法人台灣基督長老教會原住民教會）
10015,1001512,明利村,1,,明利,,,１２之５號,292339.76,2622922.21,花蓮縣萬榮鄉明利村明利１２之５號
10015,1001512,明利村,3,,明利,,,３６之７號,291289.56,2621507.22,花蓮縣萬榮鄉明利村明利３６之７號
10015,1001512,明利村,4,,明利,,,５１之２號,291040.05,2621273.59,花蓮縣萬榮鄉明利村明利５１之２號
10015,1001512,明利村,4,,明利,,,４９之２號,291114.37,2621323.41,花蓮縣萬榮鄉明利村明利４９之２號
10015,1001512,明利村,3,,明利,,,３９之３號,291112.97,2621365.83,花蓮縣萬榮鄉明利村明利３９之３號
10015,1001512,明利村,1,,明利,,,２１之１號,292227.81,2623040.99,花蓮縣萬榮鄉明利村明利２１之１號
10015,1001512,明利村,6,,明利,,,８２之１號,291020.913,2622581.344,花蓮縣萬榮鄉明利村明利８２之１號
10015,1001512,明利村,5,,明利,,,７９之４號,290544.428,2621617.738,花蓮縣萬榮鄉明利村明利７９之４號
10015,1001512,明利村,6,,明利,,,９２之２號,291134.12,2622673.67,花蓮縣萬榮鄉明利村明利９２之２號
10015,1001512,明利村,1,,明利,,,２之５號,292469.02,2623022.59,花蓮縣萬榮鄉明利村明利２之５號
10015,1001512,明利村,2,,明利,,,３５之８號,291925.96,2622929.92,花蓮縣萬榮鄉明利村明利３５之８號
10015,1001512,明利村,3,,明利,,,３６之８號,291345.13,2621551.87,花蓮縣萬榮鄉明利村明利３６之８號
10015,1001512,明利村,4,,明利,,,５８之６號,290971.18,2621358.28,花蓮縣萬榮鄉明利村明利５８之６號
10015,1001512,明利村,1,,明利,,,１號,292515.899,2623012.83,花蓮縣萬榮鄉明利村明利１號
10015,1001512,明利村,1,,明利,,,１號之２,292542.07,2623007.97,花蓮縣萬榮鄉明利村明利１號之２
10015,1001512,明利村,1,,明利,,,１號之３,292537.28,2622997.71,花蓮縣萬榮鄉明利村明利１號之３
10015,1001512,明利村,1,,明利,,,２之６號,292399.51,2622996.41,花蓮縣萬榮鄉明利村明利２之６號
10015,1001512,明利村,1,,明利,,,２號之１,292499.88,2623019.15,花蓮縣萬榮鄉明利村明利２號之１
10015,1001512,明利村,1,,明利,,,２號之２,292480.11,2623021.26,花蓮縣萬榮鄉明利村明利２號之２
10015,1001512,明利村,1,,明利,,,２號之３,292456.31,2623023.71,花蓮縣萬榮鄉明利村明利２號之３
10015,1001512,明利村,1,,明利,,,５號（明利聚會所）,292306.63,2623046.32,花蓮縣萬榮鄉明利村明利５號（明利聚會所）
10015,1001512,明利村,1,,明利,,,６號,292297.711,2623024.062,花蓮縣萬榮鄉明利村明利６號
10015,1001512,明利村,1,,明利,,,８號,292291.376,2623011.448,花蓮縣萬榮鄉明利村明利８號
10015,1001512,明利村,1,,明利,,,９之２號,292294.667,2623017.901,花蓮縣萬榮鄉明利村明利９之２號
10015,1001512,明利村,1,,明利,,,９之１號,292298.789,2622988.339,花蓮縣萬榮鄉明利村明利９之１號
10015,1001512,明利村,1,,明利,,,９號,292295.032,2623000.451,花蓮縣萬榮鄉明利村明利９號
10015,1001512,明利村,1,,明利,,,１２之３號,292301.862,2622904.711,花蓮縣萬榮鄉明利村明利１２之３號
10015,1001512,明利村,1,,明利,,,１２之１號,292302.359,2622934.531,花蓮縣萬榮鄉明利村明利１２之１號
10015,1001512,明利村,1,,明利,,,１２之１０號,292372.058,2622872.523,花蓮縣萬榮鄉明利村明利１２之１０號
10015,1001512,明利村,1,,明利,,,１２之２號,292306.923,2622926.035,花蓮縣萬榮鄉明利村明利１２之２號
10015,1001512,明利村,1,,明利,,,１２之９號,292350.58,2622911.35,花蓮縣萬榮鄉明利村明利１２之９號
10015,1001512,明利村,1,,明利,,,１２之６號,292321.107,2622926.118,花蓮縣萬榮鄉明利村明利１２之６號
10015,1001512,明利村,1,,明利,,,１２號之７,292331.85,2622933.53,花蓮縣萬榮鄉明利村明利１２號之７
10015,1001512,明利村,1,,明利,,,１２號之８,292329.73,2622895.53,花蓮縣萬榮鄉明利村明利１２號之８
10015,1001512,明利村,1,,明利,,,１３之１號,292269.74,2622954.83,花蓮縣萬榮鄉明利村明利１３之１號
10015,1001512,明利村,1,,明利,,,１３之３號（萬榮鄉明利托兒所）,292293.41,2622949.75,花蓮縣萬榮鄉明利村明利１３之３號（萬榮鄉明利托兒所）
10015,1001512,明利村,1,,明利,,,１３號之２,292281.6,2622966.92,花蓮縣萬榮鄉明利村明利１３號之２
10015,1001512,明利村,1,,明利,,,１４之１號,292263.587,2623000.734,花蓮縣萬榮鄉明利村明利１４之１號
10015,1001512,明利村,1,,明利,,,１４號之２,292272.91,2622981.22,花蓮縣萬榮鄉明利村明利１４號之２
10015,1001512,明利村,1,,明利,,,１５之２號,292252.872,2623015.475,花蓮縣萬榮鄉明利村明利１５之２號
10015,1001512,明利村,1,,明利,,,１５號之１,292273.69,2623015.83,花蓮縣萬榮鄉明利村明利１５號之１
10015,1001512,明利村,1,,明利,,,１６號,292273.966,2623031.62,花蓮縣萬榮鄉明利村明利１６號
10015,1001512,明利村,1,,明利,,,１７號,292272.973,2623045.618,花蓮縣萬榮鄉明利村明利１７號
10015,1001512,明利村,1,,明利,,,１８號,292280.828,2623050.83,花蓮縣萬榮鄉明利村明利１８號
10015,1001512,明利村,1,,明利,,,１９號,292279.629,2623056.55,花蓮縣萬榮鄉明利村明利１９號
10015,1001512,明利村,1,,明利,,,１９之２號,292246.65,2623060.6,花蓮縣萬榮鄉明利村明利１９之２號
10015,1001512,明利村,1,,明利,,,１９之１號,292262.532,2623058.646,花蓮縣萬榮鄉明利村明利１９之１號
10015,1001512,明利村,1,,明利,,,２０之１號,292256.573,2623037.78,花蓮縣萬榮鄉明利村明利２０之１號
10015,1001512,明利村,1,,明利,,,２０號,292242.851,2623035.292,花蓮縣萬榮鄉明利村明利２０號
10015,1001512,明利村,1,,明利,,,２０號之２,292254.66,2623047.8,花蓮縣萬榮鄉明利村明利２０號之２
10015,1001512,明利村,1,,明利,,,２１號,292230.899,2623064.318,花蓮縣萬榮鄉明利村明利２１號
10015,1001512,明利村,1,,明利,,,２１之２號,292231.075,2623057.913,花蓮縣萬榮鄉明利村明利２１之２號
10015,1001512,明利村,2,,明利,,,２２號,292214.422,2623059.559,花蓮縣萬榮鄉明利村明利２２號
10015,1001512,明利村,2,,明利,,,２２號之１,292212.56,2623039.05,花蓮縣萬榮鄉明利村明利２２號之１
10015,1001512,明利村,2,,明利,,,２３之１號,291932.426,2623149.299,花蓮縣萬榮鄉明利村明利２３之１號
10015,1001512,明利村,2,,明利,,,２３號,292192.087,2623065.956,花蓮縣萬榮鄉明利村明利２３號
10015,1001512,明利村,2,,明利,,,２３之５號（農業資材室）,292055.51,2623063,花蓮縣萬榮鄉明利村明利２３之５號（農業資材室）
10015,1001512,明利村,2,,明利,,,２４號,292175.217,2623051.937,花蓮縣萬榮鄉明利村明利２４號
10015,1001512,明利村,2,,明利,,,２４之１號,292164.67,2623008.769,花蓮縣萬榮鄉明利村明利２４之１號
10015,1001512,明利村,2,,明利,,,２５號,292175.501,2623021.978,花蓮縣萬榮鄉明利村明利２５號
10015,1001512,明利村,2,,明利,,,２６號,292198.801,2623031.819,花蓮縣萬榮鄉明利村明利２６號
10015,1001512,明利村,2,,明利,,,２６之１號,292198.11,2623021.889,花蓮縣萬榮鄉明利村明利２６之１號
10015,1001512,明利村,2,,明利,,,２６號之２,292197.82,2623013.12,花蓮縣萬榮鄉明利村明利２６號之２
10015,1001512,明利村,2,,明利,,,２７號,292210.121,2623018.608,花蓮縣萬榮鄉明利村明利２７號
10015,1001512,明利村,2,,明利,,,２７之１號,292207.966,2622998.319,花蓮縣萬榮鄉明利村明利２７之１號
10015,1001512,明利村,2,,明利,,,２７之２號,292224.09,2622979.38,花蓮縣萬榮鄉明利村明利２７之２號
10015,1001512,明利村,2,,明利,,,２７之３號,292235.77,2623011.794,花蓮縣萬榮鄉明利村明利２７之３號
10015,1001512,明利村,2,,明利,,,２８號,292205.844,2622985.675,花蓮縣萬榮鄉明利村明利２８號
10015,1001512,明利村,2,,明利,,,３０號,292189.355,2623003.05,花蓮縣萬榮鄉明利村明利３０號
10015,1001512,明利村,2,,明利,,,３２之３號,292189.027,2622969.329,花蓮縣萬榮鄉明利村明利３２之３號
10015,1001512,明利村,2,,明利,,,３２號,292189.273,2622988.449,花蓮縣萬榮鄉明利村明利３２號
10015,1001512,明利村,2,,明利,,,３２之１號,292201.598,2622958.292,花蓮縣萬榮鄉明利村明利３２之１號
10015,1001512,明利村,2,,明利,,,３３號,292203.802,2622974.223,花蓮縣萬榮鄉明利村明利３３號
10015,1001512,明利村,2,,明利,,,３３之１號,292202.18,2622967.35,花蓮縣萬榮鄉明利村明利３３之１號
10015,1001512,明利村,2,,明利,,,３４之８號（明利村活動中心）,292046.31,2622387.9,花蓮縣萬榮鄉明利村明利３４之８號（明利村活動中心）
10015,1001512,明利村,2,,明利,,,３４號,292200.536,2622948.723,花蓮縣萬榮鄉明利村明利３４號
10015,1001512,明利村,2,,明利,,,３４之４號,292205.56,2622891.61,花蓮縣萬榮鄉明利村明利３４之４號
10015,1001512,明利村,2,,明利,,,３４之７號,292031.423,2622365.674,花蓮縣萬榮鄉明利村明利３４之７號
10015,1001512,明利村,2,,明利,,,３４之６號,292198.836,2622852.699,花蓮縣萬榮鄉明利村明利３４之６號
10015,1001512,明利村,2,,明利,,,３４之５號,292193.203,2622869.798,花蓮縣萬榮鄉明利村明利３４之５號
10015,1001512,明利村,2,,明利,,,３４之１２號,292293.01,2622840.4,花蓮縣萬榮鄉明利村明利３４之１２號
10015,1001512,明利村,2,,明利,,,３４之１號,292202.005,2622938.445,花蓮縣萬榮鄉明利村明利３４之１號
10015,1001512,明利村,2,,明利,,,３４之２號,292207.342,2622901.507,花蓮縣萬榮鄉明利村明利３４之２號
10015,1001512,明利村,2,,明利,,,３４之１４號（農業資材室）,292392.84,2622841.23,花蓮縣萬榮鄉明利村明利３４之１４號（農業資材室）
10015,1001512,明利村,2,,明利,,,３４之３號,292201.33,2622875.613,花蓮縣萬榮鄉明利村明利３４之３號
10015,1001512,明利村,2,,明利,,,３５之５號,291872.07,2622749.16,花蓮縣萬榮鄉明利村明利３５之５號
10015,1001512,明利村,2,,明利,,,３５之１０號,291901.41,2622454.69,花蓮縣萬榮鄉明利村明利３５之１０號
10015,1001512,明利村,2,,明利,,,３５之６號,291958.46,2622599.69,花蓮縣萬榮鄉明利村明利３５之６號
10015,1001512,明利村,2,,明利,,,３５之２號,292013.643,2622342.793,花蓮縣萬榮鄉明利村明利３５之２號
10015,1001512,明利村,2,,明利,,,３５號（花蓮縣萬榮鄉明利國民小學）,292049.32,2622485.8,花蓮縣萬榮鄉明利村明利３５號（花蓮縣萬榮鄉明利國民小學）
10015,1001512,明利村,2,,明利,,,３５號之１,292018.93,2622353.77,花蓮縣萬榮鄉明利村明利３５號之１
10015,1001512,明利村,3,,明利,,,３６號,291231.729,2621485.714,花蓮縣萬榮鄉明利村明利３６號
10015,1001512,明利村,3,,明利,,,３６號之１,291282.93,2621493.62,花蓮縣萬榮鄉明利村明利３６號之１
10015,1001512,明利村,3,,明利,,,３６號之３,291309.67,2621506.09,花蓮縣萬榮鄉明利村明利３６號之３
10015,1001512,明利村,3,,明利,,,３６號之４,291299.62,2621497.36,花蓮縣萬榮鄉明利村明利３６號之４
10015,1001512,明利村,3,,明利,,,３６號之５,291263.63,2621473.81,花蓮縣萬榮鄉明利村明利３６號之５
10015,1001512,明利村,3,,明利,,,３７號,291211.001,2621482.58,花蓮縣萬榮鄉明利村明利３７號
10015,1001512,明利村,3,,明利,,,３７之２號（農業資材室）,291234.41,2621434.52,花蓮縣萬榮鄉明利村明利３７之２號（農業資材室）
10015,1001512,明利村,3,,明利,,,３８之１號,291173.49,2621441.4,花蓮縣萬榮鄉明利村明利３８之１號
10015,1001512,明利村,3,,明利,,,３８號,291170.531,2621461.602,花蓮縣萬榮鄉明利村明利３８號
10015,1001512,明利村,3,,明利,,,３８號之２,291113.89,2621492.59,花蓮縣萬榮鄉明利村明利３８號之２
10015,1001512,明利村,3,,明利,,,３９號,291120.387,2621372.847,花蓮縣萬榮鄉明利村明利３９號
10015,1001512,明利村,3,,明利,,,３９之２號,291128.375,2621387.813,花蓮縣萬榮鄉明利村明利３９之２號
10015,1001512,明利村,3,,明利,,,３９號之１,291126.52,2621377.89,花蓮縣萬榮鄉明利村明利３９號之１
10015,1001512,明利村,3,,明利,,,４１號,291149.077,2621383.915,花蓮縣萬榮鄉明利村明利４１號
10015,1001512,明利村,3,,明利,,,４２號,291150.17,2621398.212,花蓮縣萬榮鄉明利村明利４２號
10015,1001512,明利村,3,,明利,,,４３之２號,291123.627,2621351.363,花蓮縣萬榮鄉明利村明利４３之２號
10015,1001512,明利村,3,,明利,,,４３號,291135.61,2621360.438,花蓮縣萬榮鄉明利村明利４３號
10015,1001512,明利村,3,,明利,,,４４號,291131.085,2621356.19,花蓮縣萬榮鄉明利村明利４４號
10015,1001512,明利村,3,,明利,,,４４號之１,291089.18,2621373.33,花蓮縣萬榮鄉明利村明利４４號之１
10015,1001512,明利村,3,,明利,,,４４號之２,291095.3,2621379.47,花蓮縣萬榮鄉明利村明利４４號之２
10015,1001512,明利村,3,,明利,,,４５之１號,291130.343,2621336.187,花蓮縣萬榮鄉明利村明利４５之１號
10015,1001512,明利村,3,,明利,,,４５號,291104.077,2621343.549,花蓮縣萬榮鄉明利村明利４５號
10015,1001512,明利村,3,,明利,,,４６號,291089.445,2621335.105,花蓮縣萬榮鄉明利村明利４６號
10015,1001512,明利村,3,,明利,,,４６之１號,291095.709,2621360.019,花蓮縣萬榮鄉明利村明利４６之１號
10015,1001512,明利村,4,,明利,,,４７號,291074.019,2621312.367,花蓮縣萬榮鄉明利村明利４７號
10015,1001512,明利村,4,,明利,,,４８號,291069.923,2621306.407,花蓮縣萬榮鄉明利村明利４８號
10015,1001512,明利村,4,,明利,,,４８之１號,291055.839,2621320.624,花蓮縣萬榮鄉明利村明利４８之１號
10015,1001512,明利村,4,,明利,,,５０號,291057.951,2621294.971,花蓮縣萬榮鄉明利村明利５０號
10015,1001512,明利村,4,,明利,,,５１之６號,291131.27,2621152.1,花蓮縣萬榮鄉明利村明利５１之６號
10015,1001512,明利村,4,,明利,,,５１之５號（部落聚會所）,291067.12,2621200.33,花蓮縣萬榮鄉明利村明利５１之５號（部落聚會所）
10015,1001512,明利村,4,,明利,,,５１之１號,291031.41,2621312.79,花蓮縣萬榮鄉明利村明利５１之１號
10015,1001512,明利村,4,,明利,,,５１之８號（農業資材室）,291188.21,2621233.59,花蓮縣萬榮鄉明利村明利５１之８號（農業資材室）
10015,1001512,明利村,4,,明利,,,５１之９號（農業資材室）,291266.09,2621261.28,花蓮縣萬榮鄉明利村明利５１之９號（農業資材室）
10015,1001512,明利村,4,,明利,,,５１之１２號,291364.76,2621287.13,花蓮縣萬榮鄉明利村明利５１之１２號
10015,1001512,明利村,4,,明利,,,５１之１１號（農業資材室）,291339.45,2621241.16,花蓮縣萬榮鄉明利村明利５１之１１號（農業資材室）
10015,1001512,明利村,4,,明利,,,５１號,291022.727,2621306.4,花蓮縣萬榮鄉明利村明利５１號
10015,1001512,明利村,4,,明利,,,５２號,291034.036,2621336.791,花蓮縣萬榮鄉明利村明利５２號
10015,1001512,明利村,4,,明利,,,５３號,291012.459,2621338.349,花蓮縣萬榮鄉明利村明利５３號
10015,1001512,明利村,4,,明利,,,５３之１號,291014.51,2621357.78,花蓮縣萬榮鄉明利村明利５３之１號
10015,1001512,明利村,4,,明利,,,５４號（明利基督長老教會）,291035.21,2621355.89,花蓮縣萬榮鄉明利村明利５４號（明利基督長老教會）
10015,1001512,明利村,4,,明利,,,５６號,291030.056,2621362.022,花蓮縣萬榮鄉明利村明利５６號
10015,1001512,明利村,4,,明利,,,５６號之１,290998.1,2621367.57,花蓮縣萬榮鄉明利村明利５６號之１
10015,1001512,明利村,4,,明利,,,５６號之２,291040.17,2621362.81,花蓮縣萬榮鄉明利村明利５６號之２
10015,1001512,明利村,4,,明利,,,５７之２號,290970.628,2621249.655,花蓮縣萬榮鄉明利村明利５７之２號
10015,1001512,明利村,4,,明利,,,５７號,290974.388,2621270.692,花蓮縣萬榮鄉明利村明利５７號
10015,1001512,明利村,4,,明利,,,５７之３號,290987.263,2621250.037,花蓮縣萬榮鄉明利村明利５７之３號
10015,1001512,明利村,4,,明利,,,５７之１號,290994.091,2621271.257,花蓮縣萬榮鄉明利村明利５７之１號
10015,1001512,明利村,4,,明利,,,５８之３號,290954.313,2621336.53,花蓮縣萬榮鄉明利村明利５８之３號
10015,1001512,明利村,4,,明利,,,５８之７號,290982.35,2621362.91,花蓮縣萬榮鄉明利村明利５８之７號
10015,1001512,明利村,4,,明利,,,５８號,290990.171,2621350.385,花蓮縣萬榮鄉明利村明利５８號
10015,1001512,明利村,4,,明利,,,５８之２號,290949.5,2621325.949,花蓮縣萬榮鄉明利村明利５８之２號
10015,1001512,明利村,4,,明利,,,５８號之１,290982.76,2621341.25,花蓮縣萬榮鄉明利村明利５８號之１
10015,1001512,明利村,4,,明利,,,５９號,290970.482,2621314.669,花蓮縣萬榮鄉明利村明利５９號
10015,1001512,明利村,4,,明利,,,６０之１號,290971.3,2621303.49,花蓮縣萬榮鄉明利村明利６０之１號
10015,1001512,明利村,4,,明利,,,６０號,290977.093,2621292.089,花蓮縣萬榮鄉明利村明利６０號
10015,1001512,明利村,4,,明利,,,６１之３號,290949.357,2621274.465,花蓮縣萬榮鄉明利村明利６１之３號
10015,1001512,明利村,4,,明利,,,６１號,290968.015,2621294.906,花蓮縣萬榮鄉明利村明利６１號
10015,1001512,明利村,4,,明利,,,６１之１號,290898.435,2621265.451,花蓮縣萬榮鄉明利村明利６１之１號
10015,1001512,明利村,4,,明利,,,６１之１６號,290556.912,2621112.304,花蓮縣萬榮鄉明利村明利６１之１６號
10015,1001512,明利村,4,,明利,,,６１之６號,290952.577,2621281.941,花蓮縣萬榮鄉明利村明利６１之６號
10015,1001512,明利村,4,,明利,,,６１之８號,290957.786,2621287.619,花蓮縣萬榮鄉明利村明利６１之８號
10015,1001512,明利村,4,,明利,,,６２號,290909.25,2621093.06,花蓮縣萬榮鄉明利村明利６２號
10015,1001512,明利村,4,,明利,,,６２之１號,290972.77,2621000.41,花蓮縣萬榮鄉明利村明利６２之１號
10015,1001512,明利村,4,,明利,,,６３號,290420.884,2621117.007,花蓮縣萬榮鄉明利村明利６３號
10015,1001512,明利村,4,,明利,,,６５之５號,289894.936,2620907.531,花蓮縣萬榮鄉明利村明利６５之５號
10015,1001512,明利村,4,,明利,,,６５之６號,289030.41,2620717.35,花蓮縣萬榮鄉明利村明利６５之６號
10015,1001512,明利村,4,,明利,,,６５之３號,290431.732,2621064.412,花蓮縣萬榮鄉明利村明利６５之３號
10015,1001512,明利村,4,,明利,,,６５之８號,289032.29,2620730.96,花蓮縣萬榮鄉明利村明利６５之８號
10015,1001512,明利村,4,,明利,,,６５之７號,288988.48,2620769.8,花蓮縣萬榮鄉明利村明利６５之７號
10015,1001512,明利村,5,,明利,,,６６號,291036.671,2621372.745,花蓮縣萬榮鄉明利村明利６６號
10015,1001512,明利村,5,,明利,,,６７號,291012.183,2621399.186,花蓮縣萬榮鄉明利村明利６７號
10015,1001512,明利村,5,,明利,,,６８號,291050.541,2621410.363,花蓮縣萬榮鄉明利村明利６８號
10015,1001512,明利村,5,,明利,,,６９號,291039.519,2621394.824,花蓮縣萬榮鄉明利村明利６９號
10015,1001512,明利村,5,,明利,,,７０之３號,291103.97,2621426.8,花蓮縣萬榮鄉明利村明利７０之３號
10015,1001512,明利村,5,,明利,,,７０號,291072.391,2621391.986,花蓮縣萬榮鄉明利村明利７０號
10015,1001512,明利村,5,,明利,,,７０之１號（馬太鞍社區活動中心）,291091.27,2621416.5,花蓮縣萬榮鄉明利村明利７０之１號（馬太鞍社區活動中心）
10015,1001512,明利村,5,,明利,,,７１號,291066.952,2621366.135,花蓮縣萬榮鄉明利村明利７１號
10015,1001512,明利村,5,,明利,,,７２號,291060.34,2621374.39,花蓮縣萬榮鄉明利村明利７２號
10015,1001512,明利村,5,,明利,,,７５號,290980.258,2621411.007,花蓮縣萬榮鄉明利村明利７５號
10015,1001512,明利村,5,,明利,,,７８號,291076.71,2621262.91,花蓮縣萬榮鄉明利村明利７８號
10015,1001512,明利村,4,,明利,,,７８之５號,291120.31,2621209.53,花蓮縣萬榮鄉明利村明利７８之５號
10015,1001512,明利村,5,,明利,,,７９之２號,291683.054,2622387.744,花蓮縣萬榮鄉明利村明利７９之２號
10015,1001512,明利村,5,,明利,,,７９之１號,290830.59,2621709.004,花蓮縣萬榮鄉明利村明利７９之１號
10015,1001512,明利村,5,,明利,,,７９號,290834.53,2621713.88,花蓮縣萬榮鄉明利村明利７９號
10015,1001512,明利村,5,,明利,,,７９之１０號,290795.057,2622069.039,花蓮縣萬榮鄉明利村明利７９之１０號
10015,1001512,明利村,5,,明利,,,７９之５號,290845.5,2621584.79,花蓮縣萬榮鄉明利村明利７９之５號
10015,1001512,明利村,5,,明利,,,７９之３號,291569.54,2622522.54,花蓮縣萬榮鄉明利村明利７９之３號
10015,1001512,明利村,5,,明利,,,７９之１６號,290882.495,2621974.104,花蓮縣萬榮鄉明利村明利７９之１６號
10015,1001512,明利村,6,,明利,,,８０號,291009.395,2622540.325,花蓮縣萬榮鄉明利村明利８０號
10015,1001512,明利村,6,,明利,,,８１之１號,291015.33,2622562.28,花蓮縣萬榮鄉明利村明利８１之１號
10015,1001512,明利村,6,,明利,,,８１之２號,291017.994,2622548.828,花蓮縣萬榮鄉明利村明利８１之２號
10015,1001512,明利村,6,,明利,,,８１號,291015.486,2622568.322,花蓮縣萬榮鄉明利村明利８１號
10015,1001512,明利村,6,,明利,,,８２號,291023.699,2622576.871,花蓮縣萬榮鄉明利村明利８２號
10015,1001512,明利村,6,,明利,,,８３號,291042.891,2622587.468,花蓮縣萬榮鄉明利村明利８３號
10015,1001512,明利村,6,,明利,,,８５之１號,291017.134,2622612.827,花蓮縣萬榮鄉明利村明利８５之１號
10015,1001512,明利村,6,,明利,,,８７號,291066.997,2622625.013,花蓮縣萬榮鄉明利村明利８７號
10015,1001512,明利村,6,,明利,,,８９號,291043.714,2622645.47,花蓮縣萬榮鄉明利村明利８９號
10015,1001512,明利村,6,,明利,,,９０號,291038.358,2622659.654,花蓮縣萬榮鄉明利村明利９０號
10015,1001512,明利村,6,,明利,,,９２號,291074.03,2622741.192,花蓮縣萬榮鄉明利村明利９２號
10015,1001512,明利村,6,,明利,,,９２之３號,291329.274,2622838.398,花蓮縣萬榮鄉明利村明利９２之３號
10015,1001512,明利村,6,,明利,,,９３之２號,291054.99,2622554.37,花蓮縣萬榮鄉明利村明利９３之２號
10015,1001512,明利村,6,,明利,,,９３號,291057.664,2622559.965,花蓮縣萬榮鄉明利村明利９３號
10015,1001512,明利村,7,,明利,,,９５之１０號,290739.19,2623267.339,花蓮縣萬榮鄉明利村明利９５之１０號
10015,1001512,明利村,7,,明利,,,９５號,290957.023,2622683.046,花蓮縣萬榮鄉明利村明利９５號
10015,1001512,明利村,7,,明利,,,９６號,290941.906,2622692.794,花蓮縣萬榮鄉明利村明利９６號
10015,1001512,明利村,7,,明利,,,９７號,290944.506,2622708.674,花蓮縣萬榮鄉明利村明利９７號
10015,1001512,明利村,7,,明利,,,９７之１號,290943.252,2622703.021,花蓮縣萬榮鄉明利村明利９７之１號
10015,1001512,明利村,7,,明利,,,９８之１號,290941.38,2622753.756,花蓮縣萬榮鄉明利村明利９８之１號
10015,1001512,明利村,7,,明利,,,９８之２號,291018.77,2622842.21,花蓮縣萬榮鄉明利村明利９８之２號
10015,1001512,明利村,7,,明利,,,９８號,290950.547,2622737.995,花蓮縣萬榮鄉明利村明利９８號
10015,1001512,明利村,7,,明利,,,１００號,290914.278,2622750.665,花蓮縣萬榮鄉明利村明利１００號
10015,1001512,明利村,7,,明利,,,１０１之８號,290730.07,2622853.68,花蓮縣萬榮鄉明利村明利１０１之８號
10015,1001512,明利村,7,,明利,,,１０１之６號,290805.95,2622810.38,花蓮縣萬榮鄉明利村明利１０１之６號
10015,1001512,明利村,7,,明利,,,１０１之１號,290904.496,2622699.481,花蓮縣萬榮鄉明利村明利１０１之１號
10015,1001512,明利村,7,,明利,,,１０１號,290908.939,2622718.274,花蓮縣萬榮鄉明利村明利１０１號
10015,1001512,明利村,8,,明利,,,１０２號,290902.767,2622672.67,花蓮縣萬榮鄉明利村明利１０２號
10015,1001512,明利村,8,,明利,,,１０３之１號,290895.47,2622616.79,花蓮縣萬榮鄉明利村明利１０３之１號
10015,1001512,明利村,8,,明利,,,１０３之２號,290893.52,2622608.8,花蓮縣萬榮鄉明利村明利１０３之２號
10015,1001512,明利村,8,,明利,,,１０３號,290904.807,2622649.627,花蓮縣萬榮鄉明利村明利１０３號
10015,1001512,明利村,8,,明利,,,１０５號,290876.452,2622580.136,花蓮縣萬榮鄉明利村明利１０５號
10015,1001512,明利村,8,,明利,,,１０６之１號,290927.055,2622653.506,花蓮縣萬榮鄉明利村明利１０６之１號
10015,1001512,明利村,8,,明利,,,１０６號,290875.112,2622560.795,花蓮縣萬榮鄉明利村明利１０６號
10015,1001512,明利村,8,,明利,,,１０７之２號,291033.126,2622685.165,花蓮縣萬榮鄉明利村明利１０７之２號
10015,1001512,明利村,8,,明利,,,１０７號,290945.849,2622664.289,花蓮縣萬榮鄉明利村明利１０７號
10015,1001512,明利村,8,,明利,,,１０８號,290935.785,2622641.269,花蓮縣萬榮鄉明利村明利１０８號
10015,1001512,明利村,8,,明利,,,１０９號,290931.662,2622631.577,花蓮縣萬榮鄉明利村明利１０９號
10015,1001512,明利村,8,,明利,,,１１０號,290928.12,2622626.98,花蓮縣萬榮鄉明利村明利１１０號
10015,1001512,明利村,8,,明利,,,１３０之１號,289825.76,2623157.59,花蓮縣萬榮鄉明利村明利１３０之１號
10015,1001512,紅葉村,7,,紅葉,,,１３１號,284466,2599017,花蓮縣萬榮鄉紅葉村紅葉１３１號
10015,1001512,紅葉村,12,,紅葉,,,２２１之３８號（農業資材室）,284982.42,2597866.88,花蓮縣萬榮鄉紅葉村紅葉２２１之３８號（農業資材室）
10015,1001512,紅葉村,12,,紅葉,,,２２８號,284916.91,2598066.88,花蓮縣萬榮鄉紅葉村紅葉２２８號
10015,1001512,紅葉村,3,,紅葉,,,４７號之４,284898.799,2599064.235,花蓮縣萬榮鄉紅葉村紅葉４７號之４
10015,1001512,紅葉村,3,,紅葉,,,４８號之２,284907.783,2599113.225,花蓮縣萬榮鄉紅葉村紅葉４８號之２
10015,1001512,紅葉村,7,,紅葉,,,１２６之３號,284639.41,2599020.31,花蓮縣萬榮鄉紅葉村紅葉１２６之３號
10015,1001512,紅葉村,2,,紅葉,,,２４號之２,285115.65,2599024.07,花蓮縣萬榮鄉紅葉村紅葉２４號之２
10015,1001512,紅葉村,12,,紅葉,,,２２１之３０號,284890.94,2598044.67,花蓮縣萬榮鄉紅葉村紅葉２２１之３０號
10015,1001512,紅葉村,2,,紅葉,,,２４號之３,285115.65,2599024.07,花蓮縣萬榮鄉紅葉村紅葉２４號之３
10015,1001512,紅葉村,9,,紅葉,,,１５７號,283748.96,2600042.11,花蓮縣萬榮鄉紅葉村紅葉１５７號
10015,1001512,紅葉村,2,,紅葉,,,２４號之５,285105.192,2599021.49,花蓮縣萬榮鄉紅葉村紅葉２４號之５
10015,1001512,紅葉村,9,,紅葉,,,１５６號,283764.55,2600035.07,花蓮縣萬榮鄉紅葉村紅葉１５６號
10015,1001512,紅葉村,2,,紅葉,,,２４號之６,285092.497,2599002.962,花蓮縣萬榮鄉紅葉村紅葉２４號之６
10015,1001512,紅葉村,3,,紅葉,,,５２號之１,283922.25,2598695.73,花蓮縣萬榮鄉紅葉村紅葉５２號之１
10015,1001512,紅葉村,1,,紅葉,,,１８號之４,285197.04,2599014.73,花蓮縣萬榮鄉紅葉村紅葉１８號之４
10015,1001512,紅葉村,2,,紅葉,,,２４號之７,285096.919,2599020.285,花蓮縣萬榮鄉紅葉村紅葉２４號之７
10015,1001512,紅葉村,1,,紅葉,,,１２號之１０,285159.14,2599100.59,花蓮縣萬榮鄉紅葉村紅葉１２號之１０
10015,1001512,紅葉村,2,,紅葉,,,２４號之８,285085.229,2599001.459,花蓮縣萬榮鄉紅葉村紅葉２４號之８
10015,1001512,紅葉村,1,,紅葉,,,１２號之１１,285159.607,2599088.494,花蓮縣萬榮鄉紅葉村紅葉１２號之１１
10015,1001512,紅葉村,2,,紅葉,,,２４號之９,285086.379,2599018.361,花蓮縣萬榮鄉紅葉村紅葉２４號之９
10015,1001512,紅葉村,3,,紅葉,,,５３號之２,284835.214,2599129.37,花蓮縣萬榮鄉紅葉村紅葉５３號之２
10015,1001512,紅葉村,2,,紅葉,,,２７號之１,284993.47,2599138.19,花蓮縣萬榮鄉紅葉村紅葉２７號之１
10015,1001512,紅葉村,3,,紅葉,,,５３號之３,284840.92,2599076.62,花蓮縣萬榮鄉紅葉村紅葉５３號之３
10015,1001512,紅葉村,1,,紅葉,,,１２號之１３,285164.086,2599069.755,花蓮縣萬榮鄉紅葉村紅葉１２號之１３
10015,1001512,紅葉村,2,,紅葉,,,２９號之１,285014.758,2599114.134,花蓮縣萬榮鄉紅葉村紅葉２９號之１
10015,1001512,紅葉村,3,,紅葉,,,５３號之５,284812.862,2599087.735,花蓮縣萬榮鄉紅葉村紅葉５３號之５
10015,1001512,紅葉村,1,,紅葉,,,１２號之１８,285142.84,2599029.586,花蓮縣萬榮鄉紅葉村紅葉１２號之１８
10015,1001512,紅葉村,2,,紅葉,,,２９號之２,285002.769,2599114.162,花蓮縣萬榮鄉紅葉村紅葉２９號之２
10015,1001512,紅葉村,3,,紅葉,,,５３號之６,284808.617,2599107.563,花蓮縣萬榮鄉紅葉村紅葉５３號之６
10015,1001512,紅葉村,8,,紅葉,,,１５０號之２,284377.934,2599017.975,花蓮縣萬榮鄉紅葉村紅葉１５０號之２
10015,1001512,紅葉村,1,,紅葉,,,１２號之２０,285125.211,2599026.192,花蓮縣萬榮鄉紅葉村紅葉１２號之２０
10015,1001512,紅葉村,2,,紅葉,,,２９號之３,285062.937,2599127.424,花蓮縣萬榮鄉紅葉村紅葉２９號之３
10015,1001512,紅葉村,3,,紅葉,,,５３號之８,284804.059,2599125.445,花蓮縣萬榮鄉紅葉村紅葉５３號之８
10015,1001512,紅葉村,1,,紅葉,,,８號（萬榮鄉衛生室）（萬榮鄉紅葉衛生室）,285231.01,2599179.04,花蓮縣萬榮鄉紅葉村紅葉８號（萬榮鄉衛生室）（萬榮鄉紅葉衛生室）
10015,1001512,紅葉村,1,,紅葉,,,１２號之６,285185.533,2599066.161,花蓮縣萬榮鄉紅葉村紅葉１２號之６
10015,1001512,紅葉村,2,,紅葉,,,３０號之１,284993.076,2599156.279,花蓮縣萬榮鄉紅葉村紅葉３０號之１
10015,1001512,紅葉村,3,,紅葉,,,５３號之９,284832,2599062.3,花蓮縣萬榮鄉紅葉村紅葉５３號之９
10015,1001512,紅葉村,12,,紅葉,,,２２９號,283998.66,2598728.63,花蓮縣萬榮鄉紅葉村紅葉２２９號
10015,1001512,紅葉村,1,,紅葉,,,１２號之８,285190.066,2599047.609,花蓮縣萬榮鄉紅葉村紅葉１２號之８
10015,1001512,紅葉村,3,,紅葉,,,６０號之１,284901.421,2599150.934,花蓮縣萬榮鄉紅葉村紅葉６０號之１
10015,1001512,紅葉村,8,,紅葉,,,１５０之１號,284387.58,2599037.09,花蓮縣萬榮鄉紅葉村紅葉１５０之１號
10015,1001512,紅葉村,7,,紅葉,,,１２６之２號,284648.57,2599021.24,花蓮縣萬榮鄉紅葉村紅葉１２６之２號
10015,1001512,紅葉村,1,,紅葉,,,１２號之９,285155.127,2599107.233,花蓮縣萬榮鄉紅葉村紅葉１２號之９
10015,1001512,紅葉村,2,,紅葉,,,２９之５號,285076.44,2599085.02,花蓮縣萬榮鄉紅葉村紅葉２９之５號
10015,1001512,紅葉村,12,,紅葉,,,２１６之１號,283832.77,2598721.21,花蓮縣萬榮鄉紅葉村紅葉２１６之１號
10015,1001512,紅葉村,12,,紅葉,,,２２１之１６號,284116.18,2597970.42,花蓮縣萬榮鄉紅葉村紅葉２２１之１６號
10015,1001512,紅葉村,1,,紅葉,,,１７號之２,285126.65,2599147.74,花蓮縣萬榮鄉紅葉村紅葉１７號之２
10015,1001512,紅葉村,3,,紅葉,,,６０號,284801.92,2599070.44,花蓮縣萬榮鄉紅葉村紅葉６０號
10015,1001512,紅葉村,12,,紅葉,,,２２１之１８號,283954.25,2597807.48,花蓮縣萬榮鄉紅葉村紅葉２２１之１８號
10015,1001512,紅葉村,1,,紅葉,,,１８號之７,285177.278,2599020.103,花蓮縣萬榮鄉紅葉村紅葉１８號之７
10015,1001512,紅葉村,1,,紅葉,,,１８號之１４,285163.266,2598991.643,花蓮縣萬榮鄉紅葉村紅葉１８號之１４
10015,1001512,紅葉村,1,,紅葉,,,１８號之３,285193.204,2599025.123,花蓮縣萬榮鄉紅葉村紅葉１８號之３
10015,1001512,紅葉村,1,,紅葉,,,１８號之１１,285197.04,2599014.73,花蓮縣萬榮鄉紅葉村紅葉１８號之１１
10015,1001512,紅葉村,1,,紅葉,,,１２之１９號,285129.4,2599028.22,花蓮縣萬榮鄉紅葉村紅葉１２之１９號
10015,1001512,紅葉村,1,,紅葉,,,１８號之５,285198.968,2599005.338,花蓮縣萬榮鄉紅葉村紅葉１８號之５
10015,1001512,紅葉村,4,,紅葉,,,６２號之１,284745.961,2599044.081,花蓮縣萬榮鄉紅葉村紅葉６２號之１
10015,1001512,紅葉村,1,,紅葉,,,１８號之６,285201.642,2598995.405,花蓮縣萬榮鄉紅葉村紅葉１８號之６
10015,1001512,紅葉村,1,,紅葉,,,１２號之２,285176.987,2599107.629,花蓮縣萬榮鄉紅葉村紅葉１２號之２
10015,1001512,紅葉村,4,,紅葉,,,６２號之４,284757.87,2599071.08,花蓮縣萬榮鄉紅葉村紅葉６２號之４
10015,1001512,紅葉村,1,,紅葉,,,１８號之９,285181.581,2599001.863,花蓮縣萬榮鄉紅葉村紅葉１８號之９
10015,1001512,紅葉村,1,,紅葉,,,１８號之１０,285183.732,2598992.742,花蓮縣萬榮鄉紅葉村紅葉１８號之１０
10015,1001512,紅葉村,4,,紅葉,,,６２號之５,284736.126,2599042.356,花蓮縣萬榮鄉紅葉村紅葉６２號之５
10015,1001512,紅葉村,2,,紅葉,,,３７之３號,284964.64,2599200.86,花蓮縣萬榮鄉紅葉村紅葉３７之３號
10015,1001512,紅葉村,1,,紅葉,,,１２號之１４,285159.14,2599100.59,花蓮縣萬榮鄉紅葉村紅葉１２號之１４
10015,1001512,紅葉村,2,,紅葉,,,２４號之１１,285087.4,2598967.764,花蓮縣萬榮鄉紅葉村紅葉２４號之１１
10015,1001512,紅葉村,4,,紅葉,,,６３號之２,284777.4,2599099.515,花蓮縣萬榮鄉紅葉村紅葉６３號之２
10015,1001512,紅葉村,2,,紅葉,,,３２號,285051.454,2599191.276,花蓮縣萬榮鄉紅葉村紅葉３２號
10015,1001512,紅葉村,2,,紅葉,,,２７之２號,284987.07,2599132.46,花蓮縣萬榮鄉紅葉村紅葉２７之２號
10015,1001512,紅葉村,2,,紅葉,,,３７號之１,284996.253,2599203.209,花蓮縣萬榮鄉紅葉村紅葉３７號之１
10015,1001512,紅葉村,4,,紅葉,,,６３號之３,284767.816,2599096.905,花蓮縣萬榮鄉紅葉村紅葉６３號之３
10015,1001512,紅葉村,3,,紅葉,,,４６號之１,284917.339,2599094.117,花蓮縣萬榮鄉紅葉村紅葉４６號之１
10015,1001512,紅葉村,3,,紅葉,,,４７號之３,284879.73,2599081.573,花蓮縣萬榮鄉紅葉村紅葉４７號之３
10015,1001512,紅葉村,4,,紅葉,,,６３號之５,284779.441,2599132.42,花蓮縣萬榮鄉紅葉村紅葉６３號之５
10015,1001512,紅葉村,7,,紅葉,,,１２６之１３號,284627.71,2599011.61,花蓮縣萬榮鄉紅葉村紅葉１２６之１３號
10015,1001512,紅葉村,1,,紅葉,,,１８號之１３,285197.04,2599014.73,花蓮縣萬榮鄉紅葉村紅葉１８號之１３
10015,1001512,紅葉村,3,,紅葉,,,４６號之２,284952.581,2599103.582,花蓮縣萬榮鄉紅葉村紅葉４６號之２
10015,1001512,紅葉村,8,,紅葉,,,１５２之１號,284408.95,2599027.35,花蓮縣萬榮鄉紅葉村紅葉１５２之１號
10015,1001512,紅葉村,3,,紅葉,,,４６號之３,284969.525,2599107.259,花蓮縣萬榮鄉紅葉村紅葉４６號之３
10015,1001512,紅葉村,7,,紅葉,,,１２６之９號,284673.12,2599018.14,花蓮縣萬榮鄉紅葉村紅葉１２６之９號
10015,1001512,紅葉村,1,,紅葉,,,１８之１５號,285118.44,2598968.06,花蓮縣萬榮鄉紅葉村紅葉１８之１５號
10015,1001512,紅葉村,1,,紅葉,,,１８之１７號,285142.39,2598962.91,花蓮縣萬榮鄉紅葉村紅葉１８之１７號
10015,1001512,紅葉村,9,,紅葉,,,１６７之１號,284875.03,2602693.76,花蓮縣萬榮鄉紅葉村紅葉１６７之１號
10015,1001512,紅葉村,4,,紅葉,,,７１號,284725.905,2599131.271,花蓮縣萬榮鄉紅葉村紅葉７１號
10015,1001512,紅葉村,1,,紅葉,,,１號,285327.882,2599159.322,花蓮縣萬榮鄉紅葉村紅葉１號
10015,1001512,紅葉村,1,,紅葉,,,２號,285308.021,2599160.486,花蓮縣萬榮鄉紅葉村紅葉２號
10015,1001512,紅葉村,1,,紅葉,,,３號,285303.118,2599166.983,花蓮縣萬榮鄉紅葉村紅葉３號
10015,1001512,紅葉村,1,,紅葉,,,５號,284843.22,2599074.63,花蓮縣萬榮鄉紅葉村紅葉５號
10015,1001512,紅葉村,1,,紅葉,,,９之２號,285199.724,2599243.904,花蓮縣萬榮鄉紅葉村紅葉９之２號
10015,1001512,紅葉村,1,,紅葉,,,１０號（萬榮鄉公所南區托兒所）,285230.35,2599236.99,花蓮縣萬榮鄉紅葉村紅葉１０號（萬榮鄉公所南區托兒所）
10015,1001512,紅葉村,1,,紅葉,,,１１號（紅葉派出所）,285198.34,2599208.95,花蓮縣萬榮鄉紅葉村紅葉１１號（紅葉派出所）
10015,1001512,紅葉村,1,,紅葉,,,１１之１號（紅葉村多功能活動中心）,285099.91,2599216.75,花蓮縣萬榮鄉紅葉村紅葉１１之１號（紅葉村多功能活動中心）
10015,1001512,紅葉村,1,,紅葉,,,１１號,285196.968,2599180.759,花蓮縣萬榮鄉紅葉村紅葉１１號
10015,1001512,紅葉村,1,,紅葉,,,１１之２號（紅葉村多功能活動中心）,285147.22,2599224.28,花蓮縣萬榮鄉紅葉村紅葉１１之２號（紅葉村多功能活動中心）
10015,1001512,紅葉村,1,,紅葉,,,１２之３號,285178.877,2599097.666,花蓮縣萬榮鄉紅葉村紅葉１２之３號
10015,1001512,紅葉村,1,,紅葉,,,１２之１４號,285164.264,2599059.782,花蓮縣萬榮鄉紅葉村紅葉１２之１４號
10015,1001512,紅葉村,1,,紅葉,,,１２之５號,285183.267,2599078.115,花蓮縣萬榮鄉紅葉村紅葉１２之５號
10015,1001512,紅葉村,1,,紅葉,,,１２之１３號,285164.086,2599069.755,花蓮縣萬榮鄉紅葉村紅葉１２之１３號
10015,1001512,紅葉村,1,,紅葉,,,１２之４號,285181.058,2599087.277,花蓮縣萬榮鄉紅葉村紅葉１２之４號
10015,1001512,紅葉村,1,,紅葉,,,１２之１５號,285170.31,2599036.16,花蓮縣萬榮鄉紅葉村紅葉１２之１５號
10015,1001512,紅葉村,1,,紅葉,,,１２之８號,285190.066,2599047.609,花蓮縣萬榮鄉紅葉村紅葉１２之８號
10015,1001512,紅葉村,1,,紅葉,,,１２之６號,285185.533,2599066.161,花蓮縣萬榮鄉紅葉村紅葉１２之６號
10015,1001512,紅葉村,1,,紅葉,,,１２之１１號,285159.607,2599088.494,花蓮縣萬榮鄉紅葉村紅葉１２之１１號
10015,1001512,紅葉村,1,,紅葉,,,１２之２號,285176.987,2599107.629,花蓮縣萬榮鄉紅葉村紅葉１２之２號
10015,1001512,紅葉村,1,,紅葉,,,１２之１６號,285161.898,2599033.704,花蓮縣萬榮鄉紅葉村紅葉１２之１６號
10015,1001512,紅葉村,1,,紅葉,,,１２之７號,285187.8,2599056.885,花蓮縣萬榮鄉紅葉村紅葉１２之７號
10015,1001512,紅葉村,1,,紅葉,,,１２號,285184.224,2599156.689,花蓮縣萬榮鄉紅葉村紅葉１２號
10015,1001512,紅葉村,1,,紅葉,,,１２之１７號,285152.785,2599031.498,花蓮縣萬榮鄉紅葉村紅葉１２之１７號
10015,1001512,紅葉村,1,,紅葉,,,１２之９號,285155.127,2599107.233,花蓮縣萬榮鄉紅葉村紅葉１２之９號
10015,1001512,紅葉村,1,,紅葉,,,１２之１號,285198.609,2599142.675,花蓮縣萬榮鄉紅葉村紅葉１２之１號
10015,1001512,紅葉村,1,,紅葉,,,１２之１８號,285142.84,2599029.586,花蓮縣萬榮鄉紅葉村紅葉１２之１８號
10015,1001512,紅葉村,1,,紅葉,,,１２之１０號,285157.367,2599097.863,花蓮縣萬榮鄉紅葉村紅葉１２之１０號
10015,1001512,紅葉村,1,,紅葉,,,１２之２０號,285125.211,2599026.192,花蓮縣萬榮鄉紅葉村紅葉１２之２０號
10015,1001512,紅葉村,1,,紅葉,,,１２之１２號,285161.846,2599079.124,花蓮縣萬榮鄉紅葉村紅葉１２之１２號
10015,1001512,紅葉村,1,,紅葉,,,１４號,285169.095,2599201.683,花蓮縣萬榮鄉紅葉村紅葉１４號
10015,1001512,紅葉村,1,,紅葉,,,１５之１號,285217.029,2599262.751,花蓮縣萬榮鄉紅葉村紅葉１５之１號
10015,1001512,紅葉村,1,,紅葉,,,１７之１號,285158.396,2599155.43,花蓮縣萬榮鄉紅葉村紅葉１７之１號
10015,1001512,紅葉村,1,,紅葉,,,１７號,285164.936,2599176.982,花蓮縣萬榮鄉紅葉村紅葉１７號
10015,1001512,紅葉村,1,,紅葉,,,１７之３號,285135.38,2599137.98,花蓮縣萬榮鄉紅葉村紅葉１７之３號
10015,1001512,紅葉村,1,,紅葉,,,１７之２號,285126.65,2599147.74,花蓮縣萬榮鄉紅葉村紅葉１７之２號
10015,1001512,紅葉村,1,,紅葉,,,１８之１１號,285157.344,2599018.028,花蓮縣萬榮鄉紅葉村紅葉１８之１１號
10015,1001512,紅葉村,1,,紅葉,,,１８之１２號,285146.256,2599015.619,花蓮縣萬榮鄉紅葉村紅葉１８之１２號
10015,1001512,紅葉村,1,,紅葉,,,１８之１６號,285185.588,2598978.077,花蓮縣萬榮鄉紅葉村紅葉１８之１６號
10015,1001512,紅葉村,1,,紅葉,,,１８之５號,285198.968,2599005.338,花蓮縣萬榮鄉紅葉村紅葉１８之５號
10015,1001512,紅葉村,1,,紅葉,,,１８之１３號,285161.874,2598997.82,花蓮縣萬榮鄉紅葉村紅葉１８之１３號
10015,1001512,紅葉村,1,,紅葉,,,１８之３號,285193.204,2599025.123,花蓮縣萬榮鄉紅葉村紅葉１８之３號
10015,1001512,紅葉村,1,,紅葉,,,１８之２８號（農業資材室）,285283.86,2598938.46,花蓮縣萬榮鄉紅葉村紅葉１８之２８號（農業資材室）
10015,1001512,紅葉村,1,,紅葉,,,１８之６號,285201.642,2598995.405,花蓮縣萬榮鄉紅葉村紅葉１８之６號
10015,1001512,紅葉村,1,,紅葉,,,１８之１４號,285163.266,2598991.643,花蓮縣萬榮鄉紅葉村紅葉１８之１４號
10015,1001512,紅葉村,1,,紅葉,,,１８之２號,285148.657,2599153.901,花蓮縣萬榮鄉紅葉村紅葉１８之２號
10015,1001512,紅葉村,1,,紅葉,,,１８之７號,285177.278,2599020.103,花蓮縣萬榮鄉紅葉村紅葉１８之７號
10015,1001512,紅葉村,1,,紅葉,,,１８之１號,285150.445,2599173.371,花蓮縣萬榮鄉紅葉村紅葉１８之１號
10015,1001512,紅葉村,1,,紅葉,,,１８之８號,285179.429,2599010.983,花蓮縣萬榮鄉紅葉村紅葉１８之８號
10015,1001512,紅葉村,1,,紅葉,,,１８號,285197.04,2599014.73,花蓮縣萬榮鄉紅葉村紅葉１８號
10015,1001512,紅葉村,1,,紅葉,,,１８之９號,285181.581,2599001.863,花蓮縣萬榮鄉紅葉村紅葉１８之９號
10015,1001512,紅葉村,1,,紅葉,,,１８之１０號,285183.732,2598992.742,花蓮縣萬榮鄉紅葉村紅葉１８之１０號
10015,1001512,紅葉村,1,,紅葉,,,１８之１９號,285136.368,2599013.599,花蓮縣萬榮鄉紅葉村紅葉１８之１９號
10015,1001512,紅葉村,1,,紅葉,,,１８之４號,285196.128,2599014.521,花蓮縣萬榮鄉紅葉村紅葉１８之４號
10015,1001512,紅葉村,1,,紅葉,,,１９號,285079.743,2599150.773,花蓮縣萬榮鄉紅葉村紅葉１９號
10015,1001512,紅葉村,1,,紅葉,,,２０號,285080.84,2599206.857,花蓮縣萬榮鄉紅葉村紅葉２０號
10015,1001512,紅葉村,1,,紅葉,,,２１號,285148.419,2599275.598,花蓮縣萬榮鄉紅葉村紅葉２１號
10015,1001512,紅葉村,1,,紅葉,,,２３號,285098.074,2599309.522,花蓮縣萬榮鄉紅葉村紅葉２３號
10015,1001512,紅葉村,2,,紅葉,,,２４之１８號,285067.083,2598938.213,花蓮縣萬榮鄉紅葉村紅葉２４之１８號
10015,1001512,紅葉村,2,,紅葉,,,２４之４號,285101.269,2599004.465,花蓮縣萬榮鄉紅葉村紅葉２４之４號
10015,1001512,紅葉村,2,,紅葉,,,２４之５號,285105.192,2599021.49,花蓮縣萬榮鄉紅葉村紅葉２４之５號
10015,1001512,紅葉村,2,,紅葉,,,２４之１號,285037.615,2599143.802,花蓮縣萬榮鄉紅葉村紅葉２４之１號
10015,1001512,紅葉村,2,,紅葉,,,２４之６號,285092.497,2599002.962,花蓮縣萬榮鄉紅葉村紅葉２４之６號
10015,1001512,紅葉村,2,,紅葉,,,２４之１１號,285087.4,2598967.764,花蓮縣萬榮鄉紅葉村紅葉２４之１１號
10015,1001512,紅葉村,2,,紅葉,,,２４之１３號,285073.693,2599021.69,花蓮縣萬榮鄉紅葉村紅葉２４之１３號
10015,1001512,紅葉村,2,,紅葉,,,２４之２號,285110.625,2599006.385,花蓮縣萬榮鄉紅葉村紅葉２４之２號
10015,1001512,紅葉村,2,,紅葉,,,２４之７號,285096.919,2599020.285,花蓮縣萬榮鄉紅葉村紅葉２４之７號
10015,1001512,紅葉村,2,,紅葉,,,２４之１０號,285085.461,2598976.388,花蓮縣萬榮鄉紅葉村紅葉２４之１０號
10015,1001512,紅葉村,2,,紅葉,,,２４之８號,285085.229,2599001.459,花蓮縣萬榮鄉紅葉村紅葉２４之８號
10015,1001512,紅葉村,2,,紅葉,,,２４之９號,285086.379,2599018.361,花蓮縣萬榮鄉紅葉村紅葉２４之９號
10015,1001512,紅葉村,2,,紅葉,,,２４號,285051.911,2599154.446,花蓮縣萬榮鄉紅葉村紅葉２４號
10015,1001512,紅葉村,2,,紅葉,,,２６之１號,285025.79,2599143.555,花蓮縣萬榮鄉紅葉村紅葉２６之１號
10015,1001512,紅葉村,2,,紅葉,,,２６號,285009.27,2599139.276,花蓮縣萬榮鄉紅葉村紅葉２６號
10015,1001512,紅葉村,2,,紅葉,,,２８號,284980.985,2599154.082,花蓮縣萬榮鄉紅葉村紅葉２８號
10015,1001512,紅葉村,2,,紅葉,,,２９之３號,285062.937,2599127.424,花蓮縣萬榮鄉紅葉村紅葉２９之３號
10015,1001512,紅葉村,2,,紅葉,,,２９之２號,285002.769,2599114.162,花蓮縣萬榮鄉紅葉村紅葉２９之２號
10015,1001512,紅葉村,2,,紅葉,,,２９之１號,285014.758,2599114.134,花蓮縣萬榮鄉紅葉村紅葉２９之１號
10015,1001512,紅葉村,2,,紅葉,,,２９號,284988.65,2599155.79,花蓮縣萬榮鄉紅葉村紅葉２９號
10015,1001512,紅葉村,2,,紅葉,,,３０之１號,284993.076,2599156.279,花蓮縣萬榮鄉紅葉村紅葉３０之１號
10015,1001512,紅葉村,2,,紅葉,,,３０號,285003.69,2599157.427,花蓮縣萬榮鄉紅葉村紅葉３０號
10015,1001512,紅葉村,2,,紅葉,,,３１號,285021.32,2599158.41,花蓮縣萬榮鄉紅葉村紅葉３１號
10015,1001512,紅葉村,2,,紅葉,,,３１之２號,285057.556,2599176.288,花蓮縣萬榮鄉紅葉村紅葉３１之２號
10015,1001512,紅葉村,2,,紅葉,,,３１之４號,285059.044,2599169.6,花蓮縣萬榮鄉紅葉村紅葉３１之４號
10015,1001512,紅葉村,2,,紅葉,,,３１之１號,285041.58,2599166.02,花蓮縣萬榮鄉紅葉村紅葉３１之１號
10015,1001512,紅葉村,2,,紅葉,,,３２之１號,285067.046,2599201.464,花蓮縣萬榮鄉紅葉村紅葉３２之１號
10015,1001512,紅葉村,2,,紅葉,,,３３號,285015.058,2599198.074,花蓮縣萬榮鄉紅葉村紅葉３３號
10015,1001512,紅葉村,2,,紅葉,,,３４之１號,285021.46,2599181.183,花蓮縣萬榮鄉紅葉村紅葉３４之１號
10015,1001512,紅葉村,2,,紅葉,,,３４號,285013.721,2599179.724,花蓮縣萬榮鄉紅葉村紅葉３４號
10015,1001512,紅葉村,2,,紅葉,,,３５號,284991.769,2599180.209,花蓮縣萬榮鄉紅葉村紅葉３５號
10015,1001512,紅葉村,2,,紅葉,,,３６之１號,284975.31,2599167.782,花蓮縣萬榮鄉紅葉村紅葉３６之１號
10015,1001512,紅葉村,2,,紅葉,,,３６號,284986.489,2599179.087,花蓮縣萬榮鄉紅葉村紅葉３６號
10015,1001512,紅葉村,2,,紅葉,,,３７號,284970.744,2599195.652,花蓮縣萬榮鄉紅葉村紅葉３７號
10015,1001512,紅葉村,2,,紅葉,,,３７之２號,284986.336,2599201.794,花蓮縣萬榮鄉紅葉村紅葉３７之２號
10015,1001512,紅葉村,2,,紅葉,,,３７之１號,284996.253,2599203.209,花蓮縣萬榮鄉紅葉村紅葉３７之１號
10015,1001512,紅葉村,2,,紅葉,,,３８號,285034.845,2599203.062,花蓮縣萬榮鄉紅葉村紅葉３８號
10015,1001512,紅葉村,3,,紅葉,,,４０之２號,284966.751,2599152.609,花蓮縣萬榮鄉紅葉村紅葉４０之２號
10015,1001512,紅葉村,3,,紅葉,,,４０號,284968.104,2599126.709,花蓮縣萬榮鄉紅葉村紅葉４０號
10015,1001512,紅葉村,3,,紅葉,,,４０之１號,284977.896,2599126.833,花蓮縣萬榮鄉紅葉村紅葉４０之１號
10015,1001512,紅葉村,3,,紅葉,,,４１號,284955.989,2599145.925,花蓮縣萬榮鄉紅葉村紅葉４１號
10015,1001512,紅葉村,3,,紅葉,,,４２之２號,284928.614,2599117.057,花蓮縣萬榮鄉紅葉村紅葉４２之２號
10015,1001512,紅葉村,3,,紅葉,,,４２號,284923.21,2599143.804,花蓮縣萬榮鄉紅葉村紅葉４２號
10015,1001512,紅葉村,3,,紅葉,,,４２之１號,284929.035,2599145.154,花蓮縣萬榮鄉紅葉村紅葉４２之１號
10015,1001512,紅葉村,3,,紅葉,,,４３號,284952.598,2599125.707,花蓮縣萬榮鄉紅葉村紅葉４３號
10015,1001512,紅葉村,3,,紅葉,,,４４號,284936.851,2599124.712,花蓮縣萬榮鄉紅葉村紅葉４４號
10015,1001512,紅葉村,3,,紅葉,,,４５號,284938.208,2599146.776,花蓮縣萬榮鄉紅葉村紅葉４５號
10015,1001512,紅葉村,3,,紅葉,,,４６之６號,284961.594,2599105.5,花蓮縣萬榮鄉紅葉村紅葉４６之６號
10015,1001512,紅葉村,3,,紅葉,,,４６號,284981.264,2599108.222,花蓮縣萬榮鄉紅葉村紅葉４６號
10015,1001512,紅葉村,3,,紅葉,,,４６之３號,284969.525,2599107.259,花蓮縣萬榮鄉紅葉村紅葉４６之３號
10015,1001512,紅葉村,3,,紅葉,,,４６之２號,284952.581,2599103.582,花蓮縣萬榮鄉紅葉村紅葉４６之２號
10015,1001512,紅葉村,3,,紅葉,,,４６之１號,284917.339,2599094.117,花蓮縣萬榮鄉紅葉村紅葉４６之１號
10015,1001512,紅葉村,3,,紅葉,,,４７之４號,284898.799,2599064.235,花蓮縣萬榮鄉紅葉村紅葉４７之４號
10015,1001512,紅葉村,3,,紅葉,,,４７之６號,284901.451,2599011.635,花蓮縣萬榮鄉紅葉村紅葉４７之６號
10015,1001512,紅葉村,3,,紅葉,,,４７之３號,284879.73,2599081.573,花蓮縣萬榮鄉紅葉村紅葉４７之３號
10015,1001512,紅葉村,3,,紅葉,,,４７之５號,284916.03,2599063.453,花蓮縣萬榮鄉紅葉村紅葉４７之５號
10015,1001512,紅葉村,3,,紅葉,,,４７之１０號,284945.02,2598849.86,花蓮縣萬榮鄉紅葉村紅葉４７之１０號
10015,1001512,紅葉村,3,,紅葉,,,４７號,284907.458,2599091.889,花蓮縣萬榮鄉紅葉村紅葉４７號
10015,1001512,紅葉村,3,,紅葉,,,４７之２號,284871.38,2599080.097,花蓮縣萬榮鄉紅葉村紅葉４７之２號
10015,1001512,紅葉村,3,,紅葉,,,４８之２號,284907.783,2599113.225,花蓮縣萬榮鄉紅葉村紅葉４８之２號
10015,1001512,紅葉村,3,,紅葉,,,４８號,284915.513,2599114.478,花蓮縣萬榮鄉紅葉村紅葉４８號
10015,1001512,紅葉村,3,,紅葉,,,４８之１號,284909.559,2599141.689,花蓮縣萬榮鄉紅葉村紅葉４８之１號
10015,1001512,紅葉村,3,,紅葉,,,４９號,284889.445,2599109.55,花蓮縣萬榮鄉紅葉村紅葉４９號
10015,1001512,紅葉村,3,,紅葉,,,４９之１號,284896.454,2599110.598,花蓮縣萬榮鄉紅葉村紅葉４９之１號
10015,1001512,紅葉村,3,,紅葉,,,５０號,284885.865,2599128.61,花蓮縣萬榮鄉紅葉村紅葉５０號
10015,1001512,紅葉村,3,,紅葉,,,５１號,284875.203,2599111.688,花蓮縣萬榮鄉紅葉村紅葉５１號
10015,1001512,紅葉村,3,,紅葉,,,５２之８號,284930.62,2599024.96,花蓮縣萬榮鄉紅葉村紅葉５２之８號
10015,1001512,紅葉村,3,,紅葉,,,５２之５號,284853.08,2599076.92,花蓮縣萬榮鄉紅葉村紅葉５２之５號
10015,1001512,紅葉村,3,,紅葉,,,５２號,284860.4,2599103.39,花蓮縣萬榮鄉紅葉村紅葉５２號
10015,1001512,紅葉村,3,,紅葉,,,５２之２號,284841.98,2599090.35,花蓮縣萬榮鄉紅葉村紅葉５２之２號
10015,1001512,紅葉村,3,,紅葉,,,５２之３號,284851.357,2599095.755,花蓮縣萬榮鄉紅葉村紅葉５２之３號
10015,1001512,紅葉村,3,,紅葉,,,５３之１０號,284801,2599089.11,花蓮縣萬榮鄉紅葉村紅葉５３之１０號
10015,1001512,紅葉村,3,,紅葉,,,５３之１號,284820.098,2599089.098,花蓮縣萬榮鄉紅葉村紅葉５３之１號
10015,1001512,紅葉村,3,,紅葉,,,５３之５號,284812.862,2599087.735,花蓮縣萬榮鄉紅葉村紅葉５３之５號
10015,1001512,紅葉村,3,,紅葉,,,５３之２號,284835.214,2599129.37,花蓮縣萬榮鄉紅葉村紅葉５３之２號
10015,1001512,紅葉村,3,,紅葉,,,５３之９號,284832,2599062.3,花蓮縣萬榮鄉紅葉村紅葉５３之９號
10015,1001512,紅葉村,3,,紅葉,,,５３之６號,284808.617,2599107.563,花蓮縣萬榮鄉紅葉村紅葉５３之６號
10015,1001512,紅葉村,3,,紅葉,,,５３號,284843.22,2599075.15,花蓮縣萬榮鄉紅葉村紅葉５３號
10015,1001512,紅葉村,3,,紅葉,,,５３之７號,284806.306,2599116.632,花蓮縣萬榮鄉紅葉村紅葉５３之７號
10015,1001512,紅葉村,3,,紅葉,,,５３之８號,284804.059,2599125.445,花蓮縣萬榮鄉紅葉村紅葉５３之８號
10015,1001512,紅葉村,3,,紅葉,,,５３之４號,284824.896,2599114.82,花蓮縣萬榮鄉紅葉村紅葉５３之４號
10015,1001512,紅葉村,3,,紅葉,,,５３號之１,284819.52,2599088.77,花蓮縣萬榮鄉紅葉村紅葉５３號之１
10015,1001512,紅葉村,3,,紅葉,,,５４之３號,284841.87,2599118.6,花蓮縣萬榮鄉紅葉村紅葉５４之３號
10015,1001512,紅葉村,3,,紅葉,,,５４號,284831.39,2599097.32,花蓮縣萬榮鄉紅葉村紅葉５４號
10015,1001512,紅葉村,3,,紅葉,,,５４之２號（真耶穌教會紅葉教會）,284856.11,2599117.59,花蓮縣萬榮鄉紅葉村紅葉５４之２號（真耶穌教會紅葉教會）
10015,1001512,紅葉村,3,,紅葉,,,５４之１號,284833.44,2599065.81,花蓮縣萬榮鄉紅葉村紅葉５４之１號
10015,1001512,紅葉村,3,,紅葉,,,５５號,284848.472,2599130.197,花蓮縣萬榮鄉紅葉村紅葉５５號
10015,1001512,紅葉村,3,,紅葉,,,５６之１號,284943.33,2599160.07,花蓮縣萬榮鄉紅葉村紅葉５６之１號
10015,1001512,紅葉村,3,,紅葉,,,５６號,284925.527,2599163.417,花蓮縣萬榮鄉紅葉村紅葉５６號
10015,1001512,紅葉村,3,,紅葉,,,５７號,284941.758,2599174.543,花蓮縣萬榮鄉紅葉村紅葉５７號
10015,1001512,紅葉村,3,,紅葉,,,５８之１號,284953.564,2599190.903,花蓮縣萬榮鄉紅葉村紅葉５８之１號
10015,1001512,紅葉村,3,,紅葉,,,５８號,284956.083,2599178.791,花蓮縣萬榮鄉紅葉村紅葉５８號
10015,1001512,紅葉村,3,,紅葉,,,６０之２號,284908.054,2599152.432,花蓮縣萬榮鄉紅葉村紅葉６０之２號
10015,1001512,紅葉村,3,,紅葉,,,６０之１號,284901.421,2599150.934,花蓮縣萬榮鄉紅葉村紅葉６０之１號
10015,1001512,紅葉村,3,,紅葉,,,６０號之２,284907.58,2599152.18,花蓮縣萬榮鄉紅葉村紅葉６０號之２
10015,1001512,紅葉村,3,,紅葉,,,６１之１號,284860.352,2599147.929,花蓮縣萬榮鄉紅葉村紅葉６１之１號
10015,1001512,紅葉村,3,,紅葉,,,６１號,284882.421,2599149.278,花蓮縣萬榮鄉紅葉村紅葉６１號
10015,1001512,紅葉村,4,,紅葉,,,６２之３號,284710.817,2599069.298,花蓮縣萬榮鄉紅葉村紅葉６２之３號
10015,1001512,紅葉村,4,,紅葉,,,６２之１號,284745.961,2599044.081,花蓮縣萬榮鄉紅葉村紅葉６２之１號
10015,1001512,紅葉村,4,,紅葉,,,６２之２號,284727.49,2599039.28,花蓮縣萬榮鄉紅葉村紅葉６２之２號
10015,1001512,紅葉村,4,,紅葉,,,６２之４號,284750.574,2599072.999,花蓮縣萬榮鄉紅葉村紅葉６２之４號
10015,1001512,紅葉村,4,,紅葉,,,６２號,284761.481,2599049.985,花蓮縣萬榮鄉紅葉村紅葉６２號
10015,1001512,紅葉村,4,,紅葉,,,６２之６號,284725.305,2599072.326,花蓮縣萬榮鄉紅葉村紅葉６２之６號
10015,1001512,紅葉村,4,,紅葉,,,６２之５號,284736.126,2599042.356,花蓮縣萬榮鄉紅葉村紅葉６２之５號
10015,1001512,紅葉村,4,,紅葉,,,６３之５號,284779.441,2599132.42,花蓮縣萬榮鄉紅葉村紅葉６３之５號
10015,1001512,紅葉村,4,,紅葉,,,６３之４號,284782.772,2599123.966,花蓮縣萬榮鄉紅葉村紅葉６３之４號
10015,1001512,紅葉村,4,,紅葉,,,６３之６號,284745.76,2599104.58,花蓮縣萬榮鄉紅葉村紅葉６３之６號
10015,1001512,紅葉村,4,,紅葉,,,６３之２號,284777.4,2599099.515,花蓮縣萬榮鄉紅葉村紅葉６３之２號
10015,1001512,紅葉村,4,,紅葉,,,６３號,284748.236,2599093.835,花蓮縣萬榮鄉紅葉村紅葉６３號
10015,1001512,紅葉村,4,,紅葉,,,６３之３號,284767.816,2599096.905,花蓮縣萬榮鄉紅葉村紅葉６３之３號
10015,1001512,紅葉村,4,,紅葉,,,６３之１號,284795.587,2599104.86,花蓮縣萬榮鄉紅葉村紅葉６３之１號
10015,1001512,紅葉村,4,,紅葉,,,６４號,284742.156,2599120.836,花蓮縣萬榮鄉紅葉村紅葉６４號
10015,1001512,紅葉村,4,,紅葉,,,６４號之１,284740.13,2599113.04,花蓮縣萬榮鄉紅葉村紅葉６４號之１
10015,1001512,紅葉村,4,,紅葉,,,６５號,284743.494,2599130.943,花蓮縣萬榮鄉紅葉村紅葉６５號
10015,1001512,紅葉村,4,,紅葉,,,６６號,284790.623,2599149.904,花蓮縣萬榮鄉紅葉村紅葉６６號
10015,1001512,紅葉村,4,,紅葉,,,６６之１號,284805.152,2599148.556,花蓮縣萬榮鄉紅葉村紅葉６６之１號
10015,1001512,紅葉村,4,,紅葉,,,６６號之２,284794.49,2599154.91,花蓮縣萬榮鄉紅葉村紅葉６６號之２
10015,1001512,紅葉村,4,,紅葉,,,６８之１號,284779.903,2599161.236,花蓮縣萬榮鄉紅葉村紅葉６８之１號
10015,1001512,紅葉村,4,,紅葉,,,６８之２號,284765.491,2599151.682,花蓮縣萬榮鄉紅葉村紅葉６８之２號
10015,1001512,紅葉村,4,,紅葉,,,６８號,284755.924,2599151.806,花蓮縣萬榮鄉紅葉村紅葉６８號
10015,1001512,紅葉村,4,,紅葉,,,６９號,284739.093,2599159.755,花蓮縣萬榮鄉紅葉村紅葉６９號
10015,1001512,紅葉村,4,,紅葉,,,６９號之１,284718.83,2599152.6,花蓮縣萬榮鄉紅葉村紅葉６９號之１
10015,1001512,紅葉村,4,,紅葉,,,７０號,284707.658,2599123.227,花蓮縣萬榮鄉紅葉村紅葉７０號
10015,1001512,紅葉村,4,,紅葉,,,７２號,284693.219,2599147.18,花蓮縣萬榮鄉紅葉村紅葉７２號
10015,1001512,紅葉村,4,,紅葉,,,７２號之１,284667.09,2599159.45,花蓮縣萬榮鄉紅葉村紅葉７２號之１
10015,1001512,紅葉村,4,,紅葉,,,７３號,284691.872,2599128.973,花蓮縣萬榮鄉紅葉村紅葉７３號
10015,1001512,紅葉村,4,,紅葉,,,７５之２號,284667.46,2599140.6,花蓮縣萬榮鄉紅葉村紅葉７５之２號
10015,1001512,紅葉村,4,,紅葉,,,７５號,284683.73,2599160.053,花蓮縣萬榮鄉紅葉村紅葉７５號
10015,1001512,紅葉村,4,,紅葉,,,７５號之１,284705.32,2599164.45,花蓮縣萬榮鄉紅葉村紅葉７５號之１
10015,1001512,紅葉村,4,,紅葉,,,７５號之２,284667.46,2599140.66,花蓮縣萬榮鄉紅葉村紅葉７５號之２
10015,1001512,紅葉村,4,,紅葉,,,７６號,284672.337,2599141.522,花蓮縣萬榮鄉紅葉村紅葉７６號
10015,1001512,紅葉村,4,,紅葉,,,７８之３號,284631.85,2599048.55,花蓮縣萬榮鄉紅葉村紅葉７８之３號
10015,1001512,紅葉村,4,,紅葉,,,７８號,284644.76,2599116.674,花蓮縣萬榮鄉紅葉村紅葉７８號
10015,1001512,紅葉村,4,,紅葉,,,７８號之１,284633.47,2599103.69,花蓮縣萬榮鄉紅葉村紅葉７８號之１
10015,1001512,紅葉村,7,,紅葉,,,７８號之２,284627.59,2599087.12,花蓮縣萬榮鄉紅葉村紅葉７８號之２
10015,1001512,紅葉村,4,,紅葉,,,７８號之３,284746.42,2598979.47,花蓮縣萬榮鄉紅葉村紅葉７８號之３
10015,1001512,紅葉村,4,,紅葉,,,７９號,284652.423,2599153.711,花蓮縣萬榮鄉紅葉村紅葉７９號
10015,1001512,紅葉村,5,,紅葉,,,８０號,284631.329,2599143.665,花蓮縣萬榮鄉紅葉村紅葉８０號
10015,1001512,紅葉村,5,,紅葉,,,８１號,284624.278,2599123.822,花蓮縣萬榮鄉紅葉村紅葉８１號
10015,1001512,紅葉村,5,,紅葉,,,８２號,284615.044,2599117.45,花蓮縣萬榮鄉紅葉村紅葉８２號
10015,1001512,紅葉村,5,,紅葉,,,８２號之２,284624.42,2599110.65,花蓮縣萬榮鄉紅葉村紅葉８２號之２
10015,1001512,紅葉村,5,,紅葉,,,８３號,284609.51,2599092.923,花蓮縣萬榮鄉紅葉村紅葉８３號
10015,1001512,紅葉村,5,,紅葉,,,８３號之１,284603.45,2599077.8,花蓮縣萬榮鄉紅葉村紅葉８３號之１
10015,1001512,紅葉村,5,,紅葉,,,８４號,284593.386,2599100.57,花蓮縣萬榮鄉紅葉村紅葉８４號
10015,1001512,紅葉村,5,,紅葉,,,８５號,284598.254,2599123.208,花蓮縣萬榮鄉紅葉村紅葉８５號
10015,1001512,紅葉村,5,,紅葉,,,８５之１號,284583.144,2599129.915,花蓮縣萬榮鄉紅葉村紅葉８５之１號
10015,1001512,紅葉村,5,,紅葉,,,８５號之１,284583.17,2599129.84,花蓮縣萬榮鄉紅葉村紅葉８５號之１
10015,1001512,紅葉村,5,,紅葉,,,８６號,284615.547,2599139.641,花蓮縣萬榮鄉紅葉村紅葉８６號
10015,1001512,紅葉村,5,,紅葉,,,８７號,284620.081,2599149.199,花蓮縣萬榮鄉紅葉村紅葉８７號
10015,1001512,紅葉村,5,,紅葉,,,８８號,284603.124,2599141.989,花蓮縣萬榮鄉紅葉村紅葉８８號
10015,1001512,紅葉村,5,,紅葉,,,８９號,284574.75,2599113.147,花蓮縣萬榮鄉紅葉村紅葉８９號
10015,1001512,紅葉村,5,,紅葉,,,９０號,284578.54,2599141.058,花蓮縣萬榮鄉紅葉村紅葉９０號
10015,1001512,紅葉村,5,,紅葉,,,９１號,284564.835,2599130.82,花蓮縣萬榮鄉紅葉村紅葉９１號
10015,1001512,紅葉村,5,,紅葉,,,９１之１號,284568.53,2599135.47,花蓮縣萬榮鄉紅葉村紅葉９１之１號
10015,1001512,紅葉村,5,,紅葉,,,９２號,284583.801,2599086.398,花蓮縣萬榮鄉紅葉村紅葉９２號
10015,1001512,紅葉村,5,,紅葉,,,９３之號,284574.15,2599072.99,花蓮縣萬榮鄉紅葉村紅葉９３之號
10015,1001512,紅葉村,5,,紅葉,,,９３之１號,284589.034,2599062.534,花蓮縣萬榮鄉紅葉村紅葉９３之１號
10015,1001512,紅葉村,5,,紅葉,,,９３號,284574.566,2599073.486,花蓮縣萬榮鄉紅葉村紅葉９３號
10015,1001512,紅葉村,5,,紅葉,,,９３號之１,284589.52,2599062.57,花蓮縣萬榮鄉紅葉村紅葉９３號之１
10015,1001512,紅葉村,5,,紅葉,,,９４號,284554.14,2599079.81,花蓮縣萬榮鄉紅葉村紅葉９４號
10015,1001512,紅葉村,5,,紅葉,,,９４之３號,284543.99,2599084.876,花蓮縣萬榮鄉紅葉村紅葉９４之３號
10015,1001512,紅葉村,5,,紅葉,,,９４號之１,284568.16,2599079.3,花蓮縣萬榮鄉紅葉村紅葉９４號之１
10015,1001512,紅葉村,5,,紅葉,,,９４號之２,284559.41,2599076.01,花蓮縣萬榮鄉紅葉村紅葉９４號之２
10015,1001512,紅葉村,5,,紅葉,,,９５號,284567.85,2599089.248,花蓮縣萬榮鄉紅葉村紅葉９５號
10015,1001512,紅葉村,5,,紅葉,,,９６號,284554.1,2599125.076,花蓮縣萬榮鄉紅葉村紅葉９６號
10015,1001512,紅葉村,5,,紅葉,,,９７號,284555.91,2599106.005,花蓮縣萬榮鄉紅葉村紅葉９７號
10015,1001512,紅葉村,5,,紅葉,,,９８號,284557.431,2599116.5,花蓮縣萬榮鄉紅葉村紅葉９８號
10015,1001512,紅葉村,5,,紅葉,,,９９號,284542.054,2599119.886,花蓮縣萬榮鄉紅葉村紅葉９９號
10015,1001512,紅葉村,5,,紅葉,,,９９號之１,284534.84,2599130.16,花蓮縣萬榮鄉紅葉村紅葉９９號之１
10015,1001512,紅葉村,6,,紅葉,,,１００號,284532.854,2599104.629,花蓮縣萬榮鄉紅葉村紅葉１００號
10015,1001512,紅葉村,6,,紅葉,,,１０１號,284524.521,2599096.653,花蓮縣萬榮鄉紅葉村紅葉１０１號
10015,1001512,紅葉村,6,,紅葉,,,１０５號之１,284509.33,2599122.08,花蓮縣萬榮鄉紅葉村紅葉１０５號之１
10015,1001512,紅葉村,6,,紅葉,,,１０６之３號,284508.059,2599101.45,花蓮縣萬榮鄉紅葉村紅葉１０６之３號
10015,1001512,紅葉村,6,,紅葉,,,１０６之１號,284506.947,2599112.186,花蓮縣萬榮鄉紅葉村紅葉１０６之１號
10015,1001512,紅葉村,6,,紅葉,,,１０６號,284487.651,2599110.696,花蓮縣萬榮鄉紅葉村紅葉１０６號
10015,1001512,紅葉村,6,,紅葉,,,１０７號,284471.588,2599106.254,花蓮縣萬榮鄉紅葉村紅葉１０７號
10015,1001512,紅葉村,6,,紅葉,,,１０８號,284480.855,2599097.615,花蓮縣萬榮鄉紅葉村紅葉１０８號
10015,1001512,紅葉村,6,,紅葉,,,１０９號,284502.01,2599090.68,花蓮縣萬榮鄉紅葉村紅葉１０９號
10015,1001512,紅葉村,6,,紅葉,,,１１０之１號,284487.91,2599067.13,花蓮縣萬榮鄉紅葉村紅葉１１０之１號
10015,1001512,紅葉村,6,,紅葉,,,１１０號,284492.19,2599074.63,花蓮縣萬榮鄉紅葉村紅葉１１０號
10015,1001512,紅葉村,6,,紅葉,,,１１１號,284472.186,2599077.215,花蓮縣萬榮鄉紅葉村紅葉１１１號
10015,1001512,紅葉村,6,,紅葉,,,１１２號,284455.302,2599079.788,花蓮縣萬榮鄉紅葉村紅葉１１２號
10015,1001512,紅葉村,6,,紅葉,,,１１３號,284442.711,2599090.506,花蓮縣萬榮鄉紅葉村紅葉１１３號
10015,1001512,紅葉村,6,,紅葉,,,１１４號,284432.838,2599101.509,花蓮縣萬榮鄉紅葉村紅葉１１４號
10015,1001512,紅葉村,6,,紅葉,,,１１５號,284449.783,2599106.732,花蓮縣萬榮鄉紅葉村紅葉１１５號
10015,1001512,紅葉村,6,,紅葉,,,１１６號,284463.462,2599112.461,花蓮縣萬榮鄉紅葉村紅葉１１６號
10015,1001512,紅葉村,6,,紅葉,,,１１７號,284399.02,2599107.06,花蓮縣萬榮鄉紅葉村紅葉１１７號
10015,1001512,紅葉村,7,,紅葉,,,１１８號,284577.138,2599029.648,花蓮縣萬榮鄉紅葉村紅葉１１８號
10015,1001512,紅葉村,7,,紅葉,,,１１８之１號,284557.594,2599037.22,花蓮縣萬榮鄉紅葉村紅葉１１８之１號
10015,1001512,紅葉村,7,,紅葉,,,１１９之１號,284561.82,2599053.57,花蓮縣萬榮鄉紅葉村紅葉１１９之１號
10015,1001512,紅葉村,7,,紅葉,,,１１９號,284560.56,2599060.48,花蓮縣萬榮鄉紅葉村紅葉１１９號
10015,1001512,紅葉村,7,,紅葉,,,１１９號之３,284561.94,2599049.15,花蓮縣萬榮鄉紅葉村紅葉１１９號之３
10015,1001512,紅葉村,7,,紅葉,,,１２０號,284537.878,2599041.439,花蓮縣萬榮鄉紅葉村紅葉１２０號
10015,1001512,紅葉村,7,,紅葉,,,１２１號,284535.802,2599072.887,花蓮縣萬榮鄉紅葉村紅葉１２１號
10015,1001512,紅葉村,7,,紅葉,,,１２２號,284520.862,2599050.19,花蓮縣萬榮鄉紅葉村紅葉１２２號
10015,1001512,紅葉村,7,,紅葉,,,１２３號,284514.46,2599075.598,花蓮縣萬榮鄉紅葉村紅葉１２３號
10015,1001512,紅葉村,7,,紅葉,,,１２４號,284511.933,2599060.117,花蓮縣萬榮鄉紅葉村紅葉１２４號
10015,1001512,紅葉村,7,,紅葉,,,１２６之１０號,284641.86,2598994.21,花蓮縣萬榮鄉紅葉村紅葉１２６之１０號
10015,1001512,紅葉村,7,,紅葉,,,１２６之７號,284660.75,2599023.01,花蓮縣萬榮鄉紅葉村紅葉１２６之７號
10015,1001512,紅葉村,7,,紅葉,,,１２６號,284597.601,2599012.534,花蓮縣萬榮鄉紅葉村紅葉１２６號
10015,1001512,紅葉村,7,,紅葉,,,１２６號之１,284615.04,2599016.01,花蓮縣萬榮鄉紅葉村紅葉１２６號之１
10015,1001512,紅葉村,7,,紅葉,,,１２６號之４,284632.68,2599021.85,花蓮縣萬榮鄉紅葉村紅葉１２６號之４
10015,1001512,紅葉村,7,,紅葉,,,１２６號之６,284560.85,2598994.78,花蓮縣萬榮鄉紅葉村紅葉１２６號之６
10015,1001512,紅葉村,7,,紅葉,,,１２６號之８,284616.76,2598982.19,花蓮縣萬榮鄉紅葉村紅葉１２６號之８
10015,1001512,紅葉村,7,,紅葉,,,１２９之１號,284504.906,2598985.18,花蓮縣萬榮鄉紅葉村紅葉１２９之１號
10015,1001512,紅葉村,7,,紅葉,,,１２９號,284479.967,2599000.182,花蓮縣萬榮鄉紅葉村紅葉１２９號
10015,1001512,紅葉村,7,,紅葉,,,１２９之２號,284495.95,2599004.49,花蓮縣萬榮鄉紅葉村紅葉１２９之２號
10015,1001512,紅葉村,7,,紅葉,,,１３０號,284456.445,2599002.446,花蓮縣萬榮鄉紅葉村紅葉１３０號
10015,1001512,紅葉村,7,,紅葉,,,１３２號,284476.657,2599036.062,花蓮縣萬榮鄉紅葉村紅葉１３２號
10015,1001512,紅葉村,7,,紅葉,,,１３２號之１,284470.27,2599029.61,花蓮縣萬榮鄉紅葉村紅葉１３２號之１
10015,1001512,紅葉村,7,,紅葉,,,１３３號,284479.4,2599046.319,花蓮縣萬榮鄉紅葉村紅葉１３３號
10015,1001512,紅葉村,7,,紅葉,,,１３４號,284439.633,2599048.2,花蓮縣萬榮鄉紅葉村紅葉１３４號
10015,1001512,紅葉村,7,,紅葉,,,１３５號,284441.708,2599006.409,花蓮縣萬榮鄉紅葉村紅葉１３５號
10015,1001512,紅葉村,7,,紅葉,,,１３７號,284420.192,2599023.512,花蓮縣萬榮鄉紅葉村紅葉１３７號
10015,1001512,紅葉村,7,,紅葉,,,１３８號,284437.411,2599034.191,花蓮縣萬榮鄉紅葉村紅葉１３８號
10015,1001512,紅葉村,7,,紅葉,,,１３９號,284450.663,2599043.119,花蓮縣萬榮鄉紅葉村紅葉１３９號
10015,1001512,紅葉村,8,,紅葉,,,１４１之２號,284375.08,2599115.4,花蓮縣萬榮鄉紅葉村紅葉１４１之２號
10015,1001512,紅葉村,8,,紅葉,,,１４１號,284365.14,2599118.93,花蓮縣萬榮鄉紅葉村紅葉１４１號
10015,1001512,紅葉村,8,,紅葉,,,１４１號之１,284375.56,2599110.04,花蓮縣萬榮鄉紅葉村紅葉１４１號之１
10015,1001512,紅葉村,8,,紅葉,,,１４３號,284133.13,2599333.82,花蓮縣萬榮鄉紅葉村紅葉１４３號
10015,1001512,紅葉村,8,,紅葉,,,１４５號,284333.94,2599138.92,花蓮縣萬榮鄉紅葉村紅葉１４５號
10015,1001512,紅葉村,8,,紅葉,,,１４６之２號,284026.761,2599483.229,花蓮縣萬榮鄉紅葉村紅葉１４６之２號
10015,1001512,紅葉村,8,,紅葉,,,１４６號,284005.741,2599502.473,花蓮縣萬榮鄉紅葉村紅葉１４６號
10015,1001512,紅葉村,8,,紅葉,,,１４８號,283981.536,2599513.288,花蓮縣萬榮鄉紅葉村紅葉１４８號
10015,1001512,紅葉村,8,,紅葉,,,１４９號,283973.2,2599524.41,花蓮縣萬榮鄉紅葉村紅葉１４９號
10015,1001512,紅葉村,8,,紅葉,,,１５０之３號,284328.684,2599073.804,花蓮縣萬榮鄉紅葉村紅葉１５０之３號
10015,1001512,紅葉村,8,,紅葉,,,１５０之５號,284297.46,2599097.05,花蓮縣萬榮鄉紅葉村紅葉１５０之５號
10015,1001512,紅葉村,8,,紅葉,,,１５０號,284304.364,2599077.189,花蓮縣萬榮鄉紅葉村紅葉１５０號
10015,1001512,紅葉村,8,,紅葉,,,１５０之２號,284377.934,2599017.975,花蓮縣萬榮鄉紅葉村紅葉１５０之２號
10015,1001512,紅葉村,8,,紅葉,,,１５１號,284314.633,2599053.182,花蓮縣萬榮鄉紅葉村紅葉１５１號
10015,1001512,紅葉村,8,,紅葉,,,１５２之２號,284245.579,2599143.34,花蓮縣萬榮鄉紅葉村紅葉１５２之２號
10015,1001512,紅葉村,8,,紅葉,,,１５２號之１,284405.66,2599029.9,花蓮縣萬榮鄉紅葉村紅葉１５２號之１
10015,1001512,紅葉村,8,,紅葉,,,１５２號之６,284413.97,2599084.03,花蓮縣萬榮鄉紅葉村紅葉１５２號之６
10015,1001512,紅葉村,8,,紅葉,,,１５３之６號,284297.21,2598966.84,花蓮縣萬榮鄉紅葉村紅葉１５３之６號
10015,1001512,紅葉村,8,,紅葉,,,１５３號,284309.608,2599039.87,花蓮縣萬榮鄉紅葉村紅葉１５３號
10015,1001512,紅葉村,8,,紅葉,,,１５４號,284284.26,2599071.296,花蓮縣萬榮鄉紅葉村紅葉１５４號
10015,1001512,紅葉村,8,,紅葉,,,１５４之３號,284299.119,2599056.674,花蓮縣萬榮鄉紅葉村紅葉１５４之３號
10015,1001512,紅葉村,8,,紅葉,,,１５４之２號,284278.143,2599074.788,花蓮縣萬榮鄉紅葉村紅葉１５４之２號
10015,1001512,紅葉村,8,,紅葉,,,１５４之４號,284301.523,2599063.876,花蓮縣萬榮鄉紅葉村紅葉１５４之４號
10015,1001512,紅葉村,8,,紅葉,,,１５４號之１,284296.33,2599049.12,花蓮縣萬榮鄉紅葉村紅葉１５４號之１
10015,1001512,紅葉村,9,,紅葉,,,１５８之１號,283715.144,2600059.173,花蓮縣萬榮鄉紅葉村紅葉１５８之１號
10015,1001512,紅葉村,9,,紅葉,,,１５８號,283734.548,2600054.613,花蓮縣萬榮鄉紅葉村紅葉１５８號
10015,1001512,紅葉村,9,,紅葉,,,１６０之１號（農業資材室）,283666.74,2600004.12,花蓮縣萬榮鄉紅葉村紅葉１６０之１號（農業資材室）
10015,1001512,紅葉村,9,,紅葉,,,１６１之１號,283667.782,2600019.056,花蓮縣萬榮鄉紅葉村紅葉１６１之１號
10015,1001512,紅葉村,9,,紅葉,,,１６１號之１,283668.76,2600015.28,花蓮縣萬榮鄉紅葉村紅葉１６１號之１
10015,1001512,紅葉村,9,,紅葉,,,１６１號之２,283709.89,2600006.3,花蓮縣萬榮鄉紅葉村紅葉１６１號之２
10015,1001512,紅葉村,9,,紅葉,,,１６１號之３,283709.53,2599968.05,花蓮縣萬榮鄉紅葉村紅葉１６１號之３
10015,1001512,紅葉村,9,,紅葉,,,１６４號,283750.41,2600066.07,花蓮縣萬榮鄉紅葉村紅葉１６４號
10015,1001512,紅葉村,9,,紅葉,,,１６４之１號,283755.74,2600069.75,花蓮縣萬榮鄉紅葉村紅葉１６４之１號
10015,1001512,紅葉村,9,,紅葉,,,１６６號,283721.418,2600091.597,花蓮縣萬榮鄉紅葉村紅葉１６６號
10015,1001512,紅葉村,9,,紅葉,,,１６６之１號,283705.783,2600104.01,花蓮縣萬榮鄉紅葉村紅葉１６６之１號
10015,1001512,紅葉村,9,,紅葉,,,１６６號之２,283695.17,2600102.89,花蓮縣萬榮鄉紅葉村紅葉１６６號之２
10015,1001512,紅葉村,9,,紅葉,,,１６６號之３,283713.44,2600079.88,花蓮縣萬榮鄉紅葉村紅葉１６６號之３
10015,1001512,紅葉村,9,,紅葉,,,１６７號,283771.756,2600065.101,花蓮縣萬榮鄉紅葉村紅葉１６７號
10015,1001512,紅葉村,9,,紅葉,,,１６８號,284338.914,2600692.715,花蓮縣萬榮鄉紅葉村紅葉１６８號
10015,1001512,紅葉村,9,,紅葉,,,１７０號,283704.374,2600172.876,花蓮縣萬榮鄉紅葉村紅葉１７０號
10015,1001512,紅葉村,10,,紅葉,,,１８８之７號,283271.97,2598625.81,花蓮縣萬榮鄉紅葉村紅葉１８８之７號
10015,1001512,紅葉村,10,,紅葉,,,１８８之９號,283280.91,2598612.77,花蓮縣萬榮鄉紅葉村紅葉１８８之９號
10015,1001512,紅葉村,10,,紅葉,,,１８８之２號,283256.11,2598685.95,花蓮縣萬榮鄉紅葉村紅葉１８８之２號
10015,1001512,紅葉村,10,,紅葉,,,１８８之１５號,283293.69,2598619.38,花蓮縣萬榮鄉紅葉村紅葉１８８之１５號
10015,1001512,紅葉村,10,,紅葉,,,１８８之３號,283238.46,2598713.9,花蓮縣萬榮鄉紅葉村紅葉１８８之３號
10015,1001512,紅葉村,10,,紅葉,,,１８８號,283224.95,2598660.94,花蓮縣萬榮鄉紅葉村紅葉１８８號
10015,1001512,紅葉村,10,,紅葉,,,１８８之１０號,283286.45,2598607.24,花蓮縣萬榮鄉紅葉村紅葉１８８之１０號
10015,1001512,紅葉村,10,,紅葉,,,１８８之１１號,283283.08,2598644.31,花蓮縣萬榮鄉紅葉村紅葉１８８之１１號
10015,1001512,紅葉村,10,,紅葉,,,１８８之８號,283276.67,2598619.06,花蓮縣萬榮鄉紅葉村紅葉１８８之８號
10015,1001512,紅葉村,10,,紅葉,,,１８８之１號,283234.33,2598670.98,花蓮縣萬榮鄉紅葉村紅葉１８８之１號
10015,1001512,紅葉村,10,,紅葉,,,１８８之１２號,283285.68,2598636.39,花蓮縣萬榮鄉紅葉村紅葉１８８之１２號
10015,1001512,紅葉村,10,,紅葉,,,１８８之６號,283257.87,2598634.88,花蓮縣萬榮鄉紅葉村紅葉１８８之６號
10015,1001512,紅葉村,11,,紅葉,,,１８８之１０號,283293.52,2598593.26,花蓮縣萬榮鄉紅葉村紅葉１８８之１０號
10015,1001512,紅葉村,10,,紅葉,,,１８８之１３號,283290.15,2598628.94,花蓮縣萬榮鄉紅葉村紅葉１８８之１３號
10015,1001512,紅葉村,10,,紅葉,,,１８８之５號,283271.08,2598705.81,花蓮縣萬榮鄉紅葉村紅葉１８８之５號
10015,1001512,紅葉村,11,,紅葉,,,１８９號,283499.566,2598785.456,花蓮縣萬榮鄉紅葉村紅葉１８９號
10015,1001512,紅葉村,11,,紅葉,,,１９０號,283472.65,2598749.758,花蓮縣萬榮鄉紅葉村紅葉１９０號
10015,1001512,紅葉村,11,,紅葉,,,１９０號之２,283466.68,2598758.24,花蓮縣萬榮鄉紅葉村紅葉１９０號之２
10015,1001512,紅葉村,11,,紅葉,,,１９０號之４,283465.72,2598740.54,花蓮縣萬榮鄉紅葉村紅葉１９０號之４
10015,1001512,紅葉村,11,,紅葉,,,１９０號之６,283430.84,2598710.38,花蓮縣萬榮鄉紅葉村紅葉１９０號之６
10015,1001512,紅葉村,11,,紅葉,,,１９０號之７,283451.95,2598725.95,花蓮縣萬榮鄉紅葉村紅葉１９０號之７
10015,1001512,紅葉村,11,,紅葉,,,１９１號,283665.219,2598739.984,花蓮縣萬榮鄉紅葉村紅葉１９１號
10015,1001512,紅葉村,11,,紅葉,,,１９２號,283653.72,2598742.27,花蓮縣萬榮鄉紅葉村紅葉１９２號
10015,1001512,紅葉村,11,,紅葉,,,１９３號,283672.73,2598790.23,花蓮縣萬榮鄉紅葉村紅葉１９３號
10015,1001512,紅葉村,11,,紅葉,,,１９３之５號（農業資材室）,283655,2598816,花蓮縣萬榮鄉紅葉村紅葉１９３之５號（農業資材室）
10015,1001512,紅葉村,11,,紅葉,,,１９３號之３,283660.9,2598784.01,花蓮縣萬榮鄉紅葉村紅葉１９３號之３
10015,1001512,紅葉村,11,,紅葉,,,１９３號之４,283696.91,2598770.36,花蓮縣萬榮鄉紅葉村紅葉１９３號之４
10015,1001512,紅葉村,11,,紅葉,,,１９４號,283642.681,2598757.004,花蓮縣萬榮鄉紅葉村紅葉１９４號
10015,1001512,紅葉村,11,,紅葉,,,１９５號,283632.5,2598747.72,花蓮縣萬榮鄉紅葉村紅葉１９５號
10015,1001512,紅葉村,11,,紅葉,,,１９６號,283721.301,2598779.036,花蓮縣萬榮鄉紅葉村紅葉１９６號
10015,1001512,紅葉村,11,,紅葉,,,１９６之２號,283694.64,2598761.2,花蓮縣萬榮鄉紅葉村紅葉１９６之２號
10015,1001512,紅葉村,11,,紅葉,,,１９８號,283677.588,2598746.846,花蓮縣萬榮鄉紅葉村紅葉１９８號
10015,1001512,紅葉村,11,,紅葉,,,１９８號之１,283674.61,2598745.23,花蓮縣萬榮鄉紅葉村紅葉１９８號之１
10015,1001512,紅葉村,11,,紅葉,,,２００號,283774.45,2598725.63,花蓮縣萬榮鄉紅葉村紅葉２００號
10015,1001512,紅葉村,11,,紅葉,,,２０２之３號,283686.12,2598809.233,花蓮縣萬榮鄉紅葉村紅葉２０２之３號
10015,1001512,紅葉村,11,,紅葉,,,２０２號,283723.5,2598808.135,花蓮縣萬榮鄉紅葉村紅葉２０２號
10015,1001512,紅葉村,11,,紅葉,,,２０２之２號,283734.9,2598816.17,花蓮縣萬榮鄉紅葉村紅葉２０２之２號
10015,1001512,紅葉村,11,,紅葉,,,２０４號,283961.468,2598763.915,花蓮縣萬榮鄉紅葉村紅葉２０４號
10015,1001512,紅葉村,11,,紅葉,,,２０５號,283679.726,2598774.749,花蓮縣萬榮鄉紅葉村紅葉２０５號
10015,1001512,紅葉村,12,,紅葉,,,２０７號,283839.777,2598779.531,花蓮縣萬榮鄉紅葉村紅葉２０７號
10015,1001512,紅葉村,12,,紅葉,,,２０７號之１,283856.16,2598779.67,花蓮縣萬榮鄉紅葉村紅葉２０７號之１
10015,1001512,紅葉村,12,,紅葉,,,２０７號之２,283872.26,2598780.75,花蓮縣萬榮鄉紅葉村紅葉２０７號之２
10015,1001512,紅葉村,12,,紅葉,,,２０９號,283792.48,2598742.34,花蓮縣萬榮鄉紅葉村紅葉２０９號
10015,1001512,紅葉村,12,,紅葉,,,２０９號之１,283781.71,2598730.36,花蓮縣萬榮鄉紅葉村紅葉２０９號之１
10015,1001512,紅葉村,12,,紅葉,,,２１０之５號,283864.091,2598736.613,花蓮縣萬榮鄉紅葉村紅葉２１０之５號
10015,1001512,紅葉村,12,,紅葉,,,２１０號,283841.88,2598761.673,花蓮縣萬榮鄉紅葉村紅葉２１０號
10015,1001512,紅葉村,12,,紅葉,,,２１０號之２,283802.67,2598754.02,花蓮縣萬榮鄉紅葉村紅葉２１０號之２
10015,1001512,紅葉村,12,,紅葉,,,２１０號之３,283856.12,2598750.45,花蓮縣萬榮鄉紅葉村紅葉２１０號之３
10015,1001512,紅葉村,12,,紅葉,,,２１１號,283807.62,2598743.68,花蓮縣萬榮鄉紅葉村紅葉２１１號
10015,1001512,紅葉村,12,,紅葉,,,２１２之１號,283810.65,2598737.15,花蓮縣萬榮鄉紅葉村紅葉２１２之１號
10015,1001512,紅葉村,12,,紅葉,,,２１２號,283831.354,2598739.079,花蓮縣萬榮鄉紅葉村紅葉２１２號
10015,1001512,紅葉村,12,,紅葉,,,２１２號之１,283810.65,2598737.15,花蓮縣萬榮鄉紅葉村紅葉２１２號之１
10015,1001512,紅葉村,12,,紅葉,,,２１４號,283830.805,2598747.589,花蓮縣萬榮鄉紅葉村紅葉２１４號
10015,1001512,紅葉村,12,,紅葉,,,２１６號,283834.103,2598728.373,花蓮縣萬榮鄉紅葉村紅葉２１６號
10015,1001512,紅葉村,12,,紅葉,,,２１７號,283834.652,2598709.705,花蓮縣萬榮鄉紅葉村紅葉２１７號
10015,1001512,紅葉村,12,,紅葉,,,２１７之５號,283837.3,2598585.89,花蓮縣萬榮鄉紅葉村紅葉２１７之５號
10015,1001512,紅葉村,12,,紅葉,,,２１７號之１,283849.57,2598685.29,花蓮縣萬榮鄉紅葉村紅葉２１７號之１
10015,1001512,紅葉村,12,,紅葉,,,２１８號,283939.389,2598763.636,花蓮縣萬榮鄉紅葉村紅葉２１８號
10015,1001512,紅葉村,12,,紅葉,,,２１８號之２,283982.46,2598747.08,花蓮縣萬榮鄉紅葉村紅葉２１８號之２
10015,1001512,紅葉村,12,,紅葉,,,２１８號之３,283916.81,2598773.33,花蓮縣萬榮鄉紅葉村紅葉２１８號之３
10015,1001512,紅葉村,12,,紅葉,,,２２０號,283940.507,2598741.026,花蓮縣萬榮鄉紅葉村紅葉２２０號
10015,1001512,紅葉村,12,,紅葉,,,２２１之２８號,284929.58,2598040.4,花蓮縣萬榮鄉紅葉村紅葉２２１之２８號
10015,1001512,紅葉村,12,,紅葉,,,２２１之２０號,284894.99,2598195.23,花蓮縣萬榮鄉紅葉村紅葉２２１之２０號
10015,1001512,紅葉村,12,,紅葉,,,２２１之４３號,285160.52,2597447.39,花蓮縣萬榮鄉紅葉村紅葉２２１之４３號
10015,1001512,紅葉村,12,,紅葉,,,２２１之３號,283948.54,2598640.36,花蓮縣萬榮鄉紅葉村紅葉２２１之３號
10015,1001512,紅葉村,12,,紅葉,,,２２１之１０號,283707.09,2598439.65,花蓮縣萬榮鄉紅葉村紅葉２２１之１０號
10015,1001512,紅葉村,12,,紅葉,,,２２１之２６號,284906.6,2598115.6,花蓮縣萬榮鄉紅葉村紅葉２２１之２６號
10015,1001512,紅葉村,12,,紅葉,,,２２１號,283932.71,2598698.34,花蓮縣萬榮鄉紅葉村紅葉２２１號
10015,1001512,紅葉村,12,,紅葉,,,２２１之１２號,283669.94,2598407.96,花蓮縣萬榮鄉紅葉村紅葉２２１之１２號
10015,1001512,紅葉村,12,,紅葉,,,２２１之４２號,285152.42,2597511.53,花蓮縣萬榮鄉紅葉村紅葉２２１之４２號
10015,1001512,紅葉村,12,,紅葉,,,２２１之３９號,284976.24,2597864.05,花蓮縣萬榮鄉紅葉村紅葉２２１之３９號
10015,1001512,紅葉村,12,,紅葉,,,２２１號之１,283922.25,2598695.73,花蓮縣萬榮鄉紅葉村紅葉２２１號之１
10015,1001512,紅葉村,12,,紅葉,,,２２９之１號,283999.04,2598747.33,花蓮縣萬榮鄉紅葉村紅葉２２９之１號
10015,1001512,紅葉村,12,,紅葉,,,２２９之８號,284151.44,2598510.07,花蓮縣萬榮鄉紅葉村紅葉２２９之８號
10015,1001512,萬榮村,8,,萬榮,,,１８０之１６號,289829.04,2624184.87,花蓮縣萬榮鄉萬榮村萬榮１８０之１６號
10015,1001512,萬榮村,5,,萬榮,,,７６之８號,291718.67,2623798.05,花蓮縣萬榮鄉萬榮村萬榮７６之８號
10015,1001512,萬榮村,1,,萬榮,,,７之１號,291866.8,2623447.43,花蓮縣萬榮鄉萬榮村萬榮７之１號
10015,1001512,萬榮村,8,,萬榮,,,１６１之１號,291747.01,2623573.86,花蓮縣萬榮鄉萬榮村萬榮１６１之１號
10015,1001512,萬榮村,3,,萬榮,,,４８之２號,291847.77,2623622.78,花蓮縣萬榮鄉萬榮村萬榮４８之２號
10015,1001512,萬榮村,5,,萬榮,,,８０之１號,291658.07,2623758.86,花蓮縣萬榮鄉萬榮村萬榮８０之１號
10015,1001512,萬榮村,7,,萬榮,,,１３５之１號,291655.26,2623675.13,花蓮縣萬榮鄉萬榮村萬榮１３５之１號
10015,1001512,萬榮村,8,,萬榮,,,１８２號,289823.82,2624091.75,花蓮縣萬榮鄉萬榮村萬榮１８２號
10015,1001512,萬榮村,8,,萬榮,,,２２０之１６號,289367.26,2623856.39,花蓮縣萬榮鄉萬榮村萬榮２２０之１６號
10015,1001512,萬榮村,2,,萬榮,,,３８號,291850.14,2623688.33,花蓮縣萬榮鄉萬榮村萬榮３８號
10015,1001512,萬榮村,8,,萬榮,,,１９８號（財團法人基督教更生團契）,291838.35,2624546.6,花蓮縣萬榮鄉萬榮村萬榮１９８號（財團法人基督教更生團契）
10015,1001512,萬榮村,8,,萬榮,,,２１２號（花蓮縣消防局）,291262.63,2623980.92,花蓮縣萬榮鄉萬榮村萬榮２１２號（花蓮縣消防局）
10015,1001512,萬榮村,8,,萬榮,,,２２０之１５號,289299.24,2623907.94,花蓮縣萬榮鄉萬榮村萬榮２２０之１５號
10015,1001512,萬榮村,8,,萬榮,,,１８０之１０號,289935.95,2624046.04,花蓮縣萬榮鄉萬榮村萬榮１８０之１０號
10015,1001512,萬榮村,8,,萬榮,,,１９６之６號,291936.24,2624505.26,花蓮縣萬榮鄉萬榮村萬榮１９６之６號
10015,1001512,萬榮村,1,,萬榮,,,４之１號,291880.528,2623484.263,花蓮縣萬榮鄉萬榮村萬榮４之１號
10015,1001512,萬榮村,6,,萬榮,,,１１０之１號,292499.54,2624820.78,花蓮縣萬榮鄉萬榮村萬榮１１０之１號
10015,1001512,萬榮村,8,,萬榮,,,１６６之２號,291675.37,2623527.23,花蓮縣萬榮鄉萬榮村萬榮１６６之２號
10015,1001512,萬榮村,1,,萬榮,,,４號,291879.851,2623473.9,花蓮縣萬榮鄉萬榮村萬榮４號
10015,1001512,萬榮村,8,,萬榮,,,５００號（臺電之器材儲存庫‧發電機室））,271155.25,2629468.18,花蓮縣萬榮鄉萬榮村萬榮５００號（臺電之器材儲存庫‧發電機室））
10015,1001512,萬榮村,1,,萬榮,,,１４號,291776.37,2623498.97,花蓮縣萬榮鄉萬榮村萬榮１４號
10015,1001512,萬榮村,1,,萬榮,,,１４之１號（分駐所）（萬榮分駐所）,291797.76,2623471.53,花蓮縣萬榮鄉萬榮村萬榮１４之１號（分駐所）（萬榮分駐所）
10015,1001512,萬榮村,3,,萬榮,,,４４號之1,291860.91,2623584.88,花蓮縣萬榮鄉萬榮村萬榮４４號之1
10015,1001512,萬榮村,7,,萬榮,,,１３１之１號,291669.47,2623713.07,花蓮縣萬榮鄉萬榮村萬榮１３１之１號
10015,1001512,萬榮村,8,,萬榮,,,１９６之１０號,292048.28,2624662.34,花蓮縣萬榮鄉萬榮村萬榮１９６之１０號
10015,1001512,萬榮村,3,,萬榮,,,４８號之１,291837.022,2623618.902,花蓮縣萬榮鄉萬榮村萬榮４８號之１
10015,1001512,萬榮村,7,,萬榮,,,１３９之１號,291669.46,2623649.01,花蓮縣萬榮鄉萬榮村萬榮１３９之１號
10015,1001512,萬榮村,7,,萬榮,,,１３９號,291676.13,2623656.33,花蓮縣萬榮鄉萬榮村萬榮１３９號
10015,1001512,萬榮村,1,,萬榮,,,１５號,291777.48,2623493.53,花蓮縣萬榮鄉萬榮村萬榮１５號
10015,1001512,萬榮村,8,,萬榮,,,１８０之７號,290038.237,2624102.83,花蓮縣萬榮鄉萬榮村萬榮１８０之７號
10015,1001512,萬榮村,1,,萬榮,,,１號,291937.301,2623501.774,花蓮縣萬榮鄉萬榮村萬榮１號
10015,1001512,萬榮村,1,,萬榮,,,２號,291929.184,2623478.849,花蓮縣萬榮鄉萬榮村萬榮２號
10015,1001512,萬榮村,1,,萬榮,,,３號之1,291894.13,2623483.02,花蓮縣萬榮鄉萬榮村萬榮３號之1
10015,1001512,萬榮村,1,,萬榮,,,３之２號,291913.72,2623479.78,花蓮縣萬榮鄉萬榮村萬榮３之２號
10015,1001512,萬榮村,1,,萬榮,,,３號,291921.138,2623479.691,花蓮縣萬榮鄉萬榮村萬榮３號
10015,1001512,萬榮村,1,,萬榮,,,５之２號,291879.214,2623453.36,花蓮縣萬榮鄉萬榮村萬榮５之２號
10015,1001512,萬榮村,1,,萬榮,,,５號,291884.56,2623444.07,花蓮縣萬榮鄉萬榮村萬榮５號
10015,1001512,萬榮村,1,,萬榮,,,６號,291858.747,2623490.855,花蓮縣萬榮鄉萬榮村萬榮６號
10015,1001512,萬榮村,1,,萬榮,,,７之２號,291903.33,2623431.62,花蓮縣萬榮鄉萬榮村萬榮７之２號
10015,1001512,萬榮村,1,,萬榮,,,８號（萬榮村活動中心）,291820.87,2623461.29,花蓮縣萬榮鄉萬榮村萬榮８號（萬榮村活動中心）
10015,1001512,萬榮村,1,,萬榮,,,９之１號,291825.791,2623443.837,花蓮縣萬榮鄉萬榮村萬榮９之１號
10015,1001512,萬榮村,1,,萬榮,,,９號,291810.02,2623440.66,花蓮縣萬榮鄉萬榮村萬榮９號
10015,1001512,萬榮村,1,,萬榮,,,１０之６號,291842.985,2623426.031,花蓮縣萬榮鄉萬榮村萬榮１０之６號
10015,1001512,萬榮村,1,,萬榮,,,１０之４號,291825.645,2623392.685,花蓮縣萬榮鄉萬榮村萬榮１０之４號
10015,1001512,萬榮村,1,,萬榮,,,１０之１號,291793.784,2623407.087,花蓮縣萬榮鄉萬榮村萬榮１０之１號
10015,1001512,萬榮村,1,,萬榮,,,１０號,291822.11,2623431.98,花蓮縣萬榮鄉萬榮村萬榮１０號
10015,1001512,萬榮村,1,,萬榮,,,１０號之１,291795.24,2623404.11,花蓮縣萬榮鄉萬榮村萬榮１０號之１
10015,1001512,萬榮村,1,,萬榮,,,１０號之２,291823.67,2623401.29,花蓮縣萬榮鄉萬榮村萬榮１０號之２
10015,1001512,萬榮村,1,,萬榮,,,１０號之３,291818.93,2623417.43,花蓮縣萬榮鄉萬榮村萬榮１０號之３
10015,1001512,萬榮村,1,,萬榮,,,１２號（花蓮縣萬榮鄉戶政事務所）,291720.24,2623584.66,花蓮縣萬榮鄉萬榮村萬榮１２號（花蓮縣萬榮鄉戶政事務所）
10015,1001512,萬榮村,1,,萬榮,,,１６號（花蓮縣萬榮鄉衛生所）,291720.24,2623584.66,花蓮縣萬榮鄉萬榮村萬榮１６號（花蓮縣萬榮鄉衛生所）
10015,1001512,萬榮村,1,,萬榮,,,１７之２號,291781.519,2623469.405,花蓮縣萬榮鄉萬榮村萬榮１７之２號
10015,1001512,萬榮村,1,,萬榮,,,１７號,291778.538,2623485.894,花蓮縣萬榮鄉萬榮村萬榮１７號
10015,1001512,萬榮村,1,,萬榮,,,１７號之１,291779.72,2623476.68,花蓮縣萬榮鄉萬榮村萬榮１７號之１
10015,1001512,萬榮村,1,,萬榮,,,１９之１號（萬榮鄉公所供公眾使用建築物）,291870.78,2623524.11,花蓮縣萬榮鄉萬榮村萬榮１９之１號（萬榮鄉公所供公眾使用建築物）
10015,1001512,萬榮村,1,,萬榮,,,１９號（花蓮縣萬榮鄉公所）（花蓮縣,291909.93,2623520.53,花蓮縣萬榮鄉萬榮村萬榮１９號（花蓮縣萬榮鄉公所）（花蓮縣
10015,1001512,萬榮村,2,,萬榮,,,２３號,291850.41,2623510.75,花蓮縣萬榮鄉萬榮村萬榮２３號
10015,1001512,萬榮村,2,,萬榮,,,２７號,291834.149,2623558.053,花蓮縣萬榮鄉萬榮村萬榮２７號
10015,1001512,萬榮村,2,,萬榮,,,３０號,291880.792,2623558.508,花蓮縣萬榮鄉萬榮村萬榮３０號
10015,1001512,萬榮村,2,,萬榮,,,３０號之１,291884.49,2623534.29,花蓮縣萬榮鄉萬榮村萬榮３０號之１
10015,1001512,萬榮村,2,,萬榮,,,３２號,291946.36,2623636.12,花蓮縣萬榮鄉萬榮村萬榮３２號
10015,1001512,萬榮村,2,,萬榮,,,３２之１號,291909.69,2623645.94,花蓮縣萬榮鄉萬榮村萬榮３２之１號
10015,1001512,萬榮村,2,,萬榮,,,３６號,291878.411,2623652.385,花蓮縣萬榮鄉萬榮村萬榮３６號
10015,1001512,萬榮村,2,,萬榮,,,３７號,291871.899,2623662.362,花蓮縣萬榮鄉萬榮村萬榮３７號
10015,1001512,萬榮村,2,,萬榮,,,３８之１０號,292497.82,2623647.61,花蓮縣萬榮鄉萬榮村萬榮３８之１０號
10015,1001512,萬榮村,2,,萬榮,,,３８之２號,291882.93,2623715.22,花蓮縣萬榮鄉萬榮村萬榮３８之２號
10015,1001512,萬榮村,2,,萬榮,,,３８之６號（農業資材室）,291843.92,2623785.13,花蓮縣萬榮鄉萬榮村萬榮３８之６號（農業資材室）
10015,1001512,萬榮村,2,,萬榮,,,３８之１２號（農業資材室）,292022.26,2623917.4,花蓮縣萬榮鄉萬榮村萬榮３８之１２號（農業資材室）
10015,1001512,萬榮村,2,,萬榮,,,３８之５號,291822.36,2623769.29,花蓮縣萬榮鄉萬榮村萬榮３８之５號
10015,1001512,萬榮村,2,,萬榮,,,３８之８號,292039.61,2623782.84,花蓮縣萬榮鄉萬榮村萬榮３８之８號
10015,1001512,萬榮村,2,,萬榮,,,３８之１８號（農業資材室）,292244.05,2623685.93,花蓮縣萬榮鄉萬榮村萬榮３８之１８號（農業資材室）
10015,1001512,萬榮村,2,,萬榮,,,３８之２２號（農業資材室）,292691.75,2623645.23,花蓮縣萬榮鄉萬榮村萬榮３８之２２號（農業資材室）
10015,1001512,萬榮村,2,,萬榮,,,３８之１６號,292141.66,2623770.62,花蓮縣萬榮鄉萬榮村萬榮３８之１６號
10015,1001512,萬榮村,2,,萬榮,,,３８之７號（農業資材室）,291883.4,2623704.11,花蓮縣萬榮鄉萬榮村萬榮３８之７號（農業資材室）
10015,1001512,萬榮村,2,,萬榮,,,３８之２０號（農業資材室）,292822.53,2623764.73,花蓮縣萬榮鄉萬榮村萬榮３８之２０號（農業資材室）
10015,1001512,萬榮村,2,,萬榮,,,３９號,291861.264,2623661.169,花蓮縣萬榮鄉萬榮村萬榮３９號
10015,1001512,萬榮村,2,,萬榮,,,４０號,291867.125,2623647.288,花蓮縣萬榮鄉萬榮村萬榮４０號
10015,1001512,萬榮村,2,,萬榮,,,４０號之１,291858.28,2623641.98,花蓮縣萬榮鄉萬榮村萬榮４０號之１
10015,1001512,萬榮村,2,,萬榮,,,４１之１號,291877.997,2623632.865,花蓮縣萬榮鄉萬榮村萬榮４１之１號
10015,1001512,萬榮村,2,,萬榮,,,４１號,291862.717,2623626.501,花蓮縣萬榮鄉萬榮村萬榮４１號
10015,1001512,萬榮村,2,,萬榮,,,４２之１號,291867.311,2623605.335,花蓮縣萬榮鄉萬榮村萬榮４２之１號
10015,1001512,萬榮村,2,,萬榮,,,４２號,291864.469,2623620.636,花蓮縣萬榮鄉萬榮村萬榮４２號
10015,1001512,萬榮村,2,,萬榮,,,４３號,291873.89,2623591.33,花蓮縣萬榮鄉萬榮村萬榮４３號
10015,1001512,萬榮村,3,,萬榮,,,４４號,291851.68,2623585.47,花蓮縣萬榮鄉萬榮村萬榮４４號
10015,1001512,萬榮村,3,,萬榮,,,４４號之1,291860.36,2623585.15,花蓮縣萬榮鄉萬榮村萬榮４４號之1
10015,1001512,萬榮村,3,,萬榮,,,４５號,291824.42,2623577.891,花蓮縣萬榮鄉萬榮村萬榮４５號
10015,1001512,萬榮村,3,,萬榮,,,４５之１號,291840.788,2623573.606,花蓮縣萬榮鄉萬榮村萬榮４５之１號
10015,1001512,萬榮村,3,,萬榮,,,４６號,291823.629,2623595.146,花蓮縣萬榮鄉萬榮村萬榮４６號
10015,1001512,萬榮村,3,,萬榮,,,４７號,291850.937,2623602.231,花蓮縣萬榮鄉萬榮村萬榮４７號
10015,1001512,萬榮村,3,,萬榮,,,４８之１號,291837.022,2623618.902,花蓮縣萬榮鄉萬榮村萬榮４８之１號
10015,1001512,萬榮村,3,,萬榮,,,４８號,291849.625,2623613.392,花蓮縣萬榮鄉萬榮村萬榮４８號
10015,1001512,萬榮村,3,,萬榮,,,４９號,291815.49,2623611.205,花蓮縣萬榮鄉萬榮村萬榮４９號
10015,1001512,萬榮村,3,,萬榮,,,４９之１號,291822.63,2623614.77,花蓮縣萬榮鄉萬榮村萬榮４９之１號
10015,1001512,萬榮村,3,,萬榮,,,５０號,291819.341,2623634.853,花蓮縣萬榮鄉萬榮村萬榮５０號
10015,1001512,萬榮村,3,,萬榮,,,５０之１號,291831.6,2623631.13,花蓮縣萬榮鄉萬榮村萬榮５０之１號
10015,1001512,萬榮村,3,,萬榮,,,５１之１號,291837.95,2623632.72,花蓮縣萬榮鄉萬榮村萬榮５１之１號
10015,1001512,萬榮村,3,,萬榮,,,５１號,291838.48,2623640.39,花蓮縣萬榮鄉萬榮村萬榮５１號
10015,1001512,萬榮村,3,,萬榮,,,５２號,291829.404,2623650.967,花蓮縣萬榮鄉萬榮村萬榮５２號
10015,1001512,萬榮村,3,,萬榮,,,５２之１號,291836.283,2623660.151,花蓮縣萬榮鄉萬榮村萬榮５２之１號
10015,1001512,萬榮村,3,,萬榮,,,５３號,291810.06,2623652.017,花蓮縣萬榮鄉萬榮村萬榮５３號
10015,1001512,萬榮村,3,,萬榮,,,５４號,291812.73,2623672.27,花蓮縣萬榮鄉萬榮村萬榮５４號
10015,1001512,萬榮村,3,,萬榮,,,５５之１號,291822.314,2623676.363,花蓮縣萬榮鄉萬榮村萬榮５５之１號
10015,1001512,萬榮村,3,,萬榮,,,５５號,291824.327,2623667.267,花蓮縣萬榮鄉萬榮村萬榮５５號
10015,1001512,萬榮村,4,,萬榮,,,５６號,291809.056,2623573.205,花蓮縣萬榮鄉萬榮村萬榮５６號
10015,1001512,萬榮村,4,,萬榮,,,５８之１號,291789.01,2623562.01,花蓮縣萬榮鄉萬榮村萬榮５８之１號
10015,1001512,萬榮村,4,,萬榮,,,５８號,291782.662,2623569.554,花蓮縣萬榮鄉萬榮村萬榮５８號
10015,1001512,萬榮村,4,,萬榮,,,５９號,291777.11,2623582.801,花蓮縣萬榮鄉萬榮村萬榮５９號
10015,1001512,萬榮村,4,,萬榮,,,６０號,291772.276,2623600.401,花蓮縣萬榮鄉萬榮村萬榮６０號
10015,1001512,萬榮村,4,,萬榮,,,６１之１號,291798.979,2623600.401,花蓮縣萬榮鄉萬榮村萬榮６１之１號
10015,1001512,萬榮村,4,,萬榮,,,６１號,291803.02,2623588.84,花蓮縣萬榮鄉萬榮村萬榮６１號
10015,1001512,萬榮村,4,,萬榮,,,６１之２號,291791.83,2623607.41,花蓮縣萬榮鄉萬榮村萬榮６１之２號
10015,1001512,萬榮村,4,,萬榮,,,６２號,291772.48,2623614.81,花蓮縣萬榮鄉萬榮村萬榮６２號
10015,1001512,萬榮村,4,,萬榮,,,６３號,291792.643,2623630.068,花蓮縣萬榮鄉萬榮村萬榮６３號
10015,1001512,萬榮村,4,,萬榮,,,６３號之１,291782.32,2623617.5,花蓮縣萬榮鄉萬榮村萬榮６３號之１
10015,1001512,萬榮村,4,,萬榮,,,６４號,291766.25,2623623.17,花蓮縣萬榮鄉萬榮村萬榮６４號
10015,1001512,萬榮村,4,,萬榮,,,６５之１號,291779.799,2623635.712,花蓮縣萬榮鄉萬榮村萬榮６５之１號
10015,1001512,萬榮村,4,,萬榮,,,６５號,291757.736,2623638.425,花蓮縣萬榮鄉萬榮村萬榮６５號
10015,1001512,萬榮村,4,,萬榮,,,６６號,291789.228,2623637.613,花蓮縣萬榮鄉萬榮村萬榮６６號
10015,1001512,萬榮村,4,,萬榮,,,６７之１號,291776.333,2623662.49,花蓮縣萬榮鄉萬榮村萬榮６７之１號
10015,1001512,萬榮村,4,,萬榮,,,６７號,291784.584,2623664.48,花蓮縣萬榮鄉萬榮村萬榮６７號
10015,1001512,萬榮村,4,,萬榮,,,６８之１號,291766.5,2623660.04,花蓮縣萬榮鄉萬榮村萬榮６８之１號
10015,1001512,萬榮村,4,,萬榮,,,６８之２號,291752.916,2623656.348,花蓮縣萬榮鄉萬榮村萬榮６８之２號
10015,1001512,萬榮村,4,,萬榮,,,６８號,291755.637,2623647.337,花蓮縣萬榮鄉萬榮村萬榮６８號
10015,1001512,萬榮村,5,,萬榮,,,６９號,291826.619,2623698.412,花蓮縣萬榮鄉萬榮村萬榮６９號
10015,1001512,萬榮村,5,,萬榮,,,６９之２號,291809.88,2623686.65,花蓮縣萬榮鄉萬榮村萬榮６９之２號
10015,1001512,萬榮村,5,,萬榮,,,７０號,291802.21,2623689.69,花蓮縣萬榮鄉萬榮村萬榮７０號
10015,1001512,萬榮村,5,,萬榮,,,７０號之１,291793.43,2623688.97,花蓮縣萬榮鄉萬榮村萬榮７０號之１
10015,1001512,萬榮村,5,,萬榮,,,７２號,291775.152,2623686.878,花蓮縣萬榮鄉萬榮村萬榮７２號
10015,1001512,萬榮村,5,,萬榮,,,７３號,291757.683,2623680.862,花蓮縣萬榮鄉萬榮村萬榮７３號
10015,1001512,萬榮村,5,,萬榮,,,７４號,291742.071,2623690.944,花蓮縣萬榮鄉萬榮村萬榮７４號
10015,1001512,萬榮村,5,,萬榮,,,７５號,291773.43,2623704.19,花蓮縣萬榮鄉萬榮村萬榮７５號
10015,1001512,萬榮村,5,,萬榮,,,７５號之１,291765.22,2623695.72,花蓮縣萬榮鄉萬榮村萬榮７５號之１
10015,1001512,萬榮村,5,,萬榮,,,７６號,291765.179,2623710.083,花蓮縣萬榮鄉萬榮村萬榮７６號
10015,1001512,萬榮村,5,,萬榮,,,７７號,291730.913,2623702.401,花蓮縣萬榮鄉萬榮村萬榮７７號
10015,1001512,萬榮村,5,,萬榮,,,７７號之１,291741.3,2623710.18,花蓮縣萬榮鄉萬榮村萬榮７７號之１
10015,1001512,萬榮村,5,,萬榮,,,７８號,291733.326,2623726.113,花蓮縣萬榮鄉萬榮村萬榮７８號
10015,1001512,萬榮村,5,,萬榮,,,７９號,291720.353,2623721.339,花蓮縣萬榮鄉萬榮村萬榮７９號
10015,1001512,萬榮村,5,,萬榮,,,８０號,291687.995,2623740.058,花蓮縣萬榮鄉萬榮村萬榮８０號
10015,1001512,萬榮村,5,,萬榮,,,８０之５號,291702.625,2623723.729,花蓮縣萬榮鄉萬榮村萬榮８０之５號
10015,1001512,萬榮村,5,,萬榮,,,８０之３號,291445.064,2623944.285,花蓮縣萬榮鄉萬榮村萬榮８０之３號
10015,1001512,萬榮村,5,,萬榮,,,８０之２號,291705.014,2623739.045,花蓮縣萬榮鄉萬榮村萬榮８０之２號
10015,1001512,萬榮村,5,,萬榮,,,８０之６號（農業資材室）,291479.48,2623933.52,花蓮縣萬榮鄉萬榮村萬榮８０之６號（農業資材室）
10015,1001512,萬榮村,6,,萬榮,,,８３號,293451.21,2624706.45,花蓮縣萬榮鄉萬榮村萬榮８３號
10015,1001512,萬榮村,6,,萬榮,,,９１號,293583.58,2624429.73,花蓮縣萬榮鄉萬榮村萬榮９１號
10015,1001512,萬榮村,6,,萬榮,,,９３之１號,293225.68,2624952.42,花蓮縣萬榮鄉萬榮村萬榮９３之１號
10015,1001512,萬榮村,6,,萬榮,,,９４之１號,293507.48,2624456.7,花蓮縣萬榮鄉萬榮村萬榮９４之１號
10015,1001512,萬榮村,6,,萬榮,,,９４之３號,293560.19,2624526.35,花蓮縣萬榮鄉萬榮村萬榮９４之３號
10015,1001512,萬榮村,6,,萬榮,,,９４之６號,293701.53,2624675.92,花蓮縣萬榮鄉萬榮村萬榮９４之６號
10015,1001512,萬榮村,6,,萬榮,,,９７號,293551.42,2624484.57,花蓮縣萬榮鄉萬榮村萬榮９７號
10015,1001512,萬榮村,6,,萬榮,,,９９號,293552.1,2624441.61,花蓮縣萬榮鄉萬榮村萬榮９９號
10015,1001512,萬榮村,6,,萬榮,,,１０７號,292765.18,2625036.99,花蓮縣萬榮鄉萬榮村萬榮１０７號
10015,1001512,萬榮村,7,,萬榮,,,１２２號,291668.877,2623728.689,花蓮縣萬榮鄉萬榮村萬榮１２２號
10015,1001512,萬榮村,7,,萬榮,,,１２３之１號,291684.62,2623710.63,花蓮縣萬榮鄉萬榮村萬榮１２３之１號
10015,1001512,萬榮村,7,,萬榮,,,１２３號,291690.217,2623705.411,花蓮縣萬榮鄉萬榮村萬榮１２３號
10015,1001512,萬榮村,7,,萬榮,,,１２４之１號,291719,2623668.51,花蓮縣萬榮鄉萬榮村萬榮１２４之１號
10015,1001512,萬榮村,7,,萬榮,,,１２４號（萬榮鄉文物館）,291703.18,2623686.75,花蓮縣萬榮鄉萬榮村萬榮１２４號（萬榮鄉文物館）
10015,1001512,萬榮村,7,,萬榮,,,１２６號,291638.771,2623729.904,花蓮縣萬榮鄉萬榮村萬榮１２６號
10015,1001512,萬榮村,7,,萬榮,,,１２７號,291646.881,2623723.234,花蓮縣萬榮鄉萬榮村萬榮１２７號
10015,1001512,萬榮村,7,,萬榮,,,１２７之２號,291636.29,2623711.72,花蓮縣萬榮鄉萬榮村萬榮１２７之２號
10015,1001512,萬榮村,7,,萬榮,,,１３０號,291644.575,2623700.257,花蓮縣萬榮鄉萬榮村萬榮１３０號
10015,1001512,萬榮村,7,,萬榮,,,１３１號,291675.558,2623703.943,花蓮縣萬榮鄉萬榮村萬榮１３１號
10015,1001512,萬榮村,7,,萬榮,,,１３２號,291657.17,2623693.982,花蓮縣萬榮鄉萬榮村萬榮１３２號
10015,1001512,萬榮村,7,,萬榮,,,１３３號,291640.501,2623678.673,花蓮縣萬榮鄉萬榮村萬榮１３３號
10015,1001512,萬榮村,7,,萬榮,,,１３４號,291646.23,2623672.38,花蓮縣萬榮鄉萬榮村萬榮１３４號
10015,1001512,萬榮村,7,,萬榮,,,１３５號,291668.91,2623682.78,花蓮縣萬榮鄉萬榮村萬榮１３５號
10015,1001512,萬榮村,7,,萬榮,,,１３６號,291683.326,2623689.895,花蓮縣萬榮鄉萬榮村萬榮１３６號
10015,1001512,萬榮村,7,,萬榮,,,１３７號,291671.68,2623668.91,花蓮縣萬榮鄉萬榮村萬榮１３７號
10015,1001512,萬榮村,7,,萬榮,,,１３７之１號,291670.87,2623661.669,花蓮縣萬榮鄉萬榮村萬榮１３７之１號
10015,1001512,萬榮村,7,,萬榮,,,１３８號,291654.971,2623648.181,花蓮縣萬榮鄉萬榮村萬榮１３８號
10015,1001512,萬榮村,7,,萬榮,,,１４０號,291689.889,2623671.016,花蓮縣萬榮鄉萬榮村萬榮１４０號
10015,1001512,萬榮村,7,,萬榮,,,１４１號,291704.725,2623657.138,花蓮縣萬榮鄉萬榮村萬榮１４１號
10015,1001512,萬榮村,7,,萬榮,,,１４１之２號,291629.038,2623699.631,花蓮縣萬榮鄉萬榮村萬榮１４１之２號
10015,1001512,萬榮村,7,,萬榮,,,１４１之１號（魯巴斯基督長老教會）,291621.62,2623704.48,花蓮縣萬榮鄉萬榮村萬榮１４１之１號（魯巴斯基督長老教會）
10015,1001512,萬榮村,8,,萬榮,,,１４２之２號,291676.43,2623634.46,花蓮縣萬榮鄉萬榮村萬榮１４２之２號
10015,1001512,萬榮村,8,,萬榮,,,１４２號,291663.135,2623625.616,花蓮縣萬榮鄉萬榮村萬榮１４２號
10015,1001512,萬榮村,8,,萬榮,,,１４２之１號,291647.946,2623622.822,花蓮縣萬榮鄉萬榮村萬榮１４２之１號
10015,1001512,萬榮村,8,,萬榮,,,１４３之１號,291678.8,2623624.28,花蓮縣萬榮鄉萬榮村萬榮１４３之１號
10015,1001512,萬榮村,8,,萬榮,,,１４３號,291683.03,2623635.12,花蓮縣萬榮鄉萬榮村萬榮１４３號
10015,1001512,萬榮村,8,,萬榮,,,１４４之１號,291717.919,2623646.56,花蓮縣萬榮鄉萬榮村萬榮１４４之１號
10015,1001512,萬榮村,8,,萬榮,,,１４４號,291709.783,2623644.159,花蓮縣萬榮鄉萬榮村萬榮１４４號
10015,1001512,萬榮村,8,,萬榮,,,１４５號,291735.993,2623651.814,花蓮縣萬榮鄉萬榮村萬榮１４５號
10015,1001512,萬榮村,8,,萬榮,,,１４６號,291737.523,2623620.97,花蓮縣萬榮鄉萬榮村萬榮１４６號
10015,1001512,萬榮村,8,,萬榮,,,１４７之１號,291721.781,2623624.005,花蓮縣萬榮鄉萬榮村萬榮１４７之１號
10015,1001512,萬榮村,8,,萬榮,,,１４７號,291710.266,2623623.06,花蓮縣萬榮鄉萬榮村萬榮１４７號
10015,1001512,萬榮村,8,,萬榮,,,１４８之１號,291694.006,2623610.898,花蓮縣萬榮鄉萬榮村萬榮１４８之１號
10015,1001512,萬榮村,8,,萬榮,,,１４８號,291692.356,2623619.488,花蓮縣萬榮鄉萬榮村萬榮１４８號
10015,1001512,萬榮村,8,,萬榮,,,１４９號,291671.055,2623595.419,花蓮縣萬榮鄉萬榮村萬榮１４９號
10015,1001512,萬榮村,8,,萬榮,,,１５０之１號,291682.344,2623589.25,花蓮縣萬榮鄉萬榮村萬榮１５０之１號
10015,1001512,萬榮村,8,,萬榮,,,１５０號,291674.602,2623588.285,花蓮縣萬榮鄉萬榮村萬榮１５０號
10015,1001512,萬榮村,8,,萬榮,,,１５１號,291691.298,2623599.562,花蓮縣萬榮鄉萬榮村萬榮１５１號
10015,1001512,萬榮村,8,,萬榮,,,１５２號,291716.591,2623606.037,花蓮縣萬榮鄉萬榮村萬榮１５２號
10015,1001512,萬榮村,8,,萬榮,,,１５２之１號,291726.195,2623609.075,花蓮縣萬榮鄉萬榮村萬榮１５２之１號
10015,1001512,萬榮村,8,,萬榮,,,１５２之２號,291714.14,2623598.26,花蓮縣萬榮鄉萬榮村萬榮１５２之２號
10015,1001512,萬榮村,8,,萬榮,,,１５３號,291739.127,2623612.306,花蓮縣萬榮鄉萬榮村萬榮１５３號
10015,1001512,萬榮村,8,,萬榮,,,１５４號,291750.805,2623594.379,花蓮縣萬榮鄉萬榮村萬榮１５４號
10015,1001512,萬榮村,8,,萬榮,,,１５５號,291730.73,2623585.97,花蓮縣萬榮鄉萬榮村萬榮１５５號
10015,1001512,萬榮村,8,,萬榮,,,１５５之１號,291729.64,2623581.51,花蓮縣萬榮鄉萬榮村萬榮１５５之１號
10015,1001512,萬榮村,8,,萬榮,,,１５６號,291702.889,2623580.209,花蓮縣萬榮鄉萬榮村萬榮１５６號
10015,1001512,萬榮村,8,,萬榮,,,１５７號,291680.976,2623569.141,花蓮縣萬榮鄉萬榮村萬榮１５７號
10015,1001512,萬榮村,8,,萬榮,,,１５７之１號,291663.411,2623561.093,花蓮縣萬榮鄉萬榮村萬榮１５７之１號
10015,1001512,萬榮村,8,,萬榮,,,１５７之２號,291658.127,2623582.729,花蓮縣萬榮鄉萬榮村萬榮１５７之２號
10015,1001512,萬榮村,8,,萬榮,,,１５８之２號,291675.73,2623536.338,花蓮縣萬榮鄉萬榮村萬榮１５８之２號
10015,1001512,萬榮村,8,,萬榮,,,１５８之１號,291670.954,2623547.983,花蓮縣萬榮鄉萬榮村萬榮１５８之１號
10015,1001512,萬榮村,8,,萬榮,,,１５８號,291681.31,2623555.646,花蓮縣萬榮鄉萬榮村萬榮１５８號
10015,1001512,萬榮村,8,,萬榮,,,１５９號,291704.137,2623563.889,花蓮縣萬榮鄉萬榮村萬榮１５９號
10015,1001512,萬榮村,8,,萬榮,,,１６０號,291727.39,2623570.62,花蓮縣萬榮鄉萬榮村萬榮１６０號
10015,1001512,萬榮村,8,,萬榮,,,１６１號,291755.85,2623581.18,花蓮縣萬榮鄉萬榮村萬榮１６１號
10015,1001512,萬榮村,8,,萬榮,,,１６２之２號,291760.35,2623568.35,花蓮縣萬榮鄉萬榮村萬榮１６２之２號
10015,1001512,萬榮村,8,,萬榮,,,１６２之１號,291753.81,2623560.12,花蓮縣萬榮鄉萬榮村萬榮１６２之１號
10015,1001512,萬榮村,8,,萬榮,,,１６２號,291760.432,2623556.02,花蓮縣萬榮鄉萬榮村萬榮１６２號
10015,1001512,萬榮村,8,,萬榮,,,１６３號,291728.182,2623556.485,花蓮縣萬榮鄉萬榮村萬榮１６３號
10015,1001512,萬榮村,8,,萬榮,,,１６３之１號,291743.56,2623554.66,花蓮縣萬榮鄉萬榮村萬榮１６３之１號
10015,1001512,萬榮村,8,,萬榮,,,１６３之２號,291735.99,2623558.68,花蓮縣萬榮鄉萬榮村萬榮１６３之２號
10015,1001512,萬榮村,8,,萬榮,,,１６４之１號,291697.807,2623546.749,花蓮縣萬榮鄉萬榮村萬榮１６４之１號
10015,1001512,萬榮村,8,,萬榮,,,１６４號,291711.178,2623551.638,花蓮縣萬榮鄉萬榮村萬榮１６４號
10015,1001512,萬榮村,8,,萬榮,,,１６５之１號,291690.809,2623539.618,花蓮縣萬榮鄉萬榮村萬榮１６５之１號
10015,1001512,萬榮村,8,,萬榮,,,１６５號,291688.268,2623544.852,花蓮縣萬榮鄉萬榮村萬榮１６５號
10015,1001512,萬榮村,8,,萬榮,,,１６６號,291695.438,2623526.394,花蓮縣萬榮鄉萬榮村萬榮１６６號
10015,1001512,萬榮村,8,,萬榮,,,１６６之１號,291679.81,2623512.679,花蓮縣萬榮鄉萬榮村萬榮１６６之１號
10015,1001512,萬榮村,8,,萬榮,,,１６７之１號,291719.97,2623531.61,花蓮縣萬榮鄉萬榮村萬榮１６７之１號
10015,1001512,萬榮村,8,,萬榮,,,１６７號,291710.138,2623529.81,花蓮縣萬榮鄉萬榮村萬榮１６７號
10015,1001512,萬榮村,8,,萬榮,,,１６８號,291747.12,2623540.39,花蓮縣萬榮鄉萬榮村萬榮１６８號
10015,1001512,萬榮村,8,,萬榮,,,１６８號之１,291734.53,2623513.33,花蓮縣萬榮鄉萬榮村萬榮１６８號之１
10015,1001512,萬榮村,8,,萬榮,,,１６９之１號,291749.55,2623519.69,花蓮縣萬榮鄉萬榮村萬榮１６９之１號
10015,1001512,萬榮村,8,,萬榮,,,１６９號,291745.433,2623515.023,花蓮縣萬榮鄉萬榮村萬榮１６９號
10015,1001512,萬榮村,8,,萬榮,,,１７０號,291714.513,2623512.565,花蓮縣萬榮鄉萬榮村萬榮１７０號
10015,1001512,萬榮村,8,,萬榮,,,１７１號,291699.598,2623510.665,花蓮縣萬榮鄉萬榮村萬榮１７１號
10015,1001512,萬榮村,8,,萬榮,,,１７１之１號,291681.84,2623506.86,花蓮縣萬榮鄉萬榮村萬榮１７１之１號
10015,1001512,萬榮村,8,,萬榮,,,１７２號,291734.052,2623502.713,花蓮縣萬榮鄉萬榮村萬榮１７２號
10015,1001512,萬榮村,8,,萬榮,,,１７２號之１,291750.92,2623502.7,花蓮縣萬榮鄉萬榮村萬榮１７２號之１
10015,1001512,萬榮村,8,,萬榮,,,１７３號,291750.352,2623493.678,花蓮縣萬榮鄉萬榮村萬榮１７３號
10015,1001512,萬榮村,8,,萬榮,,,１７３之１號,291754.39,2623487.48,花蓮縣萬榮鄉萬榮村萬榮１７３之１號
10015,1001512,萬榮村,8,,萬榮,,,１７４號,291739.468,2623490.491,花蓮縣萬榮鄉萬榮村萬榮１７４號
10015,1001512,萬榮村,8,,萬榮,,,１７５號,291720.447,2623497.424,花蓮縣萬榮鄉萬榮村萬榮１７５號
10015,1001512,萬榮村,8,,萬榮,,,１７６之１號,291748.444,2623451.628,花蓮縣萬榮鄉萬榮村萬榮１７６之１號
10015,1001512,萬榮村,8,,萬榮,,,１７６號,291742.678,2623476.043,花蓮縣萬榮鄉萬榮村萬榮１７６號
10015,1001512,萬榮村,8,,萬榮,,,１７６之２號,291740.54,2623463.34,花蓮縣萬榮鄉萬榮村萬榮１７６之２號
10015,1001512,萬榮村,8,,萬榮,,,１７７之１號,291754.31,2623467.9,花蓮縣萬榮鄉萬榮村萬榮１７７之１號
10015,1001512,萬榮村,8,,萬榮,,,１７７號,291753.819,2623475.913,花蓮縣萬榮鄉萬榮村萬榮１７７號
10015,1001512,萬榮村,8,,萬榮,,,１７９號,291724.676,2623481.421,花蓮縣萬榮鄉萬榮村萬榮１７９號
10015,1001512,萬榮村,8,,萬榮,,,１８０之６號,289851.594,2624090.25,花蓮縣萬榮鄉萬榮村萬榮１８０之６號
10015,1001512,萬榮村,8,,萬榮,,,１８０之３號,289802.688,2624094.75,花蓮縣萬榮鄉萬榮村萬榮１８０之３號
10015,1001512,萬榮村,8,,萬榮,,,１８０之５號,289786.35,2624093.051,花蓮縣萬榮鄉萬榮村萬榮１８０之５號
10015,1001512,萬榮村,8,,萬榮,,,１８０之１號,290267.56,2624162.36,花蓮縣萬榮鄉萬榮村萬榮１８０之１號
10015,1001512,萬榮村,8,,萬榮,,,１８０之８號（農業資材室）,289755.34,2624109,花蓮縣萬榮鄉萬榮村萬榮１８０之８號（農業資材室）
10015,1001512,萬榮村,8,,萬榮,,,１８０之２號,290292.65,2624190.92,花蓮縣萬榮鄉萬榮村萬榮１８０之２號
10015,1001512,萬榮村,8,,萬榮,,,１８０號,289682.937,2624196,花蓮縣萬榮鄉萬榮村萬榮１８０號
10015,1001512,萬榮村,8,,萬榮,,,１８９號（農業資材室）,291334.83,2624284.67,花蓮縣萬榮鄉萬榮村萬榮１８９號（農業資材室）
10015,1001512,萬榮村,8,,萬榮,,,１９６之１號,291753.81,2624458.96,花蓮縣萬榮鄉萬榮村萬榮１９６之１號
10015,1001512,萬榮村,8,,萬榮,,,１９６之２號,291811.63,2624531.26,花蓮縣萬榮鄉萬榮村萬榮１９６之２號
10015,1001512,萬榮村,8,,萬榮,,,１９６之８號,292032.41,2624665.56,花蓮縣萬榮鄉萬榮村萬榮１９６之８號
10015,1001512,萬榮村,8,,萬榮,,,２００號,291637.26,2624707.07,花蓮縣萬榮鄉萬榮村萬榮２００號
10015,1001512,萬榮村,8,,萬榮,,,２１１之１號,291336.92,2623837.74,花蓮縣萬榮鄉萬榮村萬榮２１１之１號
10015,1001512,萬榮村,8,,萬榮,,,２１１號（萬榮清潔隊管理室）,291342.74,2623974.27,花蓮縣萬榮鄉萬榮村萬榮２１１號（萬榮清潔隊管理室）
10015,1001512,萬榮村,8,,萬榮,,,２１１之２號,291386.4,2623821.48,花蓮縣萬榮鄉萬榮村萬榮２１１之２號
10015,1001512,萬榮村,8,,萬榮,,,２１５號,291351.92,2624907.51,花蓮縣萬榮鄉萬榮村萬榮２１５號
10015,1001512,萬榮村,8,,萬榮,,,２１８之１號,291029.094,2623911.25,花蓮縣萬榮鄉萬榮村萬榮２１８之１號
10015,1001512,萬榮村,8,,萬榮,,,２１９號,290970.656,2623929.75,花蓮縣萬榮鄉萬榮村萬榮２１９號
10015,1001512,萬榮村,8,,萬榮,,,２２０之１０號,290105.42,2623677.9,花蓮縣萬榮鄉萬榮村萬榮２２０之１０號
10015,1001512,萬榮村,8,,萬榮,,,２２０之１號,290455.554,2623598.631,花蓮縣萬榮鄉萬榮村萬榮２２０之１號
10015,1001512,西林村,8,,西林,,,１１５之８號,295085.02,2634518.12,花蓮縣萬榮鄉西林村西林１１５之８號
10015,1001512,西林村,6,,西林,,,９４之１號,294677.49,2634406.21,花蓮縣萬榮鄉西林村西林９４之１號
10015,1001512,西林村,4,,西林,,,４９之５號,294449.44,2634538.76,花蓮縣萬榮鄉西林村西林４９之５號
10015,1001512,西林村,1,,西林,,,１１號之１,293912.128,2635224.653,花蓮縣萬榮鄉西林村西林１１號之１
10015,1001512,西林村,1,,西林,,,１之１號,293674.16,2635689.63,花蓮縣萬榮鄉西林村西林１之１號
10015,1001512,西林村,4,,西林,,,４９之３號,294442.21,2634535.14,花蓮縣萬榮鄉西林村西林４９之３號
10015,1001512,西林村,8,,西林,,,１３１號（萬榮鄉村衛生室）（萬榮鄉西林村衛生室）,295017.99,2633975.84,花蓮縣萬榮鄉西林村西林１３１號（萬榮鄉村衛生室）（萬榮鄉西林村衛生室）
10015,1001512,西林村,1,,西林,,,１４號之１,293974.32,2635215.79,花蓮縣萬榮鄉西林村西林１４號之１
10015,1001512,西林村,3,,西林,,,３２號之１,294356.05,2634720.37,花蓮縣萬榮鄉西林村西林３２號之１
10015,1001512,西林村,3,,西林,,,３６號之1,294408.09,2634718.03,花蓮縣萬榮鄉西林村西林３６號之1
10015,1001512,西林村,12,,西林,,,２１６號,295278,2633212,花蓮縣萬榮鄉西林村西林２１６號
10015,1001512,西林村,6,,西林,,,８３之２號,294537.48,2634560.42,花蓮縣萬榮鄉西林村西林８３之２號
10015,1001512,西林村,4,,西林,,,４６之３號,294439.67,2634596.65,花蓮縣萬榮鄉西林村西林４６之３號
10015,1001512,西林村,4,,西林,,,４５號,294425.13,2634608.85,花蓮縣萬榮鄉西林村西林４５號
10015,1001512,西林村,4,,西林,,,４９號之２,294440.19,2634552.13,花蓮縣萬榮鄉西林村西林４９號之２
10015,1001512,西林村,8,,西林,,,１４５號之１,295128.32,2633921.47,花蓮縣萬榮鄉西林村西林１４５號之１
10015,1001512,西林村,10,,西林,,,１７２號之１,295153.94,2633598.98,花蓮縣萬榮鄉西林村西林１７２號之１
10015,1001512,西林村,3,,西林,,,４１之１號,294413.18,2634657.2,花蓮縣萬榮鄉西林村西林４１之１號
10015,1001512,西林村,1,,西林,,,１之５號,293797.61,2635400.29,花蓮縣萬榮鄉西林村西林１之５號
10015,1001512,西林村,2,,西林,,,２６之１０號,294220.08,2635279.44,花蓮縣萬榮鄉西林村西林２６之１０號
10015,1001512,西林村,10,,西林,,,１８１號,295119.75,2633380.1,花蓮縣萬榮鄉西林村西林１８１號
10015,1001512,西林村,7,,西林,,,１０４之１號,294723.59,2634303.47,花蓮縣萬榮鄉西林村西林１０４之１號
10015,1001512,西林村,5,,西林,,,７９之５號,294627.18,2634346.91,花蓮縣萬榮鄉西林村西林７９之５號
10015,1001512,西林村,9,,西林,,,１５４之２號,295217.857,2633917.123,花蓮縣萬榮鄉西林村西林１５４之２號
10015,1001512,西林村,11,,西林,,,１９２之１號（臺灣基督長老教會）,295215.29,2633290.04,花蓮縣萬榮鄉西林村西林１９２之１號（臺灣基督長老教會）
10015,1001512,西林村,7,,西林,,,９５之８號（農業資材室）,294870.92,2634544.94,花蓮縣萬榮鄉西林村西林９５之８號（農業資材室）
10015,1001512,西林村,12,,西林,,,２１０之２號（農業資材室）,295243.41,2632957.27,花蓮縣萬榮鄉西林村西林２１０之２號（農業資材室）
10015,1001512,西林村,9,,西林,,,１５３號,295206.27,2633865.52,花蓮縣萬榮鄉西林村西林１５３號
10015,1001512,西林村,9,,西林,,,１６６之２號,295221.68,2633824.32,花蓮縣萬榮鄉西林村西林１６６之２號
10015,1001512,西林村,7,,西林,,,１０９之２號,294793.28,2634242.95,花蓮縣萬榮鄉西林村西林１０９之２號
10015,1001512,西林村,2,,西林,,,１５之６號,294012.56,2635264.56,花蓮縣萬榮鄉西林村西林１５之６號
10015,1001512,西林村,8,,西林,,,１２７號（萬榮鄉村舊衛生室）（萬榮鄉西林村舊衛生室）,295017.68,2633997.16,花蓮縣萬榮鄉西林村西林１２７號（萬榮鄉村舊衛生室）（萬榮鄉西林村舊衛生室）
10015,1001512,西林村,9,,西林,,,１５１之１號,295197.46,2633879.02,花蓮縣萬榮鄉西林村西林１５１之１號
10015,1001512,西林村,5,,西林,,,７１之２號,294569.1,2634490.72,花蓮縣萬榮鄉西林村西林７１之２號
10015,1001512,西林村,1,,西林,,,８號,293907.74,2635254.52,花蓮縣萬榮鄉西林村西林８號
10015,1001512,西林村,2,,西林,,,２８之２號,294104.94,2634901.51,花蓮縣萬榮鄉西林村西林２８之２號
10015,1001512,西林村,4,,西林,,,５９之１號,294498.41,2634637.21,花蓮縣萬榮鄉西林村西林５９之１號
10015,1001512,西林村,3,,西林,,,３１之１號,294379.3,2634724.01,花蓮縣萬榮鄉西林村西林３１之１號
10015,1001512,西林村,1,,西林,,,１之４號,293729.74,2635670.29,花蓮縣萬榮鄉西林村西林１之４號
10015,1001512,西林村,1,,西林,,,１之２號,293760.21,2635358.38,花蓮縣萬榮鄉西林村西林１之２號
10015,1001512,西林村,1,,西林,,,１之３號,293794.44,2635696.23,花蓮縣萬榮鄉西林村西林１之３號
10015,1001512,西林村,1,,西林,,,２號,293857.793,2635286.125,花蓮縣萬榮鄉西林村西林２號
10015,1001512,西林村,1,,西林,,,３號,293849.262,2635276.259,花蓮縣萬榮鄉西林村西林３號
10015,1001512,西林村,1,,西林,,,３之１號,293847.466,2635292.628,花蓮縣萬榮鄉西林村西林３之１號
10015,1001512,西林村,1,,西林,,,４號之１,293881.43,2635261.69,花蓮縣萬榮鄉西林村西林４號之１
10015,1001512,西林村,1,,西林,,,４號之３,293865.82,2635248.72,花蓮縣萬榮鄉西林村西林４號之３
10015,1001512,西林村,1,,西林,,,５之１號,293879.014,2635295.908,花蓮縣萬榮鄉西林村西林５之１號
10015,1001512,西林村,1,,西林,,,５號,293885.536,2635300.718,花蓮縣萬榮鄉西林村西林５號
10015,1001512,西林村,1,,西林,,,６之１號,293903.04,2635279.88,花蓮縣萬榮鄉西林村西林６之１號
10015,1001512,西林村,1,,西林,,,７號,293912.689,2635289.822,花蓮縣萬榮鄉西林村西林７號
10015,1001512,西林村,1,,西林,,,７號之１,293911.23,2635302.65,花蓮縣萬榮鄉西林村西林７號之１
10015,1001512,西林村,1,,西林,,,８之２號,293933.857,2635277.65,花蓮縣萬榮鄉西林村西林８之２號
10015,1001512,西林村,1,,西林,,,８之１號,293929.04,2635262.59,花蓮縣萬榮鄉西林村西林８之１號
10015,1001512,西林村,1,,西林,,,８號之１,293923.88,2635265.9,花蓮縣萬榮鄉西林村西林８號之１
10015,1001512,西林村,1,,西林,,,１０之１號,293884.067,2635197.019,花蓮縣萬榮鄉西林村西林１０之１號
10015,1001512,西林村,1,,西林,,,１０號之１,293890.02,2635198.2,花蓮縣萬榮鄉西林村西林１０號之１
10015,1001512,西林村,1,,西林,,,１１號,293934.371,2635196.531,花蓮縣萬榮鄉西林村西林１１號
10015,1001512,西林村,1,,西林,,,１１之１號,293912.128,2635224.653,花蓮縣萬榮鄉西林村西林１１之１號
10015,1001512,西林村,1,,西林,,,１２之１號,293922.632,2635240.813,花蓮縣萬榮鄉西林村西林１２之１號
10015,1001512,西林村,1,,西林,,,１２號,293937.064,2635239.211,花蓮縣萬榮鄉西林村西林１２號
10015,1001512,西林村,1,,西林,,,１３之１號,293964.645,2635246.899,花蓮縣萬榮鄉西林村西林１３之１號
10015,1001512,西林村,1,,西林,,,１３號,293958.708,2635254.661,花蓮縣萬榮鄉西林村西林１３號
10015,1001512,西林村,1,,西林,,,１４號,293951.83,2635221.87,花蓮縣萬榮鄉西林村西林１４號
10015,1001512,西林村,1,,西林,,,１４之１號,293982.926,2635220.953,花蓮縣萬榮鄉西林村西林１４之１號
10015,1001512,西林村,2,,西林,,,１５之２號,293999.434,2635209.661,花蓮縣萬榮鄉西林村西林１５之２號
10015,1001512,西林村,2,,西林,,,１５號,293983.72,2635202.64,花蓮縣萬榮鄉西林村西林１５號
10015,1001512,西林村,2,,西林,,,１５之１號,293980.777,2635183.819,花蓮縣萬榮鄉西林村西林１５之１號
10015,1001512,西林村,2,,西林,,,１６號,293977.961,2635195.949,花蓮縣萬榮鄉西林村西林１６號
10015,1001512,西林村,2,,西林,,,１７號,293965.401,2635171.036,花蓮縣萬榮鄉西林村西林１７號
10015,1001512,西林村,2,,西林,,,１８號,293970.745,2635161.669,花蓮縣萬榮鄉西林村西林１８號
10015,1001512,西林村,2,,西林,,,１９號,293986.585,2635173.272,花蓮縣萬榮鄉西林村西林１９號
10015,1001512,西林村,2,,西林,,,１９之２號,294010.698,2635197.531,花蓮縣萬榮鄉西林村西林１９之２號
10015,1001512,西林村,2,,西林,,,２０之１號,294032.661,2635189.256,花蓮縣萬榮鄉西林村西林２０之１號
10015,1001512,西林村,2,,西林,,,２０號,294023.209,2635171.826,花蓮縣萬榮鄉西林村西林２０號
10015,1001512,西林村,2,,西林,,,２１號,293975.22,2635143.64,花蓮縣萬榮鄉西林村西林２１號
10015,1001512,西林村,2,,西林,,,２２號,293998.407,2635117.042,花蓮縣萬榮鄉西林村西林２２號
10015,1001512,西林村,2,,西林,,,２２之１號,294000.519,2635103.858,花蓮縣萬榮鄉西林村西林２２之１號
10015,1001512,西林村,2,,西林,,,２３號,294008.632,2635084.819,花蓮縣萬榮鄉西林村西林２３號
10015,1001512,西林村,2,,西林,,,２４號,294021.485,2635058.408,花蓮縣萬榮鄉西林村西林２４號
10015,1001512,西林村,2,,西林,,,２５號,294027.817,2635089.214,花蓮縣萬榮鄉西林村西林２５號
10015,1001512,西林村,2,,西林,,,２６號,294038.18,2635069.5,花蓮縣萬榮鄉西林村西林２６號
10015,1001512,西林村,2,,西林,,,２７號,294040.31,2634997.86,花蓮縣萬榮鄉西林村西林２７號
10015,1001512,西林村,2,,西林,,,２７之１號,294092.02,2634853.12,花蓮縣萬榮鄉西林村西林２７之１號
10015,1001512,西林村,2,,西林,,,２８之６號,294226.36,2634795.89,花蓮縣萬榮鄉西林村西林２８之６號
10015,1001512,西林村,2,,西林,,,２８號,294085.43,2634948.462,花蓮縣萬榮鄉西林村西林２８號
10015,1001512,西林村,3,,西林,,,３０之３號,294369.28,2634703,花蓮縣萬榮鄉西林村西林３０之３號
10015,1001512,西林村,3,,西林,,,３０號,294358.805,2634703.364,花蓮縣萬榮鄉西林村西林３０號
10015,1001512,西林村,3,,西林,,,３０之２號,294159.954,2634758.062,花蓮縣萬榮鄉西林村西林３０之２號
10015,1001512,西林村,3,,西林,,,３０之１號,294323.499,2634702.114,花蓮縣萬榮鄉西林村西林３０之１號
10015,1001512,西林村,3,,西林,,,３１號,294370.073,2634710.867,花蓮縣萬榮鄉西林村西林３１號
10015,1001512,西林村,3,,西林,,,３２之２號,294373.82,2634739.12,花蓮縣萬榮鄉西林村西林３２之２號
10015,1001512,西林村,3,,西林,,,３２號,294362.48,2634732.47,花蓮縣萬榮鄉西林村西林３２號
10015,1001512,西林村,3,,西林,,,３３之２號,294380.836,2634774.445,花蓮縣萬榮鄉西林村西林３３之２號
10015,1001512,西林村,3,,西林,,,３３之１號,294362.58,2634755.39,花蓮縣萬榮鄉西林村西林３３之１號
10015,1001512,西林村,3,,西林,,,３３號,294368.93,2634761.22,花蓮縣萬榮鄉西林村西林３３號
10015,1001512,西林村,3,,西林,,,３３號之２,294382.55,2634767.96,花蓮縣萬榮鄉西林村西林３３號之２
10015,1001512,西林村,3,,西林,,,３４號,294393.888,2634735.626,花蓮縣萬榮鄉西林村西林３４號
10015,1001512,西林村,3,,西林,,,３４號之１,294417.83,2634748.19,花蓮縣萬榮鄉西林村西林３４號之１
10015,1001512,西林村,3,,西林,,,３５號,294382.69,2634694.61,花蓮縣萬榮鄉西林村西林３５號
10015,1001512,西林村,3,,西林,,,３６之１號,294411.666,2634726.372,花蓮縣萬榮鄉西林村西林３６之１號
10015,1001512,西林村,3,,西林,,,３６號,294399.62,2634710.62,花蓮縣萬榮鄉西林村西林３６號
10015,1001512,西林村,3,,西林,,,３７號,294426.005,2634734.328,花蓮縣萬榮鄉西林村西林３７號
10015,1001512,西林村,3,,西林,,,３８之２號,294451.14,2634674.19,花蓮縣萬榮鄉西林村西林３８之２號
10015,1001512,西林村,3,,西林,,,３８號,294440.8,2634687.18,花蓮縣萬榮鄉西林村西林３８號
10015,1001512,西林村,3,,西林,,,３８號之１,294436.22,2634698.92,花蓮縣萬榮鄉西林村西林３８號之１
10015,1001512,西林村,3,,西林,,,３９號,294446.33,2634669.14,花蓮縣萬榮鄉西林村西林３９號
10015,1001512,西林村,3,,西林,,,３９之２號,294444.16,2634660.96,花蓮縣萬榮鄉西林村西林３９之２號
10015,1001512,西林村,3,,西林,,,３９號之１,294436.47,2634649.17,花蓮縣萬榮鄉西林村西林３９號之１
10015,1001512,西林村,3,,西林,,,４０號,294420.951,2634637.447,花蓮縣萬榮鄉西林村西林４０號
10015,1001512,西林村,3,,西林,,,４１號,294418.47,2634665.41,花蓮縣萬榮鄉西林村西林４１號
10015,1001512,西林村,3,,西林,,,４４號,294386.415,2634647.914,花蓮縣萬榮鄉西林村西林４４號
10015,1001512,西林村,3,,西林,,,４４號之１,294384.29,2634672.52,花蓮縣萬榮鄉西林村西林４４號之１
10015,1001512,西林村,3,,西林,,,４４號之２,294407.4,2634622.87,花蓮縣萬榮鄉西林村西林４４號之２
10015,1001512,西林村,4,,西林,,,４５之３號,294428.381,2634617.758,花蓮縣萬榮鄉西林村西林４５之３號
10015,1001512,西林村,4,,西林,,,４５之２號,294445.5,2634628.96,花蓮縣萬榮鄉西林村西林４５之２號
10015,1001512,西林村,4,,西林,,,４５號之１,294433.33,2634602.77,花蓮縣萬榮鄉西林村西林４５號之１
10015,1001512,西林村,4,,西林,,,４５號之２,294445.5,2634624.99,花蓮縣萬榮鄉西林村西林４５號之２
10015,1001512,西林村,4,,西林,,,４６之２號,294451.578,2634582.896,花蓮縣萬榮鄉西林村西林４６之２號
10015,1001512,西林村,4,,西林,,,４６號,294456.74,2634579.09,花蓮縣萬榮鄉西林村西林４６號
10015,1001512,西林村,4,,西林,,,４６號之１,294444.18,2634589.26,花蓮縣萬榮鄉西林村西林４６號之１
10015,1001512,西林村,4,,西林,,,４７號,294461.772,2634572.714,花蓮縣萬榮鄉西林村西林４７號
10015,1001512,西林村,4,,西林,,,４８號,294470.197,2634564.907,花蓮縣萬榮鄉西林村西林４８號
10015,1001512,西林村,4,,西林,,,４９號,294449.71,2634559.8,花蓮縣萬榮鄉西林村西林４９號
10015,1001512,西林村,4,,西林,,,５０號,294480.96,2634555.065,花蓮縣萬榮鄉西林村西林５０號
10015,1001512,西林村,4,,西林,,,５０號之１,294491.01,2634546.67,花蓮縣萬榮鄉西林村西林５０號之１
10015,1001512,西林村,4,,西林,,,５１號,294516.058,2634586.723,花蓮縣萬榮鄉西林村西林５１號
10015,1001512,西林村,4,,西林,,,５２號,294499.207,2634604.206,花蓮縣萬榮鄉西林村西林５２號
10015,1001512,西林村,4,,西林,,,５２號之１,294508.99,2634594.94,花蓮縣萬榮鄉西林村西林５２號之１
10015,1001512,西林村,4,,西林,,,５３號,294488.446,2634608.568,花蓮縣萬榮鄉西林村西林５３號
10015,1001512,西林村,4,,西林,,,５３號之１,294491.18,2634623.21,花蓮縣萬榮鄉西林村西林５３號之１
10015,1001512,西林村,4,,西林,,,５４號,294468.939,2634628.551,花蓮縣萬榮鄉西林村西林５４號
10015,1001512,西林村,4,,西林,,,５５號,294464.588,2634640.789,花蓮縣萬榮鄉西林村西林５５號
10015,1001512,西林村,4,,西林,,,５５號之１,294459.51,2634649.18,花蓮縣萬榮鄉西林村西林５５號之１
10015,1001512,西林村,4,,西林,,,５７號,294477.332,2634666.244,花蓮縣萬榮鄉西林村西林５７號
10015,1001512,西林村,4,,西林,,,５８號,294486.029,2634649.678,花蓮縣萬榮鄉西林村西林５８號
10015,1001512,西林村,4,,西林,,,５９號,294512.43,2634632.72,花蓮縣萬榮鄉西林村西林５９號
10015,1001512,西林村,4,,西林,,,６０號,294511.072,2634615.316,花蓮縣萬榮鄉西林村西林６０號
10015,1001512,西林村,4,,西林,,,６０之１號,294524.776,2634621.171,花蓮縣萬榮鄉西林村西林６０之１號
10015,1001512,西林村,4,,西林,,,６１號,294524.165,2634601.265,花蓮縣萬榮鄉西林村西林６１號
10015,1001512,西林村,4,,西林,,,６２號,294530.159,2634589.765,花蓮縣萬榮鄉西林村西林６２號
10015,1001512,西林村,4,,西林,,,６３之１號,294545.313,2634611.75,花蓮縣萬榮鄉西林村西林６３之１號
10015,1001512,西林村,4,,西林,,,６３號,294541.283,2634601.265,花蓮縣萬榮鄉西林村西林６３號
10015,1001512,西林村,5,,西林,,,６４之２號,294503.746,2634533.103,花蓮縣萬榮鄉西林村西林６４之２號
10015,1001512,西林村,5,,西林,,,６４之１號,294481.725,2634495.136,花蓮縣萬榮鄉西林村西林６４之１號
10015,1001512,西林村,5,,西林,,,６４號,294512.55,2634539.087,花蓮縣萬榮鄉西林村西林６４號
10015,1001512,西林村,5,,西林,,,６５號,294523.43,2634525.42,花蓮縣萬榮鄉西林村西林６５號
10015,1001512,西林村,5,,西林,,,６６之１號,294514.81,2634460.61,花蓮縣萬榮鄉西林村西林６６之１號
10015,1001512,西林村,5,,西林,,,６６之２號,294533.02,2634487.44,花蓮縣萬榮鄉西林村西林６６之２號
10015,1001512,西林村,5,,西林,,,６６號,294523.57,2634494.06,花蓮縣萬榮鄉西林村西林６６號
10015,1001512,西林村,5,,西林,,,６６號之４,294515.63,2634500.29,花蓮縣萬榮鄉西林村西林６６號之４
10015,1001512,西林村,5,,西林,,,６９之１號,294551.61,2634493.5,花蓮縣萬榮鄉西林村西林６９之１號
10015,1001512,西林村,5,,西林,,,６９號,294555.31,2634486.3,花蓮縣萬榮鄉西林村西林６９號
10015,1001512,西林村,5,,西林,,,７１之１號,294566.46,2634478.55,花蓮縣萬榮鄉西林村西林７１之１號
10015,1001512,西林村,5,,西林,,,７１號之１,294570.64,2634481.85,花蓮縣萬榮鄉西林村西林７１號之１
10015,1001512,西林村,5,,西林,,,７２之２號,294599.55,2634469.75,花蓮縣萬榮鄉西林村西林７２之２號
10015,1001512,西林村,5,,西林,,,７２號,294581.03,2634463.13,花蓮縣萬榮鄉西林村西林７２號
10015,1001512,西林村,5,,西林,,,７３之６號,294587.995,2634431.455,花蓮縣萬榮鄉西林村西林７３之６號
10015,1001512,西林村,5,,西林,,,７３之１號,294574.738,2634442.334,花蓮縣萬榮鄉西林村西林７３之１號
10015,1001512,西林村,5,,西林,,,７３之２號,294564.34,2634455.07,花蓮縣萬榮鄉西林村西林７３之２號
10015,1001512,西林村,5,,西林,,,７３之８號,294597.97,2634450.01,花蓮縣萬榮鄉西林村西林７３之８號
10015,1001512,西林村,5,,西林,,,７３之５號,294606.43,2634439.32,花蓮縣萬榮鄉西林村西林７３之５號
10015,1001512,西林村,5,,西林,,,７３號,294600.04,2634443.341,花蓮縣萬榮鄉西林村西林７３號
10015,1001512,西林村,5,,西林,,,７４號,294529.97,2634462.61,花蓮縣萬榮鄉西林村西林７４號
10015,1001512,西林村,5,,西林,,,７５號,294596.58,2634413.06,花蓮縣萬榮鄉西林村西林７５號
10015,1001512,西林村,5,,西林,,,７６號,294611.478,2634400.803,花蓮縣萬榮鄉西林村西林７６號
10015,1001512,西林村,5,,西林,,,７６之１號,294617.112,2634395.624,花蓮縣萬榮鄉西林村西林７６之１號
10015,1001512,西林村,5,,西林,,,７７之１號,294634.94,2634394.8,花蓮縣萬榮鄉西林村西林７７之１號
10015,1001512,西林村,5,,西林,,,７７號,294628.86,2634399.04,花蓮縣萬榮鄉西林村西林７７號
10015,1001512,西林村,5,,西林,,,７８號,294641.29,2634388.72,花蓮縣萬榮鄉西林村西林７８號
10015,1001512,西林村,5,,西林,,,７８之１號,294643.41,2634382.37,花蓮縣萬榮鄉西林村西林７８之１號
10015,1001512,西林村,5,,西林,,,７９之３號,294627.45,2634368.34,花蓮縣萬榮鄉西林村西林７９之３號
10015,1001512,西林村,5,,西林,,,７９號,294646.76,2634370.99,花蓮縣萬榮鄉西林村西林７９號
10015,1001512,西林村,5,,西林,,,７９之２號,294637.81,2634355.5,花蓮縣萬榮鄉西林村西林７９之２號
10015,1001512,西林村,5,,西林,,,７９號之１,294642.79,2634366.23,花蓮縣萬榮鄉西林村西林７９號之１
10015,1001512,西林村,5,,西林,,,８０號,294628.89,2634438.96,花蓮縣萬榮鄉西林村西林８０號
10015,1001512,西林村,5,,西林,,,８０之１號,294617.28,2634431.12,花蓮縣萬榮鄉西林村西林８０之１號
10015,1001512,西林村,5,,西林,,,８１號,294636.62,2634419.891,花蓮縣萬榮鄉西林村西林８１號
10015,1001512,西林村,5,,西林,,,８２號,294659.59,2634391.07,花蓮縣萬榮鄉西林村西林８２號
10015,1001512,西林村,6,,西林,,,８３號,294533.77,2634572.86,花蓮縣萬榮鄉西林村西林８３號
10015,1001512,西林村,6,,西林,,,８３號之１,294522.74,2634563.45,花蓮縣萬榮鄉西林村西林８３號之１
10015,1001512,西林村,6,,西林,,,８４號,294542.413,2634545.288,花蓮縣萬榮鄉西林村西林８４號
10015,1001512,西林村,6,,西林,,,８４之２號一樓,294532,2634538.9,花蓮縣萬榮鄉西林村西林８４之２號一樓
10015,1001512,西林村,6,,西林,,,８４之２號,294537.01,2634533.93,花蓮縣萬榮鄉西林村西林８４之２號
10015,1001512,西林村,6,,西林,,,８４號之１,294545.94,2634552.25,花蓮縣萬榮鄉西林村西林８４號之１
10015,1001512,西林村,6,,西林,,,８５號,294563.2,2634532.26,花蓮縣萬榮鄉西林村西林８５號
10015,1001512,西林村,6,,西林,,,８５號之１,294549.64,2634522.88,花蓮縣萬榮鄉西林村西林８５號之１
10015,1001512,西林村,6,,西林,,,８６號,294568.59,2634508.76,花蓮縣萬榮鄉西林村西林８６號
10015,1001512,西林村,6,,西林,,,８６號之１,294587.9,2634496.06,花蓮縣萬榮鄉西林村西林８６號之１
10015,1001512,西林村,6,,西林,,,８６號之２,294578.44,2634514.5,花蓮縣萬榮鄉西林村西林８６號之２
10015,1001512,西林村,6,,西林,,,８７之１號,294537.83,2634581.98,花蓮縣萬榮鄉西林村西林８７之１號
10015,1001512,西林村,6,,西林,,,８７之２號,294547.331,2634582.009,花蓮縣萬榮鄉西林村西林８７之２號
10015,1001512,西林村,6,,西林,,,８７號,294552.586,2634575.059,花蓮縣萬榮鄉西林村西林８７號
10015,1001512,西林村,6,,西林,,,８８號,294563.842,2634562.831,花蓮縣萬榮鄉西林村西林８８號
10015,1001512,西林村,6,,西林,,,８８之２號,294580.75,2634556.75,花蓮縣萬榮鄉西林村西林８８之２號
10015,1001512,西林村,6,,西林,,,８８之１號,294560.692,2634565.976,花蓮縣萬榮鄉西林村西林８８之１號
10015,1001512,西林村,6,,西林,,,８９號,294569.326,2634544.606,花蓮縣萬榮鄉西林村西林８９號
10015,1001512,西林村,6,,西林,,,９０號,294583.62,2634525.48,花蓮縣萬榮鄉西林村西林９０號
10015,1001512,西林村,6,,西林,,,９１之１號,294604.52,2634499.02,花蓮縣萬榮鄉西林村西林９１之１號
10015,1001512,西林村,6,,西林,,,９１號,294596.06,2634512.51,花蓮縣萬榮鄉西林村西林９１號
10015,1001512,西林村,6,,西林,,,９１號之２,294614.31,2634489.23,花蓮縣萬榮鄉西林村西林９１號之２
10015,1001512,西林村,6,,西林,,,９２之１號,294646.52,2634440.7,花蓮縣萬榮鄉西林村西林９２之１號
10015,1001512,西林村,6,,西林,,,９２號,294636.601,2634451.863,花蓮縣萬榮鄉西林村西林９２號
10015,1001512,西林村,6,,西林,,,９３之１號,294674.3,2634418.21,花蓮縣萬榮鄉西林村西林９３之１號
10015,1001512,西林村,6,,西林,,,９３號,294653.97,2634429.52,花蓮縣萬榮鄉西林村西林９３號
10015,1001512,西林村,6,,西林,,,９４號,294659.566,2634421.708,花蓮縣萬榮鄉西林村西林９４號
10015,1001512,西林村,6,,西林,,,９４之５號,294689.99,2634418,花蓮縣萬榮鄉西林村西林９４之５號
10015,1001512,西林村,6,,西林,,,９４號之２,294689.99,2634403.45,花蓮縣萬榮鄉西林村西林９４號之２
10015,1001512,西林村,6,,西林,,,９４號之３,294697.4,2634410.59,花蓮縣萬榮鄉西林村西林９４號之３
10015,1001512,西林村,7,,西林,,,９５之１２號,294819.85,2634550.98,花蓮縣萬榮鄉西林村西林９５之１２號
10015,1001512,西林村,7,,西林,,,９５號,294687.82,2634367.84,花蓮縣萬榮鄉西林村西林９５號
10015,1001512,西林村,7,,西林,,,９５之１號,294687.56,2634380.54,花蓮縣萬榮鄉西林村西林９５之１號
10015,1001512,西林村,7,,西林,,,９６號,294693.448,2634358.102,花蓮縣萬榮鄉西林村西林９６號
10015,1001512,西林村,7,,西林,,,９７號,294709.582,2634387.535,花蓮縣萬榮鄉西林村西林９７號
10015,1001512,西林村,7,,西林,,,９８號,294722.357,2634332.79,花蓮縣萬榮鄉西林村西林９８號
10015,1001512,西林村,7,,西林,,,９８號之２,294720.1,2634354.35,花蓮縣萬榮鄉西林村西林９８號之２
10015,1001512,西林村,7,,西林,,,９８號之３,294732.27,2634369.96,花蓮縣萬榮鄉西林村西林９８號之３
10015,1001512,西林村,7,,西林,,,１００號,294668.065,2634354.276,花蓮縣萬榮鄉西林村西林１００號
10015,1001512,西林村,7,,西林,,,１００號之１,294684.12,2634344.29,花蓮縣萬榮鄉西林村西林１００號之１
10015,1001512,西林村,7,,西林,,,１０１號,294691.914,2634331.374,花蓮縣萬榮鄉西林村西林１０１號
10015,1001512,西林村,7,,西林,,,１０１之２號,294699.331,2634327.538,花蓮縣萬榮鄉西林村西林１０１之２號
10015,1001512,西林村,7,,西林,,,１０２號,294707.278,2634318.543,花蓮縣萬榮鄉西林村西林１０２號
10015,1001512,西林村,7,,西林,,,１０４之２號,294729.94,2634297.91,花蓮縣萬榮鄉西林村西林１０４之２號
10015,1001512,西林村,7,,西林,,,１０４號,294701.63,2634266.42,花蓮縣萬榮鄉西林村西林１０４號
10015,1001512,西林村,7,,西林,,,１０５號,294722,2634257.96,花蓮縣萬榮鄉西林村西林１０５號
10015,1001512,西林村,7,,西林,,,１０６之２號,294758.64,2634266.51,花蓮縣萬榮鄉西林村西林１０６之２號
10015,1001512,西林村,7,,西林,,,１０６號,294757.511,2634276.614,花蓮縣萬榮鄉西林村西林１０６號
10015,1001512,西林村,7,,西林,,,１０６之１號,294747.58,2634271.71,花蓮縣萬榮鄉西林村西林１０６之１號
10015,1001512,西林村,7,,西林,,,１０６號之１,294753.93,2634281.5,花蓮縣萬榮鄉西林村西林１０６號之１
10015,1001512,西林村,7,,西林,,,１０６號之２,294766.11,2634271.98,花蓮縣萬榮鄉西林村西林１０６號之２
10015,1001512,西林村,7,,西林,,,１０８號,294780.32,2634243.75,花蓮縣萬榮鄉西林村西林１０８號
10015,1001512,西林村,7,,西林,,,１０９號,294772.65,2634263.33,花蓮縣萬榮鄉西林村西林１０９號
10015,1001512,西林村,7,,西林,,,１０９之１號,294777.41,2634258.04,花蓮縣萬榮鄉西林村西林１０９之１號
10015,1001512,西林村,7,,西林,,,１１０號,294767.62,2634236.34,花蓮縣萬榮鄉西林村西林１１０號
10015,1001512,西林村,7,,西林,,,１１１號,294741.51,2634315.77,花蓮縣萬榮鄉西林村西林１１１號
10015,1001512,西林村,7,,西林,,,１１１之６號,294761.93,2634369.4,花蓮縣萬榮鄉西林村西林１１１之６號
10015,1001512,西林村,7,,西林,,,１１１之１２號（農業資材室）,294905.98,2634488.33,花蓮縣萬榮鄉西林村西林１１１之１２號（農業資材室）
10015,1001512,西林村,7,,西林,,,１１１號之１,294752.96,2634328.07,花蓮縣萬榮鄉西林村西林１１１號之１
10015,1001512,西林村,7,,西林,,,１１２之１號,294766.282,2634308.997,花蓮縣萬榮鄉西林村西林１１２之１號
10015,1001512,西林村,7,,西林,,,１１２號,294757.733,2634301.919,花蓮縣萬榮鄉西林村西林１１２號
10015,1001512,西林村,7,,西林,,,１１３之８號（農業資材室）,294934.74,2634385.16,花蓮縣萬榮鄉西林村西林１１３之８號（農業資材室）
10015,1001512,西林村,7,,西林,,,１１３號,294770.106,2634290.123,花蓮縣萬榮鄉西林村西林１１３號
10015,1001512,西林村,8,,西林,,,１１４之３號,294834.56,2634153.5,花蓮縣萬榮鄉西林村西林１１４之３號
10015,1001512,西林村,8,,西林,,,１１４之１２號（農業資材室）,294723.96,2633126.61,花蓮縣萬榮鄉西林村西林１１４之１２號（農業資材室）
10015,1001512,西林村,8,,西林,,,１１４號（花蓮縣縣立西林國民小學）,294879.54,2634187.63,花蓮縣萬榮鄉西林村西林１１４號（花蓮縣縣立西林國民小學）
10015,1001512,西林村,8,,西林,,,１１４之１號,294808.63,2634177.84,花蓮縣萬榮鄉西林村西林１１４之１號
10015,1001512,西林村,8,,西林,,,１１５號,294946.018,2634128.516,花蓮縣萬榮鄉西林村西林１１５號
10015,1001512,西林村,8,,西林,,,１１６號,294950.563,2634124.114,花蓮縣萬榮鄉西林村西林１１６號
10015,1001512,西林村,8,,西林,,,１１７號,294964.951,2634110.783,花蓮縣萬榮鄉西林村西林１１７號
10015,1001512,西林村,8,,西林,,,１１７之２號,294969.51,2634107.242,花蓮縣萬榮鄉西林村西林１１７之２號
10015,1001512,西林村,8,,西林,,,１１７之３號（萬榮鄉觀光資訊站）,294989.2,2634097.26,花蓮縣萬榮鄉西林村西林１１７之３號（萬榮鄉觀光資訊站）
10015,1001512,西林村,8,,西林,,,１１７號之１,294974.73,2634099.39,花蓮縣萬榮鄉西林村西林１１７號之１
10015,1001512,西林村,8,,西林,,,１１９之５號,294939.56,2634108.25,花蓮縣萬榮鄉西林村西林１１９之５號
10015,1001512,西林村,8,,西林,,,１１９之３號,294967.146,2634081.766,花蓮縣萬榮鄉西林村西林１１９之３號
10015,1001512,西林村,8,,西林,,,１１９之１號,294973.224,2634077.045,花蓮縣萬榮鄉西林村西林１１９之１號
10015,1001512,西林村,8,,西林,,,１１９號之２,294951.92,2634103.23,花蓮縣萬榮鄉西林村西林１１９號之２
10015,1001512,西林村,8,,西林,,,１２１之１號,294985.559,2634058.606,花蓮縣萬榮鄉西林村西林１２１之１號
10015,1001512,西林村,8,,西林,,,１２１號,294974.72,2634069.41,花蓮縣萬榮鄉西林村西林１２１號
10015,1001512,西林村,8,,西林,,,１２１之２號,294990.97,2634053.92,花蓮縣萬榮鄉西林村西林１２１之２號
10015,1001512,西林村,8,,西林,,,１２２號之２,294999.06,2634055.65,花蓮縣萬榮鄉西林村西林１２２號之２
10015,1001512,西林村,8,,西林,,,１２３號,295003.286,2634049.331,花蓮縣萬榮鄉西林村西林１２３號
10015,1001512,西林村,8,,西林,,,１２４號,295010.9,2634037.614,花蓮縣萬榮鄉西林村西林１２４號
10015,1001512,西林村,8,,西林,,,１２５號,295032.512,2634056.406,花蓮縣萬榮鄉西林村西林１２５號
10015,1001512,西林村,8,,西林,,,１２６號,295019.511,2634028.002,花蓮縣萬榮鄉西林村西林１２６號
10015,1001512,西林村,8,,西林,,,１２７之１號,295012.925,2634003.514,花蓮縣萬榮鄉西林村西林１２７之１號
10015,1001512,西林村,8,,西林,,,１２７之２號,295000.769,2634009.415,花蓮縣萬榮鄉西林村西林１２７之２號
10015,1001512,西林村,8,,西林,,,１２７之３號,295032.697,2634021.391,花蓮縣萬榮鄉西林村西林１２７之３號
10015,1001512,西林村,8,,西林,,,１３０號（花蓮縣萬榮鄉西林派出所）,295047.28,2634004.23,花蓮縣萬榮鄉西林村西林１３０號（花蓮縣萬榮鄉西林派出所）
10015,1001512,西林村,8,,西林,,,１３２號,295054.821,2634032.021,花蓮縣萬榮鄉西林村西林１３２號
10015,1001512,西林村,8,,西林,,,１３２號之１,295059.96,2634040.08,花蓮縣萬榮鄉西林村西林１３２號之１
10015,1001512,西林村,8,,西林,,,１３４號,295066.308,2634019.526,花蓮縣萬榮鄉西林村西林１３４號
10015,1001512,西林村,8,,西林,,,１３５號,295077.24,2634040.23,花蓮縣萬榮鄉西林村西林１３５號
10015,1001512,西林村,8,,西林,,,１３６號,295075.12,2634012.72,花蓮縣萬榮鄉西林村西林１３６號
10015,1001512,西林村,8,,西林,,,１３６之１號,295085.62,2634026.85,花蓮縣萬榮鄉西林村西林１３６之１號
10015,1001512,西林村,8,,西林,,,１３７號,295084.64,2634008.75,花蓮縣萬榮鄉西林村西林１３７號
10015,1001512,西林村,8,,西林,,,１３８號,295095.502,2633995.375,花蓮縣萬榮鄉西林村西林１３８號
10015,1001512,西林村,8,,西林,,,１３９號,295104.146,2633982.87,花蓮縣萬榮鄉西林村西林１３９號
10015,1001512,西林村,8,,西林,,,１４０之２號,295121.705,2633980.003,花蓮縣萬榮鄉西林村西林１４０之２號
10015,1001512,西林村,8,,西林,,,１４０之１號,295130.68,2633970.12,花蓮縣萬榮鄉西林村西林１４０之１號
10015,1001512,西林村,8,,西林,,,１４０號,295127.782,2633987.591,花蓮縣萬榮鄉西林村西林１４０號
10015,1001512,西林村,8,,西林,,,１４０號之１,295135.71,2633975.15,花蓮縣萬榮鄉西林村西林１４０號之１
10015,1001512,西林村,8,,西林,,,１４１之８號,294982.09,2633879.55,花蓮縣萬榮鄉西林村西林１４１之８號
10015,1001512,西林村,8,,西林,,,１４１之５號,295000.58,2633929.97,花蓮縣萬榮鄉西林村西林１４１之５號
10015,1001512,西林村,8,,西林,,,１４１號,295062.607,2633987.965,花蓮縣萬榮鄉西林村西林１４１號
10015,1001512,西林村,8,,西林,,,１４１號之１,295042.23,2633964.41,花蓮縣萬榮鄉西林村西林１４１號之１
10015,1001512,西林村,8,,西林,,,１４１號之２,295059.16,2633977.11,花蓮縣萬榮鄉西林村西林１４１號之２
10015,1001512,西林村,8,,西林,,,１４１號之３,295068.42,2633993.52,花蓮縣萬榮鄉西林村西林１４１號之３
10015,1001512,西林村,8,,西林,,,１４２號,295071.724,2633980.04,花蓮縣萬榮鄉西林村西林１４２號
10015,1001512,西林村,8,,西林,,,１４３號,295088.61,2633976.2,花蓮縣萬榮鄉西林村西林１４３號
10015,1001512,西林村,8,,西林,,,１４３號之１,295091.52,2633962.18,花蓮縣萬榮鄉西林村西林１４３號之１
10015,1001512,西林村,8,,西林,,,１４４之１號,295100.92,2633941.54,花蓮縣萬榮鄉西林村西林１４４之１號
10015,1001512,西林村,8,,西林,,,１４４號,295097.918,2633950.496,花蓮縣萬榮鄉西林村西林１４４號
10015,1001512,西林村,8,,西林,,,１４５之２號,295122.33,2633944.83,花蓮縣萬榮鄉西林村西林１４５之２號
10015,1001512,西林村,8,,西林,,,１４５號,295126.22,2633934.66,花蓮縣萬榮鄉西林村西林１４５號
10015,1001512,西林村,8,,西林,,,１４５號之２,295118.8,2633941.31,花蓮縣萬榮鄉西林村西林１４５號之２
10015,1001512,西林村,8,,西林,,,１４６號,295143.93,2633924.11,花蓮縣萬榮鄉西林村西林１４６號
10015,1001512,西林村,8,,西林,,,１４７號,295156.9,2633915.12,花蓮縣萬榮鄉西林村西林１４７號
10015,1001512,西林村,8,,西林,,,１４７號之１,295163.78,2633909.56,花蓮縣萬榮鄉西林村西林１４７號之１
10015,1001512,西林村,8,,西林,,,１４８號,295169.71,2633938.8,花蓮縣萬榮鄉西林村西林１４８號
10015,1001512,西林村,8,,西林,,,１４９號,295183.605,2633914.483,花蓮縣萬榮鄉西林村西林１４９號
10015,1001512,西林村,8,,西林,,,１５０號,295192.4,2633923.15,花蓮縣萬榮鄉西林村西林１５０號
10015,1001512,西林村,9,,西林,,,１５１之２號,295185.74,2633890.51,花蓮縣萬榮鄉西林村西林１５１之２號
10015,1001512,西林村,9,,西林,,,１５１號,295191.56,2633882.84,花蓮縣萬榮鄉西林村西林１５１號
10015,1001512,西林村,9,,西林,,,１５２號,295201.43,2633874.52,花蓮縣萬榮鄉西林村西林１５２號
10015,1001512,西林村,9,,西林,,,１５４之１號,295206.792,2633908.25,花蓮縣萬榮鄉西林村西林１５４之１號
10015,1001512,西林村,9,,西林,,,１５４號,295203.1,2633902.833,花蓮縣萬榮鄉西林村西林１５４號
10015,1001512,西林村,9,,西林,,,１５５號,295212.055,2633888.24,花蓮縣萬榮鄉西林村西林１５５號
10015,1001512,西林村,9,,西林,,,１５６號,295232.362,2633872.385,花蓮縣萬榮鄉西林村西林１５６號
10015,1001512,西林村,9,,西林,,,１５７號,295245.305,2633861.053,花蓮縣萬榮鄉西林村西林１５７號
10015,1001512,西林村,9,,西林,,,１５７之２號,295265.599,2633837.114,花蓮縣萬榮鄉西林村西林１５７之２號
10015,1001512,西林村,9,,西林,,,１５９號,295231.22,2633846.82,花蓮縣萬榮鄉西林村西林１５９號
10015,1001512,西林村,9,,西林,,,１６０號,295239.95,2633840.2,花蓮縣萬榮鄉西林村西林１６０號
10015,1001512,西林村,9,,西林,,,１６１之１號,295236.225,2633812.309,花蓮縣萬榮鄉西林村西林１６１之１號
10015,1001512,西林村,9,,西林,,,１６１號,295248.682,2633828.599,花蓮縣萬榮鄉西林村西林１６１號
10015,1001512,西林村,9,,西林,,,１６２之１號,295283.374,2633799.675,花蓮縣萬榮鄉西林村西林１６２之１號
10015,1001512,西林村,9,,西林,,,１６２號,295260.034,2633818.533,花蓮縣萬榮鄉西林村西林１６２號
10015,1001512,西林村,9,,西林,,,１６３之１號,295267.163,2633803.877,花蓮縣萬榮鄉西林村西林１６３之１號
10015,1001512,西林村,9,,西林,,,１６３號,295271.699,2633810.074,花蓮縣萬榮鄉西林村西林１６３號
10015,1001512,西林村,9,,西林,,,１６４之１號,295267.244,2633781.141,花蓮縣萬榮鄉西林村西林１６４之１號
10015,1001512,西林村,9,,西林,,,１６５號,295194.655,2633834.379,花蓮縣萬榮鄉西林村西林１６５號
10015,1001512,西林村,9,,西林,,,１６６之１號,295214.81,2633800.25,花蓮縣萬榮鄉西林村西林１６６之１號
10015,1001512,西林村,9,,西林,,,１６６號,295217.98,2633815.33,花蓮縣萬榮鄉西林村西林１６６號
10015,1001512,西林村,9,,西林,,,１６７號,295198.64,2633846.82,花蓮縣萬榮鄉西林村西林１６７號
10015,1001512,西林村,9,,西林,,,１６８號,295226.158,2633788.781,花蓮縣萬榮鄉西林村西林１６８號
10015,1001512,西林村,9,,西林,,,１６８之１號,295213.49,2633774.85,花蓮縣萬榮鄉西林村西林１６８之１號
10015,1001512,西林村,9,,西林,,,１６９之８號,295476.71,2634242.81,花蓮縣萬榮鄉西林村西林１６９之８號
10015,1001512,西林村,9,,西林,,,１６９之１號,295296.021,2633813.409,花蓮縣萬榮鄉西林村西林１６９之１號
10015,1001512,西林村,9,,西林,,,１６９號,295316.155,2633796.173,花蓮縣萬榮鄉西林村西林１６９號
10015,1001512,西林村,9,,西林,,,１６９之３號,295330.71,2633742.82,花蓮縣萬榮鄉西林村西林１６９之３號
10015,1001512,西林村,10,,西林,,,１７０之１號,295199.601,2633681.734,花蓮縣萬榮鄉西林村西林１７０之１號
10015,1001512,西林村,10,,西林,,,１７０號,295166.196,2633678.146,花蓮縣萬榮鄉西林村西林１７０號
10015,1001512,西林村,10,,西林,,,１７１之１號,295168.71,2633668.101,花蓮縣萬榮鄉西林村西林１７１之１號
10015,1001512,西林村,10,,西林,,,１７１號,295159.77,2633644.9,花蓮縣萬榮鄉西林村西林１７１號
10015,1001512,西林村,10,,西林,,,１７２之２號,295162.259,2633582.321,花蓮縣萬榮鄉西林村西林１７２之２號
10015,1001512,西林村,10,,西林,,,１７２號,295165.49,2633597.74,花蓮縣萬榮鄉西林村西林１７２號
10015,1001512,西林村,10,,西林,,,１７３號,295144.233,2633570.187,花蓮縣萬榮鄉西林村西林１７３號
10015,1001512,西林村,10,,西林,,,１７３之５號,295094.73,2633558.53,花蓮縣萬榮鄉西林村西林１７３之５號
10015,1001512,西林村,10,,西林,,,１７３之６號,295047.576,2633583.459,花蓮縣萬榮鄉西林村西林１７３之６號
10015,1001512,西林村,10,,西林,,,１７３號之１,295156.06,2633560.77,花蓮縣萬榮鄉西林村西林１７３號之１
10015,1001512,西林村,10,,西林,,,１７４號,295144.514,2633540.374,花蓮縣萬榮鄉西林村西林１７４號
10015,1001512,西林村,10,,西林,,,１７５號,295149.02,2633529.686,花蓮縣萬榮鄉西林村西林１７５號
10015,1001512,西林村,10,,西林,,,１７６號,295139.87,2633501.6,花蓮縣萬榮鄉西林村西林１７６號
10015,1001512,西林村,10,,西林,,,１７７之１號,295092.305,2633485.012,花蓮縣萬榮鄉西林村西林１７７之１號
10015,1001512,西林村,10,,西林,,,１７７號,295134.627,2633483.266,花蓮縣萬榮鄉西林村西林１７７號
10015,1001512,西林村,10,,西林,,,１７８之３號,295163.21,2633458.48,花蓮縣萬榮鄉西林村西林１７８之３號
10015,1001512,西林村,11,,西林,,,１７８號,295133.84,2633459.4,花蓮縣萬榮鄉西林村西林１７８號
10015,1001512,西林村,10,,西林,,,１７８號,295133.84,2633459.4,花蓮縣萬榮鄉西林村西林１７８號
10015,1001512,西林村,10,,西林,,,１７８號之２,295138.6,2633472.23,花蓮縣萬榮鄉西林村西林１７８號之２
10015,1001512,西林村,10,,西林,,,１７９號,295125.113,2633415.688,花蓮縣萬榮鄉西林村西林１７９號
10015,1001512,西林村,10,,西林,,,１７９號之１,295158.18,2633439.43,花蓮縣萬榮鄉西林村西林１７９號之１
10015,1001512,西林村,10,,西林,,,１７９號之２,295125.11,2633441.28,花蓮縣萬榮鄉西林村西林１７９號之２
10015,1001512,西林村,10,,西林,,,１８０號,295123.78,2633402.24,花蓮縣萬榮鄉西林村西林１８０號
10015,1001512,西林村,10,,西林,,,１８０號之１,295149.98,2633394.45,花蓮縣萬榮鄉西林村西林１８０號之１
10015,1001512,西林村,10,,西林,,,１８１號之１,295124.05,2633387.57,花蓮縣萬榮鄉西林村西林１８１號之１
10015,1001512,西林村,10,,西林,,,１８３號,295112.63,2633359.35,花蓮縣萬榮鄉西林村西林１８３號
10015,1001512,西林村,10,,西林,,,１８３之１號,295117.47,2633348.95,花蓮縣萬榮鄉西林村西林１８３之１號
10015,1001512,西林村,10,,西林,,,１８４號,295108.39,2633340.3,花蓮縣萬榮鄉西林村西林１８４號
10015,1001512,西林村,11,,西林,,,１８５號,295107.33,2633330.78,花蓮縣萬榮鄉西林村西林１８５號
10015,1001512,西林村,11,,西林,,,１８５之１號,295089,2633326.56,花蓮縣萬榮鄉西林村西林１８５之１號
10015,1001512,西林村,11,,西林,,,１８６號,295113.66,2633316.02,花蓮縣萬榮鄉西林村西林１８６號
10015,1001512,西林村,11,,西林,,,１８６之１號,295110.13,2633310.85,花蓮縣萬榮鄉西林村西林１８６之１號
10015,1001512,西林村,11,,西林,,,１８７號,295102.76,2633303.54,花蓮縣萬榮鄉西林村西林１８７號
10015,1001512,西林村,11,,西林,,,１８８號,295099.85,2633291.9,花蓮縣萬榮鄉西林村西林１８８號
10015,1001512,西林村,11,,西林,,,１８９號,295099.58,2633275.76,花蓮縣萬榮鄉西林村西林１８９號
10015,1001512,西林村,11,,西林,,,１９０之２號,295006.41,2633225.5,花蓮縣萬榮鄉西林村西林１９０之２號
10015,1001512,西林村,11,,西林,,,１９０之１０號,294934.08,2633323.03,花蓮縣萬榮鄉西林村西林１９０之１０號
10015,1001512,西林村,11,,西林,,,１９０之１號,295099.82,2633241.11,花蓮縣萬榮鄉西林村西林１９０之１號
10015,1001512,西林村,11,,西林,,,１９０號,295100.884,2633252.492,花蓮縣萬榮鄉西林村西林１９０號
10015,1001512,西林村,11,,西林,,,１９１號,295148.35,2633243.73,花蓮縣萬榮鄉西林村西林１９１號
10015,1001512,西林村,11,,西林,,,１９１號之２,295156.28,2633278.39,花蓮縣萬榮鄉西林村西林１９１號之２
10015,1001512,西林村,11,,西林,,,１９１號之３,295123.48,2633257.23,花蓮縣萬榮鄉西林村西林１９１號之３
10015,1001512,西林村,11,,西林,,,１９２號,295118.34,2633225.5,花蓮縣萬榮鄉西林村西林１９２號
10015,1001512,西林村,11,,西林,,,１９４號,295150.76,2633196.08,花蓮縣萬榮鄉西林村西林１９４號
10015,1001512,西林村,11,,西林,,,１９５號,295128.16,2633201.65,花蓮縣萬榮鄉西林村西林１９５號
10015,1001512,西林村,12,,西林,,,１９６之１號,295112.486,2633182.26,花蓮縣萬榮鄉西林村西林１９６之１號
10015,1001512,西林村,12,,西林,,,１９６號,295111.9,2633167.98,花蓮縣萬榮鄉西林村西林１９６號
10015,1001512,西林村,12,,西林,,,１９７號,295107.66,2633152.64,花蓮縣萬榮鄉西林村西林１９７號
10015,1001512,西林村,12,,西林,,,１９８號,295102.278,2633091.847,花蓮縣萬榮鄉西林村西林１９８號
10015,1001512,西林村,12,,西林,,,１９８之１號,295103.608,2633105.882,花蓮縣萬榮鄉西林村西林１９８之１號
10015,1001512,西林村,12,,西林,,,１９９號,295132.58,2633109.61,花蓮縣萬榮鄉西林村西林１９９號
10015,1001512,西林村,12,,西林,,,１９９之１號,295120.76,2633108.79,花蓮縣萬榮鄉西林村西林１９９之１號
10015,1001512,西林村,12,,西林,,,２００之８號,294812.594,2632936.5,花蓮縣萬榮鄉西林村西林２００之８號
10015,1001512,西林村,12,,西林,,,２００之６號,294259.34,2633009.65,花蓮縣萬榮鄉西林村西林２００之６號
10015,1001512,西林村,12,,西林,,,２００之７號,294571.82,2632836.75,花蓮縣萬榮鄉西林村西林２００之７號
10015,1001512,西林村,12,,西林,,,２００之６號（臺灣省自來水淨水廠）,294259.34,2633009.65,花蓮縣萬榮鄉西林村西林２００之６號（臺灣省自來水淨水廠）
10015,1001512,西林村,12,,西林,,,２００號,295112.95,2633128.56,花蓮縣萬榮鄉西林村西林２００號
10015,1001512,西林村,12,,西林,,,２００號之１,295072.68,2633135.52,花蓮縣萬榮鄉西林村西林２００號之１
10015,1001512,西林村,12,,西林,,,２０１號,295133.33,2633131.2,花蓮縣萬榮鄉西林村西林２０１號
10015,1001512,西林村,12,,西林,,,２０３之１號,295197.74,2633143.71,花蓮縣萬榮鄉西林村西林２０３之１號
10015,1001512,西林村,12,,西林,,,２０３之２號,295214.14,2633144.51,花蓮縣萬榮鄉西林村西林２０３之２號
10015,1001512,西林村,12,,西林,,,２０３號之１,295197.87,2633149.26,花蓮縣萬榮鄉西林村西林２０３號之１
10015,1001512,西林村,12,,西林,,,２０４號,295235.196,2633139.635,花蓮縣萬榮鄉西林村西林２０４號
10015,1001512,西林村,12,,西林,,,２０６號,295257.01,2633091.06,花蓮縣萬榮鄉西林村西林２０６號
10015,1001512,西林村,12,,西林,,,２１０之３號（農業資材室）,295212.69,2632942.23,花蓮縣萬榮鄉西林村西林２１０之３號（農業資材室）
10015,1001512,西林村,12,,西林,,,２１０號,295243.895,2632972.682,花蓮縣萬榮鄉西林村西林２１０號
10015,1001512,見晴村,6,,見晴,,,７３之１６號（農業資材室）,295712.62,2631804.2,花蓮縣萬榮鄉見晴村見晴７３之１６號（農業資材室）
10015,1001512,見晴村,7,,見晴,,,８９號（國小）（見晴國小）,296060.67,2631155.19,花蓮縣萬榮鄉見晴村見晴８９號（國小）（見晴國小）
10015,1001512,見晴村,4,,見晴,,,３９之１號,295368.99,2630840.01,花蓮縣萬榮鄉見晴村見晴３９之１號
10015,1001512,見晴村,1,,見晴,,,９之１３號,295562.44,2631624.55,花蓮縣萬榮鄉見晴村見晴９之１３號
10015,1001512,見晴村,7,,見晴,,,７５號（村辦公室）（見晴村辦公室）,295895.46,2631117.84,花蓮縣萬榮鄉見晴村見晴７５號（村辦公室）（見晴村辦公室）
10015,1001512,見晴村,3,,見晴,,,３２之１號,295485.73,2631025.81,花蓮縣萬榮鄉見晴村見晴３２之１號
10015,1001512,見晴村,2,,見晴,,,２３之１２號,295656.58,2631234.25,花蓮縣萬榮鄉見晴村見晴２３之１２號
10015,1001512,見晴村,4,,見晴,,,３４號,295445.33,2630893.07,花蓮縣萬榮鄉見晴村見晴３４號
10015,1001512,見晴村,6,,見晴,,,６６之１號,295880.81,2631156.19,花蓮縣萬榮鄉見晴村見晴６６之１號
10015,1001512,見晴村,6,,見晴,,,７１之３號,295738.7,2631353.74,花蓮縣萬榮鄉見晴村見晴７１之３號
10015,1001512,見晴村,3,,見晴,,,３０之１號,295491.3,2630989.57,花蓮縣萬榮鄉見晴村見晴３０之１號
10015,1001512,見晴村,7,,見晴,,,１２２之１號（農業資材室）,295973.34,2631388.82,花蓮縣萬榮鄉見晴村見晴１２２之１號（農業資材室）
10015,1001512,見晴村,7,,見晴,,,７７之１號,295934.33,2631141,花蓮縣萬榮鄉見晴村見晴７７之１號
10015,1001512,見晴村,1,,見晴,,,１之８號（農業資材室）,295590.81,2631924.2,花蓮縣萬榮鄉見晴村見晴１之８號（農業資材室）
10015,1001512,見晴村,1,,見晴,,,１之６號（農業資材室）,295586.08,2631868.36,花蓮縣萬榮鄉見晴村見晴１之６號（農業資材室）
10015,1001512,見晴村,1,,見晴,,,２之１號,295664.219,2631668.482,花蓮縣萬榮鄉見晴村見晴２之１號
10015,1001512,見晴村,1,,見晴,,,２號,295664.51,2631686.513,花蓮縣萬榮鄉見晴村見晴２號
10015,1001512,見晴村,1,,見晴,,,２之２號,295655.51,2631677.51,花蓮縣萬榮鄉見晴村見晴２之２號
10015,1001512,見晴村,1,,見晴,,,３號,295635.684,2631677.497,花蓮縣萬榮鄉見晴村見晴３號
10015,1001512,見晴村,1,,見晴,,,３之６號（農業資材室）,295635.47,2631653.46,花蓮縣萬榮鄉見晴村見晴３之６號（農業資材室）
10015,1001512,見晴村,1,,見晴,,,４號,295639.178,2631692.62,花蓮縣萬榮鄉見晴村見晴４號
10015,1001512,見晴村,1,,見晴,,,７號,295646.809,2631718.397,花蓮縣萬榮鄉見晴村見晴７號
10015,1001512,見晴村,1,,見晴,,,８之１號,295623.963,2631710.319,花蓮縣萬榮鄉見晴村見晴８之１號
10015,1001512,見晴村,1,,見晴,,,８號,295624.42,2631714.81,花蓮縣萬榮鄉見晴村見晴８號
10015,1001512,見晴村,1,,見晴,,,８號之２,295622.31,2631722.76,花蓮縣萬榮鄉見晴村見晴８號之２
10015,1001512,見晴村,1,,見晴,,,９之８號,295612.25,2631624.19,花蓮縣萬榮鄉見晴村見晴９之８號
10015,1001512,見晴村,1,,見晴,,,９之１０號,295593.2,2631614.93,花蓮縣萬榮鄉見晴村見晴９之１０號
10015,1001512,見晴村,1,,見晴,,,９之６號,295594.52,2631630.01,花蓮縣萬榮鄉見晴村見晴９之６號
10015,1001512,見晴村,1,,見晴,,,９之１２號,295610.66,2631610.96,花蓮縣萬榮鄉見晴村見晴９之１２號
10015,1001512,見晴村,1,,見晴,,,９號,295621.999,2631699.599,花蓮縣萬榮鄉見晴村見晴９號
10015,1001512,見晴村,1,,見晴,,,９之１號,295628.705,2631691.196,花蓮縣萬榮鄉見晴村見晴９之１號
10015,1001512,見晴村,1,,見晴,,,１０號,295574.95,2631703.44,花蓮縣萬榮鄉見晴村見晴１０號
10015,1001512,見晴村,1,,見晴,,,１１號,295574.16,2631694.18,花蓮縣萬榮鄉見晴村見晴１１號
10015,1001512,見晴村,1,,見晴,,,１３之６號,295614.395,2631544.158,花蓮縣萬榮鄉見晴村見晴１３之６號
10015,1001512,見晴村,1,,見晴,,,１３之３號,295470.95,2631744.54,花蓮縣萬榮鄉見晴村見晴１３之３號
10015,1001512,見晴村,1,,見晴,,,１３號,295552.545,2631646.719,花蓮縣萬榮鄉見晴村見晴１３號
10015,1001512,見晴村,1,,見晴,,,１３之８號（農業資材室）,295628.77,2631567.54,花蓮縣萬榮鄉見晴村見晴１３之８號（農業資材室）
10015,1001512,見晴村,2,,見晴,,,１５之６號,295538.77,2631282.67,花蓮縣萬榮鄉見晴村見晴１５之６號
10015,1001512,見晴村,2,,見晴,,,１５之１號,295510.253,2631252.223,花蓮縣萬榮鄉見晴村見晴１５之１號
10015,1001512,見晴村,2,,見晴,,,１５之２號,295514.14,2631267.608,花蓮縣萬榮鄉見晴村見晴１５之２號
10015,1001512,見晴村,2,,見晴,,,１５號,295519.374,2631288.837,花蓮縣萬榮鄉見晴村見晴１５號
10015,1001512,見晴村,2,,見晴,,,１５之５號,295543.23,2631262.909,花蓮縣萬榮鄉見晴村見晴１５之５號
10015,1001512,見晴村,2,,見晴,,,１６之１號,295494.11,2631266.22,花蓮縣萬榮鄉見晴村見晴１６之１號
10015,1001512,見晴村,2,,見晴,,,１６號,295483.2,2631262.19,花蓮縣萬榮鄉見晴村見晴１６號
10015,1001512,見晴村,2,,見晴,,,１７號,295492.26,2631250.08,花蓮縣萬榮鄉見晴村見晴１７號
10015,1001512,見晴村,2,,見晴,,,１８號,295487.23,2631231.03,花蓮縣萬榮鄉見晴村見晴１８號
10015,1001512,見晴村,2,,見晴,,,１８號之１,295487.5,2631240.55,花蓮縣萬榮鄉見晴村見晴１８號之１
10015,1001512,見晴村,2,,見晴,,,１９號,295497.82,2631231.03,花蓮縣萬榮鄉見晴村見晴１９號
10015,1001512,見晴村,2,,見晴,,,２０號,295488.493,2631218.143,花蓮縣萬榮鄉見晴村見晴２０號
10015,1001512,見晴村,2,,見晴,,,２０號之１,295494.04,2631177.26,花蓮縣萬榮鄉見晴村見晴２０號之１
10015,1001512,見晴村,2,,見晴,,,２１號,295509.552,2631235.58,花蓮縣萬榮鄉見晴村見晴２１號
10015,1001512,見晴村,2,,見晴,,,２２之１號,295526.024,2631188.081,花蓮縣萬榮鄉見晴村見晴２２之１號
10015,1001512,見晴村,2,,見晴,,,２２號,295513.761,2631221.273,花蓮縣萬榮鄉見晴村見晴２２號
10015,1001512,見晴村,2,,見晴,,,２２之２號,295548.246,2631157.096,花蓮縣萬榮鄉見晴村見晴２２之２號
10015,1001512,見晴村,2,,見晴,,,２３號,295646.857,2631167.161,花蓮縣萬榮鄉見晴村見晴２３號
10015,1001512,見晴村,2,,見晴,,,２３之１號,295678.172,2631349.395,花蓮縣萬榮鄉見晴村見晴２３之１號
10015,1001512,見晴村,2,,見晴,,,２３之６號,295614.845,2631438.502,花蓮縣萬榮鄉見晴村見晴２３之６號
10015,1001512,見晴村,2,,見晴,,,２４之３號,295673.443,2631125.683,花蓮縣萬榮鄉見晴村見晴２４之３號
10015,1001512,見晴村,2,,見晴,,,２４號,295648.409,2631150.277,花蓮縣萬榮鄉見晴村見晴２４號
10015,1001512,見晴村,2,,見晴,,,２４之２號,295625.811,2631146.314,花蓮縣萬榮鄉見晴村見晴２４之２號
10015,1001512,見晴村,2,,見晴,,,２４號之１,295653.39,2631142.92,花蓮縣萬榮鄉見晴村見晴２４號之１
10015,1001512,見晴村,2,,見晴,,,２４號之２,295625.88,2631152.71,花蓮縣萬榮鄉見晴村見晴２４號之２
10015,1001512,見晴村,3,,見晴,,,２５號,295474.03,2630910.79,花蓮縣萬榮鄉見晴村見晴２５號
10015,1001512,見晴村,3,,見晴,,,２５之１號,295487.79,2630926.53,花蓮縣萬榮鄉見晴村見晴２５之１號
10015,1001512,見晴村,3,,見晴,,,２５號之２,295481.97,2630912.24,花蓮縣萬榮鄉見晴村見晴２５號之２
10015,1001512,見晴村,3,,見晴,,,２５號之３,295490.44,2630941.88,花蓮縣萬榮鄉見晴村見晴２５號之３
10015,1001512,見晴村,3,,見晴,,,２６號,295468.48,2630900.07,花蓮縣萬榮鄉見晴村見晴２６號
10015,1001512,見晴村,3,,見晴,,,２６號之１,295502.92,2631142.56,花蓮縣萬榮鄉見晴村見晴２６號之１
10015,1001512,見晴村,3,,見晴,,,２８號,295435.46,2630954.71,花蓮縣萬榮鄉見晴村見晴２８號
10015,1001512,見晴村,3,,見晴,,,２９號之１,295498.54,2631163.5,花蓮縣萬榮鄉見晴村見晴２９號之１
10015,1001512,見晴村,3,,見晴,,,３０號,295491.13,2630969.43,花蓮縣萬榮鄉見晴村見晴３０號
10015,1001512,見晴村,3,,見晴,,,３１號,295499.5,2631113.66,花蓮縣萬榮鄉見晴村見晴３１號
10015,1001512,見晴村,3,,見晴,,,３２號,295489.97,2631048.04,花蓮縣萬榮鄉見晴村見晴３２號
10015,1001512,見晴村,4,,見晴,,,３４號之１,295399.29,2630835.65,花蓮縣萬榮鄉見晴村見晴３４號之１
10015,1001512,見晴村,4,,見晴,,,３４號之２,295447.18,2630886.19,花蓮縣萬榮鄉見晴村見晴３４號之２
10015,1001512,見晴村,4,,見晴,,,３５號,295419,2630876.26,花蓮縣萬榮鄉見晴村見晴３５號
10015,1001512,見晴村,4,,見晴,,,３６號,295433.55,2630882.88,花蓮縣萬榮鄉見晴村見晴３６號
10015,1001512,見晴村,4,,見晴,,,３６之１號,295411.85,2630904.57,花蓮縣萬榮鄉見晴村見晴３６之１號
10015,1001512,見晴村,4,,見晴,,,３７號,295408.82,2630861.58,花蓮縣萬榮鄉見晴村見晴３７號
10015,1001512,見晴村,4,,見晴,,,３８之１號,295396.77,2630846.63,花蓮縣萬榮鄉見晴村見晴３８之１號
10015,1001512,見晴村,4,,見晴,,,３８號,295382.75,2630858.53,花蓮縣萬榮鄉見晴村見晴３８號
10015,1001512,見晴村,4,,見晴,,,３９之２號,295368.2,2630830.49,花蓮縣萬榮鄉見晴村見晴３９之２號
10015,1001512,見晴村,4,,見晴,,,３９號,295369.39,2630846.36,花蓮縣萬榮鄉見晴村見晴３９號
10015,1001512,見晴村,4,,見晴,,,４１之２號,295373.365,2630818.458,花蓮縣萬榮鄉見晴村見晴４１之２號
10015,1001512,見晴村,4,,見晴,,,４１之１號,295376.202,2630806.289,花蓮縣萬榮鄉見晴村見晴４１之１號
10015,1001512,見晴村,4,,見晴,,,４１之３號,295389.63,2630812.5,花蓮縣萬榮鄉見晴村見晴４１之３號
10015,1001512,見晴村,4,,見晴,,,４１號,295389.82,2630820.7,花蓮縣萬榮鄉見晴村見晴４１號
10015,1001512,見晴村,5,,見晴,,,４２號之１,295408.02,2630648.05,花蓮縣萬榮鄉見晴村見晴４２號之１
10015,1001512,見晴村,5,,見晴,,,４２號之２,295392.97,2630644.39,花蓮縣萬榮鄉見晴村見晴４２號之２
10015,1001512,見晴村,5,,見晴,,,４３號,295410.235,2630620.166,花蓮縣萬榮鄉見晴村見晴４３號
10015,1001512,見晴村,5,,見晴,,,４４號,295384.77,2630642.27,花蓮縣萬榮鄉見晴村見晴４４號
10015,1001512,見晴村,5,,見晴,,,４６號,295355.14,2630635.92,花蓮縣萬榮鄉見晴村見晴４６號
10015,1001512,見晴村,5,,見晴,,,５０號,295393.618,2630664.261,花蓮縣萬榮鄉見晴村見晴５０號
10015,1001512,見晴村,5,,見晴,,,５２號,295454.086,2630590.806,花蓮縣萬榮鄉見晴村見晴５２號
10015,1001512,見晴村,5,,見晴,,,５３號,295447.765,2630605.132,花蓮縣萬榮鄉見晴村見晴５３號
10015,1001512,見晴村,5,,見晴,,,５４之１號,295471.244,2630611.788,花蓮縣萬榮鄉見晴村見晴５４之１號
10015,1001512,見晴村,5,,見晴,,,５４號,295472.035,2630596.785,花蓮縣萬榮鄉見晴村見晴５４號
10015,1001512,見晴村,6,,見晴,,,５６號,295812.467,2631167.134,花蓮縣萬榮鄉見晴村見晴５６號
10015,1001512,見晴村,6,,見晴,,,５６號之２,295725.28,2631207.35,花蓮縣萬榮鄉見晴村見晴５６號之２
10015,1001512,見晴村,6,,見晴,,,５７號,295829.16,2631168.33,花蓮縣萬榮鄉見晴村見晴５７號
10015,1001512,見晴村,6,,見晴,,,５８號,295812.31,2631194.86,花蓮縣萬榮鄉見晴村見晴５８號
10015,1001512,見晴村,6,,見晴,,,５９號,295812.84,2631205.44,花蓮縣萬榮鄉見晴村見晴５９號
10015,1001512,見晴村,6,,見晴,,,５９號之１,295829.24,2631218.14,花蓮縣萬榮鄉見晴村見晴５９號之１
10015,1001512,見晴村,6,,見晴,,,６０號,295842.47,2631188.77,花蓮縣萬榮鄉見晴村見晴６０號
10015,1001512,見晴村,6,,見晴,,,６０號之１,295844.62,2631196.93,花蓮縣萬榮鄉見晴村見晴６０號之１
10015,1001512,見晴村,6,,見晴,,,６１號,295858.15,2631149.32,花蓮縣萬榮鄉見晴村見晴６１號
10015,1001512,見晴村,6,,見晴,,,６２之３號,295847.26,2631237.57,花蓮縣萬榮鄉見晴村見晴６２之３號
10015,1001512,見晴村,6,,見晴,,,６２號,295844.39,2631210.97,花蓮縣萬榮鄉見晴村見晴６２號
10015,1001512,見晴村,6,,見晴,,,６３號,295862.35,2631208.31,花蓮縣萬榮鄉見晴村見晴６３號
10015,1001512,見晴村,6,,見晴,,,６４號（見晴教會）,295877.99,2631131.86,花蓮縣萬榮鄉見晴村見晴６４號（見晴教會）
10015,1001512,見晴村,6,,見晴,,,６５之６號,295745.88,2631142.25,花蓮縣萬榮鄉見晴村見晴６５之６號
10015,1001512,見晴村,6,,見晴,,,６５號,295879.05,2631146.94,花蓮縣萬榮鄉見晴村見晴６５號
10015,1001512,見晴村,6,,見晴,,,６５號之３,295777.23,2631149.58,花蓮縣萬榮鄉見晴村見晴６５號之３
10015,1001512,見晴村,6,,見晴,,,６５號之１,295840.6,2631127.09,花蓮縣萬榮鄉見晴村見晴６５號之１
10015,1001512,見晴村,6,,見晴,,,６５號之５,295829.91,2631127.69,花蓮縣萬榮鄉見晴村見晴６５號之５
10015,1001512,見晴村,6,,見晴,,,６６之３號,295866.55,2631169.98,花蓮縣萬榮鄉見晴村見晴６６之３號
10015,1001512,見晴村,6,,見晴,,,６６號,295882.07,2631162.42,花蓮縣萬榮鄉見晴村見晴６６號
10015,1001512,見晴村,6,,見晴,,,６７號,295884.61,2631173.4,花蓮縣萬榮鄉見晴村見晴６７號
10015,1001512,見晴村,6,,見晴,,,６８之１號,295887.06,2631185.37,花蓮縣萬榮鄉見晴村見晴６８之１號
10015,1001512,見晴村,6,,見晴,,,６８號,295888.65,2631192.78,花蓮縣萬榮鄉見晴村見晴６８號
10015,1001512,見晴村,6,,見晴,,,６９號,295864.38,2631188.095,花蓮縣萬榮鄉見晴村見晴６９號
10015,1001512,見晴村,6,,見晴,,,７１之５號,295779.781,2631389.5,花蓮縣萬榮鄉見晴村見晴７１之５號
10015,1001512,見晴村,6,,見晴,,,７１之１２號（農業資材室）,295739.26,2631541.17,花蓮縣萬榮鄉見晴村見晴７１之１２號（農業資材室）
10015,1001512,見晴村,6,,見晴,,,７１號之１,295890.4,2631199.85,花蓮縣萬榮鄉見晴村見晴７１號之１
10015,1001512,見晴村,6,,見晴,,,７１號之２,295782.36,2631417.11,花蓮縣萬榮鄉見晴村見晴７１號之２
10015,1001512,見晴村,6,,見晴,,,７２號,295892.69,2631210.05,花蓮縣萬榮鄉見晴村見晴７２號
10015,1001512,見晴村,6,,見晴,,,７２號之１,295895.86,2631215.08,花蓮縣萬榮鄉見晴村見晴７２號之１
10015,1001512,見晴村,6,,見晴,,,７３號,295908.479,2631228.601,花蓮縣萬榮鄉見晴村見晴７３號
10015,1001512,見晴村,6,,見晴,,,７３之２號,295912.38,2631263.74,花蓮縣萬榮鄉見晴村見晴７３之２號
10015,1001512,見晴村,6,,見晴,,,７３之１０號,295761.795,2631723.107,花蓮縣萬榮鄉見晴村見晴７３之１０號
10015,1001512,見晴村,6,,見晴,,,７３號之１,295909.98,2631240.33,花蓮縣萬榮鄉見晴村見晴７３號之１
10015,1001512,見晴村,7,,見晴,,,７４之２號,295927.24,2631116.93,花蓮縣萬榮鄉見晴村見晴７４之２號
10015,1001512,見晴村,7,,見晴,,,７４之３號,295931.45,2631112.02,花蓮縣萬榮鄉見晴村見晴７４之３號
10015,1001512,見晴村,7,,見晴,,,７４之５號,295942.3,2631110.43,花蓮縣萬榮鄉見晴村見晴７４之５號
10015,1001512,見晴村,7,,見晴,,,７４號,295912.4,2631125.52,花蓮縣萬榮鄉見晴村見晴７４號
10015,1001512,見晴村,7,,見晴,,,７４之１號,295921.13,2631113.08,花蓮縣萬榮鄉見晴村見晴７４之１號
10015,1001512,見晴村,7,,見晴,,,７４之４號,295937.104,2631115.783,花蓮縣萬榮鄉見晴村見晴７４之４號
10015,1001512,見晴村,7,,見晴,,,７７號,295929.03,2631137.03,花蓮縣萬榮鄉見晴村見晴７７號
10015,1001512,見晴村,7,,見晴,,,７８號,295899.95,2631145.88,花蓮縣萬榮鄉見晴村見晴７８號
10015,1001512,見晴村,7,,見晴,,,７９號,295902.6,2631166.78,花蓮縣萬榮鄉見晴村見晴７９號
10015,1001512,見晴村,7,,見晴,,,７９號之１,295927.61,2631155.17,花蓮縣萬榮鄉見晴村見晴７９號之１
10015,1001512,見晴村,7,,見晴,,,７９號之２,295901.15,2631160.46,花蓮縣萬榮鄉見晴村見晴７９號之２
10015,1001512,見晴村,7,,見晴,,,８０之１號,295904.07,2631179.25,花蓮縣萬榮鄉見晴村見晴８０之１號
10015,1001512,見晴村,7,,見晴,,,８０號,295903.27,2631173.95,花蓮縣萬榮鄉見晴村見晴８０號
10015,1001512,見晴村,7,,見晴,,,８１號,295909.071,2631204.417,花蓮縣萬榮鄉見晴村見晴８１號
10015,1001512,見晴村,7,,見晴,,,８２號,295935.88,2631191.29,花蓮縣萬榮鄉見晴村見晴８２號
10015,1001512,見晴村,7,,見晴,,,８３號,295949.43,2631184.675,花蓮縣萬榮鄉見晴村見晴８３號
10015,1001512,見晴村,7,,見晴,,,８４之１號,295993.84,2631176.76,花蓮縣萬榮鄉見晴村見晴８４之１號
10015,1001512,見晴村,7,,見晴,,,８４號,295993.55,2631185.83,花蓮縣萬榮鄉見晴村見晴８４號
10015,1001512,見晴村,7,,見晴,,,８５之２號,295969.061,2631202.381,花蓮縣萬榮鄉見晴村見晴８５之２號
10015,1001512,見晴村,7,,見晴,,,８５號,295991.76,2631200.65,花蓮縣萬榮鄉見晴村見晴８５號
10015,1001512,見晴村,7,,見晴,,,８５之１號,295992.56,2631192.71,花蓮縣萬榮鄉見晴村見晴８５之１號
10015,1001512,見晴村,7,,見晴,,,８６號,295981.18,2631216,花蓮縣萬榮鄉見晴村見晴８６號
10015,1001512,見晴村,7,,見晴,,,８７號,295961.07,2631225.52,花蓮縣萬榮鄉見晴村見晴８７號
10015,1001512,見晴村,7,,見晴,,,８７之１號,295969.4,2631244.7,花蓮縣萬榮鄉見晴村見晴８７之１號
10015,1001512,見晴村,7,,見晴,,,８８之１號,295945.399,2631221.541,花蓮縣萬榮鄉見晴村見晴８８之１號
10015,1001512,見晴村,7,,見晴,,,８８號,295950.49,2631248.8,花蓮縣萬榮鄉見晴村見晴８８號
10015,1001512,見晴村,7,,見晴,,,９０號,296112.94,2631203.3,花蓮縣萬榮鄉見晴村見晴９０號
10015,1001512,見晴村,7,,見晴,,,９０之２號,296110.3,2631214.94,花蓮縣萬榮鄉見晴村見晴９０之２號
10015,1001512,見晴村,7,,見晴,,,９０號之１,296118.76,2631234.51,花蓮縣萬榮鄉見晴村見晴９０號之１
10015,1001512,見晴村,7,,見晴,,,９１號,296144.69,2631197.47,花蓮縣萬榮鄉見晴村見晴９１號
10015,1001512,見晴村,7,,見晴,,,９１之１號,296155.01,2631177.89,花蓮縣萬榮鄉見晴村見晴９１之１號
10015,1001512,見晴村,7,,見晴,,,９２號,296120.62,2631178.95,花蓮縣萬榮鄉見晴村見晴９２號
10015,1001512,見晴村,7,,見晴,,,９２號之１,296121.55,2631158.61,花蓮縣萬榮鄉見晴村見晴９２號之１
10015,1001512,見晴村,7,,見晴,,,９４號,296146.875,2631150.691,花蓮縣萬榮鄉見晴村見晴９４號
10015,1001512,見晴村,7,,見晴,,,９４號之１,296138.34,2631142.43,花蓮縣萬榮鄉見晴村見晴９４號之１
10015,1001512,見晴村,7,,見晴,,,９５號,296120.1,2631145.04,花蓮縣萬榮鄉見晴村見晴９５號
10015,1001512,見晴村,7,,見晴,,,９６號之１,296110.31,2631110.37,花蓮縣萬榮鄉見晴村見晴９６號之１
10015,1001512,見晴村,7,,見晴,,,９８號（萬榮鄉見晴衛生室）,296134.39,2631110.25,花蓮縣萬榮鄉見晴村見晴９８號（萬榮鄉見晴衛生室）
10015,1001512,見晴村,7,,見晴,,,９９號,296138.22,2631128.45,花蓮縣萬榮鄉見晴村見晴９９號
10015,1001512,見晴村,7,,見晴,,,１２２號,295988.19,2631411.26,花蓮縣萬榮鄉見晴村見晴１２２號
10015,1001512,見晴村,7,,見晴,,,１３１號,295873.89,2631542.76,花蓮縣萬榮鄉見晴村見晴１３１號
10015,1001512,馬遠村,8,,馬遠,,,１３９之１號,288128.11,2603559.16,花蓮縣萬榮鄉馬遠村馬遠１３９之１號
10015,1001512,馬遠村,9,,馬遠,,,１９５之１號,287698.45,2602598.488,花蓮縣萬榮鄉馬遠村馬遠１９５之１號
10015,1001512,馬遠村,6,,馬遠,,,１１２之１號,288314.18,2604909.68,花蓮縣萬榮鄉馬遠村馬遠１１２之１號
10015,1001512,馬遠村,9,,馬遠,,,２１７之１６號,287442.29,2601839.43,花蓮縣萬榮鄉馬遠村馬遠２１７之１６號
10015,1001512,馬遠村,1,,馬遠,,,１０之１號,287077.22,2608254.04,花蓮縣萬榮鄉馬遠村馬遠１０之１號
10015,1001512,馬遠村,8,,馬遠,,,１７２之１０號,287202.12,2604077.79,花蓮縣萬榮鄉馬遠村馬遠１７２之１０號
10015,1001512,馬遠村,8,,馬遠,,,１４５之１號,288048.39,2603437.24,花蓮縣萬榮鄉馬遠村馬遠１４５之１號
10015,1001512,馬遠村,9,,馬遠,,,２１７之２０號,287382.72,2601665.76,花蓮縣萬榮鄉馬遠村馬遠２１７之２０號
10015,1001512,馬遠村,8,,馬遠,,,１７１之６號,287601.03,2603578.11,花蓮縣萬榮鄉馬遠村馬遠１７１之６號
10015,1001512,馬遠村,9,,馬遠,,,２１７之２２號,286883.42,2602486.68,花蓮縣萬榮鄉馬遠村馬遠２１７之２２號
10015,1001512,馬遠村,4,,馬遠,,,６８之３號,286904.17,2608315.47,花蓮縣萬榮鄉馬遠村馬遠６８之３號
10015,1001512,馬遠村,8,,馬遠,,,１４９之１號,288015.198,2603410.131,花蓮縣萬榮鄉馬遠村馬遠１４９之１號
10015,1001512,馬遠村,9,,馬遠,,,２１７之２６號,286416.42,2602305.61,花蓮縣萬榮鄉馬遠村馬遠２１７之２６號
10015,1001512,馬遠村,8,,馬遠,,,１５６之８號,287260,2604758,花蓮縣萬榮鄉馬遠村馬遠１５６之８號
10015,1001512,馬遠村,3,,馬遠,,,５４之２號,286940.14,2608397.92,花蓮縣萬榮鄉馬遠村馬遠５４之２號
10015,1001512,馬遠村,8,,馬遠,,,１７１之８號,287638.48,2603854.17,花蓮縣萬榮鄉馬遠村馬遠１７１之８號
10015,1001512,馬遠村,5,,馬遠,,,９２之８號,286986.79,2606625.06,花蓮縣萬榮鄉馬遠村馬遠９２之８號
10015,1001512,馬遠村,4,,馬遠,,,７４之５號,286842.38,2608414.3,花蓮縣萬榮鄉馬遠村馬遠７４之５號
10015,1001512,馬遠村,9,,馬遠,,,２１７之２８號,286370.17,2602631.87,花蓮縣萬榮鄉馬遠村馬遠２１７之２８號
10015,1001512,馬遠村,4,,馬遠,,,７２之１號,286899.21,2608366.78,花蓮縣萬榮鄉馬遠村馬遠７２之１號
10015,1001512,馬遠村,3,,馬遠,,,５４之３號,286917,2608396.76,花蓮縣萬榮鄉馬遠村馬遠５４之３號
10015,1001512,馬遠村,3,,馬遠,,,６２之８號,286873.33,2608507.32,花蓮縣萬榮鄉馬遠村馬遠６２之８號
10015,1001512,馬遠村,6,,馬遠,,,１１６之５號,288233.72,2604620.94,花蓮縣萬榮鄉馬遠村馬遠１１６之５號
10015,1001512,馬遠村,9,,馬遠,,,１９５之２號,287694.878,2602594.916,花蓮縣萬榮鄉馬遠村馬遠１９５之２號
10015,1001512,馬遠村,5,,馬遠,,,９２之２３號,287300.08,2604692.51,花蓮縣萬榮鄉馬遠村馬遠９２之２３號
10015,1001512,馬遠村,9,,馬遠,,,１７５之１號,287778.94,2602685.8,花蓮縣萬榮鄉馬遠村馬遠１７５之１號
10015,1001512,馬遠村,5,,馬遠,,,９２之１８號,287563.88,2605573.94,花蓮縣萬榮鄉馬遠村馬遠９２之１８號
10015,1001512,馬遠村,6,,馬遠,,,１０６之２號,288248.22,2604863.5,花蓮縣萬榮鄉馬遠村馬遠１０６之２號
10015,1001512,馬遠村,3,,馬遠,,,５９之１號,286862.87,2608475.49,花蓮縣萬榮鄉馬遠村馬遠５９之１號
10015,1001512,馬遠村,8,,馬遠,,,１５７之５號,287916.335,2603328.341,花蓮縣萬榮鄉馬遠村馬遠１５７之５號
10015,1001512,馬遠村,5,,馬遠,,,９２之６號,286918.53,2606834.75,花蓮縣萬榮鄉馬遠村馬遠９２之６號
10015,1001512,馬遠村,5,,馬遠,,,９２之２７號,287260,2604758,花蓮縣萬榮鄉馬遠村馬遠９２之２７號
10015,1001512,馬遠村,3,,馬遠,,,５０之２號,286976.04,2608340.91,花蓮縣萬榮鄉馬遠村馬遠５０之２號
10015,1001512,馬遠村,3,,馬遠,,,５０之３號,286935.458,2608369.05,花蓮縣萬榮鄉馬遠村馬遠５０之３號
10015,1001512,馬遠村,9,,馬遠,,,１８２之３號,287747.66,2602731.7,花蓮縣萬榮鄉馬遠村馬遠１８２之３號
10015,1001512,馬遠村,9,,馬遠,,,２０８之１號,287734.55,2602684.23,花蓮縣萬榮鄉馬遠村馬遠２０８之１號
10015,1001512,馬遠村,1,,馬遠,,,２號（馬遠村衛生室）,287066.96,2608166.85,花蓮縣萬榮鄉馬遠村馬遠２號（馬遠村衛生室）
10015,1001512,馬遠村,1,,馬遠,,,３之２號,287046.26,2608195.84,花蓮縣萬榮鄉馬遠村馬遠３之２號
10015,1001512,馬遠村,1,,馬遠,,,３之１號,287062.34,2608179.775,花蓮縣萬榮鄉馬遠村馬遠３之１號
10015,1001512,馬遠村,1,,馬遠,,,３號,287053.209,2608174.788,花蓮縣萬榮鄉馬遠村馬遠３號
10015,1001512,馬遠村,1,,馬遠,,,３之３號,287067.25,2608198.01,花蓮縣萬榮鄉馬遠村馬遠３之３號
10015,1001512,馬遠村,1,,馬遠,,,５號（馬遠村辦公處）,287019.8,2608190.01,花蓮縣萬榮鄉馬遠村馬遠５號（馬遠村辦公處）
10015,1001512,馬遠村,1,,馬遠,,,６號,287027.98,2608267.891,花蓮縣萬榮鄉馬遠村馬遠６號
10015,1001512,馬遠村,1,,馬遠,,,７之１號,287034.092,2608203.52,花蓮縣萬榮鄉馬遠村馬遠７之１號
10015,1001512,馬遠村,1,,馬遠,,,８號,287028.956,2608211.215,花蓮縣萬榮鄉馬遠村馬遠８號
10015,1001512,馬遠村,1,,馬遠,,,８之２號,287028.671,2608225.18,花蓮縣萬榮鄉馬遠村馬遠８之２號
10015,1001512,馬遠村,1,,馬遠,,,８號之１,287046.64,2608233.77,花蓮縣萬榮鄉馬遠村馬遠８號之１
10015,1001512,馬遠村,1,,馬遠,,,１０號,287060.63,2608241.139,花蓮縣萬榮鄉馬遠村馬遠１０號
10015,1001512,馬遠村,1,,馬遠,,,１１號,287013.257,2608233.897,花蓮縣萬榮鄉馬遠村馬遠１１號
10015,1001512,馬遠村,1,,馬遠,,,１１之２號,287022.33,2608239.55,花蓮縣萬榮鄉馬遠村馬遠１１之２號
10015,1001512,馬遠村,1,,馬遠,,,１１號之１,286854.03,2608095.12,花蓮縣萬榮鄉馬遠村馬遠１１號之１
10015,1001512,馬遠村,1,,馬遠,,,１２號,287003.77,2608251.5,花蓮縣萬榮鄉馬遠村馬遠１２號
10015,1001512,馬遠村,1,,馬遠,,,１５號,286995.321,2608266.755,花蓮縣萬榮鄉馬遠村馬遠１５號
10015,1001512,馬遠村,1,,馬遠,,,１６號,286989.632,2608284.802,花蓮縣萬榮鄉馬遠村馬遠１６號
10015,1001512,馬遠村,1,,馬遠,,,１７號,287009.617,2608296.161,花蓮縣萬榮鄉馬遠村馬遠１７號
10015,1001512,馬遠村,1,,馬遠,,,１７之１號,287020.01,2608279.16,花蓮縣萬榮鄉馬遠村馬遠１７之１號
10015,1001512,馬遠村,1,,馬遠,,,１９之１號,286976.8,2608297.83,花蓮縣萬榮鄉馬遠村馬遠１９之１號
10015,1001512,馬遠村,1,,馬遠,,,１９號,286985.732,2608292.429,花蓮縣萬榮鄉馬遠村馬遠１９號
10015,1001512,馬遠村,1,,馬遠,,,２０號,287043.058,2608275.729,花蓮縣萬榮鄉馬遠村馬遠２０號
10015,1001512,馬遠村,1,,馬遠,,,２０之３號,287016.93,2608316.782,花蓮縣萬榮鄉馬遠村馬遠２０之３號
10015,1001512,馬遠村,1,,馬遠,,,２０號之１,287027.21,2608300.61,花蓮縣萬榮鄉馬遠村馬遠２０號之１
10015,1001512,馬遠村,2,,馬遠,,,２４之４號,286949.558,2608075.504,花蓮縣萬榮鄉馬遠村馬遠２４之４號
10015,1001512,馬遠村,2,,馬遠,,,２４號,286973.818,2608122.342,花蓮縣萬榮鄉馬遠村馬遠２４號
10015,1001512,馬遠村,2,,馬遠,,,２４號之１,286975.88,2608108.01,花蓮縣萬榮鄉馬遠村馬遠２４號之１
10015,1001512,馬遠村,2,,馬遠,,,２４號之２,286967.99,2608090.16,花蓮縣萬榮鄉馬遠村馬遠２４號之２
10015,1001512,馬遠村,2,,馬遠,,,２４號之３,286959.54,2608072.44,花蓮縣萬榮鄉馬遠村馬遠２４號之３
10015,1001512,馬遠村,2,,馬遠,,,２５號,287004.959,2608165.949,花蓮縣萬榮鄉馬遠村馬遠２５號
10015,1001512,馬遠村,2,,馬遠,,,２６之２號,286995.414,2608199.756,花蓮縣萬榮鄉馬遠村馬遠２６之２號
10015,1001512,馬遠村,2,,馬遠,,,２６號,286996.255,2608183.049,花蓮縣萬榮鄉馬遠村馬遠２６號
10015,1001512,馬遠村,2,,馬遠,,,２６號之１,287019.27,2608164.75,花蓮縣萬榮鄉馬遠村馬遠２６號之１
10015,1001512,馬遠村,2,,馬遠,,,２７號,286980.561,2608175.212,花蓮縣萬榮鄉馬遠村馬遠２７號
10015,1001512,馬遠村,2,,馬遠,,,２７之１號,286970.35,2608153.68,花蓮縣萬榮鄉馬遠村馬遠２７之１號
10015,1001512,馬遠村,2,,馬遠,,,２８之２號,286989.136,2608209.161,花蓮縣萬榮鄉馬遠村馬遠２８之２號
10015,1001512,馬遠村,2,,馬遠,,,２８之１號,286977.011,2608208.754,花蓮縣萬榮鄉馬遠村馬遠２８之１號
10015,1001512,馬遠村,2,,馬遠,,,２８號,286984.438,2608214.33,花蓮縣萬榮鄉馬遠村馬遠２８號
10015,1001512,馬遠村,2,,馬遠,,,２９號,287001.592,2608225.357,花蓮縣萬榮鄉馬遠村馬遠２９號
10015,1001512,馬遠村,2,,馬遠,,,３０號,286966.24,2608224.827,花蓮縣萬榮鄉馬遠村馬遠３０號
10015,1001512,馬遠村,2,,馬遠,,,３１號,286990.125,2608240.406,花蓮縣萬榮鄉馬遠村馬遠３１號
10015,1001512,馬遠村,2,,馬遠,,,３２號之１,286982.35,2608257.49,花蓮縣萬榮鄉馬遠村馬遠３２號之１
10015,1001512,馬遠村,2,,馬遠,,,３３之１號,286942.842,2608225.151,花蓮縣萬榮鄉馬遠村馬遠３３之１號
10015,1001512,馬遠村,2,,馬遠,,,３３號,286955.835,2608240.108,花蓮縣萬榮鄉馬遠村馬遠３３號
10015,1001512,馬遠村,2,,馬遠,,,３４之１號,286947.874,2608253.577,花蓮縣萬榮鄉馬遠村馬遠３４之１號
10015,1001512,馬遠村,2,,馬遠,,,３４之２號,286950.798,2608247.248,花蓮縣萬榮鄉馬遠村馬遠３４之２號
10015,1001512,馬遠村,2,,馬遠,,,３４號,286961.38,2608259.38,花蓮縣萬榮鄉馬遠村馬遠３４號
10015,1001512,馬遠村,2,,馬遠,,,３５號,286970.786,2608270.65,花蓮縣萬榮鄉馬遠村馬遠３５號
10015,1001512,馬遠村,2,,馬遠,,,３６號,286962.499,2608285.58,花蓮縣萬榮鄉馬遠村馬遠３６號
10015,1001512,馬遠村,2,,馬遠,,,３７號,286938.451,2608270.001,花蓮縣萬榮鄉馬遠村馬遠３７號
10015,1001512,馬遠村,2,,馬遠,,,３９之３號,286853.416,2608109.816,花蓮縣萬榮鄉馬遠村馬遠３９之３號
10015,1001512,馬遠村,3,,馬遠,,,３９之４號,286830.343,2608138.377,花蓮縣萬榮鄉馬遠村馬遠３９之４號
10015,1001512,馬遠村,2,,馬遠,,,３９號（馬遠國小）,286881.09,2608239.13,花蓮縣萬榮鄉馬遠村馬遠３９號（馬遠國小）
10015,1001512,馬遠村,2,,馬遠,,,３９之２號,286853.578,2608094.885,花蓮縣萬榮鄉馬遠村馬遠３９之２號
10015,1001512,馬遠村,3,,馬遠,,,４０號（馬遠村多功能聚會所）,286936.36,2608159.14,花蓮縣萬榮鄉馬遠村馬遠４０號（馬遠村多功能聚會所）
10015,1001512,馬遠村,3,,馬遠,,,４５號,286966.227,2608312.612,花蓮縣萬榮鄉馬遠村馬遠４５號
10015,1001512,馬遠村,3,,馬遠,,,４７號,287026.106,2608309.18,花蓮縣萬榮鄉馬遠村馬遠４７號
10015,1001512,馬遠村,3,,馬遠,,,４８號,286955.653,2608326.454,花蓮縣萬榮鄉馬遠村馬遠４８號
10015,1001512,馬遠村,3,,馬遠,,,４９號,287035.564,2608306.263,花蓮縣萬榮鄉馬遠村馬遠４９號
10015,1001512,馬遠村,3,,馬遠,,,４９之１號,286966.71,2608352.46,花蓮縣萬榮鄉馬遠村馬遠４９之１號
10015,1001512,馬遠村,3,,馬遠,,,４９之２號,286949.804,2608339.599,花蓮縣萬榮鄉馬遠村馬遠４９之２號
10015,1001512,馬遠村,3,,馬遠,,,５０號,286931.649,2608365.443,花蓮縣萬榮鄉馬遠村馬遠５０號
10015,1001512,馬遠村,3,,馬遠,,,５０號之１,286937.42,2608355.41,花蓮縣萬榮鄉馬遠村馬遠５０號之１
10015,1001512,馬遠村,3,,馬遠,,,５２之１號,287007.83,2608327.222,花蓮縣萬榮鄉馬遠村馬遠５２之１號
10015,1001512,馬遠村,3,,馬遠,,,５２號,286991.574,2608323.647,花蓮縣萬榮鄉馬遠村馬遠５２號
10015,1001512,馬遠村,3,,馬遠,,,５３號,286918.442,2608384.732,花蓮縣萬榮鄉馬遠村馬遠５３號
10015,1001512,馬遠村,3,,馬遠,,,５４之６號,286948,2608385,花蓮縣萬榮鄉馬遠村馬遠５４之６號
10015,1001512,馬遠村,3,,馬遠,,,５４號,286907.41,2608397.523,花蓮縣萬榮鄉馬遠村馬遠５４號
10015,1001512,馬遠村,3,,馬遠,,,５４之１號,286961.68,2608373.54,花蓮縣萬榮鄉馬遠村馬遠５４之１號
10015,1001512,馬遠村,3,,馬遠,,,５５號,286930.477,2608412.447,花蓮縣萬榮鄉馬遠村馬遠５５號
10015,1001512,馬遠村,3,,馬遠,,,５５之１號,286926.01,2608408.95,花蓮縣萬榮鄉馬遠村馬遠５５之１號
10015,1001512,馬遠村,3,,馬遠,,,５６號,286917.997,2608420.465,花蓮縣萬榮鄉馬遠村馬遠５６號
10015,1001512,馬遠村,3,,馬遠,,,５７號,286904.944,2608409.26,花蓮縣萬榮鄉馬遠村馬遠５７號
10015,1001512,馬遠村,3,,馬遠,,,５９號,286871.998,2608461.692,花蓮縣萬榮鄉馬遠村馬遠５９號
10015,1001512,馬遠村,3,,馬遠,,,６０之１號,286890.43,2608473.62,花蓮縣萬榮鄉馬遠村馬遠６０之１號
10015,1001512,馬遠村,3,,馬遠,,,６０號,286904.205,2608463.576,花蓮縣萬榮鄉馬遠村馬遠６０號
10015,1001512,馬遠村,3,,馬遠,,,６１號,286860.955,2608485.947,花蓮縣萬榮鄉馬遠村馬遠６１號
10015,1001512,馬遠村,3,,馬遠,,,６２之６號,286878.816,2608476.641,花蓮縣萬榮鄉馬遠村馬遠６２之６號
10015,1001512,馬遠村,3,,馬遠,,,６２之１號,286866.617,2608499.443,花蓮縣萬榮鄉馬遠村馬遠６２之１號
10015,1001512,馬遠村,3,,馬遠,,,６２號,286850.8,2608491.308,花蓮縣萬榮鄉馬遠村馬遠６２號
10015,1001512,馬遠村,3,,馬遠,,,６２號之１,286871.41,2608495.14,花蓮縣萬榮鄉馬遠村馬遠６２號之１
10015,1001512,馬遠村,3,,馬遠,,,６２號之２,286843.19,2608505.39,花蓮縣萬榮鄉馬遠村馬遠６２號之２
10015,1001512,馬遠村,3,,馬遠,,,６２號之３,286885.38,2608492.54,花蓮縣萬榮鄉馬遠村馬遠６２號之３
10015,1001512,馬遠村,3,,馬遠,,,６２號之４,286814.16,2608509.56,花蓮縣萬榮鄉馬遠村馬遠６２號之４
10015,1001512,馬遠村,3,,馬遠,,,６２號之５,286820.16,2608519.49,花蓮縣萬榮鄉馬遠村馬遠６２號之５
10015,1001512,馬遠村,4,,馬遠,,,６３之３號,286947.842,2608292.264,花蓮縣萬榮鄉馬遠村馬遠６３之３號
10015,1001512,馬遠村,4,,馬遠,,,６３之５號,286949.76,2608302.13,花蓮縣萬榮鄉馬遠村馬遠６３之５號
10015,1001512,馬遠村,4,,馬遠,,,６３號,286940.59,2608291.33,花蓮縣萬榮鄉馬遠村馬遠６３號
10015,1001512,馬遠村,4,,馬遠,,,６３號之１,286933.68,2608288.23,花蓮縣萬榮鄉馬遠村馬遠６３號之１
10015,1001512,馬遠村,4,,馬遠,,,６５之１號,286923.951,2608294.394,花蓮縣萬榮鄉馬遠村馬遠６５之１號
10015,1001512,馬遠村,4,,馬遠,,,６５號,286921.189,2608303.32,花蓮縣萬榮鄉馬遠村馬遠６５號
10015,1001512,馬遠村,4,,馬遠,,,６６號,286853.989,2608449.377,花蓮縣萬榮鄉馬遠村馬遠６６號
10015,1001512,馬遠村,4,,馬遠,,,６７號,286927.195,2608320.077,花蓮縣萬榮鄉馬遠村馬遠６７號
10015,1001512,馬遠村,4,,馬遠,,,６７之１號,286932.07,2608332.735,花蓮縣萬榮鄉馬遠村馬遠６７之１號
10015,1001512,馬遠村,4,,馬遠,,,６８之２號,286932.076,2608309.811,花蓮縣萬榮鄉馬遠村馬遠６８之２號
10015,1001512,馬遠村,4,,馬遠,,,６８號,286939.225,2608310.298,花蓮縣萬榮鄉馬遠村馬遠６８號
10015,1001512,馬遠村,4,,馬遠,,,６８之１號,286912.06,2608315.65,花蓮縣萬榮鄉馬遠村馬遠６８之１號
10015,1001512,馬遠村,4,,馬遠,,,６９之１號,286916.146,2608316.831,花蓮縣萬榮鄉馬遠村馬遠６９之１號
10015,1001512,馬遠村,4,,馬遠,,,６９號,286905.098,2608335.818,花蓮縣萬榮鄉馬遠村馬遠６９號
10015,1001512,馬遠村,4,,馬遠,,,６９之２號,286893.724,2608327.055,花蓮縣萬榮鄉馬遠村馬遠６９之２號
10015,1001512,馬遠村,4,,馬遠,,,７０號,286884.621,2608345.734,花蓮縣萬榮鄉馬遠村馬遠７０號
10015,1001512,馬遠村,4,,馬遠,,,７１號,286908.123,2608359.789,花蓮縣萬榮鄉馬遠村馬遠７１號
10015,1001512,馬遠村,4,,馬遠,,,７２號,286906.88,2608376.3,花蓮縣萬榮鄉馬遠村馬遠７２號
10015,1001512,馬遠村,4,,馬遠,,,７４之３號,286889.698,2608367.613,花蓮縣萬榮鄉馬遠村馬遠７４之３號
10015,1001512,馬遠村,4,,馬遠,,,７４號,286868.805,2608376.752,花蓮縣萬榮鄉馬遠村馬遠７４號
10015,1001512,馬遠村,4,,馬遠,,,７４號之１,286878.11,2608358.63,花蓮縣萬榮鄉馬遠村馬遠７４號之１
10015,1001512,馬遠村,4,,馬遠,,,７４號之２,286850.28,2608406.69,花蓮縣萬榮鄉馬遠村馬遠７４號之２
10015,1001512,馬遠村,4,,馬遠,,,７５號,286889.696,2608387.185,花蓮縣萬榮鄉馬遠村馬遠７５號
10015,1001512,馬遠村,4,,馬遠,,,７６號,286879.16,2608396.45,花蓮縣萬榮鄉馬遠村馬遠７６號
10015,1001512,馬遠村,4,,馬遠,,,７７號,286855.166,2608388.247,花蓮縣萬榮鄉馬遠村馬遠７７號
10015,1001512,馬遠村,4,,馬遠,,,７７號之１,286872.59,2608420.25,花蓮縣萬榮鄉馬遠村馬遠７７號之１
10015,1001512,馬遠村,4,,馬遠,,,７８號,286868.5,2608433.39,花蓮縣萬榮鄉馬遠村馬遠７８號
10015,1001512,馬遠村,4,,馬遠,,,７９號,286842.528,2608465.75,花蓮縣萬榮鄉馬遠村馬遠７９號
10015,1001512,馬遠村,4,,馬遠,,,７９號之１,286822.84,2608453.18,花蓮縣萬榮鄉馬遠村馬遠７９號之１
10015,1001512,馬遠村,4,,馬遠,,,８０號,286834.252,2608481.004,花蓮縣萬榮鄉馬遠村馬遠８０號
10015,1001512,馬遠村,4,,馬遠,,,８１號,286817.423,2608495.699,花蓮縣萬榮鄉馬遠村馬遠８１號
10015,1001512,馬遠村,4,,馬遠,,,８１號之１,286780.96,2608536.32,花蓮縣萬榮鄉馬遠村馬遠８１號之１
10015,1001512,馬遠村,4,,馬遠,,,８２號,286808.139,2608467.819,花蓮縣萬榮鄉馬遠村馬遠８２號
10015,1001512,馬遠村,4,,馬遠,,,８２之１號,286789.89,2608471.25,花蓮縣萬榮鄉馬遠村馬遠８２之１號
10015,1001512,馬遠村,4,,馬遠,,,８４號,286848.93,2608359.365,花蓮縣萬榮鄉馬遠村馬遠８４號
10015,1001512,馬遠村,5,,馬遠,,,８８之５號,285683.59,2604865.49,花蓮縣萬榮鄉馬遠村馬遠８８之５號
10015,1001512,馬遠村,5,,馬遠,,,８８號之１１,285788.93,2604966.55,花蓮縣萬榮鄉馬遠村馬遠８８號之１１
10015,1001512,馬遠村,5,,馬遠,,,９２號,286861.65,2607219.61,花蓮縣萬榮鄉馬遠村馬遠９２號
10015,1001512,馬遠村,5,,馬遠,,,９２之９號,287238.56,2606661.77,花蓮縣萬榮鄉馬遠村馬遠９２之９號
10015,1001512,馬遠村,5,,馬遠,,,９２之１０號,287372.14,2606626,花蓮縣萬榮鄉馬遠村馬遠９２之１０號
10015,1001512,馬遠村,5,,馬遠,,,９２之３０號,287078.21,2604861.52,花蓮縣萬榮鄉馬遠村馬遠９２之３０號
10015,1001512,馬遠村,5,,馬遠,,,９２之１１號,287215.41,2606292.1,花蓮縣萬榮鄉馬遠村馬遠９２之１１號
10015,1001512,馬遠村,5,,馬遠,,,９２之１６號,287242,2605418,花蓮縣萬榮鄉馬遠村馬遠９２之１６號
10015,1001512,馬遠村,5,,馬遠,,,９３號（馬遠公墓公廁）,287760,2606473.29,花蓮縣萬榮鄉馬遠村馬遠９３號（馬遠公墓公廁）
10015,1001512,馬遠村,5,,馬遠,,,９５號,286988.97,2607134.33,花蓮縣萬榮鄉馬遠村馬遠９５號
10015,1001512,馬遠村,5,,馬遠,,,９７之２號,288165.19,2605594.23,花蓮縣萬榮鄉馬遠村馬遠９７之２號
10015,1001512,馬遠村,5,,馬遠,,,９７號之１,288246.27,2605687.57,花蓮縣萬榮鄉馬遠村馬遠９７號之１
10015,1001512,馬遠村,6,,馬遠,,,９８之１號,288109.39,2604903.68,花蓮縣萬榮鄉馬遠村馬遠９８之１號
10015,1001512,馬遠村,6,,馬遠,,,９８號,288138.703,2604926.113,花蓮縣萬榮鄉馬遠村馬遠９８號
10015,1001512,馬遠村,6,,馬遠,,,９９號,288175.413,2604901.313,花蓮縣萬榮鄉馬遠村馬遠９９號
10015,1001512,馬遠村,6,,馬遠,,,９９之１號,288229.86,2604928.32,花蓮縣萬榮鄉馬遠村馬遠９９之１號
10015,1001512,馬遠村,6,,馬遠,,,１００號,288102.67,2605101.76,花蓮縣萬榮鄉馬遠村馬遠１００號
10015,1001512,馬遠村,6,,馬遠,,,１０１號,288263.544,2604936.443,花蓮縣萬榮鄉馬遠村馬遠１０１號
10015,1001512,馬遠村,6,,馬遠,,,１０２號,288259.711,2604909.41,花蓮縣萬榮鄉馬遠村馬遠１０２號
10015,1001512,馬遠村,6,,馬遠,,,１０３號,288247.45,2604901.443,花蓮縣萬榮鄉馬遠村馬遠１０３號
10015,1001512,馬遠村,6,,馬遠,,,１０４號,288290.894,2604914.576,花蓮縣萬榮鄉馬遠村馬遠１０４號
10015,1001512,馬遠村,6,,馬遠,,,１０５號,288279.37,2604899.08,花蓮縣萬榮鄉馬遠村馬遠１０５號
10015,1001512,馬遠村,6,,馬遠,,,１０６之１號,288262.61,2604883.52,花蓮縣萬榮鄉馬遠村馬遠１０６之１號
10015,1001512,馬遠村,6,,馬遠,,,１０６號,288267.405,2604888.903,花蓮縣萬榮鄉馬遠村馬遠１０６號
10015,1001512,馬遠村,6,,馬遠,,,１０７號,288383.6,2604978.17,花蓮縣萬榮鄉馬遠村馬遠１０７號
10015,1001512,馬遠村,6,,馬遠,,,１０８號,288369.87,2604967.95,花蓮縣萬榮鄉馬遠村馬遠１０８號
10015,1001512,馬遠村,6,,馬遠,,,１０９號,288348.1,2604944.88,花蓮縣萬榮鄉馬遠村馬遠１０９號
10015,1001512,馬遠村,6,,馬遠,,,１１０號,288340.12,2604937.8,花蓮縣萬榮鄉馬遠村馬遠１１０號
10015,1001512,馬遠村,6,,馬遠,,,１１１號,288331.407,2604928.063,花蓮縣萬榮鄉馬遠村馬遠１１１號
10015,1001512,馬遠村,6,,馬遠,,,１１２號,288312.337,2604904.529,花蓮縣萬榮鄉馬遠村馬遠１１２號
10015,1001512,馬遠村,6,,馬遠,,,１１３號,288295.201,2604889.184,花蓮縣萬榮鄉馬遠村馬遠１１３號
10015,1001512,馬遠村,6,,馬遠,,,１１３之１號,288301.22,2604885.53,花蓮縣萬榮鄉馬遠村馬遠１１３之１號
10015,1001512,馬遠村,6,,馬遠,,,１１４之１２號,288187.21,2605971.16,花蓮縣萬榮鄉馬遠村馬遠１１４之１２號
10015,1001512,馬遠村,6,,馬遠,,,１１４號,288411.86,2605007.47,花蓮縣萬榮鄉馬遠村馬遠１１４號
10015,1001512,馬遠村,6,,馬遠,,,１１４之６號,288306.7,2605677.46,花蓮縣萬榮鄉馬遠村馬遠１１４之６號
10015,1001512,馬遠村,6,,馬遠,,,１１４之８號,288262.68,2605853.43,花蓮縣萬榮鄉馬遠村馬遠１１４之８號
10015,1001512,馬遠村,6,,馬遠,,,１１５之２號,288259.539,2604712.994,花蓮縣萬榮鄉馬遠村馬遠１１５之２號
10015,1001512,馬遠村,6,,馬遠,,,１１５之３號,288207.798,2604611.197,花蓮縣萬榮鄉馬遠村馬遠１１５之３號
10015,1001512,馬遠村,6,,馬遠,,,１１５號,288231.374,2604700.367,花蓮縣萬榮鄉馬遠村馬遠１１５號
10015,1001512,馬遠村,6,,馬遠,,,１１６之２號,288252.865,2604644.72,花蓮縣萬榮鄉馬遠村馬遠１１６之２號
10015,1001512,馬遠村,6,,馬遠,,,１１６之１號,288263.619,2604662.876,花蓮縣萬榮鄉馬遠村馬遠１１６之１號
10015,1001512,馬遠村,6,,馬遠,,,１１６號,288234.734,2604675.434,花蓮縣萬榮鄉馬遠村馬遠１１６號
10015,1001512,馬遠村,6,,馬遠,,,１１６之３號,288204.991,2604578.142,花蓮縣萬榮鄉馬遠村馬遠１１６之３號
10015,1001512,馬遠村,6,,馬遠,,,１１８號,288158.085,2604931.307,花蓮縣萬榮鄉馬遠村馬遠１１８號
10015,1001512,馬遠村,6,,馬遠,,,１１９號,288340.85,2604560.95,花蓮縣萬榮鄉馬遠村馬遠１１９號
10015,1001512,馬遠村,6,,馬遠,,,１２０號,287903.61,2605199,花蓮縣萬榮鄉馬遠村馬遠１２０號
10015,1001512,馬遠村,7,,馬遠,,,１２１號,288225.67,2604454.92,花蓮縣萬榮鄉馬遠村馬遠１２１號
10015,1001512,馬遠村,7,,馬遠,,,１２２號,288291.623,2604241.713,花蓮縣萬榮鄉馬遠村馬遠１２２號
10015,1001512,馬遠村,7,,馬遠,,,１２２之１號,288284.12,2604240.8,花蓮縣萬榮鄉馬遠村馬遠１２２之１號
10015,1001512,馬遠村,7,,馬遠,,,１２３號,288302.06,2604251.651,花蓮縣萬榮鄉馬遠村馬遠１２３號
10015,1001512,馬遠村,7,,馬遠,,,１２４號,288275.606,2604256.499,花蓮縣萬榮鄉馬遠村馬遠１２４號
10015,1001512,馬遠村,7,,馬遠,,,１２５號,288293.565,2604266.68,花蓮縣萬榮鄉馬遠村馬遠１２５號
10015,1001512,馬遠村,7,,馬遠,,,１２６號,288273.422,2604271.77,花蓮縣萬榮鄉馬遠村馬遠１２６號
10015,1001512,馬遠村,7,,馬遠,,,１２７號,288290.654,2604289.277,花蓮縣萬榮鄉馬遠村馬遠１２７號
10015,1001512,馬遠村,7,,馬遠,,,１２８號,288295.022,2604296.549,花蓮縣萬榮鄉馬遠村馬遠１２８號
10015,1001512,馬遠村,7,,馬遠,,,１２９號,288294.295,2604311.335,花蓮縣萬榮鄉馬遠村馬遠１２９號
10015,1001512,馬遠村,7,,馬遠,,,１３２號,288275.586,2604332.731,花蓮縣萬榮鄉馬遠村馬遠１３２號
10015,1001512,馬遠村,7,,馬遠,,,１３３號,288268.548,2604343.154,花蓮縣萬榮鄉馬遠村馬遠１３３號
10015,1001512,馬遠村,7,,馬遠,,,１３４號,288277.771,2604317.218,花蓮縣萬榮鄉馬遠村馬遠１３４號
10015,1001512,馬遠村,7,,馬遠,,,１３５號,288273.402,2604304.614,花蓮縣萬榮鄉馬遠村馬遠１３５號
10015,1001512,馬遠村,7,,馬遠,,,１３６之１０號,287614.14,2604137.89,花蓮縣萬榮鄉馬遠村馬遠１３６之１０號
10015,1001512,馬遠村,7,,馬遠,,,１３６號,288260.53,2604313.33,花蓮縣萬榮鄉馬遠村馬遠１３６號
10015,1001512,馬遠村,7,,馬遠,,,１３６號之１,288223.55,2604320.28,花蓮縣萬榮鄉馬遠村馬遠１３６號之１
10015,1001512,馬遠村,8,,馬遠,,,１３７號,288109.588,2603563.802,花蓮縣萬榮鄉馬遠村馬遠１３７號
10015,1001512,馬遠村,8,,馬遠,,,１３８之１號,288099.62,2603533.77,花蓮縣萬榮鄉馬遠村馬遠１３８之１號
10015,1001512,馬遠村,8,,馬遠,,,１３８號,288100.767,2603539.308,花蓮縣萬榮鄉馬遠村馬遠１３８號
10015,1001512,馬遠村,8,,馬遠,,,１３９號,288129.304,2603566.967,花蓮縣萬榮鄉馬遠村馬遠１３９號
10015,1001512,馬遠村,8,,馬遠,,,１４０之２號,288132.689,2603903.348,花蓮縣萬榮鄉馬遠村馬遠１４０之２號
10015,1001512,馬遠村,8,,馬遠,,,１４０號,288116.441,2603528.493,花蓮縣萬榮鄉馬遠村馬遠１４０號
10015,1001512,馬遠村,8,,馬遠,,,１４０號之１,288122.62,2603539.28,花蓮縣萬榮鄉馬遠村馬遠１４０號之１
10015,1001512,馬遠村,8,,馬遠,,,１４１號,288102.335,2603505.446,花蓮縣萬榮鄉馬遠村馬遠１４１號
10015,1001512,馬遠村,8,,馬遠,,,１４２號,288095.065,2603481.852,花蓮縣萬榮鄉馬遠村馬遠１４２號
10015,1001512,馬遠村,8,,馬遠,,,１４３號,288088.431,2603474.793,花蓮縣萬榮鄉馬遠村馬遠１４３號
10015,1001512,馬遠村,8,,馬遠,,,１４３之１號,288077.597,2603466.157,花蓮縣萬榮鄉馬遠村馬遠１４３之１號
10015,1001512,馬遠村,8,,馬遠,,,１４４號,288049.409,2603446.141,花蓮縣萬榮鄉馬遠村馬遠１４４號
10015,1001512,馬遠村,8,,馬遠,,,１４５號,288067.189,2603445.94,花蓮縣萬榮鄉馬遠村馬遠１４５號
10015,1001512,馬遠村,8,,馬遠,,,１４６號,288074.077,2603422.23,花蓮縣萬榮鄉馬遠村馬遠１４６號
10015,1001512,馬遠村,8,,馬遠,,,１４７號,288035.184,2603450.925,花蓮縣萬榮鄉馬遠村馬遠１４７號
10015,1001512,馬遠村,8,,馬遠,,,１４８之１號,288035.36,2603431.83,花蓮縣萬榮鄉馬遠村馬遠１４８之１號
10015,1001512,馬遠村,8,,馬遠,,,１４８號,288031.066,2603426.809,花蓮縣萬榮鄉馬遠村馬遠１４８號
10015,1001512,馬遠村,8,,馬遠,,,１４９號,288022.451,2603415.478,花蓮縣萬榮鄉馬遠村馬遠１４９號
10015,1001512,馬遠村,8,,馬遠,,,１５０號,288006.565,2603391.384,花蓮縣萬榮鄉馬遠村馬遠１５０號
10015,1001512,馬遠村,8,,馬遠,,,１５１號,287974.17,2603391.291,花蓮縣萬榮鄉馬遠村馬遠１５１號
10015,1001512,馬遠村,8,,馬遠,,,１５２號,287979.179,2603423.182,花蓮縣萬榮鄉馬遠村馬遠１５２號
10015,1001512,馬遠村,8,,馬遠,,,１５３之１號,287945.24,2603421.12,花蓮縣萬榮鄉馬遠村馬遠１５３之１號
10015,1001512,馬遠村,8,,馬遠,,,１５３號,287949.81,2603420.55,花蓮縣萬榮鄉馬遠村馬遠１５３號
10015,1001512,馬遠村,8,,馬遠,,,１５４號,287984.94,2603409.387,花蓮縣萬榮鄉馬遠村馬遠１５４號
10015,1001512,馬遠村,8,,馬遠,,,１５４之１號,288011.1,2603435.461,花蓮縣萬榮鄉馬遠村馬遠１５４之１號
10015,1001512,馬遠村,8,,馬遠,,,１５４之２號,288000.86,2603437.412,花蓮縣萬榮鄉馬遠村馬遠１５４之２號
10015,1001512,馬遠村,8,,馬遠,,,１５５號,287929.037,2603410.887,花蓮縣萬榮鄉馬遠村馬遠１５５號
10015,1001512,馬遠村,8,,馬遠,,,１５６號,287912.473,2603418.211,花蓮縣萬榮鄉馬遠村馬遠１５６號
10015,1001512,馬遠村,8,,馬遠,,,１５６之１號,287903.01,2603419.43,花蓮縣萬榮鄉馬遠村馬遠１５６之１號
10015,1001512,馬遠村,8,,馬遠,,,１５６之２號,287817.988,2603448.13,花蓮縣萬榮鄉馬遠村馬遠１５６之２號
10015,1001512,馬遠村,8,,馬遠,,,１５７之３號,287888.167,2603339.427,花蓮縣萬榮鄉馬遠村馬遠１５７之３號
10015,1001512,馬遠村,8,,馬遠,,,１５７之１號,287912.918,2603392.769,花蓮縣萬榮鄉馬遠村馬遠１５７之１號
10015,1001512,馬遠村,8,,馬遠,,,１５７之２號,287885.752,2603405.6,花蓮縣萬榮鄉馬遠村馬遠１５７之２號
10015,1001512,馬遠村,8,,馬遠,,,１５７號,287898.82,2603399.957,花蓮縣萬榮鄉馬遠村馬遠１５７號
10015,1001512,馬遠村,8,,馬遠,,,１５７之４號,287892.053,2603365.481,花蓮縣萬榮鄉馬遠村馬遠１５７之４號
10015,1001512,馬遠村,8,,馬遠,,,１５８號,287921.06,2603266.59,花蓮縣萬榮鄉馬遠村馬遠１５８號
10015,1001512,馬遠村,8,,馬遠,,,１６１之１號,287874.73,2603266.43,花蓮縣萬榮鄉馬遠村馬遠１６１之１號
10015,1001512,馬遠村,8,,馬遠,,,１６１號,287849.415,2603258.198,花蓮縣萬榮鄉馬遠村馬遠１６１號
10015,1001512,馬遠村,8,,馬遠,,,１６２號,287800.854,2603249.271,花蓮縣萬榮鄉馬遠村馬遠１６２號
10015,1001512,馬遠村,8,,馬遠,,,１６３號,287785.858,2603231.282,花蓮縣萬榮鄉馬遠村馬遠１６３號
10015,1001512,馬遠村,8,,馬遠,,,１６３之１號,287782.584,2603220.9,花蓮縣萬榮鄉馬遠村馬遠１６３之１號
10015,1001512,馬遠村,8,,馬遠,,,１６４號,287774.563,2603239.944,花蓮縣萬榮鄉馬遠村馬遠１６４號
10015,1001512,馬遠村,8,,馬遠,,,１６５號,287769.52,2603224.835,花蓮縣萬榮鄉馬遠村馬遠１６５號
10015,1001512,馬遠村,8,,馬遠,,,１６６之１號,287787.873,2603277.043,花蓮縣萬榮鄉馬遠村馬遠１６６之１號
10015,1001512,馬遠村,8,,馬遠,,,１６６號,287755.401,2603235.916,花蓮縣萬榮鄉馬遠村馬遠１６６號
10015,1001512,馬遠村,8,,馬遠,,,１６７號,287758.02,2603264.552,花蓮縣萬榮鄉馬遠村馬遠１６７號
10015,1001512,馬遠村,8,,馬遠,,,１６８之１號,287784.72,2603302.57,花蓮縣萬榮鄉馬遠村馬遠１６８之１號
10015,1001512,馬遠村,8,,馬遠,,,１６８號,287713.15,2603222.92,花蓮縣萬榮鄉馬遠村馬遠１６８號
10015,1001512,馬遠村,8,,馬遠,,,１６９之１號,287722.705,2603077.812,花蓮縣萬榮鄉馬遠村馬遠１６９之１號
10015,1001512,馬遠村,8,,馬遠,,,１６９號,287718.052,2603182.721,花蓮縣萬榮鄉馬遠村馬遠１６９號
10015,1001512,馬遠村,8,,馬遠,,,１６９號之１,287723.11,2603066.16,花蓮縣萬榮鄉馬遠村馬遠１６９號之１
10015,1001512,馬遠村,8,,馬遠,,,１７０號,287710.149,2603200.655,花蓮縣萬榮鄉馬遠村馬遠１７０號
10015,1001512,馬遠村,8,,馬遠,,,１７１號,287676.057,2603341.904,花蓮縣萬榮鄉馬遠村馬遠１７１號
10015,1001512,馬遠村,8,,馬遠,,,１７２之２號（農業資材室）,287218.7,2603867.15,花蓮縣萬榮鄉馬遠村馬遠１７２之２號（農業資材室）
10015,1001512,馬遠村,9,,馬遠,,,１７３號,287753.371,2602701.998,花蓮縣萬榮鄉馬遠村馬遠１７３號
10015,1001512,馬遠村,9,,馬遠,,,１７４號,287774.673,2602695.348,花蓮縣萬榮鄉馬遠村馬遠１７４號
10015,1001512,馬遠村,9,,馬遠,,,１７５號,287662.068,2602817.395,花蓮縣萬榮鄉馬遠村馬遠１７５號
10015,1001512,馬遠村,9,,馬遠,,,１７７號,287647.825,2602917.809,花蓮縣萬榮鄉馬遠村馬遠１７７號
10015,1001512,馬遠村,9,,馬遠,,,１７８號,287871.3,2602833.62,花蓮縣萬榮鄉馬遠村馬遠１７８號
10015,1001512,馬遠村,9,,馬遠,,,１７９之１號,287706.465,2602831.012,花蓮縣萬榮鄉馬遠村馬遠１７９之１號
10015,1001512,馬遠村,9,,馬遠,,,１７９號,287717.39,2602805.367,花蓮縣萬榮鄉馬遠村馬遠１７９號
10015,1001512,馬遠村,9,,馬遠,,,１７９之２號,287689.336,2602850.565,花蓮縣萬榮鄉馬遠村馬遠１７９之２號
10015,1001512,馬遠村,9,,馬遠,,,１８０號,287763.888,2602754.205,花蓮縣萬榮鄉馬遠村馬遠１８０號
10015,1001512,馬遠村,9,,馬遠,,,１８１號,287748.961,2602758.116,花蓮縣萬榮鄉馬遠村馬遠１８１號
10015,1001512,馬遠村,9,,馬遠,,,１８２之１號,287799.438,2602642.331,花蓮縣萬榮鄉馬遠村馬遠１８２之１號
10015,1001512,馬遠村,9,,馬遠,,,１８２之２號,287798.218,2602636.421,花蓮縣萬榮鄉馬遠村馬遠１８２之２號
10015,1001512,馬遠村,9,,馬遠,,,１８２號,287752.387,2602745.895,花蓮縣萬榮鄉馬遠村馬遠１８２號
10015,1001512,馬遠村,9,,馬遠,,,１８３號,287791.64,2602638.35,花蓮縣萬榮鄉馬遠村馬遠１８３號
10015,1001512,馬遠村,9,,馬遠,,,１８４號,287770.759,2602617.978,花蓮縣萬榮鄉馬遠村馬遠１８４號
10015,1001512,馬遠村,9,,馬遠,,,１８５號,287753.583,2602609.941,花蓮縣萬榮鄉馬遠村馬遠１８５號
10015,1001512,馬遠村,9,,馬遠,,,１８６號,287792.835,2602667.379,花蓮縣萬榮鄉馬遠村馬遠１８６號
10015,1001512,馬遠村,9,,馬遠,,,１８７號,287789.238,2602658.637,花蓮縣萬榮鄉馬遠村馬遠１８７號
10015,1001512,馬遠村,9,,馬遠,,,１８８號,287781.792,2602644.582,花蓮縣萬榮鄉馬遠村馬遠１８８號
10015,1001512,馬遠村,9,,馬遠,,,１８９號,287760.232,2602657.186,花蓮縣萬榮鄉馬遠村馬遠１８９號
10015,1001512,馬遠村,9,,馬遠,,,１９１之１號,287740.753,2602618.564,花蓮縣萬榮鄉馬遠村馬遠１９１之１號
10015,1001512,馬遠村,9,,馬遠,,,１９１號,287747.468,2602624.072,花蓮縣萬榮鄉馬遠村馬遠１９１號
10015,1001512,馬遠村,9,,馬遠,,,１９２號,287776.875,2602672.374,花蓮縣萬榮鄉馬遠村馬遠１９２號
10015,1001512,馬遠村,9,,馬遠,,,１９３號,287726.462,2602625.168,花蓮縣萬榮鄉馬遠村馬遠１９３號
10015,1001512,馬遠村,9,,馬遠,,,１９４號,287714.471,2602614.659,花蓮縣萬榮鄉馬遠村馬遠１９４號
10015,1001512,馬遠村,9,,馬遠,,,１９５號,286985.91,2608254.91,花蓮縣萬榮鄉馬遠村馬遠１９５號
10015,1001512,馬遠村,9,,馬遠,,,１９６號,287688.082,2602590.649,花蓮縣萬榮鄉馬遠村馬遠１９６號
10015,1001512,馬遠村,9,,馬遠,,,１９７號,287677.637,2602581.801,花蓮縣萬榮鄉馬遠村馬遠１９７號
10015,1001512,馬遠村,9,,馬遠,,,１９７之３號,287675.88,2602550.32,花蓮縣萬榮鄉馬遠村馬遠１９７之３號
10015,1001512,馬遠村,9,,馬遠,,,１９８號,287684.385,2602606.479,花蓮縣萬榮鄉馬遠村馬遠１９８號
10015,1001512,馬遠村,9,,馬遠,,,１９８之１號,287700.79,2602616.04,花蓮縣萬榮鄉馬遠村馬遠１９８之１號
10015,1001512,馬遠村,9,,馬遠,,,１９８之２號,287694.03,2602610.24,花蓮縣萬榮鄉馬遠村馬遠１９８之２號
10015,1001512,馬遠村,9,,馬遠,,,１９９號,287674.479,2602603.445,花蓮縣萬榮鄉馬遠村馬遠１９９號
10015,1001512,馬遠村,9,,馬遠,,,１９９之１號,287669.79,2602600,花蓮縣萬榮鄉馬遠村馬遠１９９之１號
10015,1001512,馬遠村,9,,馬遠,,,２００號,287655.81,2602599.176,花蓮縣萬榮鄉馬遠村馬遠２００號
10015,1001512,馬遠村,9,,馬遠,,,２０１號,287641.23,2602596.529,花蓮縣萬榮鄉馬遠村馬遠２０１號
10015,1001512,馬遠村,9,,馬遠,,,２０２號,287709.821,2602643.01,花蓮縣萬榮鄉馬遠村馬遠２０２號
10015,1001512,馬遠村,9,,馬遠,,,２０３號,287736.74,2602653.764,花蓮縣萬榮鄉馬遠村馬遠２０３號
10015,1001512,馬遠村,9,,馬遠,,,２０４號,287749.954,2602670.14,花蓮縣萬榮鄉馬遠村馬遠２０４號
10015,1001512,馬遠村,9,,馬遠,,,２０５號,287695.628,2602635.922,花蓮縣萬榮鄉馬遠村馬遠２０５號
10015,1001512,馬遠村,9,,馬遠,,,２０６號,287705.04,2602659.37,花蓮縣萬榮鄉馬遠村馬遠２０６號
10015,1001512,馬遠村,9,,馬遠,,,２０７號,287721.323,2602667.207,花蓮縣萬榮鄉馬遠村馬遠２０７號
10015,1001512,馬遠村,9,,馬遠,,,２０８號,287728.82,2602676.59,花蓮縣萬榮鄉馬遠村馬遠２０８號
10015,1001512,馬遠村,9,,馬遠,,,２１０號（東光基督長老教會）,287681.57,2602626.36,花蓮縣萬榮鄉馬遠村馬遠２１０號（東光基督長老教會）
10015,1001512,馬遠村,9,,馬遠,,,２１１號,287659.289,2602615.08,花蓮縣萬榮鄉馬遠村馬遠２１１號
10015,1001512,馬遠村,9,,馬遠,,,２１２號,287646.64,2602616.72,花蓮縣萬榮鄉馬遠村馬遠２１２號
10015,1001512,馬遠村,9,,馬遠,,,２１３號,287623.09,2602605.34,花蓮縣萬榮鄉馬遠村馬遠２１３號
10015,1001512,馬遠村,9,,馬遠,,,２１６之１號,287604.84,2602608.78,花蓮縣萬榮鄉馬遠村馬遠２１６之１號
10015,1001512,馬遠村,9,,馬遠,,,２１６之２號,287593.15,2602607.07,花蓮縣萬榮鄉馬遠村馬遠２１６之２號
10015,1001512,馬遠村,9,,馬遠,,,２１６號,287597.43,2602608.78,花蓮縣萬榮鄉馬遠村馬遠２１６號
10015,1001512,馬遠村,9,,馬遠,,,２１７號,287633.41,2602613.02,花蓮縣萬榮鄉馬遠村馬遠２１７號
10015,1001512,馬遠村,9,,馬遠,,,２１７之１號,287628.12,2602634.71,花蓮縣萬榮鄉馬遠村馬遠２１７之１號
