{"type": "FeatureCollection", "features": [{"type": "Feature", "geometry": {"type": "MultiPolygon", "coordinates": [[[[121.44034451120966, 23.669636467445628], [121.44058123156807, 23.66951326037328], [121.44073563710649, 23.669690572534865], [121.44082049598138, 23.6698096868046], [121.44086433748477, 23.669911706970066], [121.44118277876802, 23.669755389005978], [121.44063971521969, 23.669055374348943], [121.4406784457418, 23.669001555051036], [121.4403081148542, 23.66913747667984], [121.43952653122116, 23.669392114260656], [121.43917003649962, 23.669485635223193], [121.43835729875899, 23.66976577408747], [121.43833701390345, 23.669774337530896], [121.43841213026373, 23.67015054060639], [121.43845127195128, 23.670345996914758], [121.43888225458555, 23.670186602024543], [121.44002833950613, 23.669771042563976], [121.44010049763247, 23.669733689099118], [121.44034451120966, 23.669636467445628]]], [[[121.44027548664792, 23.670436630110636], [121.44019452836591, 23.670199999908], [121.43949756331126, 23.67035450047206], [121.43936440212761, 23.67043489103452], [121.43919503904635, 23.670578032739595], [121.43911874296124, 23.67065353028866], [121.43896855805475, 23.670838488498564], [121.43899944415585, 23.670860225976643], [121.43884205143293, 23.6710212213827], [121.43884709103668, 23.67103015562361], [121.44006578182776, 23.670512425878584], [121.44019166597519, 23.670466494982506], [121.44027548664792, 23.670436630110636]]], [[[121.44120018740756, 23.67077097317414], [121.44118624693833, 23.67070689239262], [121.44088096568268, 23.670940856135264], [121.44121900627448, 23.67115514579581], [121.44126760677126, 23.671129669824843], [121.44122569030549, 23.671078554220625], [121.44120018740756, 23.67077097317414]]], [[[121.45489561979514, 23.671357981657373], [121.45476702645074, 23.671225982734164], [121.45473040923103, 23.671257215820862], [121.454422422991, 23.67114159927577], [121.45382964401429, 23.67092340761691], [121.45279353258664, 23.671491982562184], [121.45311160352891, 23.671945159838565], [121.45343715549019, 23.672434812840645], [121.45359125214364, 23.672661514637976], [121.45468415907251, 23.67201235761786], [121.45502802213822, 23.671805713199287], [121.45521460625947, 23.671694207321053], [121.45489561979514, 23.671357981657373]]], [[[121.45212876837664, 23.672238130472692], [121.45222792702455, 23.6719394071637], [121.45127909730398, 23.67205749292061], [121.45121059839997, 23.671883625517992], [121.45103254294207, 23.671430325676898], [121.44985357801994, 23.671834530655392], [121.4498314126173, 23.672127078374363], [121.44986942560696, 23.672219649587607], [121.44989728772184, 23.672288185923414], [121.44995532087586, 23.672418100292163], [121.45001858430771, 23.672580867813], [121.44994501870617, 23.672722180687597], [121.45028857961508, 23.673431843587398], [121.45039035762457, 23.67339247592652], [121.4503807130448, 23.67336748246975], [121.45092778414502, 23.673163597216636], [121.45177638000443, 23.672815582827972], [121.45215566755617, 23.672656220625672], [121.45212876837664, 23.672238130472692]]], [[[121.45343557154695, 23.67252699335777], [121.45317152159153, 23.67213749928557], [121.45247011748931, 23.672498807674902], [121.45215658812634, 23.672655928986455], [121.45216588118419, 23.672678404051556], [121.45190434144868, 23.672787018701037], [121.4509540824352, 23.673176171380543], [121.45045980830768, 23.67336642177927], [121.4506483806599, 23.673824378017564], [121.45094517739899, 23.67373532968454], [121.4518744217304, 23.673474813215133], [121.45273556997701, 23.673264524162388], [121.45377344968072, 23.67300525006005], [121.45343557154695, 23.67252699335777]]], [[[121.43896501642813, 23.67420465642185], [121.4389150901763, 23.674162430151537], [121.43891869266122, 23.67444261398772], [121.43898013636839, 23.674495832979236], [121.43910322394748, 23.67432469492292], [121.43896501642813, 23.67420465642185]]], [[[121.44268201575593, 23.67580849548131], [121.44262977949944, 23.675668963162014], [121.44188595219856, 23.67573551408279], [121.44174199027543, 23.675608117216854], [121.4416112358165, 23.675638541095083], [121.44159995940716, 23.675649743071396], [121.44159596937615, 23.675649826683316], [121.44214022143332, 23.676058063552276], [121.44221407602826, 23.676022889462228], [121.44251120176403, 23.67587982207536], [121.44268201575593, 23.67580849548131]]], [[[121.44240030095587, 23.676454874901356], [121.44224847549116, 23.676225744466993], [121.44177436906736, 23.676919112005752], [121.44186815559779, 23.677049893619923], [121.44218954976883, 23.67684858781154], [121.4424792489867, 23.67655217097616], [121.44240030095587, 23.676454874901356]]], [[[121.43096123071042, 23.678482828332555], [121.43100742697773, 23.6783416817167], [121.43097284781919, 23.67836590550057], [121.43094400856009, 23.67845721360909], [121.43087780564265, 23.678587715566927], [121.43077354926827, 23.678744437449954], [121.43068184368823, 23.678781922235494], [121.43070332983126, 23.678914925339555], [121.43071793550722, 23.6788841112363], [121.430787042733, 23.67877810809538], [121.43082560601887, 23.678704083062147], [121.43089439652907, 23.678612176241348], [121.43096123071042, 23.678482828332555]]], [[[121.43060460922258, 23.67888216886375], [121.43056558488004, 23.678537303598834], [121.43055467598022, 23.678541343143287], [121.43033772941811, 23.67853117346685], [121.43005604700743, 23.678399037371737], [121.4300470704921, 23.678469259813713], [121.43020964385914, 23.678878381196817], [121.43024875731432, 23.678933336164675], [121.43053346395666, 23.678907839632068], [121.43060460922258, 23.67888216886375]]]]}, "properties": {"年份": 113, "縣市名": "花蓮縣", "鄉鎮名": "光復鄉", "地段名": "大平段", "縣市七": "U020202", "縣市代": "U", "鄉鎮代": "02", "地段代": "0202"}}, {"type": "Feature", "geometry": {"type": "MultiPolygon", "coordinates": [[[[121.41108393204298, 23.643147783893593], [121.4108599978047, 23.642850885817182], [121.41080513883651, 23.642781381297954], [121.41070729580184, 23.642669347189322], [121.41064270643862, 23.642597535970907], [121.4106224734909, 23.6426282819647], [121.41061225006895, 23.642775892708823], [121.41056231881403, 23.642901268758582], [121.41063565387772, 23.643142550515588], [121.41068707362778, 23.643136093466318], [121.41073060406195, 23.643284101116688], [121.41108393204298, 23.643147783893593]]], [[[121.40708400274222, 23.65104988723209], [121.40716748758582, 23.65053922066428], [121.4069531552631, 23.650579243752578], [121.40670002431591, 23.650558787182153], [121.4066143599105, 23.65070736297976], [121.40665274290144, 23.650772954338628], [121.40684153674604, 23.65109627783259], [121.40708400274222, 23.65104988723209]]], [[[121.40773453776225, 23.653098960425474], [121.4074598886161, 23.653047941601073], [121.40734274685674, 23.653971910559196], [121.40785716848147, 23.653864340162766], [121.40799068390075, 23.65376760446406], [121.40773453776225, 23.653098960425474]]]]}, "properties": {"年份": 113, "縣市名": "花蓮縣", "鄉鎮名": "光復鄉", "地段名": "大全段", "縣市七": "U020282", "縣市代": "U", "鄉鎮代": "02", "地段代": "0282"}}, {"type": "Feature", "geometry": {"type": "MultiPolygon", "coordinates": [[[[121.43129458541252, 23.663545184708482], [121.43129535271535, 23.66347725140484], [121.43118961340762, 23.663509881341255], [121.43118887539681, 23.663634593931185], [121.4311862528897, 23.663851289279382], [121.43118466541524, 23.66395313175082], [121.4311844686257, 23.66397682648642], [121.43120647761172, 23.663985939523887], [121.4312120855261, 23.663965137326954], [121.4312420924159, 23.66385419500986], [121.43123533483056, 23.66375760401087], [121.43122685677913, 23.663644574536036], [121.43124244462773, 23.66363877015093], [121.43124983712254, 23.66363602258141], [121.431259616956, 23.66361690637494], [121.43129458541252, 23.663545184708482]]], [[[121.42208120498294, 23.668630084731596], [121.42213827855464, 23.668541876070012], [121.42208798201433, 23.66855447390307], [121.42205682235848, 23.668629985576363], [121.42206101228089, 23.66864288704173], [121.42207965303155, 23.668638347211584], [121.42208120498294, 23.668630084731596]]], [[[121.42625460139129, 23.6700937858356], [121.42617410560804, 23.670001054556327], [121.42614629565689, 23.670017231167638], [121.42610547120137, 23.67004098344314], [121.42606466630914, 23.670064726624403], [121.42605915959372, 23.670067872761294], [121.42602267594239, 23.670088716858917], [121.42586004307816, 23.670177231518124], [121.42588441807742, 23.670226485259096], [121.42589137276882, 23.670228762700365], [121.42593060384263, 23.670241609627475], [121.42604995451441, 23.670187156033613], [121.42611236330494, 23.670158682047038], [121.42625460139129, 23.6700937858356]]], [[[121.42463864335052, 23.670264759425265], [121.42475522689443, 23.67008468373999], [121.4245694595235, 23.670213695895708], [121.424392562524, 23.670336100814247], [121.42429263292856, 23.670406201897375], [121.42427271742037, 23.670420171346674], [121.4242454417806, 23.670456193646807], [121.42425779705603, 23.670484287629176], [121.4244268390945, 23.670591884233044], [121.42447279574743, 23.67052089250808], [121.42451542589635, 23.670455056866665], [121.42463864335052, 23.670264759425265]]], [[[121.42420663514528, 23.670680040163518], [121.42415081726179, 23.67064824555823], [121.42408687932333, 23.67067037200548], [121.42398996911318, 23.670801325450444], [121.4242091804331, 23.670927982334927], [121.42427729163852, 23.67082283350509], [121.42415945747092, 23.67075551393133], [121.42420663514528, 23.670680040163518]]], [[[121.42438016169491, 23.671007481977124], [121.42433129717313, 23.67100382329474], [121.42425465983847, 23.671122142873678], [121.424388412969, 23.67124320925037], [121.42446109512325, 23.671196461563266], [121.42438016169491, 23.671007481977124]]], [[[121.42649014995236, 23.671124027363923], [121.42647392931057, 23.67109747499859], [121.42634836606466, 23.671162599375073], [121.42635651253727, 23.671179022063786], [121.42637767749271, 23.67122169144059], [121.42640205533519, 23.6712708380841], [121.42642156524339, 23.671310172345986], [121.4265639844288, 23.67124489048467], [121.42651215566679, 23.671160049578475], [121.42649014995236, 23.671124027363923]]], [[[121.42758544178757, 23.671306323655735], [121.4275769328769, 23.671294536169956], [121.4275627392416, 23.67130130253349], [121.42750431837992, 23.671328598261915], [121.42745059771393, 23.67135415631135], [121.42743562278521, 23.671361854887305], [121.42754047275085, 23.671511712972844], [121.42758409482401, 23.671510075589907], [121.42762728840627, 23.671488230704092], [121.42752085557231, 23.67133703160645], [121.42758544178757, 23.671306323655735]]], [[[121.42390764641202, 23.670938216649507], [121.42389352969047, 23.670929360923022], [121.42375585307639, 23.671117629498198], [121.42365174945999, 23.671258733835213], [121.42354932061744, 23.671396338993468], [121.42370259828711, 23.671487352161325], [121.4238002417705, 23.671545330732624], [121.4238980467554, 23.67139976475475], [121.42391903098438, 23.67137056819554], [121.42383171537958, 23.671321287675962], [121.42389879983224, 23.671204646891898], [121.42387745405888, 23.67119164820692], [121.42376161928831, 23.671121144377555], [121.42390764641202, 23.670938216649507]]], [[[121.42349478456788, 23.671604200434714], [121.42342815099924, 23.671559694097365], [121.42337497937025, 23.67163119283809], [121.42335018488943, 23.671664562470994], [121.42335113765145, 23.671669378077446], [121.42335207791244, 23.671674195767825], [121.423353005667, 23.67167901551461], [121.42335392090982, 23.671683837290264], [121.42335482363563, 23.671688661067204], [121.42335571383938, 23.671693486817926], [121.42335659151587, 23.671698314514796], [121.42335745666014, 23.67170314413024], [121.42335830926724, 23.67170797563669], [121.42335914933228, 23.671712809006493], [121.42335997685048, 23.67171764421208], [121.42336079181712, 23.6717224812258], [121.42336159422747, 23.671727320019983], [121.42336238407704, 23.671732160567018], [121.42336316136127, 23.671737002839226], [121.4233639260757, 23.671741846808942], [121.42336467821593, 23.671746692448487], [121.42336541777777, 23.67175153973018], [121.4233661447569, 23.671756388626306], [121.4233668591492, 23.67176123910916], [121.42336756095057, 23.67176609115105], [121.423385815039, 23.671774962707392], [121.4234503279013, 23.671806318446208], [121.42352251951012, 23.671841409562262], [121.42358553995217, 23.671872055969562], [121.42363859851434, 23.67179227331961], [121.42369119468994, 23.671713185834594], [121.4236283960598, 23.671678340008175], [121.42355857506124, 23.671639585392622], [121.42349478456788, 23.671604200434714]]], [[[121.42342850314512, 23.67193680444244], [121.42338250193946, 23.671909073237803], [121.42338281261993, 23.67191385056417], [121.42338311106107, 23.67191862855241], [121.4233833972613, 23.671923407175925], [121.42338367121897, 23.671928186408078], [121.42338393293257, 23.671932966222283], [121.42338418240061, 23.671937746591947], [121.42338441962175, 23.67194252749042], [121.42338464459465, 23.671947308891102], [121.42338485731806, 23.671952090767395], [121.42338505779075, 23.67195687309266], [121.42338524601166, 23.67196165584026], [121.42338542197975, 23.67196643898359], [121.42338558569396, 23.67197122249602], [121.42338573715345, 23.6719760063509], [121.42338587635734, 23.671980790521612], [121.42338600330486, 23.671985574981516], [121.42338611799534, 23.671990359703983], [121.42338622042807, 23.671995144662368], [121.42338631060255, 23.671999929830033], [121.42338638851822, 23.672004715180343], [121.42338645417466, 23.67200950068665], [121.42338650757152, 23.672014286322316], [121.42338654870849, 23.6720190720607], [121.42338657758536, 23.672023857875164], [121.42346017608062, 23.672060444119392], [121.42351637495021, 23.67197606059053], [121.42342850314512, 23.67193680444244]]], [[[121.42408296565377, 23.671964198758804], [121.42419707719823, 23.671789069569883], [121.42421379734884, 23.67176310828308], [121.42424446298436, 23.671805301812896], [121.42425220778067, 23.67180824237842], [121.4243516510885, 23.671772542571414], [121.42435582311936, 23.67177104482478], [121.42460916797195, 23.671683484119118], [121.4246358548839, 23.67160477953767], [121.42462871277336, 23.671588103023197], [121.4244884917829, 23.671586446521275], [121.42445891918119, 23.671579141168102], [121.42443198617491, 23.67157255999173], [121.42443247465911, 23.671565957874254], [121.42442691136125, 23.67156760750677], [121.42439355382658, 23.67153278066737], [121.42435723360941, 23.671494322927874], [121.4243093689993, 23.671448176320926], [121.42428031153499, 23.67141821376871], [121.42425129353234, 23.671388323341052], [121.4242247402705, 23.671365731262824], [121.42421229013019, 23.671356871003542], [121.42413727452337, 23.671303376185456], [121.42409123919448, 23.671374431232948], [121.42405937838394, 23.6714236314892], [121.42401958642519, 23.67148506172616], [121.42401141145605, 23.671497680661446], [121.42417728319738, 23.6716038053006], [121.42414313126869, 23.671653941914133], [121.42409627910351, 23.671724069128636], [121.42393160303126, 23.67162088484681], [121.42391882355507, 23.67164062282376], [121.42400754920372, 23.67169537148585], [121.42403331618122, 23.671711265644724], [121.42392878696448, 23.671866367504578], [121.42381616790658, 23.67179910565652], [121.42374447560826, 23.671909781278924], [121.4237562248042, 23.67195361588428], [121.42400247789962, 23.672092660175124], [121.42408296565377, 23.671964198758804]]], [[[121.42308934408412, 23.671931913841497], [121.42308905013107, 23.671927293326576], [121.42308007604571, 23.671929259237945], [121.42307455038969, 23.671930430140307], [121.42307393367668, 23.671930720777763], [121.42296638671321, 23.67205963710817], [121.42297448311606, 23.672084287210176], [121.42300752841093, 23.672184895970332], [121.42299094368754, 23.672188001087225], [121.42300366136706, 23.672283041056204], [121.42307328262973, 23.67228278520785], [121.4230739847987, 23.672278202172983], [121.42307467395474, 23.67227361746284], [121.4230753500931, 23.672269031108748], [121.4230760132092, 23.67226444314203], [121.4230766632985, 23.67225985359409], [121.42307730035652, 23.672255262496293], [121.42307792437894, 23.672250669880004], [121.42307853536148, 23.672246075776666], [121.42307913329999, 23.672241480217643], [121.42307971819035, 23.67223688323436], [121.4230802900286, 23.67223228485828], [121.42308084881078, 23.67222768512079], [121.42308139453313, 23.672223084053357], [121.42308192719186, 23.672218481687448], [121.42308244678341, 23.672213878054524], [121.42308295330412, 23.67220927318603], [121.42308344675064, 23.672204667113487], [121.42308392711954, 23.672200059868356], [121.42308439440752, 23.67219545148217], [121.42308484861144, 23.672190841986374], [121.42308528972814, 23.67218623141255], [121.42308571775465, 23.672181619792166], [121.42308613268803, 23.67217700715676], [121.42308653452544, 23.672172393537878], [121.42308692326412, 23.672167778967076], [121.42308729890145, 23.67216316347586], [121.42308766143483, 23.672158547095837], [121.42308801086182, 23.672153929858496], [121.42308834718001, 23.672149311795472], [121.42308867038712, 23.672144692938303], [121.42308898048087, 23.67214007331857], [121.42308927745923, 23.672135452967865], [121.42308956132015, 23.672130831917773], [121.42308983206163, 23.672126210199863], [121.4230900896819, 23.672121587845744], [121.42309033417916, 23.67211696488703], [121.42309056555176, 23.67211234135531], [121.42309078379809, 23.672107717282188], [121.42309098891667, 23.672103092699317], [121.42309118090614, 23.672098467638275], [121.42309135976512, 23.67209384213068], [121.42309152549245, 23.67208921620817], [121.42309167808696, 23.672084589902358], [121.42309181754763, 23.6720799632449], [121.42309194387349, 23.6720753362674], [121.4230920570637, 23.672070709001485], [121.42309215711744, 23.67206608147878], [121.42309224403405, 23.672061453730976], [121.423092317813, 23.672056825789664], [121.4230923784537, 23.67205219768649], [121.42309242595577, 23.672047569453092], [121.42309246031893, 23.672042941121127], [121.42309248154287, 23.672038312722215], [121.42309248962748, 23.67203368428802], [121.4230924845727, 23.672029055850167], [121.42309246637859, 23.672024427440324], [121.42309243504526, 23.672019799090084], [121.42309239057292, 23.67201517083115], [121.42309233296189, 23.6720105426951], [121.42309226221252, 23.672005914713633], [121.42309217832538, 23.672001286918352], [121.42309208130095, 23.671996659340902], [121.42309197113997, 23.67199203201294], [121.42309184784314, 23.67198740496606], [121.42309171141135, 23.671982778231907], [121.42309156184551, 23.67197815184215], [121.42309139914663, 23.671973525828378], [121.42309122331584, 23.671968900222236], [121.42309103435439, 23.67196427505532], [121.42309083226347, 23.671959650359288], [121.42309061704454, 23.671955026165715], [121.42309038869905, 23.67195040250626], [121.42309014722858, 23.671945779412496], [121.42308989263474, 23.671941156916063], [121.42308962491931, 23.671936535048516], [121.42308934408412, 23.671931913841497]]], [[[121.42232244358593, 23.67165366905502], [121.42227883945179, 23.671618210508765], [121.42218889367611, 23.67175412830561], [121.42210184663301, 23.67190130733746], [121.42200692893117, 23.672061357156515], [121.42205259457167, 23.67209151870079], [121.42242909135425, 23.672340211619346], [121.42245134461966, 23.672354914658225], [121.42253644666606, 23.672224879294244], [121.42257365614726, 23.672168007493497], [121.42259858650058, 23.672128018773517], [121.42261363857239, 23.672089312136027], [121.42262897842046, 23.672039489034614], [121.42264032176085, 23.672015149884594], [121.42264600114797, 23.6720038561783], [121.42268517657764, 23.671948622410227], [121.42265125445577, 23.671921038628934], [121.42232244358593, 23.67165366905502]]], [[[121.42289031801576, 23.67204726394678], [121.42278021792042, 23.671854724124017], [121.4227662921285, 23.67186865897746], [121.42274933689693, 23.671885636106698], [121.42269384767435, 23.67195304141322], [121.42265458389615, 23.672008239305242], [121.42264925518388, 23.672018827731232], [121.42263822344901, 23.67204250685688], [121.42266080454422, 23.672067701593765], [121.42280506805062, 23.672228697496482], [121.42281545116009, 23.672262440592494], [121.4228331814821, 23.672297436837425], [121.42286105971068, 23.672332676277602], [121.42294695688382, 23.672416346662438], [121.42293943058914, 23.67228327707145], [121.42292928247903, 23.672115395747106], [121.42289031801576, 23.67204726394678]]], [[[121.42437141399627, 23.672652409266966], [121.4244022753323, 23.672615465118753], [121.42443444217588, 23.67263669634235], [121.42436103949872, 23.672460536526188], [121.42437008152228, 23.672437097506858], [121.4243959433317, 23.67236996239574], [121.42436444871561, 23.672380794116417], [121.42428493136511, 23.672336079643692], [121.4242672913737, 23.67232615002809], [121.42421957920287, 23.67233643016186], [121.42412978645896, 23.67246764411426], [121.4241401151736, 23.672511762497425], [121.42437141399627, 23.672652409266966]]], [[[121.42385977837107, 23.672727113688286], [121.42395374744731, 23.67258963081703], [121.4239780056877, 23.672554140557292], [121.42400258595819, 23.67251818889301], [121.42402757602723, 23.672481631107104], [121.4240527612281, 23.672444783829707], [121.42407721459008, 23.67240901309675], [121.42415244811319, 23.67229895971857], [121.42414130668091, 23.672255150572703], [121.42413301705226, 23.67225047777321], [121.4240933467125, 23.672228129269374], [121.42405356831041, 23.672205708812573], [121.42396225489968, 23.67215426314043], [121.42386708156225, 23.672100633733333], [121.42371638611762, 23.672015849822145], [121.42366880326794, 23.672026689279463], [121.42360152065507, 23.67213070684874], [121.4235738057001, 23.672173556754228], [121.4235461199934, 23.672216361425814], [121.42381788229547, 23.672382452734993], [121.42374716558872, 23.672476528925074], [121.42347659343683, 23.672323843485884], [121.42343790359928, 23.67238366325696], [121.42339921372677, 23.67244348301842], [121.42336537227456, 23.67249581285248], [121.42363408562942, 23.672661822507578], [121.42364892698244, 23.67264602493671], [121.42367537561577, 23.672617860926273], [121.42385977837107, 23.672727113688286]]], [[[121.4219877149062, 23.6722145728756], [121.42194174923023, 23.67218563115243], [121.42184683335866, 23.67233721091941], [121.42184185922603, 23.672345279039842], [121.42181978781046, 23.67238110615068], [121.4217718835598, 23.672505739379787], [121.42179077759603, 23.672515449152094], [121.42181848243055, 23.672530336096038], [121.4222035301085, 23.672733550273943], [121.42228794967497, 23.6726045463035], [121.42229345212716, 23.67259614262682], [121.42238109104822, 23.672462226652137], [121.42236859509708, 23.672454359647983], [121.4219877149062, 23.6722145728756]]], [[[121.42170150229236, 23.67269567404095], [121.42169928298539, 23.67269455135718], [121.42168976441961, 23.672719345991812], [121.42163818219932, 23.672852766147955], [121.42168337180836, 23.67287811621081], [121.42199509309805, 23.673052960179113], [121.42208712162852, 23.67291194402681], [121.42174477696508, 23.67272005408118], [121.42170150229236, 23.67269567404095]]], [[[121.42342850324196, 23.67275239347803], [121.42327846907374, 23.672663038270553], [121.42327692482226, 23.672667411531947], [121.4232753687814, 23.672671781246972], [121.42327380096079, 23.672676147388714], [121.42327222137006, 23.672680509930192], [121.4233141910474, 23.672914501687156], [121.423323741347, 23.672927045065013], [121.42340790195443, 23.673037502291], [121.42352899398604, 23.67319647491814], [121.42353911079243, 23.673196176367906], [121.4237075049411, 23.672949843703115], [121.4235469322223, 23.672836516393065], [121.42350998775588, 23.672811261726906], [121.42351587630236, 23.672804039855336], [121.42342850324196, 23.67275239347803]]], [[[121.42189985466848, 23.673198906255323], [121.42157142768423, 23.67302730410602], [121.42154742329988, 23.673090207760517], [121.4215049539591, 23.673176341130283], [121.42180917210804, 23.673337868868057], [121.42189985466848, 23.673198906255323]]], [[[121.42393313319721, 23.673265485941265], [121.42393974867738, 23.673255670514532], [121.42414904068467, 23.67339091478259], [121.42427158575428, 23.673340590314243], [121.42427771496021, 23.67333807227699], [121.42429789726378, 23.673248694303343], [121.42432319282987, 23.67313669172264], [121.42433053910926, 23.67310423658892], [121.42429126458937, 23.673028448746706], [121.42434671917111, 23.672983834172324], [121.42436514452704, 23.672997093619127], [121.42437710139326, 23.672959406634146], [121.42439059109144, 23.67291670391461], [121.42443662964602, 23.672873857850476], [121.42449852262624, 23.672816258802158], [121.42442027020213, 23.672768669465164], [121.42436496756706, 23.672829943616755], [121.4242710947376, 23.672772419067293], [121.42432344201258, 23.672709789543905], [121.42427709575482, 23.672681608068356], [121.42422994399298, 23.672652932145592], [121.4241826252646, 23.672624157337548], [121.42409897025533, 23.67257327772154], [121.4240961289292, 23.672573845346243], [121.42405104968091, 23.67258280890191], [121.42401999020478, 23.67262825958865], [121.42395251397508, 23.67272696831435], [121.42388678430552, 23.672823116800657], [121.42378892820756, 23.672968357824534], [121.42377592384058, 23.672985288137653], [121.42373061264217, 23.673051578811847], [121.42368795546254, 23.6731139865608], [121.42358324201828, 23.67326714727562], [121.42365322659454, 23.67336049063988], [121.42371234641597, 23.673439342783876], [121.42376431712373, 23.673508659567908], [121.42393313319721, 23.673265485941265]]], [[[121.42201666346337, 23.673462556083233], [121.42194281770425, 23.673422366949932], [121.42190218254376, 23.673502598972583], [121.4218998446777, 23.673507133125195], [121.42189795571815, 23.6735118414289], [121.42189653075529, 23.673516686270844], [121.42189558117269, 23.67352162894735], [121.42189511455626, 23.673526629973235], [121.42189513463371, 23.67353164939714], [121.42189564124467, 23.673536647120763], [121.42189663034209, 23.67354158321911], [121.42189809402446, 23.673546418259505], [121.42190002059901, 23.673551113616572], [121.42190239467513, 23.673555631780836], [121.42190519728719, 23.673559936658318], [121.42190840604621, 23.673563993858924], [121.42191199531861, 23.67356777097115], [121.42191593643102, 23.673571237821033], [121.42192019789934, 23.673574366713122], [121.42192474568029, 23.673577132651882], [121.42194163801473, 23.673586269947116], [121.42200957384111, 23.673474368305257], [121.42201666346337, 23.673462556083233]]], [[[121.42413240677264, 23.67377728223893], [121.4239316886653, 23.673680007383478], [121.42403513201661, 23.673827369287938], [121.42409000976836, 23.673913673692304], [121.42414523144434, 23.673981438937723], [121.42419950136241, 23.674028569527994], [121.42421157816428, 23.674028331855027], [121.42421129880768, 23.674026459714202], [121.424240170015, 23.673931730385572], [121.42421424813148, 23.673874064880188], [121.42420920284154, 23.673814500130984], [121.42413240677264, 23.67377728223893]]], [[[121.42125455573135, 23.674187808272794], [121.42168606026154, 23.67352657453351], [121.42169078220935, 23.673519337846148], [121.4215207567502, 23.67342658597201], [121.42151730085607, 23.67343118250994], [121.42141506871413, 23.673567142306414], [121.42143000098598, 23.673573467693647], [121.4211866111559, 23.673872076645228], [121.42116263600286, 23.673861604053297], [121.42109054554702, 23.67400511186949], [121.42105421769443, 23.674077412835324], [121.42125455573135, 23.674187808272794]]], [[[121.4218242738072, 23.673604694276627], [121.42169439902243, 23.673531283448696], [121.42161920877257, 23.67364651863156], [121.42153238905398, 23.67377956508383], [121.42143611552187, 23.67392712099293], [121.42134692469666, 23.674063803767687], [121.42126296291617, 23.67419244478609], [121.42180914565671, 23.674493438673803], [121.42189323204455, 23.674364020466776], [121.42198120104999, 23.67422860488591], [121.42207705272263, 23.674081085916747], [121.4221653141094, 23.673945245033963], [121.42223555633218, 23.67383715661587], [121.4218242738072, 23.673604694276627]]], [[[121.42365641521513, 23.67415087354297], [121.42363682242257, 23.674140452561723], [121.42356757053895, 23.674223932710092], [121.42305555262878, 23.674379894677873], [121.42311139061903, 23.674411427728405], [121.42328673999194, 23.674503522156098], [121.4233615464788, 23.674388160819415], [121.42338756257249, 23.674344295234192], [121.42341024382267, 23.67431824550767], [121.42344135828095, 23.67429880059535], [121.4234812855995, 23.674285119683738], [121.42351573463505, 23.674269087932593], [121.42354328179839, 23.67425312922153], [121.42363212162802, 23.674184639155985], [121.42364012117369, 23.674175325626088], [121.42365641521513, 23.67415087354297]]], [[[121.42122945400942, 23.67422657821895], [121.4210335355842, 23.674118617813185], [121.42095915521897, 23.674266601537738], [121.42088459960365, 23.674415019131878], [121.42080534816276, 23.674572786250494], [121.42073101755368, 23.674721158008747], [121.42086185510159, 23.674794973351027], [121.42095365818264, 23.674653218045005], [121.42105048553539, 23.67450376467539], [121.42113832658006, 23.674367889392823], [121.42122945400942, 23.67422657821895]]], [[[121.42299477354814, 23.674957606098502], [121.42308530032422, 23.674815988489026], [121.42307661849334, 23.674811343796442], [121.42306982482862, 23.674820672063888], [121.42261078781937, 23.674571799718393], [121.42223864094314, 23.674370023366198], [121.4221552765659, 23.674498247856743], [121.42207423388058, 23.674622881149414], [121.42291160795902, 23.675086552822677], [121.42299477354814, 23.674957606098502]]], [[[121.4216044458705, 23.67480845839965], [121.42168827905628, 23.674679447334196], [121.42178397529875, 23.674532172774796], [121.42123786119588, 23.674231214733584], [121.4211467825323, 23.674372444511523], [121.4210611365275, 23.674504918630692], [121.42125334322411, 23.674610893497757], [121.42115410697454, 23.674761211369262], [121.4211470957315, 23.674760815058605], [121.42096208496638, 23.674657845491083], [121.42087057462552, 23.67479916657663], [121.42079826435995, 23.674911025422162], [121.42099307693921, 23.675019305151], [121.42134158952139, 23.67521304000704], [121.42141944269888, 23.67509321059079], [121.42150993947715, 23.674953905592172], [121.4216044458705, 23.67480845839965]]], [[[121.42013862082223, 23.67460761774996], [121.420170220525, 23.67456191353269], [121.42032405629817, 23.674647414721832], [121.42036043084092, 23.674601796839593], [121.42067524332663, 23.67397433784663], [121.42056346195874, 23.674076994045784], [121.42037905897669, 23.674246342639325], [121.42027284544966, 23.67416185006971], [121.41992735510648, 23.67452598329695], [121.41994493556503, 23.67472898861901], [121.41967440366189, 23.67516618581913], [121.4197267291571, 23.675181701723876], [121.41967303586506, 23.675324256058126], [121.41971200086245, 23.675340575691955], [121.42013862082223, 23.67460761774996]]], [[[121.42030977216143, 23.67470275193159], [121.42029107182991, 23.674692364223702], [121.4201950023438, 23.67483692092292], [121.41997697757382, 23.675254219024815], [121.41986015208003, 23.67540499010051], [121.41993806206312, 23.675443607039853], [121.42002195162986, 23.675276382626087], [121.42023210839437, 23.674857534621765], [121.42030977216143, 23.67470275193159]]], [[[121.42122355082337, 23.675394679222116], [121.42086847426404, 23.675199490084772], [121.42078172362602, 23.67534241451561], [121.42113388265601, 23.67553269053978], [121.42122355082337, 23.675394679222116]]], [[[121.42356387765503, 23.675079714161182], [121.42365276223445, 23.674945866338202], [121.4240641832432, 23.675173374993076], [121.42415652413877, 23.67502914219799], [121.42417221015813, 23.67500463754914], [121.42424698220772, 23.674887876274795], [121.4243490093349, 23.674728500969806], [121.42442051321952, 23.674616859424326], [121.42447098526559, 23.67453803555148], [121.4243610357997, 23.674387448959667], [121.42434598176519, 23.674370812170825], [121.42431125336283, 23.674376207777197], [121.42416305133342, 23.674168765878125], [121.42414372721976, 23.674147436238204], [121.4241384476015, 23.674148922548262], [121.42409443951757, 23.67409199280196], [121.42387433159067, 23.673847029989442], [121.42385328972291, 23.673870637254662], [121.42382903754024, 23.67391112998009], [121.42380737844223, 23.67396527768295], [121.42378504085576, 23.674003607043694], [121.42375351957234, 23.674042792261567], [121.4236922911762, 23.6741699637398], [121.42366490053386, 23.674155392324035], [121.42364875285526, 23.674179627292784], [121.42364816743722, 23.67418050478341], [121.42363917157779, 23.674190967821627], [121.42354906039557, 23.6742604456142], [121.42352055421122, 23.674276957765265], [121.42351743138046, 23.674278411068833], [121.42348520454152, 23.674293407349783], [121.42344588443108, 23.67430688794734], [121.42341696165384, 23.674324954342303], [121.42339574559875, 23.67434932052429], [121.42337007090293, 23.674392643390384], [121.42328990846386, 23.674516236475153], [121.42329121475855, 23.67451696431913], [121.42327484554848, 23.67453942098548], [121.42318420439894, 23.674678889928284], [121.42300320033436, 23.674962206342943], [121.42292002497575, 23.675091162127963], [121.42315211657777, 23.67522122555509], [121.42338419877325, 23.67535127059315], [121.42380042613827, 23.67558531338933], [121.42388604644337, 23.675451600786893], [121.42347316433533, 23.675224185965362], [121.42356387765503, 23.675079714161182]]], [[[121.42066986238127, 23.675092737525482], [121.42057173841556, 23.6750395024163], [121.4203602515417, 23.675462183103747], [121.42028224786571, 23.67561809545482], [121.42031686807314, 23.675636955062984], [121.42040946818166, 23.675489608477204], [121.42050067753908, 23.675355033737418], [121.42066986238127, 23.675092737525482]]], [[[121.42270019412636, 23.675416834568036], [121.42278917389119, 23.675278706852957], [121.42288065786894, 23.67513583161058], [121.42204400986616, 23.67466934953192], [121.42194187461592, 23.674826448138678], [121.42230628117188, 23.675020354244364], [121.42222067465865, 23.675152675370903], [121.4221312711728, 23.675290298253813], [121.42177079366023, 23.67508968094642], [121.4216770288619, 23.675234033612014], [121.42204257316381, 23.67543089899409], [121.4219526172085, 23.675582835497508], [121.42242612237762, 23.675839228218376], [121.42252360498502, 23.67568952836886], [121.42261292977155, 23.675551869363694], [121.42270019412636, 23.675416834568036]]], [[[121.42105112163827, 23.675660073027053], [121.42070472622808, 23.675466413055975], [121.4207001730622, 23.675468222349384], [121.42050905553438, 23.675359724548365], [121.42041786567513, 23.675494263120864], [121.42032531439146, 23.675641546370482], [121.42051251829626, 23.67574329170027], [121.42087045751059, 23.675938121690127], [121.42095997988761, 23.67580033666671], [121.42105112163827, 23.675660073027053]]], [[[121.42335166082603, 23.67539760107022], [121.42288903590388, 23.675140513262217], [121.4227967130202, 23.67528470914836], [121.42270713811266, 23.6754237414706], [121.42262133703306, 23.6755564877411], [121.4230762250078, 23.675812838951316], [121.42350394851056, 23.67604831394914], [121.42359668092864, 23.67590350251287], [121.423684769633, 23.675765918522927], [121.4237705365055, 23.675631979839096], [121.42335166082603, 23.67539760107022]]], [[[121.42460830966667, 23.674719428915473], [121.42451918266889, 23.674604886473798], [121.42413384179287, 23.675206729970093], [121.42386222220547, 23.675630934388526], [121.42428938079455, 23.675864286758863], [121.42476265329766, 23.676122831020507], [121.42486425306618, 23.676007061417703], [121.4248615509217, 23.675996115695074], [121.42485861026151, 23.675981143340863], [121.4248205830211, 23.67578810947801], [121.4246396299011, 23.6748395476351], [121.42461818696707, 23.674729930578895], [121.42460830966667, 23.674719428915473]]], [[[121.42491311050355, 23.676205031940892], [121.42486702471605, 23.676018277843287], [121.42477116866145, 23.67612749413216], [121.42491311050355, 23.676205031940892]]], [[[121.42509729247585, 23.676180507406325], [121.42507613450827, 23.67613492891483], [121.42507343856563, 23.676292605440715], [121.42510342401438, 23.676308993493162], [121.42509729247585, 23.676180507406325]]], [[[121.42084025243803, 23.67598460784643], [121.42029309578916, 23.67568692722198], [121.4202638321644, 23.675733521702526], [121.42021237678497, 23.675815450512665], [121.42017962929533, 23.675867589017493], [121.42015009653353, 23.67591460919255], [121.42011541619942, 23.67596982495338], [121.42032454400527, 23.676075032664503], [121.42020509127772, 23.676210668155637], [121.42056741065839, 23.67640450269612], [121.42065534344573, 23.676269178268452], [121.42068554832655, 23.676222687180072], [121.42071582053399, 23.676176092424704], [121.42074271012895, 23.676134704128525], [121.42074602603078, 23.676129601687414], [121.42081023784056, 23.676030793790865], [121.42084025243803, 23.67598460784643]]], [[[121.42510600040308, 23.676362885226872], [121.42507254790083, 23.676344601403276], [121.42507244036715, 23.67635076001367], [121.4250712297916, 23.67651905148977], [121.42510941829732, 23.676434445945496], [121.42510600040308, 23.676362885226872]]], [[[121.42223467915738, 23.676136487102447], [121.42232355300246, 23.67599865792811], [121.42184401002167, 23.675736773171934], [121.42148052296179, 23.675536515566474], [121.42139426974325, 23.675669316579416], [121.42175417176821, 23.675870532269343], [121.42166426087618, 23.676012264817583], [121.42130008463042, 23.675814320303925], [121.42121706027946, 23.675942137021554], [121.42112489422986, 23.676084010841315], [121.42196737797106, 23.676543230915918], [121.42205686063163, 23.676408578723183], [121.42214556733235, 23.67627354031206], [121.42223467915738, 23.676136487102447]]], [[[121.42516886001061, 23.675055172251795], [121.42515158262516, 23.67502108706382], [121.42482397640764, 23.67503026608902], [121.42483356345839, 23.67504801945476], [121.42484436329237, 23.67524075778318], [121.42485998395745, 23.675341631869692], [121.42496068608119, 23.67545783091422], [121.4250688016793, 23.67571992190347], [121.4251759366522, 23.676130293645404], [121.42514520296432, 23.676143236411257], [121.42518231680944, 23.676293173508657], [121.42515442787924, 23.676615685708775], [121.4251541169201, 23.676616544392015], [121.42518927066023, 23.676875747281695], [121.42531746169549, 23.676848378257112], [121.42523311683405, 23.676236877822824], [121.4253243214944, 23.676217339817203], [121.42549578221539, 23.67615189061856], [121.42551621704683, 23.676137603544678], [121.42573709679007, 23.67598013121085], [121.4256777526986, 23.675925962054276], [121.42560750421487, 23.67589837943883], [121.42556393576251, 23.675832265634693], [121.42560974700974, 23.67577656143674], [121.42526292486909, 23.67531683213006], [121.42516886001061, 23.675055172251795]]], [[[121.42492808167316, 23.676265689111663], [121.42474381847163, 23.67616503371464], [121.42466104539581, 23.676293781615502], [121.4245677598696, 23.676437051093398], [121.42448253359022, 23.676568279783726], [121.4243944847773, 23.676702938449147], [121.42493902265997, 23.677002236936893], [121.42498701138835, 23.676855669230942], [121.42499135120885, 23.676842464805667], [121.42503850111001, 23.676700305919645], [121.42503421101452, 23.67668341392829], [121.42498206495765, 23.676478201561928], [121.42497895676183, 23.676466001815683], [121.42493122099452, 23.676278421531485], [121.42492808167316, 23.676265689111663]]], [[[121.42341778113564, 23.676182876634588], [121.42298809727608, 23.67595373664162], [121.42289133410492, 23.676107534335188], [121.4224345394845, 23.675843855608573], [121.4223317651863, 23.67600358386545], [121.42224310605202, 23.67614110544625], [121.42214987696974, 23.676284427524994], [121.42206523874884, 23.676413269447597], [121.42197581460013, 23.676547822157943], [121.4224421100188, 23.67680199500879], [121.4228714978229, 23.677036049483586], [121.4229557542403, 23.67690446312185], [121.42304243958985, 23.676769095629187], [121.42312960275525, 23.67663297731013], [121.42321816067522, 23.676494660892555], [121.42331945865652, 23.676336435044863], [121.42341778113564, 23.676182876634588]]], [[[121.42037174916706, 23.676705644546526], [121.42001288058938, 23.676508820374817], [121.41984792669294, 23.67677374108986], [121.41974643839826, 23.67692598750421], [121.42009950968321, 23.677124724251964], [121.42019977508782, 23.67697032281019], [121.42037174916706, 23.676705644546526]]], [[[121.42166717406167, 23.676996495009707], [121.42175614052077, 23.67686272028612], [121.42128256598141, 23.676606858524682], [121.4213792585543, 23.67646703109816], [121.4218465722213, 23.676724264089987], [121.42193624993541, 23.676589214125293], [121.42146349372204, 23.676331517624305], [121.42109468918653, 23.676130488015854], [121.4210057717284, 23.676267377518947], [121.42091196619108, 23.676411774978646], [121.42082497038581, 23.67654572447401], [121.42073773057139, 23.676680071893784], [121.42065140761015, 23.67681299006754], [121.42101128927008, 23.677010270497725], [121.4211065770559, 23.676881634970066], [121.42157588082382, 23.677138511182356], [121.42166717406167, 23.676996495009707]]], [[[121.4200105906965, 23.677261667368853], [121.41965725488986, 23.6770661367171], [121.4195648202215, 23.677195278338598], [121.41992259840119, 23.677397190245223], [121.4200105906965, 23.677261667368853]]], [[[121.42401482531524, 23.67632079901431], [121.42409430352399, 23.676179500035452], [121.42437093481999, 23.676335589911535], [121.42455935242624, 23.676432414764516], [121.42465264782108, 23.676289163324054], [121.42473540135236, 23.67616043354068], [121.42426545829099, 23.67590371312692], [121.423837327257, 23.675669821565915], [121.42374974600075, 23.67580660060243], [121.42366359858424, 23.675941145309896], [121.42357070041702, 23.676086228131833], [121.42348356733288, 23.676222301467995], [121.42339137115287, 23.676366289658258], [121.42328464935476, 23.6765329912841], [121.4231964718089, 23.676670674614137], [121.42310950381402, 23.676806494453565], [121.42302121872625, 23.67694438566213], [121.42293897196814, 23.67707284226465], [121.4233890949792, 23.67731821619573], [121.42382555627572, 23.677555679957425], [121.42390212358988, 23.67743871530026], [121.42399253498033, 23.677300628159934], [121.42408844870458, 23.677154137230495], [121.4241816002976, 23.677011581762457], [121.42428393207119, 23.676854941715295], [121.4243860772644, 23.676698284051746], [121.424474126083, 23.67656362539095], [121.42401482531524, 23.67632079901431]]], [[[121.42506889555592, 23.677067382701267], [121.42503704100733, 23.677052137527202], [121.42477482394345, 23.677694992000458], [121.42477934336942, 23.677694871250157], [121.42487574748962, 23.677533461295212], [121.42494308553105, 23.677349050880757], [121.42506889555592, 23.677067382701267]]], [[[121.41989240255427, 23.67744370328008], [121.41948500326163, 23.67721376176527], [121.41940980574479, 23.67736483512859], [121.41933107178197, 23.677523024473064], [121.41971631971859, 23.677714893590366], [121.41980674173037, 23.677575616884127], [121.41989240255427, 23.67744370328008]]], [[[121.4237100827094, 23.677735760855715], [121.42379613760737, 23.67760258892114], [121.42335649322341, 23.677363147224998], [121.42290883609694, 23.677119355712566], [121.42281812602253, 23.67725939348487], [121.42273663506406, 23.677385193158603], [121.42263839301593, 23.6775368456276], [121.42290016632734, 23.67768816574975], [121.42313799684557, 23.67770214454261], [121.42317512500311, 23.677650076691737], [121.42328655146339, 23.677710876831927], [121.42365606998789, 23.677732594652507], [121.4237100827094, 23.677735760855715]]], [[[121.42484435748175, 23.677288939492396], [121.42493444954239, 23.677016065055838], [121.42484484863468, 23.677173997986504], [121.4242923199822, 23.676859596171756], [121.42418994917314, 23.67701629050992], [121.42409684643236, 23.677158791670344], [121.42400093274343, 23.67730529163451], [121.42391046276617, 23.67744345117822], [121.42383398322931, 23.677560271122623], [121.42421037766574, 23.677765255428877], [121.42450729225042, 23.677783079529313], [121.42451006357135, 23.677779017560578], [121.42460427849015, 23.677640883531485], [121.42484435748175, 23.677288939492396]]], [[[121.42127882490367, 23.677592858557446], [121.42136752968679, 23.67745672799467], [121.42146371304462, 23.67731081583144], [121.42098558785023, 23.677048716954754], [121.42089086919879, 23.677189821001917], [121.42053888895994, 23.676986243145667], [121.42036116895407, 23.677259939879047], [121.42026889397525, 23.677402048256866], [121.42018819945189, 23.677526291331986], [121.42018550672424, 23.67753044330973], [121.42054687322668, 23.677728686946097], [121.42101783085162, 23.677987041194474], [121.42109452659521, 23.677869517703893], [121.42118897659074, 23.6777271049524], [121.42127773220864, 23.677594541069904], [121.42127882490367, 23.677592858557446]], [[121.42071933983055, 23.67746770919575], [121.42080207082013, 23.67733050256845], [121.42127422579715, 23.677592591141366], [121.42090560906234, 23.67757058525546], [121.42071933983055, 23.67746770919575]]], [[[121.41962845370045, 23.677850235360754], [121.41926449542434, 23.67765674625761], [121.4191846602589, 23.677817141775154], [121.41953410923807, 23.677995554485562], [121.41962845370045, 23.677850235360754]]], [[[121.42571146431916, 23.677918671099928], [121.425360999869, 23.677553214157616], [121.4252030523334, 23.677680696876525], [121.42503627318142, 23.677896831019396], [121.42491325417446, 23.678171692067778], [121.42511809211429, 23.6779699644824], [121.425229319483, 23.67789920880522], [121.42546816445692, 23.678168769308588], [121.4255083886591, 23.678179864785815], [121.42554526880762, 23.67827246325139], [121.42561991521335, 23.678107654213157], [121.42561960847159, 23.67810678819658], [121.42567471137787, 23.67801968898212], [121.42574852441267, 23.677942723923707], [121.42571146431916, 23.677918671099928]]], [[[121.4235186568352, 23.67803224464355], [121.42307564810214, 23.677789605797756], [121.42298674414914, 23.677924293092907], [121.42254339945552, 23.677683477640553], [121.422462054256, 23.67780903296715], [121.42290015054152, 23.678051858556838], [121.42334620414073, 23.678299067670505], [121.42343446518808, 23.678162675304474], [121.4235186568352, 23.67803224464355]]], [[[121.42238004353091, 23.677794700586098], [121.42246560332116, 23.677662623330104], [121.42247544707232, 23.67764742643931], [121.4225688992747, 23.677503182535567], [121.42266679016846, 23.677352072854795], [121.4222298118872, 23.67712068424706], [121.4223146290468, 23.676995571058], [121.42275026161886, 23.677223215743417], [121.42284138160244, 23.677082580924704], [121.4224140464089, 23.676849649495583], [121.42194467679118, 23.676593814425367], [121.42185496009779, 23.676728936739277], [121.42176452843202, 23.676867401969872], [121.4216755618915, 23.677001149608962], [121.42158429795653, 23.677143129587503], [121.42148318471516, 23.67729866293542], [121.42195191747368, 23.67755411281602], [121.42190571692599, 23.677629709629834], [121.42185036782035, 23.677720257584653], [121.42165769798684, 23.677615133619405], [121.42137592736918, 23.67746139161265], [121.42128983731455, 23.677593514872367], [121.42128611037506, 23.67759923183504], [121.42119732546553, 23.677731831921022], [121.42110292435265, 23.677874199395625], [121.42102625785333, 23.677991668631993], [121.42150132282931, 23.678252276693126], [121.42193150045192, 23.678487053928684], [121.42200919790373, 23.678367161465896], [121.42209997793343, 23.67822703367996], [121.42218640648547, 23.678093590713708], [121.42228065932383, 23.677948116751534], [121.42238004353091, 23.677794700586098]]], [[[121.42073324660846, 23.678445778216943], [121.42026689329317, 23.67819579028395], [121.42026204654788, 23.67820086914531], [121.42017192249034, 23.678335187942967], [121.42007063470706, 23.678479867041386], [121.42052579446325, 23.67872756528161], [121.42054174467762, 23.678736244755385], [121.42063225145428, 23.678602069187995], [121.42073324660846, 23.678445778216943]]], [[[121.42408066045364, 23.677757547002763], [121.423804564563, 23.67760718008788], [121.42372105589523, 23.677736408075006], [121.4237054370844, 23.677760596447943], [121.42361969220805, 23.67789267487962], [121.4235270838674, 23.678036853884297], [121.42344289222584, 23.67816728454963], [121.42335459211245, 23.67830372217603], [121.42381637242744, 23.67855964581837], [121.42428676850163, 23.678820357331645], [121.42432007802027, 23.67875777094477], [121.42434872240622, 23.678619852798274], [121.42436283243863, 23.67854440640245], [121.42437530022711, 23.67850387365633], [121.42446073803251, 23.678358801800236], [121.42453689943848, 23.67822851902023], [121.42454454836513, 23.678216840603326], [121.42453477109187, 23.67809779160892], [121.42452780724284, 23.678018050591454], [121.42452624953529, 23.678000212002566], [121.42408066045364, 23.677757547002763]]], [[[121.41971435078298, 23.67876515378941], [121.41962579600032, 23.678712677796472], [121.41954328188515, 23.678838623060525], [121.41961069607741, 23.678878126382166], [121.4196695308161, 23.67882535944251], [121.41971435078298, 23.67876515378941]]], [[[121.42976755472363, 23.678262016477387], [121.42926484768529, 23.67800526695204], [121.42876591898337, 23.677785093987467], [121.42860683135396, 23.677715408945147], [121.42873449655383, 23.677794292009448], [121.42886908101734, 23.677878329875337], [121.42909995783181, 23.67808045427709], [121.42906972182438, 23.67813773267318], [121.42907097583304, 23.678137440246662], [121.42909286774972, 23.67824812085939], [121.42909256759019, 23.678249277503003], [121.42911787144608, 23.678302907524024], [121.42914320226262, 23.67838880087756], [121.42927373905059, 23.678527064399923], [121.42956267387484, 23.678835407025222], [121.42978168183905, 23.678924122128343], [121.42992653338723, 23.678966205282123], [121.43001784178931, 23.678987000248902], [121.4297881489752, 23.67827253321386], [121.42976755472363, 23.678262016477387]]], [[[121.41975452848624, 23.678559228931515], [121.41957539700532, 23.67845962804635], [121.41952852700743, 23.67853182174425], [121.41953971695787, 23.678575775543404], [121.41968387987701, 23.67866121317491], [121.41988861196116, 23.678782542446385], [121.41998018261046, 23.678836816067882], [121.42008531893867, 23.67889910741682], [121.42018353999605, 23.67895732695692], [121.42031913802393, 23.679037694415506], [121.4203997702331, 23.678918246273902], [121.42026777144386, 23.678844298328304], [121.42015996633546, 23.678784470444707], [121.42005818208425, 23.678727967179462], [121.4199602284626, 23.678673593520724], [121.41975452848624, 23.678559228931515]]], [[[121.42287397794374, 23.67809001765117], [121.42243694241552, 23.677847803122425], [121.42234953857758, 23.677982720742467], [121.42225752001293, 23.678124775395023], [121.42216854505837, 23.678262108148473], [121.42199358974199, 23.678532160151505], [121.42242562372164, 23.678782660817635], [121.42257277868818, 23.678867979216918], [121.42272024819478, 23.678953486240427], [121.42286721690898, 23.679038696504556], [121.42314361108315, 23.678611302370374], [121.42323824535043, 23.6784657545629], [121.42332106300113, 23.67833781998525], [121.42287397794374, 23.67809001765117]]], [[[121.41997835822669, 23.67921385984519], [121.4200141555524, 23.679159006146385], [121.42003543242983, 23.679107225823206], [121.41999368718947, 23.6790833920162], [121.41998139152369, 23.679083127370824], [121.41991333712566, 23.67904584727759], [121.41989568825733, 23.679042527008807], [121.41980572672045, 23.678991725447865], [121.41971537513207, 23.679134929906706], [121.4198205434282, 23.67918877849264], [121.4198637153317, 23.67918656656838], [121.41995633989892, 23.679236132821508], [121.41997835822669, 23.67921385984519]]], [[[121.42426234457629, 23.678859514170373], [121.42332947061223, 23.678342483468196], [121.42324664304627, 23.678470381958153], [121.42315203814002, 23.67861591163084], [121.42297186975888, 23.678895514404015], [121.4228756439841, 23.679043305779523], [121.42353338729544, 23.679384035623347], [121.4236969446633, 23.679468757265756], [121.42377400493288, 23.679349226878966], [121.42394814140155, 23.679114878936147], [121.42400547084162, 23.67908227800091], [121.42417775247988, 23.678984275610553], [121.42419464394466, 23.67897465778179], [121.42420989589162, 23.67894311109216], [121.42422765559476, 23.678910889328893], [121.42426234457629, 23.678859514170373]]], [[[121.42221515671925, 23.679098563824155], [121.42230487754965, 23.67894910201524], [121.42275389136714, 23.679213750260757], [121.42284203621325, 23.67907743078954], [121.42239838019198, 23.678820208726258], [121.42196818300373, 23.678570777527362], [121.4218748694744, 23.678712844508752], [121.42178146794032, 23.67885504712011], [121.42159899621429, 23.679132830579956], [121.4215162680831, 23.679258786481878], [121.42195451904794, 23.67950299580189], [121.42202988370435, 23.679367876442043], [121.42211865410734, 23.67923374087941], [121.42221515671925, 23.679098563824155]]], [[[121.41944733289958, 23.678982185660104], [121.41929554223087, 23.678893779601264], [121.41920930577226, 23.679027057924426], [121.4191127047753, 23.67917231065415], [121.41926718892275, 23.679259788557825], [121.4192360299415, 23.679308859498374], [121.41920682191002, 23.679354818905317], [121.4191757702142, 23.679403727007106], [121.41929390239991, 23.679476738197412], [121.41937687496122, 23.679528010462672], [121.41940773998012, 23.679478994469843], [121.41944054625542, 23.679426903086068], [121.41947149894811, 23.679377724306846], [121.41950153501926, 23.679330119187057], [121.4195319223266, 23.67928198035257], [121.41955764648925, 23.679241177301392], [121.41941082993097, 23.67913854500194], [121.41936849638302, 23.67911466746932], [121.41944733289958, 23.678982185660104]]], [[[121.4211257213299, 23.678841073509293], [121.42120665130236, 23.678723358635956], [121.42161851324066, 23.678963631479565], [121.42180905342359, 23.678673527452297], [121.42189034668878, 23.678549760508627], [121.42098566953379, 23.6780534614332], [121.42090421912907, 23.67818037973958], [121.42082020159383, 23.678320100187797], [121.42078652054298, 23.67837737733684], [121.42074173216703, 23.678450315212512], [121.42065574838604, 23.678583339733375], [121.42064061005439, 23.678606760040093], [121.42056708792362, 23.678715769268376], [121.42055018140023, 23.67874083607246], [121.42054596795548, 23.678738544915515], [121.42050955440939, 23.678796813669287], [121.42052619298939, 23.678806132390807], [121.42060119060213, 23.67884697818879], [121.42078607213666, 23.679088447309326], [121.42096640562075, 23.6793239688942], [121.42119137043936, 23.679617764535568], [121.4212425916402, 23.67953594179429], [121.42133312569281, 23.679398099665214], [121.42143908513643, 23.679236774187526], [121.42101892273874, 23.679000957067945], [121.42103714583061, 23.67897354972911], [121.42105929614134, 23.678940235876123], [121.42110379294739, 23.67887331305023], [121.42111075000766, 23.67886284968214], [121.42111928607221, 23.678850433758033], [121.4211257213299, 23.678841073509293]]], [[[121.41974178814799, 23.67934967701006], [121.41962577442372, 23.679276922286643], [121.41958759549333, 23.67933743841235], [121.41953968546937, 23.679413378872265], [121.41944854303875, 23.679557804337794], [121.41962660307455, 23.679665309306984], [121.41971978270811, 23.6795171850365], [121.41971589297158, 23.679514947158932], [121.41976098046318, 23.679439026145833], [121.41979443595703, 23.67938269172118], [121.41974178814799, 23.67934967701006]]], [[[121.420320014495, 23.679471040605392], [121.42033414845982, 23.67945442356127], [121.42049226400847, 23.679610110418956], [121.42059043337838, 23.679566202929863], [121.4204203159283, 23.679302922703883], [121.42034887953152, 23.6791923391341], [121.42029987683006, 23.67919238180588], [121.42024137964725, 23.67928321765319], [121.42017351660571, 23.67938860781325], [121.42008347787569, 23.67952842545886], [121.4200754876867, 23.679540845027077], [121.42008763790827, 23.679584534309807], [121.42023881253898, 23.679666909342345], [121.42024373063992, 23.679663841599027], [121.42024884169273, 23.679661054190824], [121.4202541268829, 23.679658557378637], [121.42025956675472, 23.67965636035358], [121.42026514128325, 23.679654471203275], [121.42027082994768, 23.679652896881986], [121.42027661180725, 23.679651643185004], [121.42028246557797, 23.679650714727412], [121.42028836971119, 23.679650114926982], [121.42020681599955, 23.679604230090114], [121.420320014495, 23.679471040605392]]], [[[121.42051497451529, 23.67891880042862], [121.42046992974794, 23.67889334131524], [121.42035849555955, 23.679066013389082], [121.42036989578182, 23.679083653747522], [121.42046699503629, 23.679233938362273], [121.42055786306763, 23.679374578275272], [121.42064632926844, 23.67951150043567], [121.42073333626621, 23.679646163802822], [121.42076460992018, 23.679694566903642], [121.42102141278721, 23.67984533475953], [121.42103794496087, 23.679855051022734], [121.42114457992058, 23.679690130056155], [121.42090051916492, 23.67938634698552], [121.42086710360758, 23.679344754410575], [121.4208089111032, 23.679258996346647], [121.42071847414566, 23.67912571948818], [121.42066573971172, 23.679048004650568], [121.42061503123983, 23.67900454805743], [121.42051497451529, 23.67891880042862]]], [[[121.41924681851839, 23.679734015963525], [121.4192348153392, 23.679690235916784], [121.41915754343765, 23.67964645190542], [121.41905712088506, 23.67958967341286], [121.41902454317315, 23.67964278446437], [121.41900920090347, 23.679667946839484], [121.418991664233, 23.67969675415372], [121.41882910980158, 23.679609017881916], [121.41881036726802, 23.67963786455588], [121.4187722772366, 23.679696480571028], [121.41894721248617, 23.679783470061746], [121.41895197426697, 23.679785534033986], [121.4189088655364, 23.679859902577096], [121.41900188408044, 23.67990999205764], [121.41910159373454, 23.67996451506295], [121.41918173225498, 23.67983731229793], [121.4191930189642, 23.67981940277227], [121.41924681851839, 23.679734015963525]]], [[[121.41942858655258, 23.679977219807743], [121.41952589090485, 23.680030674505133], [121.41963163222971, 23.680088756624283], [121.41969627613639, 23.679988242480054], [121.41968449814176, 23.679944416712466], [121.41961119441349, 23.679902960895802], [121.41951960164928, 23.679851161292216], [121.41942858655258, 23.679977219807743]]], [[[121.41942858655258, 23.679977219807743], [121.41932482991334, 23.679905027645013], [121.41942213522971, 23.679796036516088], [121.41936074604777, 23.67976131162777], [121.41931321954063, 23.6797723663352], [121.41925442543253, 23.679865694839144], [121.41921144637239, 23.67993391336669], [121.41916625012705, 23.68000565102966], [121.41912006780053, 23.680078953762752], [121.4192976268696, 23.680161447940705], [121.41934281138845, 23.680097884488415], [121.41938690466384, 23.680035856061657], [121.41942858655258, 23.679977219807743]]], [[[121.42305868240064, 23.679932005109755], [121.42313737035678, 23.67979398662072], [121.42324409793363, 23.67986561727265], [121.42327990206525, 23.679889330979936], [121.42359791093756, 23.679469253867143], [121.42351157535346, 23.67942453064086], [121.42285046331908, 23.679082049095555], [121.42276219163166, 23.679218558543116], [121.42267487437844, 23.679353132961456], [121.42258765800048, 23.67948559408515], [121.42249523035862, 23.67962568148336], [121.42240910585498, 23.679756315511085], [121.4232580844029, 23.680229398122936], [121.42325979420524, 23.68019710294029], [121.42326821899748, 23.680155326193674], [121.42330602556909, 23.680076266439443], [121.42320343168369, 23.68001264298973], [121.42305868240064, 23.679932005109755]]], [[[121.41977478101695, 23.680169248558673], [121.41969783846261, 23.680127423396254], [121.41961468692406, 23.68025664822492], [121.41968537969132, 23.68030325808906], [121.4197834739178, 23.680361396937922], [121.41988837797918, 23.68023101142239], [121.41977478101695, 23.680169248558673]]], [[[121.42096380250445, 23.679934443769692], [121.42095249441824, 23.67989052652808], [121.42071931584411, 23.67975362735632], [121.42047765204693, 23.679854189123525], [121.4204222715513, 23.679911010393567], [121.42040021822481, 23.679894780512864], [121.42046685633596, 23.67984164896468], [121.42039214482972, 23.679721854903303], [121.42039304083136, 23.679726451687767], [121.42039367755731, 23.67973108499152], [121.42039405330412, 23.679735742418785], [121.42039416706653, 23.67974041150928], [121.42039401854008, 23.679745079771436], [121.42039360812217, 23.679749734716026], [121.42039293691073, 23.67975436388932], [121.42039200670153, 23.679758954906607], [121.42039081998315, 23.679763495485233], [121.4203893799305, 23.679767973477496], [121.42038769039617, 23.679772376903117], [121.42038575590034, 23.67977669398134], [121.42038358161841, 23.679780913162364], [121.42038117336736, 23.679785023158363], [121.42037853759015, 23.67978901297359], [121.42037568133841, 23.679792871933824], [121.42037261225367, 23.6797965897149], [121.42036933854683, 23.67980015637042], [121.4203658689762, 23.679803562358245], [121.4203622128242, 23.679806798566123], [121.4203583798724, 23.679809856335986], [121.42035438037523, 23.679812727487192], [121.4203502250329, 23.679815404338335], [121.42034592496248, 23.679817879727874], [121.42034149166818, 23.679820147033187], [121.42033693701073, 23.679822200188436], [121.42033227317552, 23.679824033700662], [121.42032751264, 23.679825642664536], [121.42032266814037, 23.679827022775488], [121.42031775263746, 23.679828170341203], [121.42031277928207, 23.67982908229152], [121.42030776137975, 23.67982975618666], [121.42030271235522, 23.679830190223655], [121.42029764571653, 23.67983038324133], [121.42029257501878, 23.6798303347233], [121.42028751382797, 23.679830044799346], [121.42028214031231, 23.679829468100444], [121.42027680953467, 23.679828619207893], [121.42027153773779, 23.679827500708264], [121.42026634098464, 23.67982611600956], [121.42026123510959, 23.67982446933095], [121.42025623567014, 23.679822565689804], [121.42025135789943, 23.679820410886443], [121.42024661665982, 23.67981801148651], [121.42024202639776, 23.679815374800903], [121.42023760109961, 23.679812508863538], [121.42023335424918, 23.67980942240681], [121.4202292987864, 23.679806124835082], [121.42022544706816, 23.67980262619595], [121.42022181083053, 23.679798937149656], [121.42021840115301, 23.67979506893663], [121.42021522842468, 23.67979103334318], [121.42021230231282, 23.67978684266565], [121.42020961566371, 23.6797824807652], [121.42020719585422, 23.679777988333257], [121.42020505033506, 23.67977337920215], [121.4202031857123, 23.679768667563614], [121.42020160772722, 23.679763867924983], [121.42020032123844, 23.67975899506452], [121.42019933020707, 23.679754063985982], [121.42019863768452, 23.679749089872377], [121.42019824580306, 23.67974408803916], [121.42019815576924, 23.679739073887223], [121.42019836786031, 23.679734062855285], [121.42019888142312, 23.679729070372574], [121.42004759872262, 23.679646641416593], [121.42000016099104, 23.679657831539902], [121.41999364389638, 23.679667944513664], [121.41989499994257, 23.67982114043774], [121.41983816076788, 23.679909407177526], [121.41984990939689, 23.679953233012675], [121.41993783877159, 23.68000300161774], [121.42002184907025, 23.68005054141166], [121.42014124927702, 23.680118103537346], [121.42025365613718, 23.68018172046655], [121.42038026618819, 23.680253362365836], [121.42052847578285, 23.680337235059465], [121.42062677809007, 23.68039287155358], [121.42067437417343, 23.68038207811751], [121.42074025810308, 23.680280160564156], [121.42078510756136, 23.680210798328485], [121.42083231799943, 23.68013779066119], [121.42096380250445, 23.679934443769692]]], [[[121.42148120533288, 23.680117018653497], [121.42185477025292, 23.6805999350165], [121.4219471477984, 23.680452985501656], [121.42214041072876, 23.680155442175025], [121.42237520274874, 23.67979016130219], [121.42193015321139, 23.67954217921006], [121.42149090025495, 23.679297394643402], [121.421380091661, 23.679466101652945], [121.42123930955407, 23.679680427313716], [121.42129327431162, 23.679750956691443], [121.421523341824, 23.680051754083117], [121.42148120533288, 23.680117018653497]]], [[[121.4196031764242, 23.68057593657268], [121.41949017439676, 23.680513241825064], [121.41944263773921, 23.680524269512233], [121.41942857915197, 23.680546141607515], [121.41957468977351, 23.680620638948625], [121.4196031764242, 23.68057593657268]]], [[[121.42148120533288, 23.680117018653497], [121.42136023732843, 23.679958242929647], [121.42116994660772, 23.679721457655315], [121.42107101906203, 23.67987446545759], [121.42108756098955, 23.679884163629282], [121.42098770643274, 23.680038618663655], [121.42089829071207, 23.680176900009435], [121.42081009281067, 23.680313309948453], [121.42071329283166, 23.680463023778636], [121.4208508849966, 23.680540929216342], [121.42099514670942, 23.680622599882046], [121.4211120139069, 23.680688777540286], [121.42122073656542, 23.680520410507853], [121.42124074638201, 23.680489411014555], [121.42129937093591, 23.680398601548568], [121.42139159555872, 23.680255788413806], [121.42144455165985, 23.680173771265714], [121.42145940049816, 23.68015079520654], [121.42148120533288, 23.680117018653497]]], [[[121.41976442655078, 23.680666113578802], [121.41968162619838, 23.680619915812386], [121.41964964546811, 23.680666541983705], [121.4197324151852, 23.680712351568893], [121.41980287724397, 23.68075110608396], [121.4198158055347, 23.680731449317044], [121.41980411564133, 23.680687614295394], [121.41976442655078, 23.680666113578802]]], [[[121.42050183415128, 23.680648880176747], [121.42053946430627, 23.68059071648702], [121.42059877278881, 23.68049899341598], [121.4205870532437, 23.680455158535388], [121.42046671937227, 23.68038706653948], [121.4203667964479, 23.68033051330285], [121.42029036305198, 23.68028725533008], [121.42025886839603, 23.680269430707263], [121.42018699437274, 23.680386949722333], [121.42020239404322, 23.68040736944375], [121.4202132048345, 23.68041341440804], [121.42026021703091, 23.68043970174214], [121.42032071874395, 23.680475737991895], [121.42029130691029, 23.680537635721826], [121.42026022965649, 23.680603032492133], [121.42025232154106, 23.68061966875604], [121.42014744209675, 23.68056458262404], [121.4200209900301, 23.68049947767668], [121.42008957336314, 23.680398365756087], [121.42011776687757, 23.680363244685953], [121.42016476108827, 23.680384978331645], [121.42024773969663, 23.68026314005012], [121.42011434242464, 23.68018764267187], [121.42001066770824, 23.68012897737622], [121.41993463598493, 23.680240231849602], [121.41993563155329, 23.68025416211249], [121.42002466626218, 23.68030918300318], [121.42000171383536, 23.68034294440717], [121.4199233265702, 23.680444272494697], [121.41981913205966, 23.680382529325808], [121.41973032567634, 23.68050944888408], [121.4197555781218, 23.680526555108372], [121.419835500612, 23.680571162364256], [121.41994264395709, 23.680632120962372], [121.419923794858, 23.68067053962923], [121.42002649490368, 23.68072782606018], [121.42013895823351, 23.680790557990065], [121.42030853741021, 23.680885145452592], [121.4203560941342, 23.680874243862064], [121.42037996793492, 23.680837337541536], [121.42042043715415, 23.68077474158027], [121.42046239914386, 23.680709866049998], [121.42050183415128, 23.680648880176747]]], [[[121.4193030619875, 23.680313043367033], [121.41922196537672, 23.680287527980497], [121.41916408688759, 23.68038213619911], [121.4192582982443, 23.68044331989815], [121.41926683299242, 23.68044788392871], [121.41921810489886, 23.680509553821377], [121.41916506988369, 23.680594974665677], [121.41913223627812, 23.680647842623564], [121.41915298108424, 23.680662667577735], [121.41913453515382, 23.680707676804953], [121.4190440353446, 23.68092795952855], [121.41905172315411, 23.68093134295956], [121.41909852682429, 23.680917924480536], [121.41921033260792, 23.680743942992397], [121.41927200127186, 23.680647979061728], [121.41932644053033, 23.680563258703803], [121.41937726121505, 23.68048448972425], [121.41942738831453, 23.68040653528693], [121.419442275657, 23.680383216181305], [121.4193030619875, 23.680313043367033]]], [[[121.42028224380394, 23.681023805960056], [121.42020811359154, 23.68096943105904], [121.42014520614184, 23.68100591048027], [121.42006749401313, 23.681060895940604], [121.42006467701796, 23.68106350344599], [121.420044218076, 23.681082440925444], [121.42011120296723, 23.681131390323564], [121.42020859334639, 23.68113781721164], [121.42028224380394, 23.681023805960056]]], [[[121.42191967480764, 23.680785591216015], [121.42170625943291, 23.68052336952472], [121.42148926168692, 23.680608126794564], [121.42144616699352, 23.68062537355981], [121.42118399952341, 23.680728610854757], [121.4214857022598, 23.68094418898011], [121.42155751717547, 23.68099491250229], [121.42162770285384, 23.68104509863803], [121.42169829982578, 23.68109511205535], [121.4217679911676, 23.6811500942873], [121.42181498939965, 23.681108781454668], [121.42203925619368, 23.68092125399821], [121.42199152921711, 23.680845533840053], [121.42196310260091, 23.68082932155127], [121.42194111820628, 23.68080718622853], [121.42191967480764, 23.680785591216015]]], [[[121.42055397740975, 23.681161133825526], [121.42064514842802, 23.681031805464848], [121.42075542875868, 23.681092375718155], [121.42082631247885, 23.681130993167702], [121.42090307467845, 23.68101217835639], [121.42091989444279, 23.680986144925846], [121.42099990532323, 23.68086230970676], [121.42109197473229, 23.680719813215802], [121.42103972924019, 23.68069022918637], [121.42098118764962, 23.680657095485632], [121.42092084853607, 23.680622928221617], [121.42080057313896, 23.680554827301634], [121.420693224182, 23.680494059484214], [121.42060173943689, 23.68063551573236], [121.42051573758542, 23.680768505160795], [121.42042686718814, 23.680905926922666], [121.42036516808147, 23.681001340567374], [121.42034843104216, 23.68099197695253], [121.4202523410606, 23.68114070543937], [121.42055397740975, 23.681161133825526]]], [[[121.42292674326744, 23.68117789779075], [121.42312343296159, 23.681134938681794], [121.42318278284068, 23.681138740616], [121.42313670427708, 23.68086576068519], [121.4231654202997, 23.68070086158393], [121.42323327529834, 23.680645260403526], [121.42324976900883, 23.680372091443573], [121.42325527852708, 23.680280586610184], [121.42313716663841, 23.680214775165545], [121.4229780472979, 23.68012612190096], [121.4223835810947, 23.679794852004107], [121.42235223865048, 23.67984447487349], [121.42224325629776, 23.680013782497333], [121.42214771587841, 23.6801617792351], [121.42203981474597, 23.68032904303666], [121.42194495984135, 23.6804738773559], [121.42251640553562, 23.681173626889883], [121.42270271945328, 23.681175565614357], [121.42292674326744, 23.68117789779075]]], [[[121.42139833456314, 23.680972093960165], [121.42113609707586, 23.680784554210184], [121.42106517546951, 23.680883984368798], [121.42097775171666, 23.681010684150774], [121.42092863388413, 23.681085168895464], [121.42086017330676, 23.681181657591633], [121.42104879494973, 23.681193904050357], [121.42122535438867, 23.68120536137226], [121.42139387125346, 23.681215946424597], [121.42173294960502, 23.681220405309183], [121.42173260829315, 23.6812118189131], [121.42139833456314, 23.680972093960165]]], [[[121.42224370556701, 23.681175544404326], [121.42221697721618, 23.68114170139492], [121.42203653365503, 23.681224391291856], [121.4223674247598, 23.681228726618283], [121.42319964513466, 23.681238663280638], [121.42319561690626, 23.681214772449298], [121.42234958004427, 23.681207293420734], [121.42228948457742, 23.681206409820486], [121.42224370556701, 23.681175544404326]]]]}, "properties": {"年份": 113, "縣市名": "花蓮縣", "鄉鎮名": "光復鄉", "地段名": "大安段", "縣市七": "U020201", "縣市代": "U", "鄉鎮代": "02", "地段代": "0201"}}, {"type": "Feature", "geometry": {"type": "MultiPolygon", "coordinates": [[[[121.41683595739167, 23.682630957836853], [121.41731508422424, 23.681534670463552], [121.41719847064361, 23.6815819665978], [121.41696703202396, 23.681643947225222], [121.41673398836282, 23.681691466106496], [121.41670436939927, 23.68153721768222], [121.4166238917095, 23.681490533452696], [121.41643445246976, 23.681526602203128], [121.41635142676901, 23.68154213992588], [121.41602275771037, 23.68160192437601], [121.41603191109708, 23.681665623010147], [121.41594856882145, 23.681677215350796], [121.4159015466984, 23.681683761800603], [121.41592511378157, 23.681865413986444], [121.41588584680768, 23.681871867368326], [121.41584435529796, 23.681878678874554], [121.41580297160591, 23.681885481050493], [121.41576192106618, 23.681892219112594], [121.41573311763658, 23.681707194784096], [121.41569247551297, 23.68171284815645], [121.41565173539685, 23.681718519840725], [121.41568048637286, 23.681905594088214], [121.4156267257502, 23.681914425016892], [121.41579697356667, 23.682639005898118], [121.41578993861013, 23.68265293065723], [121.41611845091009, 23.68257859261142], [121.41650860149906, 23.68249030561348], [121.41653497683599, 23.682487399330274], [121.41655937601628, 23.68249206531937], [121.4165770591572, 23.682502979921587], [121.41660610454898, 23.682538172147613], [121.41677488036501, 23.682759733457917], [121.41683595739167, 23.682630957836853]]], [[[121.41228245452133, 23.682684050661617], [121.41220180379594, 23.682597579334086], [121.41217089898024, 23.68262562684198], [121.41209188628133, 23.682561201845537], [121.41197632320358, 23.682659870788036], [121.41210117887769, 23.68281363200909], [121.41221173454541, 23.68273459803683], [121.41228245452133, 23.682684050661617]]], [[[121.41282718180736, 23.682669858662102], [121.41280984292362, 23.682649840682647], [121.41270137180605, 23.682727506025078], [121.41280182258788, 23.682833916270404], [121.41288484034301, 23.68275305895964], [121.41284778136793, 23.68269958349647], [121.41282718180736, 23.682669858662102]]], [[[121.41542810903842, 23.682732018277722], [121.41515580262903, 23.68176127858995], [121.4150391176589, 23.681783190561276], [121.41492364787774, 23.68180492762374], [121.41481302526488, 23.681824728273885], [121.4147713526962, 23.681833210489135], [121.41459484242196, 23.681865413745417], [121.4144888886377, 23.681885815693324], [121.41474609555063, 23.68288592577834], [121.41484681977437, 23.682861031791337], [121.41502854514418, 23.682824994662603], [121.41517440142547, 23.682791058088636], [121.4152820437681, 23.682764935283704], [121.41542810903842, 23.682732018277722]]], [[[121.41790471989515, 23.68146460781177], [121.4175429145357, 23.681429554719823], [121.41744083553134, 23.68166321376309], [121.41741418344255, 23.681723992854007], [121.41737727146656, 23.681808150618757], [121.41710886002299, 23.682420109022164], [121.41687931450997, 23.682896831576496], [121.41688910123018, 23.682909681710154], [121.41689975545228, 23.682911648615114], [121.41692281547941, 23.682905220542423], [121.41723395212767, 23.682791600654703], [121.41733012070608, 23.682601345818416], [121.41750537678544, 23.682254635350482], [121.4175960395351, 23.682075267049854], [121.41774225885771, 23.681785973740208], [121.41782473663613, 23.681622826816138], [121.41789794831084, 23.681478017256968], [121.41790471989515, 23.68146460781177]]], [[[121.41688847045322, 23.682976621216604], [121.4168576806848, 23.682941758814724], [121.41642504976835, 23.68384018541605], [121.41695408863895, 23.68325918525317], [121.41690590661396, 23.683014725131777], [121.41689489047435, 23.6829883155692], [121.41688847045322, 23.682976621216604]]], [[[121.41654592192891, 23.682550190126037], [121.41647896917132, 23.68254521416654], [121.41594089308518, 23.68265928865125], [121.41577220765318, 23.682695048037328], [121.41576820031469, 23.682695934684123], [121.4157677715955, 23.682696784635034], [121.41513856319355, 23.68394152199616], [121.41520749506864, 23.68422261639082], [121.41613607063454, 23.684016257375237], [121.41617920701911, 23.68400540505086], [121.41626352495533, 23.68383093969993], [121.4164368163967, 23.68347239767555], [121.41675171948046, 23.68280853857008], [121.41655815004914, 23.682559972617973], [121.41654592192891, 23.682550190126037]]], [[[121.41512115079941, 23.683975972156162], [121.41485166203869, 23.682900984664556], [121.41475398139917, 23.68292408260653], [121.41505351811092, 23.68410977620527], [121.41508884370205, 23.684248984050384], [121.4151865494421, 23.684227271103506], [121.41512115079941, 23.683975972156162]]], [[[121.41460462108975, 23.68275499337121], [121.41449966929953, 23.682338079969448], [121.41426672281065, 23.68247306646706], [121.41454192177082, 23.68279295086379], [121.41426092824028, 23.68292701848872], [121.414165244206, 23.682989453510007], [121.41398689926139, 23.683105827655307], [121.41389509949703, 23.68316573281767], [121.41380600346196, 23.683200004161822], [121.41412832954222, 23.684473056074495], [121.41431930280567, 23.684430629029404], [121.41451475365797, 23.684387214548973], [121.41496367869377, 23.684287488369076], [121.4149815101509, 23.684252206363983], [121.41495667642722, 23.684153523155334], [121.4149322797711, 23.684056617638102], [121.41490364329678, 23.683942873890985], [121.41487727070594, 23.683838099680496], [121.41485064001259, 23.683732305788997], [121.41482419810583, 23.683627287947076], [121.41479642558568, 23.68351694608769], [121.41476865319919, 23.68340663131026], [121.41474257870655, 23.68330303917109], [121.41471572979661, 23.683196378971353], [121.41469096611519, 23.683098011557245], [121.41466497121257, 23.682994744258785], [121.41460462108975, 23.68275499337121]]], [[[121.41393768925917, 23.684515400727207], [121.41359400451594, 23.683305984186248], [121.41343427408806, 23.683377511208715], [121.41331825060455, 23.683429471270163], [121.41313474341192, 23.68323607324505], [121.41267387238288, 23.682747164912655], [121.41238055443593, 23.682956841328323], [121.41252865723405, 23.68312596317271], [121.41290296093756, 23.68351462825293], [121.41306856574157, 23.68368657436594], [121.41331406491831, 23.68395641575333], [121.41320430301735, 23.684032306020168], [121.41303911653893, 23.68416198097427], [121.41318857965234, 23.684681806434824], [121.41336781546563, 23.684641985360855], [121.41374360974935, 23.684558512836425], [121.41393768925917, 23.684515400727207]]], [[[121.41298531884489, 23.68472695573572], [121.41270982788434, 23.6838773549485], [121.41263622925479, 23.68390746674412], [121.41254406580592, 23.683951849874617], [121.41248526970257, 23.68397172753728], [121.41241967002013, 23.68402315531803], [121.41234744797599, 23.683970225372438], [121.4121750313716, 23.684073894812208], [121.4122281012921, 23.68413829849842], [121.41241738318661, 23.684853107320816], [121.41260705445276, 23.68481097479721], [121.41279989036866, 23.684768138313686], [121.41298531884489, 23.68472695573572]]], [[[121.41237199845106, 23.684863188027713], [121.41220385932105, 23.684193155779695], [121.4121475544835, 23.684097725309563], [121.41166251282785, 23.683561155892814], [121.41159861726311, 23.683612009923536], [121.41182930313028, 23.683874046182556], [121.41170911210946, 23.683979382185086], [121.41168234270931, 23.683950539957916], [121.4115866335698, 23.68383974598203], [121.41152377310256, 23.683764116965133], [121.41147638424123, 23.683707111393268], [121.41142322800577, 23.683643150128795], [121.41134301647972, 23.683700079296216], [121.41140358533909, 23.68377035981044], [121.41144365624876, 23.683816847080287], [121.41152453622684, 23.683910686485582], [121.41163187779166, 23.684035229041264], [121.41194677255935, 23.68439539372646], [121.41197770374211, 23.684422500144358], [121.41201609418552, 23.684414496952904], [121.41203800213117, 23.684325070849432], [121.4121205990355, 23.684690900650764], [121.41223807833119, 23.684783639958667], [121.41231034887261, 23.684876878789783], [121.41237199845106, 23.684863188027713]]], [[[121.40993016538471, 23.684823212153688], [121.40990004777876, 23.684790035280653], [121.40989663167514, 23.684793770957533], [121.40989323685508, 23.684797523054197], [121.40988986341162, 23.684801291467792], [121.40988651143728, 23.684805076095028], [121.40988318102387, 23.684808876832165], [121.40987987226274, 23.684812693575015], [121.40987658524455, 23.68481652621899], [121.4098733200594, 23.68482037465899], [121.40987007679684, 23.68482423878958], [121.40986685554572, 23.684828118504797], [121.4098636563943, 23.68483201369833], [121.40986047943036, 23.684835924263407], [121.40985732474094, 23.68483985009284], [121.40985419241252, 23.684843791078997], [121.40985108253095, 23.684847747113892], [121.40984799518148, 23.68485171808906], [121.40984493044873, 23.684855703895675], [121.40984188841672, 23.684859704424465], [121.40983886916881, 23.684863719565797], [121.40983587278778, 23.684867749209616], [121.40983289935575, 23.68487179324544], [121.40982994895425, 23.684875851562467], [121.40982702166414, 23.6848799240494], [121.40982411756566, 23.68488401059466], [121.40984959195903, 23.68492666310975], [121.40988773090349, 23.68499052018393], [121.4100000586278, 23.68490020487977], [121.40993016538471, 23.684823212153688]]], [[[121.41607126682813, 23.684228730779964], [121.41612521259992, 23.684117113139376], [121.41599124980276, 23.684146438308353], [121.41580319997925, 23.684187603198005], [121.41511114040743, 23.684339095738192], [121.41529584474914, 23.685080298146072], [121.41587154453273, 23.684448066925206], [121.41602577655188, 23.68427868854322], [121.41607126682813, 23.684228730779964]]], [[[121.41138613546028, 23.685004733206746], [121.41130038637552, 23.684699410965393], [121.41095828118117, 23.68496197532411], [121.41091344223106, 23.68490210038141], [121.41071792656585, 23.685016367262758], [121.41072163718067, 23.685039708456653], [121.41084121966864, 23.68520320067487], [121.41131053055264, 23.685098961206435], [121.41138613546028, 23.685004733206746]]], [[[121.42326596034371, 23.683425594690572], [121.42339885136236, 23.681675368064557], [121.42334452329922, 23.681653953443377], [121.42278649960599, 23.68166593413516], [121.42254819577788, 23.68168077925289], [121.42235012105975, 23.68168970816146], [121.422148798575, 23.681688739995842], [121.42194734993421, 23.681688178252447], [121.42174781981335, 23.681708000276004], [121.42154773750897, 23.681708535926404], [121.42135930454285, 23.681712561243728], [121.42107585243603, 23.68170678549874], [121.4208817938292, 23.681696215336817], [121.42067463185683, 23.681693473225227], [121.42045798096918, 23.68167297694796], [121.42027514943722, 23.68165954019473], [121.42005020229236, 23.68165080457794], [121.41984591442751, 23.681633118296492], [121.41964312698313, 23.681627789456872], [121.41957129191755, 23.681625898184567], [121.41943785612054, 23.681639993891682], [121.41924943162573, 23.681668180326877], [121.41908408993861, 23.681672618949815], [121.41899692403024, 23.681674958712538], [121.41894323706121, 23.681568426036375], [121.418584916429, 23.68155943495494], [121.41843084022214, 23.68156073618722], [121.41840226663132, 23.681627588651313], [121.41833881973827, 23.68185516618271], [121.41821170856677, 23.682242237152533], [121.41813899561778, 23.68246366323703], [121.41792965334884, 23.68254336530284], [121.41756540038422, 23.6826733339492], [121.41744370285149, 23.682716756446762], [121.41736997623643, 23.68279861149841], [121.41730323532458, 23.682872718196297], [121.41715372986503, 23.683038700135455], [121.41705189360843, 23.683151765447246], [121.41700314640613, 23.683248208403253], [121.41696852738083, 23.68331670223914], [121.4166789849162, 23.683889518424703], [121.41661892463436, 23.68400831332329], [121.41658016415786, 23.684085008226273], [121.41644609993315, 23.684350221409456], [121.41631135312981, 23.684616790776303], [121.41618124384861, 23.684874182329096], [121.41605097818741, 23.685131890232416], [121.41599116044716, 23.685250223710888], [121.41609354544963, 23.68529411334088], [121.41622672070537, 23.68535121199621], [121.41615948791991, 23.685484211774376], [121.4161263975792, 23.68554964923912], [121.41651672679694, 23.685451737454255], [121.41843347005037, 23.684971974204437], [121.42034136341476, 23.684494839047225], [121.42065613331786, 23.684410260275683], [121.42109852242308, 23.684270441885293], [121.42138756193528, 23.684164034373286], [121.42219544068904, 23.68384601757791], [121.42249796887192, 23.683727128199315], [121.4228948914533, 23.683560745733725], [121.42293229224343, 23.683534962908766], [121.4230234171887, 23.683498125370633], [121.42317945309178, 23.683434887950764], [121.42326596034371, 23.683425594690572]]], [[[121.41387361942478, 23.685876884495872], [121.41400874274147, 23.68560958480341], [121.41411698403786, 23.686051506126127], [121.41431298082851, 23.6860074557013], [121.41448725923094, 23.68596828626791], [121.41450413937397, 23.685949748699834], [121.4146575573748, 23.68578126659187], [121.41482139214163, 23.685601344254312], [121.41521392458222, 23.685170264835786], [121.41501111012548, 23.68436983934676], [121.41491078834117, 23.684392122762116], [121.41474724668353, 23.684428453650337], [121.41467950313849, 23.68444350286761], [121.41461825640484, 23.68445710879103], [121.41453848343733, 23.684474830265113], [121.41434168033975, 23.68451854637709], [121.41415007987567, 23.684561110574677], [121.41396138929365, 23.684603025643693], [121.41377248302385, 23.684644986209143], [121.41357474859701, 23.684688911524617], [121.41338772329232, 23.68473045122984], [121.4132020010276, 23.684771707310393], [121.41300439358558, 23.68481560447304], [121.41281990563097, 23.684856585912375], [121.41264348138102, 23.684895775809782], [121.4124404061948, 23.684940878756528], [121.41246760979652, 23.685079774740945], [121.41277904177682, 23.68548156514212], [121.41282474173438, 23.685540525224802], [121.41279661566844, 23.685557522016804], [121.41260334411629, 23.685674295560613], [121.41263126138949, 23.685799933871337], [121.41287694056032, 23.685904575424725], [121.41310046056053, 23.68599978538774], [121.41316384657188, 23.686026777891342], [121.41353026074245, 23.68618284594289], [121.41373523817855, 23.686137284985453], [121.41374284154276, 23.686135594162028], [121.41392822439805, 23.68609392973414], [121.41387361942478, 23.685876884495872]]], [[[121.4088824423464, 23.68614372627926], [121.40880882541913, 23.68604894530425], [121.40873780242632, 23.686078750480238], [121.40860256659006, 23.685875395295962], [121.40852212812186, 23.68592008824865], [121.40842027472081, 23.685794264907823], [121.40831755298802, 23.685868471694], [121.40843264963442, 23.68600900582209], [121.40847457087968, 23.68598218513887], [121.40849866078534, 23.686013391759197], [121.40858001718244, 23.686118771498492], [121.40867155208471, 23.686221243829845], [121.4087073621141, 23.686262875983125], [121.40880567076933, 23.686182079814706], [121.4088824423464, 23.68614372627926]]], [[[121.41140518778779, 23.68528377529609], [121.41130160118135, 23.68519383381903], [121.41124535991146, 23.6852063268939], [121.41104544853334, 23.685250724325382], [121.41085423781071, 23.68529320216274], [121.4106674164957, 23.68533469290868], [121.41097619231526, 23.686647093911358], [121.41117223532821, 23.68662228340185], [121.411342222645, 23.686596322833964], [121.4113760082301, 23.686529746770486], [121.41150336411957, 23.686278795709462], [121.41164325129166, 23.686003123794574], [121.41147982030671, 23.685364267206893], [121.41140518778779, 23.68528377529609]]], [[[121.41075795934694, 23.686674708086766], [121.41047851786419, 23.685376649455456], [121.41006744564552, 23.68546795507049], [121.41035386646897, 23.686725849543574], [121.41075795934694, 23.686674708086766]]]]}, "properties": {"年份": 113, "縣市名": "花蓮縣", "鄉鎮名": "光復鄉", "地段名": "大馬段", "縣市七": "U020277", "縣市代": "U", "鄉鎮代": "02", "地段代": "0277"}}, {"type": "Feature", "geometry": {"type": "MultiPolygon", "coordinates": [[[[121.43635695489475, 23.613619690436902], [121.43619500671176, 23.61307777658684], [121.4344714114225, 23.613862220746892], [121.43447539504109, 23.614175861520362], [121.4347348654538, 23.61396957045596], [121.43635695489475, 23.613619690436902]]], [[[121.43374075450701, 23.614363100277163], [121.43392390646783, 23.61375485220224], [121.43398012810495, 23.6129249056614], [121.43446185007025, 23.612816707895036], [121.43475780795963, 23.612535141129484], [121.43455750517745, 23.612314958171655], [121.43430935648088, 23.61200684966594], [121.43451475673497, 23.61192164707113], [121.43483661235236, 23.611025146755438], [121.43460512465866, 23.610506081629136], [121.43450822295492, 23.610504375339353], [121.43378918586215, 23.61117164281839], [121.43376512601594, 23.61083146505552], [121.43345893649294, 23.611076460529667], [121.43353127177276, 23.611391093511926], [121.4332149336727, 23.612058127167497], [121.4333341091512, 23.612408098748052], [121.43320129811305, 23.61270377278747], [121.4330789019724, 23.613246546713107], [121.43304663162006, 23.613383628663172], [121.43271239257511, 23.61405670697247], [121.43294963845143, 23.61429740438529], [121.43306489355629, 23.614223299941315], [121.43374075450701, 23.614363100277163]]], [[[121.43928461952129, 23.615280266178328], [121.43922701444585, 23.61480321079489], [121.43915871818521, 23.614817219704193], [121.43921387877748, 23.61502839818135], [121.43910493162802, 23.615165445401686], [121.43863111000528, 23.615628860442428], [121.4384607567424, 23.616664315692017], [121.43863359357202, 23.61726416759905], [121.44009262212379, 23.6173715830531], [121.44009617433335, 23.617273210890406], [121.43995135811473, 23.61689344694433], [121.43958079577322, 23.61631429320436], [121.43937446369647, 23.61621509762633], [121.43916916358033, 23.615928502450103], [121.43913796436713, 23.61568831553688], [121.43916101246123, 23.61551159943584], [121.43928461952129, 23.615280266178328]]], [[[121.43604579136388, 23.618726555954797], [121.4351677837776, 23.61755774978496], [121.43520528143891, 23.617410385886846], [121.43510318222073, 23.61741506967721], [121.43452688304234, 23.617504842591064], [121.43460648448666, 23.617640618257774], [121.43483267468145, 23.61780956526208], [121.43508495068583, 23.618437904510607], [121.43565330976652, 23.618853236223313], [121.43604579136388, 23.618726555954797]]], [[[121.43604579136388, 23.618726555954797], [121.4363142092096, 23.61885280636422], [121.4365145297946, 23.61924304573371], [121.43662585131533, 23.619178954796034], [121.43689060375141, 23.618970712935347], [121.437137796411, 23.618683499915416], [121.43748133646568, 23.618471648933077], [121.4372589373545, 23.618309512710145], [121.43711866463411, 23.618245606312897], [121.43674651963909, 23.618493277124706], [121.4366782702661, 23.618140618918424], [121.43604579136388, 23.618726555954797]]], [[[121.43819730855037, 23.62690056435739], [121.43836081698112, 23.626778506747584], [121.43854819261324, 23.6264837220443], [121.43891114888955, 23.626590466839097], [121.43902368984006, 23.626758428437434], [121.43891270256731, 23.62689790120415], [121.43916860068627, 23.626770091236505], [121.43925663818165, 23.62664342435626], [121.43939539305855, 23.626578368844502], [121.43948558527056, 23.626536567142118], [121.43956555092106, 23.626719537889592], [121.439619530355, 23.626789393257408], [121.43977600589857, 23.62668069116205], [121.43977897755943, 23.6265462917276], [121.43976571337629, 23.62644527645377], [121.43963281144255, 23.6261291122405], [121.43972785642802, 23.6258735695027], [121.4405008919285, 23.625882826678424], [121.44059384726772, 23.625633059420707], [121.44056136837547, 23.625463074715995], [121.44005921420653, 23.624926881341498], [121.43997177652199, 23.624815899776475], [121.43984349283421, 23.624564619999482], [121.43962042807195, 23.6246416264809], [121.4393814850248, 23.6247241045371], [121.43916287708902, 23.62493873050616], [121.43897422131573, 23.624636566154315], [121.4386925396759, 23.624478157712606], [121.43837400441454, 23.624754151909038], [121.43828439661961, 23.624703001038164], [121.43808944813865, 23.62459172318284], [121.43800167842927, 23.624669176062604], [121.4380238045413, 23.624691787526903], [121.43802286728537, 23.62486970505215], [121.43790116057961, 23.624878844571285], [121.4378223222153, 23.62488476391963], [121.43769466196612, 23.624967385884478], [121.43764570198867, 23.625062680403573], [121.43748512026808, 23.625118296506056], [121.43714727584192, 23.625282625505058], [121.43712343251534, 23.625368629636007], [121.4371123806278, 23.625416798831438], [121.43707040982653, 23.62542895014286], [121.43696017925623, 23.62549948932918], [121.43700840614589, 23.625487298679502], [121.43705519598895, 23.62548211018632], [121.43707042818944, 23.62550051523853], [121.43705795464798, 23.62571097266231], [121.437208362005, 23.625554251491792], [121.43730578984666, 23.625767189444968], [121.43731140704564, 23.625779454191484], [121.43733932556945, 23.62580213972261], [121.4374399350177, 23.625898791412055], [121.43757175935781, 23.625918772969353], [121.4376132379286, 23.625857677509426], [121.43769007922222, 23.625658732139886], [121.43760096267637, 23.62560540947265], [121.4376540668013, 23.625406368520242], [121.43787359657287, 23.62518799466737], [121.43799011093314, 23.62514282366112], [121.43814399749682, 23.62527245497931], [121.4382885848025, 23.625508447755575], [121.43821814727536, 23.62584676890254], [121.43818717994832, 23.62586806744128], [121.4384326919048, 23.626074066852535], [121.43864580587558, 23.62594804915133], [121.43857776571475, 23.62611430918167], [121.43855222870053, 23.626389005730342], [121.43831523304513, 23.62651593957481], [121.43787646925833, 23.626650639373544], [121.43798532225787, 23.6267827275834], [121.43800642847403, 23.626831564558785], [121.43812882722203, 23.626816653865223], [121.43819730855037, 23.62690056435739]]], [[[121.44093945433262, 23.62727633798663], [121.44092136570178, 23.62696405653352], [121.44085366644376, 23.627000133454203], [121.44054106730775, 23.627149643333677], [121.44066024506895, 23.62754294237058], [121.44093945433262, 23.62727633798663]]]]}, "properties": {"年份": 113, "縣市名": "花蓮縣", "鄉鎮名": "光復鄉", "地段名": "大農段", "縣市七": "U020299", "縣市代": "U", "鄉鎮代": "02", "地段代": "0299"}}, {"type": "Feature", "geometry": {"type": "MultiPolygon", "coordinates": [[[[121.39677053977617, 23.630795633359305], [121.39675990516595, 23.63078566449895], [121.39674252185165, 23.630796580908623], [121.39659002419624, 23.630892416462355], [121.39637703503203, 23.631102209789056], [121.39637484940397, 23.631115227404948], [121.39634743556289, 23.631310396648423], [121.39642282734245, 23.631389513298533], [121.39655468258695, 23.631244084491932], [121.39676374535374, 23.63102580386702], [121.39687595222088, 23.630894439383184], [121.39677053977617, 23.630795633359305]]], [[[121.39682941264476, 23.631312397239462], [121.39693015217884, 23.63120040401518], [121.39710216690777, 23.63132668889233], [121.39728255291068, 23.631258358621967], [121.39741040694858, 23.631196926086083], [121.39735598500711, 23.631097104917448], [121.39722977156953, 23.6309323441987], [121.39719784143057, 23.63089050933138], [121.39711116547302, 23.630777839881457], [121.39708876102294, 23.63074872174286], [121.39691739996088, 23.63093661116244], [121.39680232644896, 23.631059883221212], [121.39666309226918, 23.63121530910112], [121.39664388666309, 23.631236235246245], [121.39654496463005, 23.631330227126444], [121.39671352161908, 23.631463745162193], [121.3968542508814, 23.631420601746107], [121.39693620106722, 23.63138956414273], [121.39682941264476, 23.631312397239462]]], [[[121.39377682832699, 23.633985962396586], [121.39373672454266, 23.63397040641339], [121.39356183026274, 23.634015403562778], [121.39332130692232, 23.634161963244257], [121.39327194855682, 23.63419814462093], [121.39326287111724, 23.634210746230355], [121.39316790524994, 23.634354354058214], [121.39321935609698, 23.634359144919472], [121.39323048332564, 23.634369961575942], [121.39338043965584, 23.63450721450968], [121.39343869565327, 23.634480230019925], [121.39358553094844, 23.634415935148876], [121.39374521374071, 23.634351074768254], [121.39394931019993, 23.63424849206971], [121.39377682832699, 23.633985962396586]]], [[[121.3945796732039, 23.633951306490147], [121.3945462843241, 23.633929611391434], [121.39450952239608, 23.633946681024952], [121.39424276001688, 23.634151307645887], [121.3940047028254, 23.63430299107206], [121.39393705249053, 23.6343545066714], [121.39386787767214, 23.634387885122585], [121.39377995585443, 23.634425437779704], [121.39392671079469, 23.634691446050123], [121.39407149939235, 23.634614640532277], [121.39440537683842, 23.63443466666294], [121.39440299181062, 23.634381197895745], [121.39437256063415, 23.634319511020962], [121.3944389250771, 23.63426741156225], [121.39443233233618, 23.634216210958527], [121.39442060433328, 23.63414228622288], [121.39444090879475, 23.634118206137025], [121.39453448615589, 23.634044898536956], [121.3945796732039, 23.633951306490147]]], [[[121.39353049048522, 23.63469893517072], [121.39343105267112, 23.63456288165927], [121.3933431376944, 23.634635614390028], [121.39345241162941, 23.634766965541186], [121.39353049048522, 23.63469893517072]]], [[[121.39344593863079, 23.634775397789056], [121.39333606519052, 23.634640219492763], [121.39321496310477, 23.63471290085096], [121.39331452771756, 23.634838940062902], [121.39338988346178, 23.63480421879211], [121.39344593863079, 23.634775397789056]]], [[[121.39250988264014, 23.635432208800108], [121.39241207499944, 23.635276322914134], [121.3923439169211, 23.63539270455032], [121.39247422271607, 23.63546666379309], [121.39250988264014, 23.635432208800108]]], [[[121.39250753293025, 23.635120792418217], [121.3923741401937, 23.635006342300766], [121.39233177021359, 23.63512169758257], [121.39242111161902, 23.635260892640844], [121.39256563560677, 23.635469577251907], [121.39269193329427, 23.635271982216697], [121.39250753293025, 23.635120792418217]]], [[[121.39242825927349, 23.635459052904736], [121.39227931975915, 23.635370341026988], [121.39219014674775, 23.63558378860543], [121.39228595238531, 23.635642430064998], [121.39232562221638, 23.635591311444283], [121.39242825927349, 23.635459052904736]]], [[[121.39240337411675, 23.63588993048208], [121.3923591221235, 23.635837578935984], [121.39248360412616, 23.635724426885975], [121.39240807407539, 23.63563186325464], [121.39222408089303, 23.635785213164326], [121.39230688559493, 23.63588507267213], [121.39235001658581, 23.635936199007414], [121.39240337411675, 23.63588993048208]]], [[[121.39271421470181, 23.635736376658897], [121.39271168140839, 23.635728274258426], [121.39258701179075, 23.63583103359562], [121.39257124205768, 23.63581477460989], [121.39271362125922, 23.635688574083638], [121.39275224240103, 23.635653819698838], [121.39272681129499, 23.635625313610966], [121.39264346382922, 23.63554069810332], [121.39264047943067, 23.635545624526287], [121.39257192371173, 23.635658791085532], [121.39248360412616, 23.635724426885975], [121.39253416748473, 23.635776554739174], [121.39240337411675, 23.63588993048208], [121.39246731159423, 23.635963506558145], [121.39251727187128, 23.63591523293096], [121.39271421470181, 23.635736376658897]]], [[[121.39223064221152, 23.635853182640034], [121.39218823083228, 23.63581254689761], [121.3921515776183, 23.635850339513617], [121.39205723708125, 23.635947612582072], [121.39215226829566, 23.636025886991963], [121.3922806856002, 23.63590113081466], [121.39223064221152, 23.635853182640034]]], [[[121.39222879970723, 23.635674829252125], [121.39215667990453, 23.635634648121943], [121.39191200180903, 23.63582915566819], [121.39162188741334, 23.63604451914055], [121.39175275264157, 23.63608677350818], [121.3919806622129, 23.635905690839778], [121.39222879970723, 23.635674829252125]]], [[[121.39239098043653, 23.636174411443225], [121.39237584286404, 23.636126907525345], [121.39223022416714, 23.636179296832736], [121.39226639723671, 23.63623073876799], [121.39239098043653, 23.636174411443225]]], [[[121.39084088173061, 23.636272632820685], [121.39082046361179, 23.636093667279813], [121.39065422152278, 23.636125952425168], [121.39049064440306, 23.63616454255699], [121.39041890262389, 23.636122851680042], [121.39040925207786, 23.63613072291905], [121.39055530020578, 23.636297604122618], [121.39068118999873, 23.636441451042177], [121.39071215300508, 23.636408718525697], [121.39084088173061, 23.636272632820685]]], [[[121.39271421470181, 23.635736376658897], [121.39274396168453, 23.635831701812158], [121.39276639529109, 23.63589033006753], [121.39282424698033, 23.635852420699113], [121.3929489141988, 23.636037903321238], [121.39279948683058, 23.635953554618347], [121.39276639529109, 23.63589033006753], [121.39259825358039, 23.636008432854986], [121.39244971553116, 23.636126991536578], [121.39241350258861, 23.636042455309305], [121.3923891933511, 23.63605821973123], [121.39245385778976, 23.636175074087895], [121.39257550160961, 23.636161862601497], [121.39257622875994, 23.636179429260036], [121.39258097280705, 23.636294036864562], [121.39252150315808, 23.636295623113586], [121.39264252346892, 23.636589283879673], [121.39264769587507, 23.63660152430488], [121.3927565747426, 23.636468699356328], [121.3928790373195, 23.636309364380175], [121.39314068582362, 23.636159176012548], [121.39297278669228, 23.636010473340612], [121.39341400714285, 23.635576039063853], [121.39350894092078, 23.635595302757082], [121.39367145346114, 23.635447062576485], [121.39351512652668, 23.6353300168831], [121.39343026019172, 23.63536697465307], [121.39338307200616, 23.63527673252371], [121.39333585551658, 23.63518355574554], [121.39300651897366, 23.635395192575707], [121.39297810738248, 23.63536310019517], [121.3929879453231, 23.635358975714958], [121.39320248569426, 23.635218162192047], [121.39334650170873, 23.63513175153268], [121.39362490076736, 23.63502851127154], [121.39361643210405, 23.635008703188525], [121.3934341814022, 23.634845688952257], [121.39327005512642, 23.634962120784245], [121.39322343599632, 23.63491465160468], [121.39318880125978, 23.634879385724822], [121.39311482201241, 23.63480405827051], [121.39301901093285, 23.63489126763608], [121.39309452804048, 23.634956651293425], [121.39318363624365, 23.63503380216794], [121.39314775696779, 23.635074193373203], [121.39310522929259, 23.635152924145242], [121.39292726604175, 23.634978078359065], [121.39277988937744, 23.635166769340742], [121.39278549252279, 23.635172281427423], [121.39277320246933, 23.63519879712752], [121.39275315430295, 23.635246525552063], [121.39274862474842, 23.635255919045406], [121.3927335500354, 23.63524263816861], [121.39258404641885, 23.63548737366127], [121.39265200657681, 23.635516368095942], [121.39288365629699, 23.635398376846467], [121.39277182591853, 23.63547973697255], [121.39280036612033, 23.635531354283835], [121.39283507120976, 23.635594121240338], [121.39283152201091, 23.63560359352174], [121.39278811127843, 23.63564270341696], [121.39275770319622, 23.63569703181101], [121.39274784648973, 23.635708019017716], [121.39271777336924, 23.63573336070596], [121.39271421470181, 23.635736376658897]]], [[[121.39207238924982, 23.636378560459242], [121.392224036754, 23.636277060708], [121.39218898577954, 23.636230501080078], [121.39210876327688, 23.6362671122867], [121.39201512119749, 23.636155080727665], [121.39194553731772, 23.636239198145105], [121.39185646645608, 23.636352323521606], [121.39176322151465, 23.636238656402167], [121.39171738653938, 23.63626138724184], [121.39162753629459, 23.636305946416584], [121.39162177246394, 23.636407871966995], [121.39164624419385, 23.636430204232415], [121.39161569469954, 23.636486636718473], [121.39166950858858, 23.636531009022775], [121.39163930365613, 23.636558301285984], [121.39165521218352, 23.63661463453141], [121.39165450969097, 23.636668427178137], [121.39189677658163, 23.636591783855522], [121.39202234039684, 23.636588116485996], [121.39193303386013, 23.636434464333718], [121.39207238924982, 23.636378560459242]]], [[[121.39093938366406, 23.636651792231202], [121.39081166710993, 23.636521316546215], [121.39078536782301, 23.636494121657623], [121.39071616439774, 23.63654163051818], [121.39036586864498, 23.63616612080171], [121.39025721931813, 23.63625477847305], [121.39011192766569, 23.6363649560888], [121.39006986018516, 23.63637811906201], [121.38990186349014, 23.636423772012286], [121.38987463589538, 23.636443796443608], [121.38980003962757, 23.636609871498138], [121.38971777817564, 23.637087071560558], [121.38971340912583, 23.637193824516856], [121.38970265342944, 23.63726877229058], [121.38968604525404, 23.63728376746522], [121.38966107429981, 23.637307957985044], [121.389806232985, 23.637523145039875], [121.39022319859271, 23.637362430613685], [121.39034282547804, 23.637289990060978], [121.39039802337606, 23.63725244043317], [121.39045947249365, 23.637191072339515], [121.39052342095874, 23.637116505303876], [121.3907253822285, 23.636985713874903], [121.39086973265141, 23.636766439296473], [121.3909112070736, 23.63668886761017], [121.39093938366406, 23.636651792231202]]], [[[121.38931101464287, 23.639544142511614], [121.38931182612465, 23.639218659241948], [121.38920086778565, 23.639283284486297], [121.38918832516147, 23.639496592178602], [121.38931101464287, 23.639544142511614]]], [[[121.39365059490846, 23.64177264684135], [121.39359556292275, 23.641374317193], [121.39345686878941, 23.641397207631414], [121.39341415674272, 23.641198415417666], [121.39295900427734, 23.64148677283733], [121.39322663569516, 23.64143949141775], [121.39326159124064, 23.641433831364886], [121.39333303924181, 23.64181218159183], [121.39367753498699, 23.641967650349468], [121.39365059490846, 23.64177264684135]]]]}, "properties": {"年份": 113, "縣市名": "花蓮縣", "鄉鎮名": "光復鄉", "地段名": "大興段", "縣市七": "U020289", "縣市代": "U", "鄉鎮代": "02", "地段代": "0289"}}, {"type": "Feature", "geometry": {"type": "MultiPolygon", "coordinates": [[[[121.45482542284286, 23.654316060214686], [121.45486512809147, 23.65419552245396], [121.45472977957479, 23.65428224431148], [121.45471970636908, 23.654306049293023], [121.454722358474, 23.65438134092299], [121.45469265713197, 23.65450628293094], [121.45461599974838, 23.654610964349505], [121.45460566755519, 23.65462508111953], [121.45460742000901, 23.654684004380734], [121.45475397785499, 23.65482540540988], [121.45472678600113, 23.65484828539023], [121.45481771722903, 23.6548233221617], [121.4548054435372, 23.654806084186266], [121.45478428343675, 23.65473346549893], [121.45471728801849, 23.654644339360733], [121.45472856374612, 23.654616765430863], [121.45476739642606, 23.654584035921282], [121.45480204292396, 23.654449110506338], [121.45483155421584, 23.654399649039586], [121.45482542284286, 23.654316060214686]]], [[[121.45434761870433, 23.655285030256994], [121.4544702968985, 23.655267342484912], [121.45456522145173, 23.655388000112907], [121.45457129805925, 23.655342309627443], [121.45463310356632, 23.655293981549868], [121.45472319164455, 23.655223519746155], [121.4546545838078, 23.655127400233123], [121.45451104933865, 23.655180184878446], [121.45460751120699, 23.654948649151752], [121.454495361642, 23.655043014212666], [121.45430816602713, 23.6548545152777], [121.45429220056091, 23.654844042361972], [121.45412308750197, 23.655137121070283], [121.45423445448921, 23.655182223650087], [121.45403752865603, 23.655287293265264], [121.45398296142115, 23.655382256826616], [121.45409022190587, 23.655495699939348], [121.45434761870433, 23.655285030256994]]], [[[121.45067353938522, 23.65675089684727], [121.45065677844173, 23.6567256802253], [121.45053221910574, 23.656815762289614], [121.45052099329234, 23.656823876578148], [121.450560651867, 23.656874355220662], [121.45064408677823, 23.656806651126008], [121.45067353938522, 23.65675089684727]]], [[[121.45332805890533, 23.656913909754227], [121.45332403916913, 23.65688529708482], [121.45330577385093, 23.65689873264464], [121.45331639651175, 23.657008621177347], [121.45339807740173, 23.657018287961783], [121.45342726679853, 23.65700309574777], [121.45335424112979, 23.656961952917126], [121.45332805890533, 23.656913909754227]]], [[[121.45306957626659, 23.658119780788752], [121.45306443640972, 23.658113176979096], [121.45299825821135, 23.6581448030828], [121.45301901968047, 23.658195724577336], [121.45307046791572, 23.65820218400808], [121.45306957626659, 23.658119780788752]]], [[[121.45002809858848, 23.6583192598518], [121.45010415731655, 23.65822414496426], [121.45023511599703, 23.65815879530202], [121.45014361198494, 23.658025934892766], [121.45013091293161, 23.658007487793984], [121.45005110556839, 23.65795531063892], [121.45003477663887, 23.657944630659447], [121.44996738496779, 23.657879640261264], [121.44966862476052, 23.658006373475217], [121.44973065389881, 23.658128619393047], [121.44953726892119, 23.658219424069756], [121.44955353137992, 23.658250809599686], [121.44959118278682, 23.65825896265242], [121.44963984159787, 23.658321226378128], [121.44964961255383, 23.65833768642777], [121.44974586743197, 23.658294723361934], [121.44979167102298, 23.658376273921284], [121.44975967128237, 23.658392584275433], [121.44978300145192, 23.658432491451453], [121.4499744744797, 23.658335804597286], [121.45002809858848, 23.6583192598518]]], [[[121.45180926039235, 23.65846575162513], [121.45207351278873, 23.65836168941832], [121.45218536903766, 23.65827762993524], [121.452129525483, 23.658224490005136], [121.45211912141654, 23.65827774191419], [121.45207137268248, 23.658315165170247], [121.45197901967376, 23.658343733843502], [121.451918550271, 23.65838219645137], [121.45180263149372, 23.658425182056497], [121.45175143864165, 23.658393194254145], [121.45173439806096, 23.658358036778953], [121.45170234082151, 23.658331844492412], [121.45168152158101, 23.65833246500803], [121.45167856819872, 23.65844585161675], [121.45180926039235, 23.65846575162513]]], [[[121.45033174480457, 23.658402634917213], [121.45030947827273, 23.658332718750188], [121.45011242661135, 23.658446289859057], [121.45020722939006, 23.658589118610568], [121.45028794660288, 23.65850606293139], [121.45033174480457, 23.658402634917213]]], [[[121.4509414914776, 23.658598668736058], [121.45092913651273, 23.658583417249694], [121.45089732114411, 23.65862488428784], [121.45085219342842, 23.65869993962946], [121.45084356448496, 23.658714291071515], [121.45080333486449, 23.658800561278213], [121.45096079668797, 23.658622487328106], [121.4509414914776, 23.658598668736058]]], [[[121.4486243049233, 23.658210700621858], [121.44858878467484, 23.65818356054791], [121.4485624017235, 23.658202296393743], [121.44852748856427, 23.658227089949335], [121.44850555395784, 23.6582772145724], [121.4484704383506, 23.658302617646328], [121.44835842088949, 23.658331475840058], [121.44838332728348, 23.658356533699042], [121.44843086746148, 23.65844738032964], [121.44818032851543, 23.65867868965322], [121.44798831375647, 23.658858621503008], [121.44804676617477, 23.65892117346714], [121.4480922490959, 23.658882954336097], [121.44807745075104, 23.658866897001776], [121.44819416286667, 23.658762816317473], [121.44829219817956, 23.658675395346346], [121.44849696039326, 23.658470865213264], [121.44850411521575, 23.658430237547993], [121.4485174567718, 23.65834106589186], [121.44854277020194, 23.658292881924545], [121.44857022313548, 23.658259798599357], [121.4486243049233, 23.658210700621858]]], [[[121.44952156460947, 23.65870410739263], [121.44947225418332, 23.658623307367968], [121.44939708328985, 23.658711647033677], [121.44942154316574, 23.658740787480156], [121.44949446027314, 23.658827668349005], [121.44943053297172, 23.65889871046879], [121.44949560503116, 23.658996251171246], [121.449602035664, 23.658956085005755], [121.4495285263239, 23.65881643582688], [121.44952078065828, 23.658801703616636], [121.44956652765791, 23.658777786476637], [121.44952156460947, 23.65870410739263]]], [[[121.44586422538804, 23.658964155023533], [121.44584207858166, 23.658925995622592], [121.4457973045146, 23.658935113626544], [121.4459437303337, 23.659101174503217], [121.44586422538804, 23.658964155023533]]], [[[121.44767873579714, 23.659797178270146], [121.44766338922646, 23.6597352782457], [121.44761456144012, 23.65979030231829], [121.4476042836171, 23.659797691277006], [121.4475529825573, 23.65983459065733], [121.44753029511284, 23.659850918815174], [121.44737916905851, 23.65995964032321], [121.44733561010176, 23.659978611214566], [121.44737486485859, 23.660008431664536], [121.44757940156902, 23.659866236016953], [121.44767873579714, 23.659797178270146]]], [[[121.44960038346399, 23.660672110494616], [121.44975662407504, 23.66051992970175], [121.44973874046283, 23.66047897733724], [121.44967811485327, 23.66050090599573], [121.44960832818408, 23.660558655277462], [121.44948779735097, 23.660603946116645], [121.44940541508461, 23.660587552142832], [121.44918793081952, 23.660417339034275], [121.44949280048185, 23.660679556064917], [121.44960038346399, 23.660672110494616]]]]}, "properties": {"年份": 113, "縣市名": "花蓮縣", "鄉鎮名": "光復鄉", "地段名": "太巴塱段", "縣市七": "U020240", "縣市代": "U", "鄉鎮代": "02", "地段代": "0240"}}, {"type": "Feature", "geometry": {"type": "MultiPolygon", "coordinates": [[[[121.3987741860415, 23.658889891958335], [121.39920294196267, 23.6587550475141], [121.3992748107178, 23.65882064469991], [121.3992832034899, 23.658821110691143], [121.39995959283534, 23.658319177584872], [121.40081307698183, 23.657682329582126], [121.40085642766205, 23.65737107668276], [121.40030977440861, 23.657275852144945], [121.40017756287774, 23.657372442472365], [121.39965511472046, 23.657297018754967], [121.39965699902622, 23.65741709256989], [121.3996448146643, 23.657694746086513], [121.39985778152378, 23.657784630599217], [121.39982054827934, 23.657893680557088], [121.3997637645077, 23.658053203490997], [121.39956537351861, 23.65787273918921], [121.3995518054966, 23.65804995746632], [121.39942826339345, 23.65824178950563], [121.39899256100823, 23.658144612926684], [121.39886780900757, 23.65785699079633], [121.39864766165634, 23.657972344324676], [121.3987741860415, 23.658889891958335]]], [[[121.41548016581872, 23.659149070649505], [121.415440270567, 23.65871864500487], [121.4153995008765, 23.6587468460287], [121.41534369438708, 23.658772251973108], [121.41528092841095, 23.658807175909978], [121.4152606444497, 23.658815980145132], [121.41527968034458, 23.658843452024207], [121.4152779410852, 23.658932174624354], [121.41522117753506, 23.659079855823812], [121.41517613882257, 23.659212191028736], [121.41515283713018, 23.65923704931545], [121.41521085764738, 23.659223529774707], [121.41548016581872, 23.659149070649505]]], [[[121.40616009114626, 23.66295862226643], [121.40635938577613, 23.662718683247856], [121.40652166226059, 23.662944761632897], [121.40665215931831, 23.66280388822384], [121.40703085098357, 23.66266481015093], [121.4073650253886, 23.66250995569754], [121.40753687152247, 23.662372350013534], [121.40803915411097, 23.66197542308755], [121.40833488822405, 23.66187456674242], [121.4079707328092, 23.661389360320264], [121.40740721766572, 23.661693314454226], [121.40692103522674, 23.66195535480325], [121.40586381085059, 23.662302650701147], [121.40532425574483, 23.662632016725208], [121.4053229691501, 23.662653511059542], [121.40616009114626, 23.66295862226643]]], [[[121.41777987910325, 23.6632988507169], [121.41765749628259, 23.662913580641412], [121.41742511425323, 23.662982986770167], [121.41733036862128, 23.66284805665034], [121.41730319956503, 23.662818936433524], [121.41714261415096, 23.662683587491166], [121.41732896748354, 23.66329306748826], [121.41748142198861, 23.66345157248969], [121.41753974814851, 23.663518362361366], [121.41758318305361, 23.663554265240215], [121.41766983065045, 23.66363016206219], [121.41770437489797, 23.66366017434162], [121.41779155075719, 23.66361535016196], [121.41790312681414, 23.663567371945184], [121.4178222838924, 23.663390045824997], [121.41777987910325, 23.6632988507169]]], [[[121.41093436859714, 23.663873786917183], [121.4108720677897, 23.663782651656664], [121.41086213782795, 23.663657425437528], [121.41083061617879, 23.66356204581023], [121.41077914424872, 23.663410002793565], [121.41072225168895, 23.663239282405605], [121.41069535041278, 23.663160496327325], [121.41067211703937, 23.66306647625663], [121.41060716135526, 23.66293178808255], [121.41055685337744, 23.662945141009217], [121.41044896572886, 23.663007154588453], [121.41018541538543, 23.663076713716272], [121.40997859979035, 23.663084457717982], [121.40986902553044, 23.663215643741516], [121.40910380749614, 23.66347043721859], [121.40924715418907, 23.663710603996055], [121.40942656977444, 23.663973385325942], [121.4097534172925, 23.663864371406863], [121.40999323580628, 23.663876640752505], [121.41003408314282, 23.663859881707495], [121.4104244252309, 23.664416385260132], [121.4104582504844, 23.66446462323519], [121.41125819400236, 23.664341105664295], [121.41113336633273, 23.664124423380066], [121.41102678661778, 23.66394021797608], [121.41093436859714, 23.663873786917183]]], [[[121.4087447759997, 23.664459264373207], [121.40855985952749, 23.664448275088144], [121.40804702409241, 23.664603060851395], [121.40820559017673, 23.664623845267023], [121.4088613440536, 23.66465022640423], [121.4087447759997, 23.664459264373207]]], [[[121.41152778915395, 23.66518112869746], [121.41158352145001, 23.665162234800047], [121.41177364587963, 23.66517671019055], [121.41186694075948, 23.665125181969028], [121.41193936438799, 23.665126957969452], [121.41199954648647, 23.665092141567477], [121.41210926688026, 23.665042176838416], [121.41211952455406, 23.665036966448525], [121.41216052178368, 23.665024215682006], [121.4121466998806, 23.66499324407066], [121.41220902890963, 23.6649584579975], [121.41228230182965, 23.664902838100044], [121.41228566122547, 23.664808034204547], [121.41217202930652, 23.664867310166088], [121.41198060275691, 23.664909573026037], [121.41185915719544, 23.664909363074315], [121.41183542780627, 23.664838885249054], [121.41131475552116, 23.664957158970527], [121.4113835577822, 23.665145708438654], [121.41152778915395, 23.66518112869746]]], [[[121.40749421097158, 23.66555238410833], [121.40745394818649, 23.665280376521903], [121.40711923008088, 23.66541700142204], [121.40715076675086, 23.665505284333104], [121.40723718739049, 23.66568664681928], [121.40731168684151, 23.665662205974307], [121.40736960748524, 23.665640580828917], [121.40749421097158, 23.66555238410833]]], [[[121.41470194334936, 23.667780240741042], [121.41459576226566, 23.667734301293393], [121.4145478308779, 23.667746294694048], [121.41451290185825, 23.667774705605694], [121.4144930791445, 23.667802769089104], [121.41449596057484, 23.66785536000185], [121.41452194239469, 23.66789335113273], [121.41469595694682, 23.66805176496288], [121.4149007378354, 23.668102090712026], [121.41502404307242, 23.66810973382515], [121.41505134668878, 23.66801981413092], [121.41490642245166, 23.66799289611293], [121.41470194334936, 23.667780240741042]]], [[[121.42011665595157, 23.66922360672209], [121.42003694353663, 23.66904623374593], [121.42003107853795, 23.669048561273428], [121.4199859603065, 23.669066517426387], [121.42006320554067, 23.66924189250181], [121.42011109725524, 23.66922668289556], [121.42011665595157, 23.66922360672209]]], [[[121.41672054643531, 23.669108166130137], [121.41665839888631, 23.669089090746112], [121.41627569864737, 23.669367244001787], [121.41645981620893, 23.669705466178073], [121.41646437000809, 23.669713183449343], [121.41654251028763, 23.669810386912147], [121.41672148149027, 23.669659794251462], [121.41686693862025, 23.66947999887578], [121.41693688677768, 23.66938981966474], [121.41695091509928, 23.66937718534241], [121.41672054643531, 23.669108166130137]]], [[[121.42010279105604, 23.6718485886869], [121.4201694923415, 23.671614030402115], [121.42014267121587, 23.671556511087793], [121.42009928682202, 23.671515994638145], [121.42003423832422, 23.671497741180143], [121.41993101057892, 23.671490878423743], [121.4198573850092, 23.671503728700692], [121.41976343588136, 23.671525781190333], [121.41963040810627, 23.671520136720517], [121.41954519240866, 23.671744333565126], [121.4195589872861, 23.671747637235296], [121.42001717582065, 23.67188621319413], [121.42007906792595, 23.67190455648234], [121.42010279105604, 23.6718485886869]], [[121.41985035938632, 23.67170747802979], [121.41985030942836, 23.67169183855611], [121.41986728968843, 23.67169179254199], [121.41986733964839, 23.671707432015634], [121.41985035938632, 23.67170747802979]]], [[[121.42057460181861, 23.671605319154224], [121.42028427483382, 23.67147548192012], [121.42031307723494, 23.67150567166882], [121.42034194752964, 23.671627594936783], [121.42028910842056, 23.671776025605695], [121.42025943700376, 23.67195545591623], [121.42039454813609, 23.671996211066503], [121.42047996034489, 23.67181239449458], [121.42057460181861, 23.671605319154224]]], [[[121.41678736544486, 23.672130947086412], [121.41701082471454, 23.67199419449128], [121.41701050712486, 23.671748864725828], [121.41690592262584, 23.671360648068408], [121.41751343908506, 23.671501899736928], [121.41794634702576, 23.671466834706926], [121.41794785242263, 23.67146544908684], [121.41840262790515, 23.671428897086862], [121.41840322115048, 23.67140891253998], [121.41850989227949, 23.671290270870845], [121.41851148149603, 23.67123515771522], [121.41870227909622, 23.671067130429996], [121.41858649094995, 23.671019612439746], [121.41835673824319, 23.67094608025431], [121.41821540624098, 23.670890829205234], [121.41819028022458, 23.67094054286109], [121.41776921523191, 23.670836192630908], [121.41731702750903, 23.670726886446843], [121.41747409163362, 23.670475750923845], [121.41715036085226, 23.670482519293763], [121.4169837278501, 23.6703350958025], [121.41672235003269, 23.670103841455994], [121.4165364777199, 23.670078525040648], [121.41645802536611, 23.67004068433704], [121.41638378525178, 23.66995223829238], [121.41635407267829, 23.66991906137419], [121.41625389058439, 23.669820923753967], [121.41612230708068, 23.669769229406374], [121.41603791726625, 23.669747928969283], [121.41599194150592, 23.66972441238534], [121.4159398404965, 23.66968297001209], [121.41592425826137, 23.669498894158917], [121.41579061708681, 23.669307938390055], [121.41569259447337, 23.669166957206315], [121.4155342801771, 23.669258916962992], [121.41588648704706, 23.669818912428045], [121.41563621454748, 23.669861924717647], [121.41561349691652, 23.669836413253165], [121.41559055114834, 23.66980385915086], [121.41541728242642, 23.669857707981816], [121.41528775409333, 23.669739611269517], [121.41495436362071, 23.669403304501124], [121.41494305089213, 23.669195477737794], [121.41493851503724, 23.66918098801895], [121.41487408786989, 23.66900179250149], [121.41470308282668, 23.668887282793218], [121.4146931933905, 23.668875651782603], [121.41414877275376, 23.668327915079967], [121.41462645862184, 23.668362540131046], [121.41489252408408, 23.66830764913312], [121.41496028817004, 23.6683328233718], [121.41496402790088, 23.668331151872785], [121.4149697657859, 23.668307171403942], [121.41475559312691, 23.668182429174063], [121.41415357974262, 23.667902607399625], [121.41396883958743, 23.66811737834905], [121.41383631950863, 23.668268737772934], [121.41296460996364, 23.66819832829737], [121.41245401942247, 23.66778105730847], [121.41175821246854, 23.66838415755609], [121.41080166501791, 23.669208788192062], [121.41080458277546, 23.66921072186508], [121.41088834834832, 23.669374553298887], [121.41094003028273, 23.669323253355277], [121.41101370396144, 23.669520277961105], [121.41096515977048, 23.669612528809843], [121.41099596066564, 23.669815509404735], [121.41085334835468, 23.66989191858866], [121.41063882859102, 23.669891042487663], [121.4104232809942, 23.66998486439579], [121.41023702196728, 23.67019961690348], [121.41022237194571, 23.670270873775085], [121.41011009563921, 23.670612470584057], [121.41006449079714, 23.67114756214003], [121.40993009079298, 23.671674144382788], [121.40992107711402, 23.671709460028698], [121.40987175782723, 23.67190269294001], [121.40896115383266, 23.671958483401724], [121.40898529221971, 23.672147855973492], [121.40950207948485, 23.672478327233932], [121.40981604933408, 23.6722100523204], [121.40981562897173, 23.67212240111852], [121.40989594572315, 23.67208551861729], [121.40999992218481, 23.672115529468105], [121.41007559084724, 23.67204691941118], [121.41011521634667, 23.672055663736003], [121.41019557238826, 23.67207853119288], [121.41030949856531, 23.67211124249369], [121.41035889990566, 23.672245989843866], [121.4103726098608, 23.672219008595647], [121.410595885648, 23.6717796498313], [121.41098789865865, 23.67181800750509], [121.41110542770679, 23.67158897979083], [121.41125678149194, 23.671467009866852], [121.41129436955957, 23.671304039509256], [121.41147190359311, 23.671117689609577], [121.41161984356405, 23.671039170789335], [121.41170642766747, 23.671019165471613], [121.41169982834754, 23.67089980899026], [121.4116074191424, 23.67076900494873], [121.41218595499815, 23.670600117607286], [121.41239991104119, 23.67081467434341], [121.41243774846252, 23.671016001468743], [121.41253194045613, 23.671046045702145], [121.4129039329267, 23.670922339789076], [121.41286533934846, 23.671226458058882], [121.41277763925284, 23.67176830834913], [121.41277663530917, 23.671785783692247], [121.4127229611967, 23.671870870034148], [121.41270284415761, 23.671961627989248], [121.41261453986019, 23.6723207436512], [121.41344952582116, 23.672239822981645], [121.41426112268942, 23.671874088187153], [121.41435939433417, 23.67219962063312], [121.41477376969367, 23.67221225522717], [121.41512186898652, 23.672224488394445], [121.4151361825817, 23.672224422953484], [121.41550999466838, 23.672145746560123], [121.41557160149488, 23.672132930578762], [121.41571525369781, 23.672103351860613], [121.4156800962433, 23.67242869958519], [121.4156787073598, 23.67244523687492], [121.41569652984451, 23.672609152159765], [121.41569434900184, 23.672620174366603], [121.41569962348207, 23.67262015118495], [121.41620585501346, 23.67243188427556], [121.41643121784715, 23.672350976704312], [121.41678736544486, 23.672130947086412]], [[121.41408328386424, 23.669336195613532], [121.41397771768476, 23.66929283664421], [121.41426930576498, 23.668718845322115], [121.41440666292665, 23.668945017780107], [121.414450931283, 23.669027296349395], [121.41456904729291, 23.66912385211969], [121.41458495546645, 23.66913834754182], [121.41465856087491, 23.669221911051], [121.41457606679262, 23.669263741128493], [121.41471596565042, 23.66945928641825], [121.41450333509431, 23.669609587583654], [121.41439972534369, 23.669437467695733], [121.41428076410924, 23.669405621640436], [121.41418883266738, 23.669380240821507], [121.41408328386424, 23.669336195613532]]]]}, "properties": {"年份": 113, "縣市名": "花蓮縣", "鄉鎮名": "光復鄉", "地段名": "水廣段", "縣市七": "U020280", "縣市代": "U", "鄉鎮代": "02", "地段代": "0280"}}, {"type": "Feature", "geometry": {"type": "MultiPolygon", "coordinates": [[[[121.47885447781742, 23.669859564917882], [121.47857930377516, 23.66956263198851], [121.47855180859415, 23.669590727194905], [121.47847653608662, 23.669660877011715], [121.47853489223607, 23.66968362333243], [121.47861174050044, 23.669733916458068], [121.47865218822399, 23.66971977734223], [121.47869139788118, 23.669729101331466], [121.47875348678822, 23.66976999486388], [121.47885447781742, 23.669859564917882]]], [[[121.5194553299583, 23.670919951436904], [121.51916178002047, 23.670655525029], [121.51893420130294, 23.670639591474462], [121.51874127512231, 23.670468682018324], [121.51849414164217, 23.670426256896203], [121.51777403265386, 23.669666015402807], [121.51442992056985, 23.669669560143483], [121.51167740953345, 23.669672741663145], [121.5116451295021, 23.669802099661485], [121.51211428902816, 23.67017538239233], [121.51198333741088, 23.67082644246892], [121.51196061708133, 23.67094598071024], [121.51211142565401, 23.671657276870558], [121.51199168285564, 23.672508262862372], [121.51305036132747, 23.672168145301473], [121.51369060882192, 23.671962451105294], [121.51754823929775, 23.670723029487096], [121.5194053714691, 23.672232493529187], [121.5198435025056, 23.672588594932023], [121.51991931601636, 23.672434925793347], [121.52011880537935, 23.671889855102105], [121.52019967607585, 23.67146596383451], [121.51997455332067, 23.67107251851719], [121.51971221382641, 23.670968401235697], [121.5194553299583, 23.670919951436904]]], [[[121.47816142773134, 23.67214343579194], [121.47826984158273, 23.671988066137075], [121.47826305643972, 23.671901618216438], [121.47810084628934, 23.671838323679744], [121.47797577158856, 23.67182575189572], [121.4778374084622, 23.67182011972149], [121.47775482677888, 23.67177329328062], [121.47775496971303, 23.67173170181808], [121.47773708741379, 23.671715512440365], [121.47765055453102, 23.67179538549892], [121.47754364820682, 23.671753600294164], [121.47755160192332, 23.671828677838494], [121.47757209433689, 23.67202211151555], [121.47734868363926, 23.671962896643812], [121.47718518955031, 23.67188070583543], [121.47709135771363, 23.67178110771492], [121.47712617256963, 23.671646421125065], [121.47715680497386, 23.67160731827328], [121.47728625374175, 23.67157719362404], [121.47735734681886, 23.671554337023487], [121.47742327600544, 23.671497156166712], [121.4773935824247, 23.67141411979012], [121.47740037969442, 23.671374512425484], [121.47736631050027, 23.67123122497609], [121.47727449512871, 23.67103617628637], [121.47722519139127, 23.671071201046836], [121.4771301226102, 23.67130047926033], [121.47692098342485, 23.671615638368355], [121.47689637338752, 23.671709569335473], [121.47690469129316, 23.671740452564634], [121.47683760216357, 23.67193739923198], [121.47673295240291, 23.67193117470417], [121.47670798342607, 23.67205864323287], [121.47669534231792, 23.672184620037136], [121.47674953062068, 23.672214919676147], [121.47677791312007, 23.672230908902293], [121.47787117053888, 23.672846761121903], [121.477857852609, 23.6727620309323], [121.47775767282658, 23.672472638496096], [121.47808474807502, 23.672253326390187], [121.47816142773134, 23.67214343579194]]], [[[121.47669566894997, 23.67253416963764], [121.47653637024032, 23.672411313316786], [121.47635169181703, 23.672513619414257], [121.47641347306401, 23.672585766768762], [121.4764554804437, 23.672741924480924], [121.47643528031259, 23.672897686553632], [121.47640217153321, 23.67300024891938], [121.47632667381181, 23.673120016860693], [121.4763231243114, 23.673163171910492], [121.47630652730278, 23.673250052994636], [121.47632645130061, 23.673366999214803], [121.47631347867834, 23.67348008251251], [121.47631621139601, 23.673609208533662], [121.47634675170383, 23.673774422224543], [121.47638245651142, 23.67383622038821], [121.47654375499386, 23.673985600069948], [121.4766053158394, 23.673796698014424], [121.47671394422076, 23.67370471186501], [121.47679876949127, 23.673556308798865], [121.47710375671477, 23.673365627804415], [121.47744675988525, 23.67306346519431], [121.47669566894997, 23.67253416963764]]], [[[121.50662067596969, 23.674963627152295], [121.50699780289013, 23.67481948006401], [121.50730241229805, 23.674836379791337], [121.5075527408201, 23.674826457908825], [121.50776651759382, 23.674478519599216], [121.5074072876067, 23.674112972634077], [121.50684772163068, 23.67402118418663], [121.50608816673443, 23.674879630474756], [121.50626204048493, 23.675087865583027], [121.50642046098946, 23.675107186089335], [121.50662067596969, 23.674963627152295]]], [[[121.48706359514688, 23.676753149904442], [121.48713958301474, 23.676815315462246], [121.48767411763545, 23.676999456508295], [121.4877691247861, 23.676723163579855], [121.48862619070994, 23.676844088641918], [121.48884389158842, 23.676774893226433], [121.48907791626901, 23.676639837280675], [121.48950889302527, 23.676487778826278], [121.48970327199378, 23.676293214864863], [121.48980301323931, 23.676088863701946], [121.48990187716097, 23.675964843750062], [121.48988479799186, 23.67550716253873], [121.48981637134376, 23.67549307580696], [121.48956097188969, 23.675282171980612], [121.4893371101365, 23.67536009250285], [121.48879558440717, 23.67542231031249], [121.48855894715012, 23.675497597225334], [121.48798917610465, 23.67623871159029], [121.48783977439673, 23.67623466727657], [121.48771230118587, 23.67615835202701], [121.4876492951331, 23.67625759753131], [121.48755722162714, 23.676196232312734], [121.48745149461081, 23.67593498264196], [121.4873235136818, 23.675800932533573], [121.48737546638527, 23.675637141263543], [121.48730395717457, 23.67552408818677], [121.48725155633733, 23.67536078770354], [121.48719438745792, 23.675347314540947], [121.48711840646645, 23.675329096690664], [121.48676609949035, 23.675303918505737], [121.48658120782464, 23.675368700765244], [121.48624118188916, 23.675464454194596], [121.48642768315314, 23.675680808123975], [121.48677804857324, 23.676282614013264], [121.48691791286333, 23.676493587644046], [121.48704569496239, 23.676605660323517], [121.48706359514688, 23.676753149904442]]], [[[121.48365237197842, 23.677061602338718], [121.48323968150224, 23.676363320361002], [121.48292461783213, 23.676439312894075], [121.48279704790161, 23.676207881015486], [121.48293096235214, 23.676154188148352], [121.48266450612756, 23.675866581612212], [121.4815448716496, 23.6765845170476], [121.48133824352978, 23.67641438645946], [121.48127629817054, 23.676363382609043], [121.48163270881996, 23.67614610295025], [121.48249572778322, 23.675685194241296], [121.48245449309174, 23.675640246202253], [121.48197294779233, 23.675133984749845], [121.48289580759001, 23.674508862436156], [121.48301110986719, 23.674531908082052], [121.48315615476923, 23.674466134656118], [121.48331477090508, 23.67445703455771], [121.4833494689927, 23.6743428084461], [121.48351876483673, 23.67396952344284], [121.48369868370757, 23.673776402593855], [121.4837233877407, 23.673365625750378], [121.48385261219912, 23.673247907828234], [121.48407476610052, 23.673212097204825], [121.48430221480686, 23.67311264615777], [121.48444344784727, 23.673095860774502], [121.48455037304294, 23.673280166536024], [121.48469354588573, 23.67345170815222], [121.48494891509193, 23.67370795862264], [121.48515463417462, 23.673849072427544], [121.48656399878519, 23.673411071602136], [121.4865134390571, 23.67338444817582], [121.4864837322542, 23.67312540155196], [121.48647293531464, 23.673031250706252], [121.48636148085367, 23.67290858848912], [121.48623566208849, 23.672772209945414], [121.4861128632925, 23.672728629485096], [121.48594687091966, 23.67255315154962], [121.48594310621947, 23.67255315432785], [121.48577230706685, 23.672520018041308], [121.48547907702806, 23.6718367446415], [121.48570344033477, 23.671494915881507], [121.48556494376315, 23.671431897987716], [121.4854553185498, 23.671440250888274], [121.48538150544788, 23.671352667902376], [121.48530215402627, 23.671188286208352], [121.48525792992521, 23.671180586904953], [121.4849365496548, 23.67112455222641], [121.48507145509521, 23.671072714579328], [121.48493072476529, 23.670978017730473], [121.48443348434927, 23.671062971902998], [121.48446350359293, 23.671358195790646], [121.48446280264622, 23.67151646228536], [121.48442711095686, 23.671647929550367], [121.48424645721826, 23.671677777735045], [121.48405927259262, 23.671502264609142], [121.48397313352643, 23.671285955308665], [121.48397292342558, 23.671284809187533], [121.48380031993592, 23.671165749287933], [121.48362169490662, 23.67119793813777], [121.4835443584811, 23.67138078802397], [121.48355004403386, 23.671632687728174], [121.48355636555941, 23.67191302683695], [121.48331008855439, 23.672010765689464], [121.48316171486866, 23.67189033825581], [121.48299463668965, 23.671754184992512], [121.48290545502515, 23.671493828447417], [121.48281604322902, 23.67105862960843], [121.48284843312655, 23.67158117028213], [121.48289059735878, 23.671788713957227], [121.48262794523137, 23.672021976014165], [121.48238792154399, 23.671887141902562], [121.4822975721127, 23.672024268950437], [121.481789182659, 23.6725675901923], [121.48165937705816, 23.672706302380373], [121.4814317017504, 23.672492680012503], [121.48113603687905, 23.672217423723335], [121.48099692585872, 23.672087935686466], [121.48103546006898, 23.672008905107862], [121.48144525273042, 23.671168371601848], [121.4817484157496, 23.671125314547762], [121.48165269092978, 23.670726623796117], [121.48148607824766, 23.670617692084235], [121.48135980796773, 23.670837913599183], [121.48116221469432, 23.670937692018597], [121.48041469889277, 23.671038499052518], [121.48001113171654, 23.671008290208913], [121.48044519785822, 23.671649808625002], [121.48035758241902, 23.671711988228434], [121.47995573984399, 23.671695526227353], [121.47950896120676, 23.671618576538457], [121.47936186159646, 23.67154266714909], [121.47912680048475, 23.671684204110235], [121.4788712579848, 23.671801369526733], [121.47902384455419, 23.671836041618725], [121.47929873267988, 23.67199919878232], [121.47947087162838, 23.672174457274192], [121.47970099651445, 23.67247197939721], [121.47990649080275, 23.67261264950224], [121.47976350747003, 23.672850962919853], [121.47967628600361, 23.67315838880642], [121.47976307921755, 23.673098902993164], [121.48017751744614, 23.673497239444075], [121.48046450436463, 23.6733400990073], [121.48078568974155, 23.67310601782827], [121.48079240644849, 23.67310628593631], [121.48197456520006, 23.67341234205161], [121.48253661933232, 23.672982582707746], [121.48260357408144, 23.67305827817703], [121.48277122925857, 23.673081594363545], [121.4823365989158, 23.673765325730727], [121.48281647775585, 23.67410721397446], [121.48248310901928, 23.674347134356015], [121.48203983198371, 23.674433818203756], [121.48156998973029, 23.674425400858834], [121.48131525715094, 23.674480786293667], [121.48151933907889, 23.67464405096111], [121.48151202108468, 23.67464827253624], [121.48163435125778, 23.674852804199865], [121.48184364991246, 23.674981296727434], [121.48196473686616, 23.67512463742379], [121.48087472135265, 23.67590369754297], [121.48075918257796, 23.675733168293497], [121.480538871608, 23.675601430678228], [121.4807669262361, 23.675456698729416], [121.48155360662275, 23.67490901842155], [121.48135899003769, 23.674793971339295], [121.48134731346657, 23.674783307601107], [121.4813261146898, 23.674754785989172], [121.48026399451736, 23.67536331095658], [121.47992559917918, 23.674988749445568], [121.47978759550134, 23.674848872756534], [121.47970223118726, 23.674830093376464], [121.47942511493488, 23.674555128650645], [121.47927181769514, 23.67433992753373], [121.47914227516242, 23.674000746631375], [121.47901626356335, 23.673675234743964], [121.47888856255243, 23.67374151055006], [121.4787014141466, 23.67339717973354], [121.47852786335527, 23.673216687529646], [121.47851316273488, 23.67326932217614], [121.47819868310765, 23.673049226904695], [121.47816021975437, 23.67302702408511], [121.47814980828277, 23.67303251018468], [121.47759584414436, 23.67332382090305], [121.47751028659485, 23.67386671822049], [121.47652783537048, 23.67402134362728], [121.47628139363084, 23.674555019055838], [121.47632142909244, 23.674710677155307], [121.4764641767218, 23.674618703659785], [121.47660687995095, 23.674633488861346], [121.47667675634835, 23.674772052043476], [121.47707825887298, 23.67528375985707], [121.47716525383922, 23.67535472758626], [121.4773771612171, 23.67552758128692], [121.47758162930498, 23.676048852230924], [121.47757429965402, 23.67612815597666], [121.47758516711704, 23.676169830859546], [121.47753266749746, 23.676194643901667], [121.47744445384129, 23.67625798855988], [121.47745521217156, 23.676293920871032], [121.47751419890868, 23.676405789144887], [121.47754845707559, 23.67637671612488], [121.47746563412757, 23.67625886237418], [121.47755389845047, 23.67620136882168], [121.47761318388565, 23.676176914100576], [121.47759720411273, 23.6761340540251], [121.4775972274765, 23.67604606813077], [121.47771047106608, 23.676060943111327], [121.47780187044492, 23.67593817276472], [121.47793564369651, 23.675667238022278], [121.478066021216, 23.675543715181583], [121.47823464688061, 23.67538582434591], [121.4783373188963, 23.675289665660614], [121.47844541498968, 23.675363854333824], [121.4787904670154, 23.67560464997518], [121.47873976222871, 23.67617043879977], [121.47896763034714, 23.676132414514527], [121.47892599686105, 23.676198342964877], [121.47898608929594, 23.67649218363722], [121.47884787822987, 23.676497351535026], [121.47935907050227, 23.676782094626425], [121.47955200102697, 23.67685797037735], [121.47984765718283, 23.67692209606595], [121.47994137054924, 23.67689908692581], [121.48007990754333, 23.67695887699046], [121.48022399174656, 23.677023042556183], [121.48042856595887, 23.677114146026195], [121.48075156693817, 23.67732021393827], [121.48093999368773, 23.67740252800649], [121.48097400950371, 23.677417387751568], [121.48134094791449, 23.677632221299373], [121.48153371168904, 23.67740779304957], [121.48171901780864, 23.67737167586217], [121.48200475744981, 23.67692352602696], [121.48220700817156, 23.67706473572307], [121.48241428560921, 23.677399987590587], [121.48262276033377, 23.677804665071463], [121.48322678299046, 23.677524088216746], [121.48365237197842, 23.677061602338718]], [[121.48368334773858, 23.671375487159988], [121.48376577820667, 23.67136741907976], [121.48389923439953, 23.671520896246008], [121.48381002802023, 23.671628957876894], [121.4837250220133, 23.67173193259296], [121.48358366313201, 23.671676840941902], [121.48358332905393, 23.67162161789451], [121.48358257124404, 23.671494651215646], [121.48368334773858, 23.671375487159988]], [[121.48451222758459, 23.67155735694442], [121.48454617382076, 23.67118381674016], [121.48507757346286, 23.6711898111865], [121.4851061966132, 23.671332156729246], [121.48504517296819, 23.671445165381318], [121.48496826055585, 23.671482039807525], [121.48451222758459, 23.67155735694442]]], [[[121.47788598497498, 23.67728190925886], [121.47717692365362, 23.67708346319947], [121.47709600664534, 23.677231348727314], [121.47727999111, 23.677427603272196], [121.4770807657127, 23.677910432295995], [121.4778848284569, 23.67778073381997], [121.47788598497498, 23.67728190925886]]], [[[121.4927985698212, 23.67764263532661], [121.49312508113411, 23.677535126745518], [121.4932642047301, 23.67757968796617], [121.49350655899345, 23.677695011263218], [121.49379758610901, 23.67778264738825], [121.4940727054441, 23.677728007147252], [121.49431385856084, 23.67759936784519], [121.49452328820789, 23.677531626597535], [121.49484520449478, 23.67730306753797], [121.49476586345725, 23.677075257159412], [121.49419922647124, 23.676845950029016], [121.49405620381619, 23.67678642175457], [121.49382573282031, 23.676790922018377], [121.4935011632855, 23.676733461761124], [121.49332568020476, 23.676736865062782], [121.49194888716745, 23.677034501966798], [121.49139641454322, 23.677149199337], [121.49134143423457, 23.677425051383743], [121.49131821815136, 23.677645432360322], [121.49124454568187, 23.677935746063422], [121.49124444634421, 23.678132079776386], [121.49115322885135, 23.67826641535082], [121.49121283898204, 23.67841318516799], [121.49130777697005, 23.678413805113458], [121.49166168975135, 23.678464819850234], [121.49180730202677, 23.67827825491195], [121.49194608720741, 23.678153772841856], [121.49218239747036, 23.677993078612143], [121.492521447752, 23.677858839573172], [121.4927985698212, 23.67764263532661]]], [[[121.5006912997407, 23.680040992404347], [121.500535125153, 23.679935723035832], [121.50033319397859, 23.679920717901236], [121.5000215935594, 23.67988602059176], [121.49958061587978, 23.679792622412016], [121.49914134260544, 23.679662520693583], [121.49914489651012, 23.67980827600657], [121.49941531894137, 23.680065094474255], [121.49955833245616, 23.68007424092148], [121.49987348505935, 23.679944704200487], [121.50010064659966, 23.679932286489144], [121.50024911718774, 23.679966156109447], [121.5003422938141, 23.67994937592247], [121.50051186743492, 23.679989371507876], [121.5006130413662, 23.680041245351656], [121.50065435240204, 23.680142840632328], [121.50059397952978, 23.68045502153573], [121.50052679965462, 23.6805349620142], [121.50069683006218, 23.680535098734737], [121.50080182758029, 23.680483912951864], [121.50085383707554, 23.680382711278188], [121.50083964874571, 23.680287231775548], [121.5006912997407, 23.680040992404347]]], [[[121.51285119546935, 23.68040480949956], [121.51220831695635, 23.680095757696982], [121.51203293839055, 23.680011446558254], [121.51183733372261, 23.679917641399307], [121.5115974147807, 23.67980258375649], [121.51127475733446, 23.68024527406174], [121.5109906368133, 23.680432729273555], [121.51115499388362, 23.680423252077183], [121.51140042178172, 23.68040910056394], [121.51207094580744, 23.68047566455844], [121.51172747148446, 23.680741677114007], [121.5119828559767, 23.680816231215115], [121.51252578110434, 23.6810624365194], [121.51272396693116, 23.680661926278013], [121.51285119546935, 23.68040480949956]]], [[[121.48266459793733, 23.682142175420598], [121.4824484289902, 23.682332825449024], [121.48226161079396, 23.68245566080162], [121.48238116470131, 23.68280426957314], [121.48296739051408, 23.682925012220057], [121.48266459793733, 23.682142175420598]]], [[[121.4808935675387, 23.682847597015748], [121.48080677805946, 23.682363213593458], [121.48051732996454, 23.682450463203498], [121.480557359502, 23.68263459072154], [121.48055008455903, 23.68270699563646], [121.4805637789762, 23.682759849324096], [121.48063313255848, 23.682930025183595], [121.48070891185655, 23.682967173097595], [121.480927868059, 23.683073558900023], [121.48093599349819, 23.683078183981277], [121.4808935675387, 23.682847597015748]]], [[[121.5020530916885, 23.68273208084301], [121.50189633096454, 23.6826823927302], [121.50179712608144, 23.682805283507545], [121.50181280616819, 23.682959911698315], [121.50205740058601, 23.683159154253094], [121.50213367482499, 23.683193391457056], [121.5023222084294, 23.683216158023676], [121.50242939783796, 23.683137811679266], [121.50243676901788, 23.683111664808134], [121.50218833002891, 23.682948156868996], [121.50218716935561, 23.6828856298687], [121.5021475290774, 23.68279844106628], [121.5020530916885, 23.68273208084301]]], [[[121.50216111588638, 23.68351082330494], [121.50223690924062, 23.6834525616382], [121.50226932062422, 23.683326112793484], [121.50215305589768, 23.683418358091906], [121.50193363683772, 23.68339294638841], [121.50174844180664, 23.683289388722685], [121.5016898727237, 23.683192960521456], [121.50160802149179, 23.68287160529692], [121.50168574775782, 23.682795765813797], [121.5017354238648, 23.682684277555225], [121.5018709841333, 23.682597243396497], [121.50199216020484, 23.682612688815013], [121.50205830289067, 23.68260766158672], [121.50226980058413, 23.682631058107113], [121.50226285457832, 23.682604289472536], [121.5021897297028, 23.68257564053635], [121.5021315329444, 23.682530445881692], [121.50203856510178, 23.68245859984395], [121.5018945688905, 23.682287908297518], [121.50194812428332, 23.682078127987346], [121.50192626270932, 23.682068582188677], [121.50187516887962, 23.6820783463436], [121.50178512016586, 23.682110928362693], [121.50174692539649, 23.68213509822871], [121.50164085730195, 23.68225022753024], [121.50163625612794, 23.682252365288978], [121.5016316366189, 23.682254469242256], [121.50162699906761, 23.682256539256688], [121.50162234376806, 23.682258575201068], [121.50161767101534, 23.68226057694634], [121.5016129811057, 23.682262544365614], [121.50160827433635, 23.68226447733417], [121.5016035510057, 23.682266375729476], [121.50159881141317, 23.6822682394312], [121.50159405585919, 23.682270068321195], [121.50158928464516, 23.682271862283518], [121.50158449807363, 23.682273621204498], [121.5015796964479, 23.68227534497259], [121.50157488007243, 23.68227703347853], [121.50157004925249, 23.68227868661531], [121.50156520429431, 23.682280304278112], [121.50156034550501, 23.682281886364414], [121.50155547319258, 23.6822834327739], [121.50155058766589, 23.682284943408554], [121.50154568923462, 23.68228641817266], [121.5015407782093, 23.682287856972675], [121.50153585490118, 23.682289259717418], [121.50153091962243, 23.68229062631796], [121.50152597268581, 23.682291956687695], [121.50152101440497, 23.682293250742255], [121.50151604509418, 23.682294508399654], [121.50151106506844, 23.682295729580144], [121.50150607464344, 23.682296914206322], [121.50150107406047, 23.682298062220045], [121.50149606371129, 23.682299173530467], [121.50149104391345, 23.682300248067165], [121.50148601498525, 23.68230128576202], [121.50148097724545, 23.68230228654925], [121.50147593101337, 23.682303250365397], [121.50147087660892, 23.682304177149373], [121.50146581435251, 23.682305066842442], [121.50146074456508, 23.682305919388217], [121.50145566756795, 23.6823067347326], [121.50145058368297, 23.68230751282394], [121.50144549323242, 23.682308253612913], [121.50144039653904, 23.68230895705257], [121.50143529392585, 23.682309623098273], [121.50143018571633, 23.68231025170785], [121.50142507223433, 23.68231084284145], [121.50141995380396, 23.682311396461564], [121.50141483074971, 23.68231191253311], [121.50140970339633, 23.682312391023377], [121.50140457206886, 23.68231283190204], [121.5013994370926, 23.682313235141145], [121.501394298793, 23.682313600715162], [121.50138915749585, 23.682313928600845], [121.50138401352706, 23.682314218777456], [121.50137886721264, 23.682314471226597], [121.50137371887892, 23.682314685932262], [121.5013685688522, 23.68231486288085], [121.50136341745899, 23.682315002061138], [121.50130514140662, 23.68232343482134], [121.50112609358159, 23.682314370499345], [121.50105230129243, 23.682300856981083], [121.5009776094059, 23.68226740872642], [121.5010023323349, 23.68245444792767], [121.50101084524418, 23.68251885101735], [121.50111823092938, 23.682494466510644], [121.50140186731257, 23.68250662358006], [121.50166053196047, 23.682267347352845], [121.50195717387973, 23.682434781397824], [121.50194639606602, 23.68251110837987], [121.50189526413887, 23.682516077888607], [121.50174470386672, 23.68249043371207], [121.50153398199548, 23.68258798697967], [121.50142629981441, 23.682681106918714], [121.50136031235773, 23.682827014975242], [121.50139916697857, 23.683019321428265], [121.50172857147554, 23.68350345729294], [121.50174571759841, 23.68347717043081], [121.50175991851906, 23.683455028716953], [121.50184594016277, 23.683476800566332], [121.50191674217683, 23.68346963631297], [121.50210085766203, 23.683513826909685], [121.50216111588638, 23.68351082330494]]], [[[121.50073526931487, 23.6834779822128], [121.50071948782312, 23.68345521767767], [121.50070893842032, 23.6834571516985], [121.50070948523413, 23.68352030431855], [121.50073719229897, 23.683714641290592], [121.50075856017078, 23.683770421045416], [121.50081649643008, 23.68387215243327], [121.50094888623093, 23.683816359474925], [121.5007447226772, 23.683556828512017], [121.50073526931487, 23.6834779822128]]], [[[121.50067715642304, 23.683426118726185], [121.50069298851717, 23.683410948137364], [121.50072097695103, 23.683411627725327], [121.50072772081661, 23.683415023464654], [121.5007115476511, 23.683280129887038], [121.50060683859584, 23.683060269753927], [121.5006059269298, 23.683055969622078], [121.50057888295439, 23.682928408891097], [121.50060531407811, 23.682608761854837], [121.50082821352686, 23.682539352204483], [121.50084329463348, 23.6825376592945], [121.50079666993035, 23.682474711451576], [121.50070285484054, 23.682346882516953], [121.5002475875355, 23.682601867023255], [121.49997717528277, 23.682753317467625], [121.49937076620502, 23.68309294749545], [121.50003827806103, 23.683210816802685], [121.50008309735247, 23.68325838699814], [121.5003025875057, 23.683422744772606], [121.50032117992326, 23.683441781971254], [121.50033601962767, 23.683461077576272], [121.50059655602543, 23.683776351333748], [121.50072909669485, 23.683908985166287], [121.50078078170903, 23.683887203640367], [121.50072254673348, 23.683784948327705], [121.50069918041324, 23.683724184098217], [121.50067035759409, 23.683523135688734], [121.50066910116607, 23.683440904113812], [121.50067715642304, 23.683426118726185]]], [[[121.48397113001714, 23.683218279871202], [121.48356729128702, 23.683100691963606], [121.48340787779117, 23.683146392433553], [121.48320504781977, 23.683498345084946], [121.4822865775766, 23.68365586010442], [121.48265525370195, 23.684108771588022], [121.48334235650452, 23.683643033421557], [121.48396221581841, 23.68358507727771], [121.48409345197685, 23.683467867587215], [121.48429979999324, 23.683400637257037], [121.48397113001714, 23.683218279871202]]], [[[121.48706359514688, 23.676753149904442], [121.48678895429734, 23.676712286767764], [121.48664056991839, 23.6768560097156], [121.48643008166353, 23.676683661084837], [121.48635410959254, 23.676816374864043], [121.48607117183202, 23.676790715487193], [121.48595604021378, 23.676976204328543], [121.48527659702602, 23.6770749975831], [121.48418684818103, 23.677433104615528], [121.48400787448378, 23.67760447943992], [121.48403121005764, 23.67764209664453], [121.48411457140615, 23.67777652368736], [121.48433889180448, 23.677975316423645], [121.48437761485903, 23.678075271900745], [121.4844408830033, 23.67822703546442], [121.48452906960776, 23.678271258181656], [121.48488625206667, 23.67843857216355], [121.48527083134766, 23.67871804810136], [121.48515917966927, 23.67886429124748], [121.4850623227839, 23.678976057611138], [121.48471417576438, 23.67949106568245], [121.48442923387586, 23.679221164390697], [121.48417297329885, 23.67905829264202], [121.48391056950874, 23.67897623771503], [121.48338533688857, 23.67856841527862], [121.4830291834148, 23.678091194060023], [121.48159183506698, 23.67902708677236], [121.48144969383348, 23.678912923210596], [121.48124673316553, 23.678867547392613], [121.48124264933536, 23.678617183523826], [121.48114604865047, 23.67861504557893], [121.48106242167268, 23.678776937614348], [121.48084372938352, 23.678861277150443], [121.48068770693685, 23.679042175553665], [121.48033955490229, 23.679104684857723], [121.48017712633907, 23.67893337060476], [121.47999912702298, 23.678995053610844], [121.47994977624514, 23.679133217046584], [121.48032798473443, 23.679858026569374], [121.48031880863327, 23.67986899906498], [121.48037125821139, 23.67989192545154], [121.48055689081346, 23.680091448607335], [121.4808451856397, 23.680987080241295], [121.4810105743369, 23.681200065766518], [121.48128971324286, 23.681131141537396], [121.48134852380052, 23.68098202234223], [121.48136636077936, 23.680937206515114], [121.4823917101399, 23.681342521703197], [121.48218579299082, 23.68139297992272], [121.48197079511188, 23.681312074473528], [121.48178981265266, 23.68171857823926], [121.48208247723107, 23.681773769333837], [121.48266459793733, 23.682142175420598], [121.48313573547279, 23.6819034322428], [121.48334086609957, 23.68214541210152], [121.48372720689132, 23.68229139963073], [121.48374151275858, 23.682227731466025], [121.48402921100161, 23.68220117015156], [121.48468034166119, 23.682579484220213], [121.48572412329129, 23.682323499327737], [121.48575719139376, 23.682314499333554], [121.4857994747225, 23.682302991261317], [121.48655770117045, 23.68215333632558], [121.48677033791623, 23.68211136622028], [121.48735551467682, 23.6824909417226], [121.48732009462739, 23.682349358686967], [121.4871603458192, 23.682208843972678], [121.48695882659034, 23.681967011420664], [121.48692817124164, 23.681774919055705], [121.4869684150674, 23.681231564040853], [121.4869023551782, 23.681113428084718], [121.48687864499998, 23.68096718487937], [121.48701830947535, 23.680890083394793], [121.48731583146882, 23.680948987635908], [121.48757793647452, 23.681075725761204], [121.48793508175842, 23.681174506007473], [121.48817987226883, 23.681208724867613], [121.48799898718613, 23.682971735109877], [121.48821778499524, 23.683134203683746], [121.48843550465736, 23.683425836530585], [121.4890022800715, 23.684177145142737], [121.48935205417621, 23.68404494683822], [121.48943447533875, 23.684190245538854], [121.4897295289466, 23.68411076326527], [121.49016744759399, 23.684083796698356], [121.49032624887516, 23.684034668965054], [121.49036089521755, 23.683915466256728], [121.49039837282166, 23.68365383778035], [121.49026516140535, 23.68357921348838], [121.49026964611355, 23.6831573125394], [121.49012915420812, 23.68271056010205], [121.48991702549414, 23.682538519697623], [121.48990399275289, 23.682098831359415], [121.48911664023372, 23.68057391433565], [121.48926538017335, 23.68045948037896], [121.48928228084108, 23.680350916751067], [121.48958688398359, 23.680226337286214], [121.4899500787348, 23.68015448611177], [121.49001397084135, 23.680140324040988], [121.49013844992105, 23.68001449825011], [121.49016384382162, 23.679714983086914], [121.49028469012447, 23.67946444103944], [121.49002800477206, 23.67920811370857], [121.48986072835021, 23.67892853157616], [121.48991469990133, 23.678762421550626], [121.4900378870497, 23.678587568489665], [121.48997871795899, 23.67834052166295], [121.48980100764967, 23.67807057102512], [121.48955668953631, 23.67784063373567], [121.489210458294, 23.67765857752201], [121.4891521981416, 23.677565610792755], [121.48897809162675, 23.67741762138585], [121.48853051359053, 23.67733791043623], [121.48817421056046, 23.677412987199673], [121.48841291082833, 23.677825787480668], [121.48833223495606, 23.678002766762404], [121.48819574054113, 23.67830219444743], [121.48841400351252, 23.678776497355457], [121.4885919689032, 23.679002166983558], [121.48888141171697, 23.679083036006382], [121.48875207288812, 23.67917820214758], [121.4885212118056, 23.679292587622204], [121.48834670368389, 23.679319233809746], [121.48820475095562, 23.67929174329152], [121.48810968089144, 23.679419371128954], [121.4879413124554, 23.67952849313199], [121.4878971938323, 23.67963184192069], [121.48787437093635, 23.679682516415152], [121.48758158533633, 23.679570286764267], [121.48749205127986, 23.679298177710727], [121.48733894106647, 23.678926995756033], [121.48707586243293, 23.678628957146064], [121.48674596403542, 23.67821068043426], [121.48659459909771, 23.67814570847971], [121.48669910882622, 23.677771242184225], [121.48670444751328, 23.67756352347821], [121.4866553541235, 23.67732969925241], [121.48682515818281, 23.677163948665953], [121.48689608102421, 23.67694134147196], [121.48702701540289, 23.676794245004253], [121.48706359514688, 23.676753149904442]], [[121.48454142397406, 23.68048871442394], [121.48456434340747, 23.680458510508135], [121.48526438466583, 23.679921822003937], [121.48539931747719, 23.680262452198473], [121.48554332253413, 23.680526779672274], [121.48573677076159, 23.68113271822672], [121.48558997861048, 23.681265870390288], [121.48550445474366, 23.681377709840884], [121.48430758305003, 23.681237938309373], [121.48414721953507, 23.681067732569748], [121.48460250837822, 23.68049462742443], [121.48454142397406, 23.68048871442394], [121.48412014126103, 23.681038994302607], [121.48413117534626, 23.68105070749576], [121.48353599971293, 23.681290716822623], [121.48290833286468, 23.68154500186813], [121.48249986875173, 23.681354329802772], [121.48214985962811, 23.681190076283958], [121.4815680313121, 23.680918610464175], [121.48185376613698, 23.679916270056683], [121.48213159895097, 23.680090772002284], [121.4824399755036, 23.680164343260394], [121.48299647988809, 23.680252545102928], [121.48317326955623, 23.680301765622435], [121.48331253439933, 23.68033682702211], [121.48353352882772, 23.68044621877752], [121.48363540668862, 23.68054184162384], [121.48377697354033, 23.680674759656608], [121.48388114230774, 23.680785346475126], [121.48426979950263, 23.680403636955873], [121.48438754579455, 23.68047380905074], [121.48454142397406, 23.68048871442394]]], [[[121.50841389086668, 23.68201907616108], [121.50838944660202, 23.681978696080975], [121.50797389698194, 23.68214080638326], [121.50792485877852, 23.68214443575826], [121.50777834082436, 23.682155281139107], [121.50766448248208, 23.682425450332286], [121.50742184703971, 23.683001187741173], [121.50691067344486, 23.68354108099196], [121.5068183566781, 23.683638584310327], [121.50689463216978, 23.683944631402827], [121.50559440482671, 23.6847347911771], [121.50559328017927, 23.68499154736322], [121.50559177441671, 23.685335239194206], [121.50582934347543, 23.685726578444868], [121.50675123754309, 23.685393276005957], [121.5068662090851, 23.685261057022956], [121.50766478962497, 23.684780526563788], [121.5087134950801, 23.684149477472285], [121.50876980782427, 23.68411559139648], [121.50954986520934, 23.683895555493663], [121.50841389086668, 23.68201907616108]]], [[[121.48391575746153, 23.68550570115312], [121.48404248633338, 23.68537014815738], [121.4841382417937, 23.685375709136522], [121.48432912182295, 23.685409840633813], [121.48433907576168, 23.68556459707921], [121.48435764079743, 23.68560034188297], [121.48438585434104, 23.685604307988008], [121.48445869658539, 23.685540935261503], [121.48449708158896, 23.685474157739097], [121.48449053987704, 23.68535935620026], [121.48447370140381, 23.685291956817753], [121.48458197662389, 23.68510854035333], [121.4845819777971, 23.685041112793748], [121.4845819783731, 23.68500802142707], [121.48473451283644, 23.685024804639344], [121.48476726749813, 23.685028408581314], [121.4847877226693, 23.68505823294795], [121.48478431806207, 23.685118706655736], [121.48474559875632, 23.68522767217842], [121.48473156921426, 23.685252992452018], [121.48470122325837, 23.685307760268323], [121.48467274694492, 23.685450455860604], [121.48469931824935, 23.685490320210846], [121.4848190050687, 23.685569578729435], [121.48484777145978, 23.685538061017454], [121.48485219769921, 23.685533211434787], [121.48491974094664, 23.685588243823354], [121.48491869407424, 23.685616937633466], [121.48491752387191, 23.685649011791888], [121.48502106582917, 23.685766408084195], [121.4850662397071, 23.685767264457045], [121.48508279212464, 23.68576757824218], [121.48511228167978, 23.685746228758962], [121.48514105404577, 23.68572539848551], [121.48517507738002, 23.68576563258964], [121.48521352614392, 23.68581109992124], [121.48524675199414, 23.6858503908972], [121.48542787427638, 23.685881111273726], [121.48544475322491, 23.68585922530308], [121.48546954543495, 23.68582707864064], [121.48586327203361, 23.685316552916714], [121.4859512746198, 23.68517180119668], [121.48588517509693, 23.685098921990427], [121.48599738739189, 23.684967873647487], [121.48608055826175, 23.685001302534328], [121.4863403877413, 23.68517889612178], [121.4864785699429, 23.685168872555263], [121.48675963543161, 23.685208280045476], [121.48732499878057, 23.685486938200516], [121.48729593617509, 23.685539555553866], [121.48769562501631, 23.685547977268833], [121.48819118024353, 23.68545718419271], [121.4884946946481, 23.68548987187367], [121.48853203883819, 23.685238718745836], [121.4884868115487, 23.68490195339784], [121.48851577779875, 23.68483413910397], [121.48853879817628, 23.68447787097198], [121.48791063165504, 23.68449870528191], [121.48763771419202, 23.68485255483473], [121.48736534220195, 23.685208470000333], [121.48693729760254, 23.68501725756072], [121.48660222079344, 23.68486757752976], [121.48693328494427, 23.68453521829897], [121.48693927464679, 23.68452964618557], [121.48715278028068, 23.684316771622104], [121.4871740820928, 23.68429553271932], [121.48732203152387, 23.68414801994933], [121.48673534086316, 23.683798473096317], [121.48654551117221, 23.68394668007471], [121.48652694496342, 23.683961175362263], [121.4865215112567, 23.683965417492306], [121.4858201391022, 23.684512979405568], [121.4853256805178, 23.684502041569495], [121.48484499280448, 23.684505696231188], [121.48484121442397, 23.68462427740918], [121.48471639231055, 23.684920084680233], [121.48461484270058, 23.684895977066088], [121.48454069409915, 23.685001134500112], [121.48453580441463, 23.685036275215563], [121.4845249816378, 23.685114055246604], [121.48443739019909, 23.685278778282786], [121.48440297276342, 23.685343503028044], [121.48378121632295, 23.685327811470337], [121.48377099111254, 23.68534099682087], [121.48363866335043, 23.68551163241803], [121.48345433349144, 23.685858561203403], [121.48341666733086, 23.68598495951604], [121.48340775878553, 23.686018054184167], [121.48359469240593, 23.686167842602078], [121.4836517164348, 23.686087534729314], [121.48366024058565, 23.686040598677707], [121.48364095231287, 23.68593355732662], [121.48366898775194, 23.685803938338278], [121.48369625855985, 23.68574892533636], [121.48369737952056, 23.685704531697244], [121.48379171851832, 23.68558101736366], [121.48391575746153, 23.68550570115312]]], [[[121.50103912268271, 23.685996932636492], [121.50093581399418, 23.685985591423005], [121.5008913085048, 23.686268157637258], [121.50090938277663, 23.686248576942724], [121.50103650052087, 23.68600867071419], [121.50103912268271, 23.685996932636492]]], [[[121.4912616599712, 23.685808239084558], [121.49097707359716, 23.685645974531354], [121.49090461971761, 23.685636650771457], [121.49075953823443, 23.685474404050645], [121.49055915590547, 23.685046551546392], [121.49065775956785, 23.685021904083452], [121.4907740404758, 23.68504688206805], [121.49083398733876, 23.68498651802563], [121.49077348064444, 23.684844563903297], [121.49107454237749, 23.684646301129025], [121.49099875685334, 23.684435392207643], [121.4909454921274, 23.684287155778687], [121.49082517185406, 23.68433815776584], [121.49064241003046, 23.68429347989821], [121.49058309968679, 23.68433519547592], [121.49068562504448, 23.684444491506333], [121.49066008326857, 23.68457304731392], [121.49068814048302, 23.684711031899038], [121.49062412459034, 23.684837000675657], [121.4904150681653, 23.68492433008529], [121.4903878171244, 23.685023228621656], [121.49050754519239, 23.685225647978154], [121.49022581539329, 23.685607503973205], [121.48999241701802, 23.685775057681113], [121.49000745410515, 23.686000102990278], [121.49032274321189, 23.68578518195266], [121.49042023374568, 23.685822012498726], [121.49053965605, 23.686089365486815], [121.49077297833342, 23.686368574663412], [121.4912616599712, 23.685808239084558]]], [[[121.50003240083184, 23.685862618777264], [121.4999297161859, 23.68583228539067], [121.49994050014183, 23.685945248392148], [121.49996966500277, 23.68613718008639], [121.4999877919647, 23.68636837247201], [121.50006181022968, 23.6865514004968], [121.50011308382086, 23.686608952834238], [121.50025528692235, 23.686586217240933], [121.50018885659686, 23.68653685870561], [121.50013391283267, 23.686285369081272], [121.50008988155909, 23.68589723368126], [121.50003240083184, 23.685862618777264]]], [[[121.50257730702359, 23.68708290883854], [121.50266969458978, 23.687025252274466], [121.50275189008771, 23.687030430363208], [121.50325628367263, 23.686916570828036], [121.50420715027487, 23.686814024653223], [121.50437221000527, 23.686832603041665], [121.50460632253345, 23.68678385651589], [121.50474954742684, 23.686634264159242], [121.50465958197044, 23.686474776703307], [121.50471607360312, 23.686422572460486], [121.50489833188001, 23.686199125192203], [121.50480943853766, 23.68615273139781], [121.50470568685593, 23.686038970181986], [121.50508182737221, 23.686024750133285], [121.50526359958297, 23.686067770671915], [121.50512265818335, 23.68590318546299], [121.5048672665297, 23.685685544490795], [121.50369569764075, 23.685812967066433], [121.50351706216993, 23.685879491929327], [121.50326529824854, 23.686004035355847], [121.50282801244926, 23.685987107417365], [121.50245439536651, 23.68576907870796], [121.50246204233325, 23.685784232839488], [121.5019046657639, 23.685720827672395], [121.50183028536495, 23.685497447934985], [121.50156611798488, 23.685696623247555], [121.50169960620956, 23.685710593250434], [121.50219604897585, 23.685928857632888], [121.50239336297871, 23.686162096161855], [121.50237807688394, 23.686518358741925], [121.50223087420534, 23.68661558050219], [121.50171216926647, 23.68659693596121], [121.50146428792303, 23.686622091958633], [121.50127424519953, 23.686739524579835], [121.50157469882882, 23.68708349566264], [121.5018221791943, 23.687122542006403], [121.50240108374342, 23.68711675512233], [121.50257730702359, 23.68708290883854]]], [[[121.48803494387504, 23.68690184529218], [121.48770704560243, 23.68646632734464], [121.48655409627423, 23.687241164602312], [121.48758018035699, 23.68778724238072], [121.48842285287255, 23.68717963168947], [121.48803494387504, 23.68690184529218]]], [[[121.50094078513804, 23.687502340865677], [121.50091185840223, 23.68731674749709], [121.50076712157605, 23.687318028274603], [121.50083529804554, 23.686966335382476], [121.50113905624617, 23.686693811269922], [121.50144510441461, 23.68655658032498], [121.50170842623851, 23.686469240907016], [121.50183480728806, 23.686557792115853], [121.50211434894167, 23.686535277909567], [121.50221889733388, 23.686362977115465], [121.50214647140078, 23.68609196853441], [121.50205130892358, 23.68605714246778], [121.50201481427533, 23.686133913979475], [121.50208543079188, 23.68622405438275], [121.5020515707114, 23.686235929868378], [121.50190085109875, 23.68610813332555], [121.50179072611249, 23.68596288611776], [121.50155194133048, 23.685856142877185], [121.50141437071086, 23.685920897952958], [121.50138229326731, 23.68598108550113], [121.50144295005808, 23.6860436546268], [121.50146389695378, 23.686149884548794], [121.50157742301914, 23.68609972707933], [121.5017010101257, 23.68609097427315], [121.50187368311785, 23.6862393869349], [121.5020345410239, 23.68642101285034], [121.50191594641325, 23.68650984326717], [121.50182337945222, 23.686538505569644], [121.50150658766623, 23.68623463461076], [121.50140440567121, 23.68615634379389], [121.50132965860548, 23.68613729832326], [121.5012071266898, 23.686196478351086], [121.50108972569, 23.686230755799375], [121.5010422508992, 23.686230945523914], [121.5010069142777, 23.686249038000323], [121.50090495549256, 23.686347466592323], [121.50102629898386, 23.686344229701323], [121.50138374231584, 23.68623996260206], [121.50144452730099, 23.68632323643323], [121.50147324070178, 23.686450254682526], [121.50133544516339, 23.686487081528156], [121.50104969706003, 23.686638143301877], [121.50095979083106, 23.686737228220288], [121.50084839830923, 23.686789130107094], [121.50075865589821, 23.686915818203662], [121.50063365468404, 23.68701682235656], [121.50067111357863, 23.687267311817703], [121.5006404889561, 23.687317823694947], [121.50073431489166, 23.687516291329437], [121.50074022828386, 23.687632267851924], [121.50087611405536, 23.687798769654357], [121.50121537893342, 23.68793754212732], [121.50146089422498, 23.688157451403388], [121.5014141084462, 23.688417902284723], [121.5014120178588, 23.68858428141357], [121.50136145290782, 23.688710138660454], [121.50118278546212, 23.68898288143285], [121.50138250225491, 23.68909735464106], [121.50168119597151, 23.688319462208522], [121.50187009273422, 23.687991460021], [121.50125637937259, 23.687720606119544], [121.50094078513804, 23.687502340865677]]], [[[121.49402166727904, 23.689562322243628], [121.4942673127358, 23.689425767584243], [121.4943542842233, 23.68946470599493], [121.49444810181737, 23.68940001557046], [121.49452935228558, 23.689258061852495], [121.49458427019103, 23.689122449790297], [121.49489498023122, 23.688930993348325], [121.49498200685574, 23.68884151968629], [121.49499790840744, 23.688853893741275], [121.49512424380998, 23.68885547638224], [121.49515518461472, 23.688851756533545], [121.49547286431613, 23.688813556032187], [121.49604165147188, 23.688619113236722], [121.49613200433868, 23.688655096135093], [121.49626600201516, 23.68853855369242], [121.49650644407293, 23.68837802025045], [121.49654272606197, 23.688342534532826], [121.49649130020039, 23.688306725049184], [121.49642064494168, 23.68825751389226], [121.49631752456148, 23.688143302530467], [121.49627962875988, 23.688102013721565], [121.49625877564779, 23.688004017869556], [121.49638356335254, 23.68793098290764], [121.496488379261, 23.68793609180589], [121.4966949486191, 23.687784696386316], [121.49677356275043, 23.687682850917895], [121.49680557670244, 23.6876026185445], [121.4968122545878, 23.68758464605166], [121.49679066125564, 23.6874880432196], [121.49706877640077, 23.687328760573102], [121.49715252438448, 23.687249457289596], [121.49731632854292, 23.68709435807804], [121.49743902536136, 23.687202284435195], [121.49751758005013, 23.68723511694878], [121.49764582979284, 23.68725326092543], [121.49774546926022, 23.68756912509802], [121.49762895267389, 23.687630368852478], [121.49756482406352, 23.68762165355906], [121.49728975947248, 23.687786426389284], [121.49715460927506, 23.68789334773341], [121.49692527781387, 23.688012354988473], [121.4970992163812, 23.688076196633997], [121.49720497506854, 23.688009145590847], [121.49749537189606, 23.687892641640193], [121.4976360252124, 23.68782785301262], [121.49782686610122, 23.687849859048395], [121.49789575899149, 23.687904836184334], [121.49791601905677, 23.68788747011532], [121.49799357654452, 23.68786921547694], [121.49805994903592, 23.68816449028612], [121.49804657661218, 23.688201139743605], [121.49793738764876, 23.688227135260824], [121.49789438837254, 23.688218334106082], [121.49787636761721, 23.688231530275793], [121.49782480252503, 23.68831944678776], [121.49777518704323, 23.688350045439872], [121.49767567923188, 23.6883511418298], [121.49770335847202, 23.688309597466784], [121.49771717260538, 23.688213540148315], [121.49769415100248, 23.68813352963082], [121.4976523903355, 23.68807638838206], [121.49759382952038, 23.688124271502012], [121.49757125011634, 23.68812989732718], [121.49735443436687, 23.68857889191898], [121.49813369795967, 23.688279517328052], [121.49806065598914, 23.6880070369406], [121.49806681455529, 23.687748749330247], [121.49811144130571, 23.687343903144516], [121.4981996721978, 23.687350463841266], [121.49839019999368, 23.68688704191972], [121.4974912212325, 23.686367175311656], [121.49751362746086, 23.686181307942736], [121.49763616942478, 23.685542052921566], [121.49759308172305, 23.685375087472156], [121.49795665733735, 23.68542964124133], [121.49906804427943, 23.68565251088883], [121.49916791587455, 23.68558514339636], [121.49919890102416, 23.685456595855104], [121.49891151897786, 23.68485489690146], [121.49945608238247, 23.68465189642413], [121.4994283122018, 23.684395831055483], [121.49865274210792, 23.68409356822869], [121.49851166747756, 23.68392215078272], [121.49783564327723, 23.68333357414832], [121.4978361215382, 23.68328384596063], [121.49770110031405, 23.682854158359618], [121.49789356068773, 23.68294836986953], [121.49793081685344, 23.682590962242422], [121.49741279806584, 23.682715566364813], [121.49769054473218, 23.68285005666842], [121.49670785367253, 23.683530395006642], [121.49640479121945, 23.68365030610479], [121.49615609268047, 23.683792806385465], [121.4959837895656, 23.68399168699657], [121.49587158376359, 23.684007288455632], [121.49555759664459, 23.68421289782542], [121.49626606507545, 23.684675759037596], [121.4968291731855, 23.68426545826984], [121.49749697486642, 23.683702894234976], [121.49798078627808, 23.683996638177188], [121.498004746795, 23.68425204790933], [121.49777924459836, 23.684507735908433], [121.49783873652098, 23.684791330573514], [121.497306928536, 23.685129648904358], [121.49620906765131, 23.685825428250453], [121.4959012842734, 23.68602048606736], [121.4961332429588, 23.68628617390115], [121.49633037308634, 23.686956025616166], [121.49635652773918, 23.68706364821525], [121.49622124581043, 23.68729142286606], [121.49617001666178, 23.687447701732758], [121.49610332191743, 23.687525336174563], [121.49609454934759, 23.687580626124856], [121.49579486758998, 23.687798705346413], [121.49566900660729, 23.687961525714414], [121.49546632996473, 23.687835243633344], [121.49516546476717, 23.687973927164276], [121.49482339881035, 23.68817008948883], [121.4946315684534, 23.687487044598235], [121.49458598445064, 23.687138047223836], [121.4949565179542, 23.687031920033256], [121.49534745934524, 23.68697372865041], [121.4953714328167, 23.68678922003732], [121.49533455233879, 23.686647788191223], [121.49530114398578, 23.686600245238235], [121.49502942399135, 23.68637269836141], [121.49492472731148, 23.686234959606622], [121.49512975804188, 23.685779658010215], [121.4950975544359, 23.685669273354616], [121.49501450461902, 23.68548655162522], [121.49462967731638, 23.685394097879183], [121.49456722318055, 23.685277705624856], [121.49457951227379, 23.68496357667813], [121.49470746838139, 23.684966924359465], [121.49487234952461, 23.68493382739519], [121.49506784251457, 23.684841216862335], [121.49527051502147, 23.684827322262198], [121.49540206693105, 23.684759828769124], [121.49527977024616, 23.68441632312438], [121.4951411780365, 23.684124672952013], [121.49493149443995, 23.684242196764988], [121.49488848876611, 23.684231299876426], [121.49492411119232, 23.6839610891009], [121.49504679437386, 23.683627021802625], [121.495052016935, 23.683311326125892], [121.49499812873192, 23.683027333088226], [121.49496407529193, 23.68280829964681], [121.49524925738987, 23.682632220472655], [121.49474675276456, 23.68146452272378], [121.49474677550921, 23.681342991624412], [121.49503033587762, 23.681294110700968], [121.49523836598195, 23.681176167664482], [121.49498388629928, 23.68051982502164], [121.49488726385366, 23.68028585760331], [121.49504550783385, 23.680218026316794], [121.49525591760022, 23.680183013662727], [121.49543029885469, 23.680258025749577], [121.4956967957215, 23.68037257297629], [121.49596125445503, 23.680123707040487], [121.4961403997615, 23.680009119539715], [121.49618365166741, 23.67998145388654], [121.49637209247157, 23.67982282096334], [121.4966737744773, 23.68001696814266], [121.49684253054261, 23.680146960584494], [121.49670679829096, 23.680409176554587], [121.4965478932008, 23.68059245663333], [121.49637195524835, 23.68070775218728], [121.49630789418488, 23.682496356759387], [121.49654042176692, 23.682613124232176], [121.49702706844688, 23.682520236742835], [121.49726724387418, 23.6826576024482], [121.49732892983472, 23.682682163872347], [121.49679212187922, 23.682189076115414], [121.4969364186557, 23.681067239429943], [121.49723131476199, 23.68091556894032], [121.49737968973717, 23.681074277486307], [121.49753145954817, 23.681093736701598], [121.49773056029468, 23.68093317166572], [121.49788244018622, 23.681020515615945], [121.49804083094924, 23.68164591942379], [121.4980268736454, 23.682247108762038], [121.49856012384451, 23.680326243913914], [121.49813447216862, 23.680254084376898], [121.49785003000983, 23.680353955578752], [121.49805093594145, 23.679725960854142], [121.49785491551927, 23.679462065331524], [121.49749452041415, 23.679370488012843], [121.49713590317256, 23.678906509363312], [121.49720638448562, 23.678050852339766], [121.49684116272263, 23.67813107941336], [121.49640967765592, 23.67831117002812], [121.4962218476107, 23.67835576465731], [121.49615607076137, 23.678319567507327], [121.49604677848255, 23.678297957242844], [121.49574880929039, 23.678410933903233], [121.49574732222159, 23.678414378987416], [121.49568877586924, 23.67853272931989], [121.49554816264164, 23.678553803110077], [121.49562209900361, 23.678673788311663], [121.49578470395664, 23.67873856189137], [121.49561839921823, 23.679075722193982], [121.49567663965018, 23.67918806425244], [121.49561749072, 23.679151455587682], [121.49554646153163, 23.679107493175025], [121.4953036524708, 23.678957211512287], [121.49510589487494, 23.67878474391065], [121.49419405670821, 23.678948827275367], [121.49392679599376, 23.679036834623233], [121.49381394433108, 23.679119536496604], [121.49330926122654, 23.679129767973997], [121.49313442944774, 23.678991474565297], [121.49235369082143, 23.678702632044992], [121.49203988887778, 23.67873854710078], [121.49219479845087, 23.678916581694356], [121.4923002707422, 23.679190407088267], [121.49254554209884, 23.67956806320046], [121.49240774451836, 23.679438319747526], [121.49207448792542, 23.67928289362034], [121.49159097751725, 23.679370662752167], [121.49161564806352, 23.679628139357373], [121.49168436345948, 23.679781634288823], [121.49159568336619, 23.679829413024184], [121.4914993534898, 23.67988131367296], [121.49139356158219, 23.679922124332133], [121.49121948642549, 23.67998927596655], [121.49087137440264, 23.679993494799554], [121.49070370388841, 23.67984461386308], [121.49055488546932, 23.679712471966614], [121.49054820904898, 23.679827142462603], [121.4905351867364, 23.680050806003607], [121.4907200004495, 23.68027631594383], [121.4913802485915, 23.680636251608387], [121.49154559389476, 23.680597395791967], [121.49200709076942, 23.68062559320604], [121.49203035210694, 23.68095940243096], [121.49216870127681, 23.681343349228804], [121.49193196312916, 23.681333762264885], [121.49182278045795, 23.68120312380775], [121.49176459737797, 23.681189294413745], [121.4917051523695, 23.681060963060784], [121.49154058405348, 23.681103229822796], [121.49134188644956, 23.68112466474712], [121.4911361738888, 23.681129127717625], [121.49114687001, 23.68134924753601], [121.49143639811079, 23.68163721716675], [121.49126377343276, 23.68184044598703], [121.49129728468192, 23.682010604177687], [121.49121324453643, 23.68211425204549], [121.4912399541181, 23.6824896593805], [121.49134462521432, 23.682758711105528], [121.49213743150499, 23.682818670635807], [121.49213771052969, 23.68291408682791], [121.49213902547015, 23.683231052993612], [121.49258666786511, 23.683418757452213], [121.49274881393157, 23.683652752556117], [121.49307512245697, 23.683735401497856], [121.49335199848115, 23.684100720075072], [121.4931278692364, 23.684421537450813], [121.49305460041116, 23.684403928000293], [121.49292073740956, 23.684571701909494], [121.49273648709905, 23.68465063007411], [121.49258841768616, 23.6848370952695], [121.49260238986191, 23.684979394428563], [121.49260942793563, 23.685051068919336], [121.49254324407987, 23.685309646787644], [121.49270468993817, 23.685360538531125], [121.49275029342957, 23.685374914131046], [121.49302355808953, 23.685422615292094], [121.49320801738806, 23.685378215760313], [121.49353014425206, 23.685403574388094], [121.49390086063953, 23.686056378886285], [121.49385192283653, 23.686069050140844], [121.49295105424775, 23.686324806599714], [121.49299517113434, 23.68638605921484], [121.49291968922589, 23.686604629030704], [121.49324373528108, 23.687270775958233], [121.49396717387278, 23.686630592823246], [121.49440960091523, 23.68695020543429], [121.49449992671613, 23.687047130951363], [121.4937118053652, 23.687825767714976], [121.49367204625317, 23.687859792021325], [121.49403618619924, 23.687851795242427], [121.49423795461136, 23.688039321637298], [121.494274375077, 23.688074358071972], [121.4938677222357, 23.688265550417313], [121.49396276074918, 23.68830664852864], [121.49421347075733, 23.688448247189523], [121.49434977618981, 23.688538027984148], [121.49413456492123, 23.688838049891775], [121.49427535847946, 23.688898379554438], [121.4944046956976, 23.688715412942997], [121.49456508731046, 23.68862148838051], [121.49461527043236, 23.68862682719388], [121.49447350880422, 23.68871038941635], [121.49437849619336, 23.688858617551293], [121.49416503425552, 23.689115526058032], [121.49408771092038, 23.689167693649832], [121.49396722185755, 23.68930500463051], [121.49402166727904, 23.689562322243628]], [[121.49444891614637, 23.688915758482008], [121.4944874568386, 23.688784668449628], [121.49451959232158, 23.688796159980207], [121.49455082896512, 23.68873039614568], [121.49459666494532, 23.688708768063773], [121.49459984190788, 23.688732226142015], [121.49459169159555, 23.68875506123043], [121.49459085343598, 23.68885794846262], [121.49460098458573, 23.68892888965054], [121.49458262772414, 23.688985736149032], [121.49458376007647, 23.689039071048384], [121.49451771025196, 23.689207713233568], [121.49424242701873, 23.689423120042765], [121.49434423478473, 23.68907943118791], [121.4943957097189, 23.68901374725034], [121.49444891614637, 23.688915758482008]], [[121.49231298346474, 23.68137419674885], [121.49222650119523, 23.68091207747613], [121.4923647450644, 23.68087275609513], [121.49267403650403, 23.68083540088501], [121.4929521709143, 23.68077244562677], [121.49295443570205, 23.680772429389176], [121.49310204742213, 23.680969511834295], [121.49333290405536, 23.68110229924019], [121.49344655794704, 23.681162174488765], [121.49323801328791, 23.681407255283318], [121.49330236880805, 23.681500778857497], [121.4930966751346, 23.681847371556877], [121.49345771616443, 23.68225864525904], [121.49380133196283, 23.682321787563694], [121.49389739380398, 23.682419778817376], [121.49391525036584, 23.682602925891423], [121.49383372490364, 23.682725619843136], [121.49370342753691, 23.68266745040415], [121.4937610690871, 23.682495241431578], [121.49345057763591, 23.68249858771432], [121.4932646195447, 23.68258402332552], [121.4928896888683, 23.68262063151049], [121.4927914319965, 23.68273190139401], [121.4925810708023, 23.68272623169871], [121.49256998903486, 23.682675890121224], [121.49272535683616, 23.682551165007776], [121.49282440682872, 23.682306343044743], [121.49279858164637, 23.68208163929719], [121.49277244335275, 23.682034822078478], [121.49298761074942, 23.68173038651564], [121.49274202552182, 23.68146393332573], [121.49231298346474, 23.68137419674885]]], [[[121.49918855680541, 23.689560858441443], [121.499155387246, 23.689486416095665], [121.49913263845134, 23.689499112957552], [121.49911096100172, 23.6894918507073], [121.49910647387505, 23.689417993125076], [121.49903468637429, 23.689280241515192], [121.49900851099534, 23.689219474661094], [121.49886782913005, 23.689088527624214], [121.49884035480189, 23.689026500764037], [121.49903358019489, 23.688885926717948], [121.49903305365058, 23.68882477019403], [121.49891021683717, 23.688825274363236], [121.49866818487592, 23.688832492152038], [121.49855221905207, 23.688863358883726], [121.49844293213575, 23.688871413043366], [121.49838985595314, 23.68881431745876], [121.49837176830493, 23.68881506193087], [121.49833041780974, 23.68869302303058], [121.49838985776762, 23.6886597739663], [121.49834359534138, 23.688524919657223], [121.4982217704069, 23.68869903426002], [121.4981495522059, 23.688711050370557], [121.49805533112179, 23.688847124169296], [121.49805906387999, 23.688864431147504], [121.49797989628944, 23.68882540652031], [121.49787058940088, 23.688768708286958], [121.49777076219655, 23.688796858781842], [121.49770302815473, 23.688822684757653], [121.4976457414177, 23.688971407608587], [121.49765436800082, 23.68903558112574], [121.49777485497012, 23.68892985326013], [121.49807486313124, 23.688937656427868], [121.49838855548221, 23.688934118804784], [121.49876662370924, 23.68910749095653], [121.49875517830795, 23.689129993737925], [121.49916309626104, 23.689592743150214], [121.49918963893461, 23.68962370172243], [121.4991825115717, 23.689817429997706], [121.49920843176595, 23.68977232431173], [121.49918855680541, 23.689560858441443]]], [[[121.49995418710058, 23.68905912677663], [121.49976180096267, 23.688896996336734], [121.49975622419262, 23.688982643060537], [121.4998567727405, 23.689033318315296], [121.49984045319029, 23.689091576493453], [121.49990493672207, 23.68918300181141], [121.49992228607468, 23.68926390616297], [121.49988339735445, 23.689353687678455], [121.49977838966038, 23.689592221292774], [121.49978839087399, 23.689775121859157], [121.49978042324119, 23.68982770047302], [121.49936102118174, 23.689950457984313], [121.49907731479338, 23.690004060993562], [121.49905361428874, 23.690045005837995], [121.49921862973918, 23.69010519870263], [121.49932034908504, 23.690118063129592], [121.49946059814586, 23.690052307967736], [121.4998653979226, 23.689864484105048], [121.49989352671982, 23.68984841071679], [121.49986056904106, 23.689770509469273], [121.50017942190983, 23.689198323765197], [121.49995418710058, 23.68905912677663]]], [[[121.4916252772766, 23.69036375130974], [121.49180565083745, 23.690252736087203], [121.49167323811174, 23.69013156245457], [121.49156514217299, 23.690073140266296], [121.49155721551172, 23.689854646328623], [121.49149176681216, 23.689726577946868], [121.49137521301174, 23.689656019436118], [121.49122802530032, 23.6900382447415], [121.49121832151513, 23.69022526286432], [121.49128517417915, 23.690256844396853], [121.49130739048219, 23.690376760757555], [121.49154375695514, 23.69034557143645], [121.491532866174, 23.690377769851295], [121.4916252772766, 23.69036375130974]]], [[[121.48630090376464, 23.691377878902763], [121.48626914172827, 23.69134541749061], [121.48623813041942, 23.69135681105547], [121.48622015227085, 23.691363414056628], [121.48624461856194, 23.691485753114716], [121.48625690054014, 23.691495231867442], [121.48628114002634, 23.6915139465865], [121.48642249460437, 23.691506188515437], [121.48648635822285, 23.691435104590365], [121.48630090376464, 23.691377878902763]]], [[[121.48687668055497, 23.691636378188758], [121.4867866062471, 23.69160137325999], [121.48668497101787, 23.691738204020613], [121.48691194359922, 23.69182757088961], [121.48694004270438, 23.691668089958096], [121.48687668055497, 23.691636378188758]]], [[[121.49344078756181, 23.691033958787592], [121.49303265748475, 23.69102510044044], [121.49293744384654, 23.69102661356562], [121.49296338039089, 23.69123152713392], [121.49296933124684, 23.691278542152528], [121.49298392698535, 23.69139385747744], [121.49344951169799, 23.69151599117204], [121.4933293916055, 23.692143731173264], [121.49347083014847, 23.692077390663385], [121.49352532506367, 23.69207387598167], [121.4937831395664, 23.692056042028646], [121.49375954969987, 23.69198561598625], [121.49348849219885, 23.691176380488265], [121.49347165683467, 23.691126119686228], [121.49344078756181, 23.691033958787592]]], [[[121.48927411375702, 23.688539980648446], [121.4895794290133, 23.688532983819133], [121.48995273562272, 23.68854773155355], [121.49017626227692, 23.688376777853993], [121.49034014784574, 23.68830141166918], [121.49045343948727, 23.688194691845947], [121.4910996301584, 23.687540607969602], [121.49189536612697, 23.688270365370304], [121.49222385816898, 23.688579483282055], [121.49208065299877, 23.68869688226814], [121.49226278279261, 23.68889554407357], [121.4912539388284, 23.689204268296315], [121.49125156567703, 23.689201566910192], [121.49099231071767, 23.688872073105557], [121.49156958759022, 23.688486704431973], [121.49058458990284, 23.688669104111792], [121.48994347133933, 23.688745267885704], [121.4899218871083, 23.6892411850555], [121.48976386792427, 23.689627940108107], [121.48963776607005, 23.689815425607765], [121.48962798656227, 23.6898196914683], [121.48927411375702, 23.688539980648446], [121.48912954290202, 23.688796872348192], [121.48867703926658, 23.68911670695232], [121.48874662314734, 23.689260700975783], [121.48722377417948, 23.68984824198562], [121.48742225800731, 23.690362482851654], [121.48760472371394, 23.690555144337495], [121.48775459519682, 23.69058360353072], [121.48777411094434, 23.690634632197337], [121.48769789749309, 23.69067768215246], [121.48775303318463, 23.69082566808964], [121.48865300178883, 23.690567280545896], [121.48856383896823, 23.69173120338074], [121.4886364748933, 23.691867629886538], [121.48866404099023, 23.691902740720742], [121.4887678592414, 23.6919683118963], [121.48887508172635, 23.692007993088637], [121.4889965922275, 23.69209810518826], [121.48902705259187, 23.692112564886305], [121.48907508865392, 23.692167702106065], [121.48911163842597, 23.692176959496127], [121.48914402600396, 23.69222443474876], [121.48921166778275, 23.691999209586136], [121.48908654849119, 23.69187477807788], [121.4890087265081, 23.691778234360996], [121.48891703961826, 23.691628955696526], [121.48887220345905, 23.69151934107308], [121.48882542407156, 23.69128016517639], [121.48884177996622, 23.691201311209166], [121.48885926577043, 23.691125713399835], [121.48886297272176, 23.69111268987538], [121.4888704178933, 23.691039733352245], [121.48897083771887, 23.690919582906137], [121.48914852746422, 23.690826936634902], [121.48916782710029, 23.69082506069266], [121.4892422285024, 23.69081158806567], [121.48947185642312, 23.690655786013995], [121.48955451205937, 23.690623451158125], [121.48956977955686, 23.690707794612347], [121.48957008084675, 23.690720227578513], [121.48962964342228, 23.690705862591837], [121.48965063906186, 23.690714428607933], [121.48970713772266, 23.690717220710678], [121.49003173573868, 23.690731390799822], [121.49010716872226, 23.690763162397886], [121.49020664650858, 23.690761375653956], [121.49031434782228, 23.690785017573102], [121.4903393460594, 23.690783611044708], [121.49043426993804, 23.690896199915], [121.49045986443525, 23.690957295164317], [121.49049618966589, 23.69100625659902], [121.49050869595935, 23.69098646899565], [121.49065299442134, 23.690740755734232], [121.49094630081905, 23.690882612921346], [121.49097470092782, 23.69069747693278], [121.49100385350513, 23.690052762171753], [121.49124956695937, 23.68958204935881], [121.4914625052114, 23.68940355148349], [121.49177103206371, 23.689654085652865], [121.4917838002645, 23.689764541725037], [121.49220137364723, 23.689745914040866], [121.4925252594853, 23.689701505439757], [121.49229150052221, 23.68923516872727], [121.49233773064145, 23.689093598348858], [121.4925635531714, 23.689036047166514], [121.49260116319857, 23.68897262922552], [121.49265197826, 23.68890332703893], [121.49252163633439, 23.68868576433221], [121.49243047729115, 23.688698641668935], [121.49232175501587, 23.688674309155456], [121.49229214002112, 23.688641986628127], [121.4923061517901, 23.68859496950103], [121.49220106790192, 23.68843736478488], [121.49203168415735, 23.688246202200077], [121.49181915700042, 23.688012736778422], [121.49193574107679, 23.687939884927317], [121.49202440673291, 23.687915891198156], [121.49201896088846, 23.687914815905426], [121.49126087380253, 23.6874068269253], [121.49119796375562, 23.68724141242004], [121.4910191125889, 23.68699024911651], [121.49086216140205, 23.686858416152067], [121.49085229943384, 23.687076668631175], [121.48904199853263, 23.687876821817927], [121.48926339715321, 23.688290053831842], [121.48931513579197, 23.68847349162695], [121.48927411375702, 23.688539980648446]]], [[[121.48889596515177, 23.693000265676925], [121.48877424390217, 23.692948575617507], [121.48863431178913, 23.69305173932306], [121.48860790526476, 23.693070071710082], [121.48861433025563, 23.693126053720427], [121.48863230054936, 23.69315419680517], [121.48867842399338, 23.69317751043258], [121.48874942828364, 23.69315457658026], [121.48881045742972, 23.693075536457496], [121.48889596515177, 23.693000265676925]]], [[[121.4876347156041, 23.69290177387597], [121.48755628914907, 23.692774358742653], [121.48768396633596, 23.692605543421568], [121.48777920582384, 23.692629127008853], [121.48778056440793, 23.692609474068274], [121.48789126821562, 23.69265183582335], [121.48791025326534, 23.692660218782194], [121.48791745226752, 23.69264223599299], [121.48778259307959, 23.692453461283947], [121.4879703368229, 23.692382067709524], [121.48788719768683, 23.692358572524977], [121.48783220014971, 23.692313976484513], [121.48783595391612, 23.692271290221438], [121.48788279789196, 23.69222474794417], [121.48773003102426, 23.692153813213604], [121.48762001868948, 23.692054607093883], [121.48757260822461, 23.692041022197163], [121.48745388188816, 23.69196026451724], [121.48736861182027, 23.69190226367937], [121.4872533529932, 23.691826542037187], [121.48748205699543, 23.692123306166923], [121.48727554713241, 23.69226375427134], [121.48719134770812, 23.692319136618348], [121.48742508206928, 23.692581409521104], [121.48750860423661, 23.692774075465937], [121.4874183406901, 23.692875889766498], [121.48727484606707, 23.69275125278013], [121.48720302800761, 23.692803291292048], [121.4872269524259, 23.69292461150387], [121.48724722934766, 23.693027459360867], [121.48750288154358, 23.693255720429217], [121.4875860210614, 23.693070584247927], [121.4876347156041, 23.69290177387597]]], [[[121.48574101670573, 23.69354280444433], [121.48547415312699, 23.692973423864938], [121.48551358182087, 23.69259977694936], [121.4855340872174, 23.692197321342185], [121.48542805760998, 23.691824961208162], [121.48522682882604, 23.691736604072695], [121.48521600128959, 23.69153428200533], [121.48508255091436, 23.691385763954205], [121.48501128385837, 23.691364026927648], [121.48484702470513, 23.69121528009569], [121.4848119002612, 23.69121480314462], [121.48477443630884, 23.691194152086616], [121.48468380388046, 23.69117241232684], [121.48466608400163, 23.691299479831184], [121.4846916531922, 23.6914925545252], [121.48455391602553, 23.69151076514176], [121.48458105638039, 23.6913564255057], [121.48457625399011, 23.691253402402925], [121.48454436919276, 23.69109188825688], [121.48460162077713, 23.69106220899261], [121.48453283508904, 23.690939592971656], [121.48440652121268, 23.69091781119199], [121.48432023009148, 23.69093521953139], [121.4842218818988, 23.691062593345045], [121.4841640539844, 23.69119128515549], [121.48409399379625, 23.691302687154526], [121.48405827022616, 23.691285985498585], [121.48401486742026, 23.691330014648514], [121.48398699936176, 23.691305721514627], [121.48398848967906, 23.691289734251345], [121.48391977661745, 23.69136763169982], [121.48372888195283, 23.69148890137082], [121.48345511638135, 23.691558084292673], [121.48338587063171, 23.691685845286976], [121.4832846075516, 23.69180489318047], [121.48322053931533, 23.692079352833677], [121.48318053966551, 23.69214316698684], [121.48313396580903, 23.69221747070083], [121.48312944433131, 23.69289936408648], [121.4836843722921, 23.693186311618938], [121.48378940859367, 23.69318073538038], [121.4839567249182, 23.693171852771677], [121.48451706700999, 23.693200665873], [121.48459325528465, 23.693221845924214], [121.48490848619973, 23.69345137862656], [121.4849964753084, 23.693537517418044], [121.4854285250423, 23.69369658536636], [121.485515420039, 23.693709451137874], [121.48578938986343, 23.693840335319855], [121.48574101670573, 23.69354280444433]]], [[[121.49626609311903, 23.69391769558503], [121.49629299590747, 23.693820774783486], [121.49636247305692, 23.693829906835816], [121.49646262497856, 23.693961744498065], [121.49659669596898, 23.693946216861697], [121.49669311111944, 23.69408292433552], [121.49682395819607, 23.694044606837934], [121.49694095229079, 23.694128659111023], [121.4970484137834, 23.69394546262643], [121.49729455436513, 23.693902097169133], [121.4976291520563, 23.693804864768232], [121.49767360984598, 23.693727156705112], [121.49751256854884, 23.6936144237088], [121.49737109228955, 23.6930546211392], [121.49744080669164, 23.69294011721696], [121.49730926133974, 23.69261510014427], [121.49709212924536, 23.692472414688257], [121.49705508617846, 23.692465111191552], [121.49690172493911, 23.69243797254159], [121.49668596895194, 23.69228561126973], [121.49643251450483, 23.692204000935902], [121.49634529195927, 23.69200849843642], [121.49647492010399, 23.690898819254432], [121.49629520828512, 23.690875358283137], [121.49612366621332, 23.690914681586168], [121.49602809547753, 23.691081197637892], [121.4959326453542, 23.691186248012023], [121.49571646037174, 23.691431085561632], [121.49533213163882, 23.691311805009704], [121.49520489175607, 23.6912582143338], [121.49514451635918, 23.69125454269795], [121.49502643700305, 23.691211947855713], [121.49486747481404, 23.69115513537912], [121.49481807387349, 23.69111823532444], [121.49468993915757, 23.691050849680188], [121.49461384522019, 23.691023552151368], [121.49451799518904, 23.690968027596828], [121.49436076126092, 23.690828406619215], [121.49435077481581, 23.690795913482237], [121.49436329193838, 23.69075311783582], [121.49439280015854, 23.69074379525706], [121.49453219255531, 23.690874109377535], [121.49482655491063, 23.69106084247017], [121.49497421229357, 23.691120481310058], [121.49501156666331, 23.691085642658933], [121.49481539125846, 23.691002212115464], [121.4945395869857, 23.690804141618422], [121.4943692123884, 23.690627585943894], [121.4942832416735, 23.690471799893224], [121.49421374255706, 23.690503219384013], [121.49420586772388, 23.690484661370984], [121.49403553633752, 23.690686847413218], [121.49392720658024, 23.690918579373616], [121.49398010796229, 23.691278759306066], [121.4940123065451, 23.691705635489136], [121.49398320119705, 23.69188206053576], [121.49432269812623, 23.69187835842991], [121.49408072590873, 23.692103699643777], [121.49501210778246, 23.69231380786649], [121.49531327954327, 23.69197300258715], [121.49612398027583, 23.692635363790654], [121.4957779703137, 23.693236243348167], [121.49544967600262, 23.693065413743874], [121.49525081885662, 23.693280514539563], [121.49534316028259, 23.693341169666233], [121.4953202632963, 23.69338763755591], [121.49532210333567, 23.6934933063352], [121.49530345985575, 23.693586019804602], [121.49530093042786, 23.693708290131802], [121.4953001346961, 23.69374688564556], [121.49540105121422, 23.69376461315916], [121.49544833244457, 23.693782557398297], [121.49552703464818, 23.693760020213286], [121.49575632951179, 23.693620553765548], [121.49592903315386, 23.69337118710313], [121.4959453270504, 23.693225070371156], [121.49614377986197, 23.693082343096485], [121.49643239706145, 23.69344632647393], [121.49614164352792, 23.693710645964398], [121.49618003774124, 23.69379517642194], [121.49613086936479, 23.69381240013109], [121.49608562118173, 23.694023731886617], [121.4960976991999, 23.694041264994144], [121.49598256609228, 23.69421347820038], [121.49597012101532, 23.69432200998371], [121.49602232341584, 23.694339559030084], [121.4961577019144, 23.69415614729115], [121.49618582679987, 23.69403229601001], [121.49626609311903, 23.69391769558503]]], [[[121.4916546462956, 23.69432647362182], [121.49172411745279, 23.694294739308756], [121.4917792541845, 23.69435498197122], [121.4918543342509, 23.694331139809524], [121.4918801783898, 23.694322407242378], [121.49196138683422, 23.694238362544755], [121.49194390161972, 23.69416457313817], [121.49211775568953, 23.694178143098576], [121.49218210005145, 23.69415732373693], [121.49212804383328, 23.69404791101425], [121.49201937330898, 23.69400716218689], [121.49170853933181, 23.694188165970612], [121.49163382039578, 23.694187978856384], [121.49148510176602, 23.694306397101684], [121.49120401859763, 23.694477499173196], [121.49126928932608, 23.694536088029768], [121.49135768794311, 23.69461543700539], [121.49145314163292, 23.694499219652936], [121.49155723808038, 23.694433893335553], [121.49157054499015, 23.694415764577577], [121.4916546462956, 23.69432647362182]]], [[[121.49294608212342, 23.694654353450144], [121.49324164870745, 23.69444226951776], [121.49332404857505, 23.694383143235147], [121.4931658135249, 23.69423360068329], [121.4931296716739, 23.694253900608036], [121.4931062764013, 23.694267041108017], [121.49310076815496, 23.694270134942027], [121.49300954855391, 23.694321370492123], [121.49277657893437, 23.694362224329108], [121.49277082283172, 23.694363233721585], [121.49268209370153, 23.69439123501632], [121.49261786079691, 23.69441150571013], [121.49253519800818, 23.694272458354796], [121.49279183753023, 23.69415460765047], [121.49273001777757, 23.69405120655216], [121.49250895660059, 23.694230165408396], [121.49249963434225, 23.694234380485803], [121.49245145634465, 23.694256164248973], [121.49225015209038, 23.694280669930155], [121.49224963841166, 23.69441565668632], [121.49226353586481, 23.694492292789302], [121.49243735766333, 23.694507389754865], [121.49254766623567, 23.694516970295343], [121.49264316876396, 23.694510761008747], [121.49277892476795, 23.694484088644124], [121.49280088584173, 23.694493635383413], [121.49285307244419, 23.694462659899727], [121.4928954507168, 23.69463990458149], [121.49294608212342, 23.694654353450144]]], [[[121.4896042183959, 23.694560953478142], [121.48951852564623, 23.694486819621925], [121.48915214872528, 23.69462585226446], [121.48917707161831, 23.694677712421782], [121.48923820761253, 23.694666701649798], [121.48929944628797, 23.6946306240499], [121.4893828539419, 23.69462310956855], [121.48951907749445, 23.694576970516817], [121.4896042183959, 23.694560953478142]]], [[[121.48949339836095, 23.694424873977912], [121.48939960863325, 23.694348715907253], [121.48921323819977, 23.69442604843511], [121.48919221245276, 23.694438503635812], [121.48909126140302, 23.694498301288288], [121.48867226149574, 23.69467530643546], [121.4886382659811, 23.694712309136957], [121.48857880062202, 23.694745410106417], [121.48887541876822, 23.694658276141332], [121.48949339836095, 23.694424873977912]]], [[[121.48785386496937, 23.694407971229367], [121.48774897834376, 23.694279574101], [121.48772922646911, 23.694294472143977], [121.48757850314766, 23.69414339216703], [121.48746875967176, 23.69388197535591], [121.48744262812122, 23.693839762447308], [121.48739609408653, 23.69385905193827], [121.4877961014119, 23.69476717462304], [121.4878407700987, 23.694868591058295], [121.48802806981607, 23.69481400308464], [121.48823305915464, 23.694754275374535], [121.48818000046816, 23.694688173626467], [121.48803874558482, 23.694681431310368], [121.4879725687361, 23.694610476735626], [121.48793611772007, 23.694575186113962], [121.48785386496937, 23.694407971229367]]], [[[121.48836511957063, 23.69519152900753], [121.48828097795872, 23.69490162460505], [121.48827767035206, 23.69489023953984], [121.48814440122185, 23.694908367054435], [121.48794543392228, 23.694923694633506], [121.48785995472953, 23.694912126059034], [121.48787271161548, 23.694941098326513], [121.48790718090488, 23.69501303777876], [121.48796488557524, 23.695128761302804], [121.48800399167148, 23.69512383423568], [121.4880630512768, 23.695102834577863], [121.48811176324782, 23.69510748481504], [121.48813607461663, 23.69509780958114], [121.48815078093453, 23.69507614608177], [121.48816296349477, 23.69502447577542], [121.48817466913742, 23.69502650667015], [121.48817976717513, 23.695050003965573], [121.48820002623663, 23.695047547209715], [121.48823472578877, 23.6951523449811], [121.48829850247841, 23.69520269217127], [121.48829962584955, 23.69520945188234], [121.4883195917068, 23.695204612191443], [121.48836511957063, 23.69519152900753]]], [[[121.49118470034142, 23.69517432897707], [121.49137116753597, 23.695109788875282], [121.49142888117527, 23.69512230146288], [121.4915004631226, 23.69512256183573], [121.49158461571007, 23.69514373118639], [121.49161708732501, 23.695189643475373], [121.4915261439445, 23.69523254342784], [121.4914209622579, 23.695256977619447], [121.49137229824406, 23.69530972110377], [121.49169825177492, 23.695174829832784], [121.49161525833058, 23.69510185342382], [121.49122679340765, 23.695011191113895], [121.49109718363088, 23.695050700937433], [121.49103251348448, 23.695071096490864], [121.49098667008677, 23.69510197901344], [121.49087816602122, 23.695126874858406], [121.49080421554133, 23.695125176952903], [121.49065810619862, 23.695092166939425], [121.49066890408164, 23.695040202857037], [121.49059899548476, 23.69502852324314], [121.49059910010727, 23.6950014157223], [121.4902144792602, 23.694934206893738], [121.49015749391123, 23.694961756369974], [121.49021165917425, 23.695100705621787], [121.49030799018455, 23.695226915843826], [121.49057952894245, 23.695466110482116], [121.4906421387264, 23.695447951983244], [121.4905674664501, 23.69542895533117], [121.49049149814411, 23.695370132699644], [121.49050755028664, 23.69534134930691], [121.49057135789825, 23.695334112990643], [121.49075674156076, 23.69526286798236], [121.49098001111004, 23.695219711423388], [121.49116503857209, 23.695179168071355], [121.49118470034142, 23.69517432897707]]], [[[121.49877086375949, 23.695533584601918], [121.49908148800182, 23.695412696216994], [121.49903451374769, 23.69531843307737], [121.4990213474069, 23.69521076923267], [121.4989167886574, 23.695163926022634], [121.49892878615944, 23.695010490779367], [121.49900169389247, 23.694859098592087], [121.49900589389472, 23.6945297176256], [121.49902725164685, 23.694424272155285], [121.4992437348332, 23.694443900095546], [121.49956035198264, 23.694571651390966], [121.4995695005987, 23.69467731453408], [121.49952445952066, 23.694882416037693], [121.49953127886452, 23.695128417287123], [121.49979327921127, 23.695186237682496], [121.49988292882477, 23.695100446006553], [121.50000521207032, 23.69503801708332], [121.50006447989016, 23.69500785608354], [121.50016239537216, 23.694996722207403], [121.50038373755635, 23.694917355578596], [121.50049355809291, 23.69487797693966], [121.50054109019933, 23.694861136387136], [121.50064082495788, 23.69487970404409], [121.50070478931616, 23.694942073016925], [121.50077373618083, 23.694635595078168], [121.50079279375302, 23.694550880891544], [121.50084654918982, 23.694311928296656], [121.50093129092251, 23.693935232977296], [121.500946464591, 23.693576623454287], [121.50074802947006, 23.693272856039926], [121.50056251869299, 23.69290474604761], [121.50064059870697, 23.692724549673454], [121.50047042732339, 23.692601528327533], [121.50027546383829, 23.692562292249853], [121.49997126868375, 23.692314596772725], [121.49979092557503, 23.692509518115013], [121.49935518851048, 23.692980475889005], [121.4994542688762, 23.69308262538759], [121.49938928398674, 23.69329035565898], [121.4993593152015, 23.693457077440947], [121.49921134349991, 23.69372589780309], [121.4991897825622, 23.693765067481248], [121.49834874905842, 23.694114923814116], [121.49809553709935, 23.69424730594421], [121.4978739358435, 23.69436316098451], [121.49792620239067, 23.69453200186624], [121.4969029255139, 23.69491861845972], [121.49727786486291, 23.695085078166265], [121.49738680212087, 23.69514122707993], [121.49761376359581, 23.695273396931384], [121.49770110708177, 23.69545315038882], [121.49773570290286, 23.69544321485164], [121.4979514538859, 23.69537797675483], [121.49815177275404, 23.695349484726787], [121.4983828361343, 23.695231634864385], [121.49828430766544, 23.694965088173564], [121.49835047802354, 23.694872672896725], [121.49839148122688, 23.694752861223932], [121.49836018607414, 23.694567988494402], [121.49846967468557, 23.694361289242213], [121.49857903954262, 23.69443711166999], [121.49867943839284, 23.69444738016398], [121.49873116857133, 23.694859356261112], [121.49870903632093, 23.694980407509615], [121.49872517558244, 23.69515573942985], [121.49865312987095, 23.695190853235815], [121.49851006786689, 23.695212001001213], [121.49866266859975, 23.695458778923015], [121.49876743275549, 23.695453827269446], [121.49877086375949, 23.695533584601918]]], [[[121.49325748788002, 23.695682730214287], [121.49326993872441, 23.695405469513627], [121.49329609577424, 23.695346891729805], [121.493250622771, 23.695212638450613], [121.49339586010004, 23.695021242500818], [121.49341037349441, 23.69500066269302], [121.49357621310453, 23.69487740229515], [121.49379854901984, 23.694669876904467], [121.49390529317816, 23.69461531301964], [121.49402073327222, 23.694641130857914], [121.49418821620814, 23.694579600676942], [121.49432797045678, 23.694440367925647], [121.49430763212258, 23.6944060838553], [121.49428688777938, 23.694321252776557], [121.49450715264653, 23.694204842740174], [121.49457640283867, 23.694156303577284], [121.49460441336795, 23.694150064866577], [121.49461356831293, 23.69414394959718], [121.49460423152108, 23.69409138137981], [121.49455283578482, 23.69378289209638], [121.49437465299484, 23.693978981414105], [121.49405862127033, 23.694257888500914], [121.49393553222073, 23.694372561220824], [121.49385145220442, 23.694443640406554], [121.49357519511113, 23.694559668191083], [121.4935023160099, 23.694610746796926], [121.49349003281267, 23.694653333932393], [121.49347283124847, 23.694707431561255], [121.49337519958438, 23.69480203092483], [121.49324926877743, 23.694878344934107], [121.49315370248772, 23.694896356628675], [121.49308360158177, 23.694948010947105], [121.49302607303483, 23.69499040118546], [121.4929903039832, 23.695064935805473], [121.49297131554925, 23.695104503373255], [121.49315390524433, 23.695164393822775], [121.4930964629636, 23.695336439205892], [121.4930642602652, 23.695354962295383], [121.49306025056505, 23.695357268686205], [121.49310467665386, 23.69537990914502], [121.49308768423371, 23.69542448875196], [121.49308218962808, 23.695572385765168], [121.49297104947426, 23.69562382075059], [121.49288036763801, 23.69571022579022], [121.49281395406102, 23.695806910602293], [121.49285688821365, 23.695803008540167], [121.49297044818073, 23.69578227596324], [121.4929513080816, 23.695701466852856], [121.49304085176433, 23.695638389130096], [121.4931350005484, 23.69561354652644], [121.49318123681829, 23.69564296250513], [121.49320716183152, 23.695687035183408], [121.49318221517159, 23.695707630148714], [121.49308825034107, 23.695744915131673], [121.4930076766179, 23.695836137002686], [121.49297475418949, 23.69585574600616], [121.49303476446109, 23.69593396887957], [121.49312906518472, 23.695886867566966], [121.4932830535049, 23.69577989869919], [121.49329180405826, 23.69573135420395], [121.49324169440469, 23.695712352822014], [121.49325748788002, 23.695682730214287]]], [[[121.50473941789129, 23.69639631575134], [121.50479523221868, 23.69626634093096], [121.50482451546603, 23.696269794115977], [121.50481775625676, 23.69621543933163], [121.50481140185897, 23.696161805602166], [121.50481168682006, 23.696085458598272], [121.50484985899381, 23.695952525362713], [121.50489981489784, 23.695897958534157], [121.50485298243088, 23.69584934187497], [121.50475255108518, 23.695994234775256], [121.50469738385343, 23.696172633731138], [121.50468338421742, 23.696260104880565], [121.5046754749682, 23.696352955931932], [121.50473941789129, 23.69639631575134]]], [[[121.50504839819912, 23.696335892680725], [121.50500374318712, 23.696287485681964], [121.50478951757556, 23.69642753962319], [121.50483592219642, 23.696494894307694], [121.50489204221795, 23.69646991575136], [121.50499682131272, 23.69639224369311], [121.50504839819912, 23.696335892680725]]], [[[121.50203040756956, 23.69690899942258], [121.50242870976892, 23.696781688823798], [121.50247430970825, 23.69659553809845], [121.50266032192071, 23.696456689587432], [121.5026832708837, 23.69641922309768], [121.50273218741114, 23.696418152257394], [121.50281427609332, 23.69642718625362], [121.5029435712026, 23.696490434657782], [121.5030405894499, 23.6965622486595], [121.50305937808679, 23.696636691633525], [121.50316209903538, 23.696676657344945], [121.50332783164498, 23.696619448227928], [121.50329262008721, 23.696558260095824], [121.5033613943164, 23.696511443264292], [121.50344413614995, 23.696506668395745], [121.50349239701586, 23.696518719595655], [121.50361260260856, 23.696520613122065], [121.50365837114484, 23.69643254207764], [121.50362464077439, 23.69631272841397], [121.50366653218823, 23.69602942085123], [121.50382684559096, 23.695978459330412], [121.50386667251881, 23.69598516519414], [121.50407938475847, 23.69602549465975], [121.50414984957567, 23.695893052397974], [121.50420104039591, 23.695914854940455], [121.50428051718961, 23.695900040211704], [121.50432680538322, 23.695860628311948], [121.50436378487403, 23.69577446386879], [121.50469210056293, 23.695678311230875], [121.50476076340276, 23.69575069516503], [121.50499684095882, 23.695449064847978], [121.504992357212, 23.695213864918088], [121.50493820497175, 23.695199639177513], [121.50485046173561, 23.695211691018436], [121.50481108133384, 23.69539756931273], [121.50475869778455, 23.695422571773747], [121.50454277769627, 23.695348500676392], [121.50435294411146, 23.695367187636514], [121.50430530630108, 23.69531302919266], [121.50429881429494, 23.695264857944384], [121.50428797613523, 23.695184439550736], [121.50435814766217, 23.695003896947775], [121.50449489341317, 23.694903591991444], [121.50461927357655, 23.69486182159807], [121.50473126033899, 23.694884057882938], [121.50478577453305, 23.694956758835065], [121.50491491478283, 23.694956933685425], [121.50525065036004, 23.694860656361392], [121.5054976111956, 23.694735222352755], [121.50555704031372, 23.694635277247816], [121.5054412755262, 23.694370299526422], [121.505447882058, 23.694224493501608], [121.50543517840227, 23.69411863468677], [121.50551036568031, 23.694013834352035], [121.50552780586355, 23.693923706178413], [121.50580856974715, 23.69379206626614], [121.50588449033762, 23.693809001733197], [121.5059396764327, 23.693865175745547], [121.5061021328862, 23.693910669150792], [121.5061293949933, 23.693947005829237], [121.50610970414354, 23.694043308704725], [121.5060712759899, 23.69414243591127], [121.50600503735411, 23.694233427948564], [121.50594605508459, 23.694411027151915], [121.50598845624758, 23.6947372127707], [121.50574572003953, 23.6947933850168], [121.50563347871092, 23.694850196258347], [121.50542519928429, 23.695161163789646], [121.50542203462086, 23.69525606719513], [121.50540266083124, 23.695279535413107], [121.50570411630257, 23.69534359192346], [121.5057348363181, 23.69521351813853], [121.50576219420722, 23.695147403634294], [121.5058448447883, 23.69503775690783], [121.50593714176749, 23.69503187496625], [121.50601229563078, 23.695040496513847], [121.50606652582422, 23.695069846363346], [121.50612911496478, 23.695115639031332], [121.50612087760862, 23.69524010419069], [121.50613224526825, 23.695378221363246], [121.50626038962156, 23.695341259206007], [121.5062683104331, 23.695165253578004], [121.50627638132411, 23.695134968677124], [121.50633668907777, 23.694929887668227], [121.5062833160017, 23.694677817668968], [121.50619095773689, 23.69455583049109], [121.50619940085967, 23.694472043426458], [121.5062050957689, 23.69441554405797], [121.50626714930144, 23.694294532853654], [121.50628898378585, 23.69403961633642], [121.5063152444078, 23.693889971597347], [121.50636143590923, 23.693833457168093], [121.50628274287699, 23.69361376013053], [121.50615213388343, 23.69354510095214], [121.50624886340536, 23.693234443036925], [121.50629100279276, 23.69320022716914], [121.50636402096342, 23.693018915860577], [121.50634856665658, 23.692899169404], [121.5064982072183, 23.692876259218263], [121.50667843830267, 23.692931509172524], [121.5068648887075, 23.693040754202382], [121.50702251437504, 23.692782575701017], [121.50705367741723, 23.692722001767052], [121.50707642400798, 23.692632623567516], [121.50706857640272, 23.69261730239469], [121.5070391767928, 23.692559902979106], [121.50706532820186, 23.69253715279687], [121.50717117739079, 23.692532038432443], [121.50721218969674, 23.692487929460892], [121.50723244252785, 23.692434060565265], [121.5072698510679, 23.692334560772874], [121.50718853546564, 23.69224837683493], [121.50676253070755, 23.691943466285228], [121.50674003234218, 23.691782134057732], [121.506597079819, 23.691789665772077], [121.50649150747502, 23.691795227606946], [121.50642543932703, 23.691752083096844], [121.50635061482791, 23.691660568006043], [121.50625087298064, 23.691431169570322], [121.5062137540811, 23.691327936986593], [121.5062209429826, 23.691231702033704], [121.5062655231629, 23.69118219994112], [121.50620098145664, 23.690965165403522], [121.50619804878215, 23.690674960425444], [121.50633121096884, 23.690663978354085], [121.50643679830938, 23.690632029098207], [121.50649806025751, 23.690588468098472], [121.50667855881808, 23.690690987716497], [121.50673534079878, 23.690625279300793], [121.50679933995495, 23.690551219027604], [121.50666216182695, 23.69047176413394], [121.50661353782161, 23.69026087204252], [121.506663325109, 23.690173509324467], [121.5068560657887, 23.69012506627806], [121.50706474782343, 23.690104093318038], [121.50729483269718, 23.690143548950264], [121.50743283855817, 23.69023674377664], [121.50755742782258, 23.69022001877324], [121.50758958519981, 23.690447344403157], [121.50776364660452, 23.690414032026954], [121.50779257061207, 23.690228548420123], [121.50777129487682, 23.689937347170204], [121.50770716254432, 23.689824135400098], [121.50769275145235, 23.689614287271837], [121.50726093122759, 23.68959655047056], [121.50710059705631, 23.68970070949817], [121.50687348039358, 23.689660322817954], [121.50671368791518, 23.689472973834537], [121.50692778727793, 23.689026783736285], [121.50651215242266, 23.688550165568174], [121.50651154754108, 23.68839333064135], [121.50686017840232, 23.688324972802615], [121.50700575226811, 23.688205006195865], [121.50700480083653, 23.687958552607256], [121.5067290925489, 23.687798518646453], [121.50659794038619, 23.687653677885518], [121.5068672485348, 23.687415622448984], [121.50694758688454, 23.6872748753444], [121.50696106668141, 23.687137164353768], [121.50648234417318, 23.68713126323481], [121.50619293060379, 23.686950802752573], [121.50639063112558, 23.686737849986116], [121.5065357903128, 23.686546288641726], [121.50638686642753, 23.686361576430006], [121.50609588042248, 23.686342544912065], [121.5056840159793, 23.686220815450763], [121.5057900569221, 23.686340636480292], [121.50596370957291, 23.68639593601521], [121.50586621125615, 23.686791060338493], [121.50580565212508, 23.68688687369622], [121.50602660152104, 23.686954055255303], [121.50605146093342, 23.68721205201181], [121.5048030415067, 23.68737869740747], [121.50483048508063, 23.687587690773487], [121.50461322877928, 23.687828534854326], [121.50450837973621, 23.688072633369977], [121.50456651696474, 23.688831372556663], [121.50423407644286, 23.689245699833837], [121.50443848698467, 23.689807891609654], [121.505444043067, 23.689890241236753], [121.5056160351997, 23.689889977708887], [121.50585595723481, 23.68982083926718], [121.50632115451661, 23.68986134307821], [121.50614620279443, 23.689994290464302], [121.506075916883, 23.69016420633846], [121.50592615188653, 23.690238025944257], [121.50587035023538, 23.69032200388321], [121.50585799498425, 23.69038801524318], [121.50566417701808, 23.690503199095087], [121.50551438822245, 23.690693257727823], [121.50569071033615, 23.690908121616065], [121.50565765326598, 23.69114403117184], [121.50568041686576, 23.691181105018536], [121.50563775924667, 23.691447295411983], [121.50559900010967, 23.69149347344882], [121.50535414506324, 23.691369563600002], [121.50534093868313, 23.691538082850176], [121.50529502813615, 23.69164203811428], [121.50421698279395, 23.691706575170773], [121.50416730546998, 23.692037666443774], [121.50401564031517, 23.69227891009603], [121.50445854337403, 23.692491661240158], [121.50456130100758, 23.692353090736983], [121.50462289064819, 23.692353603366904], [121.5047148367323, 23.692290068687008], [121.50486494381249, 23.69227383151124], [121.50496473214965, 23.692301597496567], [121.50508095680391, 23.692268819843612], [121.50528800961374, 23.69227451022059], [121.50537647704036, 23.69223713651397], [121.50543601551945, 23.69213784121921], [121.50550791311666, 23.69210592128783], [121.50553849941875, 23.69214753863702], [121.50554986578416, 23.692163321558358], [121.50566892001194, 23.692106614555012], [121.50567014488348, 23.69194090654214], [121.50574931512331, 23.691872627238155], [121.50586042678596, 23.691866855478292], [121.50598193444769, 23.691963473544284], [121.50600439773281, 23.69195308821925], [121.50609545880661, 23.691866249968058], [121.50621446152451, 23.691920942115026], [121.5062820821246, 23.691916594451513], [121.50633999516721, 23.691940153184483], [121.50647759713574, 23.69202237003149], [121.50656683473208, 23.69213139163218], [121.50664008431174, 23.692237744845748], [121.50665966258768, 23.692266172188056], [121.50675736861746, 23.69237676421629], [121.50641719819113, 23.692668678618436], [121.50617519384984, 23.692735612503842], [121.50614585661705, 23.692728132493524], [121.50607555206157, 23.69276891467779], [121.5061128882836, 23.69286230419032], [121.50608039248803, 23.693035139500157], [121.5059095750285, 23.69323954317078], [121.50563563552703, 23.693149274203527], [121.5053281968417, 23.693101237625427], [121.50531106337867, 23.69312329891909], [121.50528475106657, 23.69323684295116], [121.50528108438634, 23.693382224029012], [121.50503706550917, 23.69347654980459], [121.50484217018806, 23.693468462726536], [121.50465340188056, 23.693363060428783], [121.50445917434187, 23.69305148250166], [121.50429331260031, 23.69301249981978], [121.50427347597443, 23.692907765734446], [121.50423650301111, 23.692883099622744], [121.50411572040518, 23.692898608644494], [121.50405311102502, 23.692854747546946], [121.50405684322983, 23.693001937563206], [121.50400598608944, 23.693051432372126], [121.50395334094117, 23.693197126374855], [121.50398173344055, 23.693356995084184], [121.50395945957692, 23.69335807891241], [121.50391621500684, 23.693641029847146], [121.5038556756465, 23.693681842459565], [121.50373040045827, 23.693702232817927], [121.50354799874252, 23.69370481268935], [121.50333959804084, 23.693238113071118], [121.50338906721105, 23.693133415403555], [121.50338018329127, 23.69300292899893], [121.5035303106626, 23.69271302087919], [121.50361223722167, 23.692606240075605], [121.50361902946625, 23.69229691461203], [121.50362676157009, 23.691944776265238], [121.50354288190942, 23.691877100570274], [121.50353167087053, 23.691666510208478], [121.50312601989347, 23.691378860324225], [121.50292215121489, 23.691205700854074], [121.50280921717938, 23.691224542397784], [121.50266974228535, 23.691369200511666], [121.50242939595437, 23.691618477112375], [121.50242758964922, 23.691884434807893], [121.50235147209735, 23.691961705146277], [121.50232163045322, 23.69195350456846], [121.50208753828845, 23.691889176837925], [121.50200095873174, 23.691610078551033], [121.50198421783554, 23.69137327467516], [121.50201348644069, 23.691214184762302], [121.50193621221787, 23.691104254831583], [121.50190718067664, 23.690920061708567], [121.50191668315713, 23.69081775144682], [121.50189232631789, 23.690499497195276], [121.50192476104091, 23.690427389196035], [121.5019009097248, 23.690308084780902], [121.5020186887986, 23.690099938494573], [121.5017771669574, 23.689933274482335], [121.50160117238899, 23.68975851489672], [121.50141473732195, 23.68974337993413], [121.50127076362946, 23.689896475195088], [121.50126777388739, 23.68989926602297], [121.50114723249675, 23.68991056407812], [121.5010208853124, 23.689944707922255], [121.50064748860125, 23.689935874606384], [121.5003892068839, 23.689973812532948], [121.50044024349623, 23.689690900388396], [121.49937750791575, 23.69030222027778], [121.49959752543351, 23.69065210698462], [121.49993585205235, 23.690918845120795], [121.50035481082608, 23.691031636366517], [121.50070640497417, 23.69193310909409], [121.50078809234166, 23.691955951925397], [121.50089659551217, 23.69187290692444], [121.50095739940902, 23.691919393780527], [121.50113617227896, 23.69192491935361], [121.50118342117628, 23.69197290377251], [121.50135026638429, 23.691915639028096], [121.50185251600888, 23.69169482494055], [121.50184042978753, 23.691913888594673], [121.50188923114224, 23.69206397835269], [121.50190584555186, 23.692115075054712], [121.50193413035657, 23.692301356428217], [121.50193742355755, 23.692475411326487], [121.5020037882083, 23.692622037188674], [121.50222417176045, 23.69271355187001], [121.50221735840155, 23.6928600447618], [121.50228585405165, 23.69314066434434], [121.50246095918189, 23.693376222863638], [121.50267562526332, 23.693572102644747], [121.5028120863075, 23.693862987462154], [121.50284829754564, 23.693940176730827], [121.50297782711705, 23.694216284213034], [121.50316641931599, 23.694147822259175], [121.50327442040704, 23.694238138436443], [121.50329907417768, 23.694361611665283], [121.50340731560841, 23.694253688955193], [121.50351258128886, 23.69422385565421], [121.50377453020738, 23.694025542083388], [121.50382669704891, 23.693962047055134], [121.5039158169385, 23.69393075806369], [121.50400476353373, 23.69398205520982], [121.50413868590624, 23.69402767065584], [121.50418916674498, 23.694020028779807], [121.50425494117812, 23.694010072429702], [121.50424494898746, 23.693732994993397], [121.50424218913999, 23.693656465815927], [121.50423857091876, 23.69355944445575], [121.50414828121902, 23.69341111866513], [121.50417824781513, 23.693283720386113], [121.50434989428597, 23.693235701250398], [121.50446924435417, 23.69334747934768], [121.50450525953876, 23.693462237826072], [121.50460430138227, 23.693568546779066], [121.50474062607775, 23.693754502480882], [121.50481710515, 23.69373566098894], [121.50497282623985, 23.69366427907752], [121.50507159210389, 23.69372929581306], [121.50529347528602, 23.693789052748265], [121.5052589642177, 23.693915021300487], [121.50519902148113, 23.69393242750968], [121.50522173440403, 23.694083645976516], [121.50533065853159, 23.694449101587033], [121.50540065522777, 23.69459806175656], [121.50510197563315, 23.694740206754485], [121.50494566422908, 23.694796086738453], [121.50481252502662, 23.69471471185587], [121.5046670064321, 23.69469582659476], [121.50445693671327, 23.694720033569553], [121.50428512879355, 23.694739275720927], [121.50399251781486, 23.695254487867366], [121.50359072392487, 23.695505213632185], [121.50350753773195, 23.69542719672066], [121.50332025202412, 23.695468818593003], [121.50326687252151, 23.69548068106629], [121.5032466460331, 23.69548517588183], [121.50358256720845, 23.69584305919175], [121.5035068727357, 23.695892986782802], [121.50343236726069, 23.696396183183964], [121.50317063837657, 23.69639742234563], [121.5030938383634, 23.69635345351476], [121.50299665566503, 23.696287310726767], [121.50291077513225, 23.696248310549663], [121.50277677070136, 23.696166394963093], [121.50280843241586, 23.69608681273956], [121.50279996434298, 23.695995694476288], [121.50283539247081, 23.695921517832453], [121.50285574564434, 23.695772154705118], [121.50209129866398, 23.695618710962812], [121.50215292572595, 23.695479914243155], [121.50207281685005, 23.695314063715834], [121.50213403203034, 23.694959928070062], [121.50226645532403, 23.69478276021796], [121.50226101853056, 23.694760821238688], [121.5022488104006, 23.69471155778101], [121.50222476564248, 23.694614527683505], [121.50171209934827, 23.694675591741902], [121.50162899575209, 23.694685491197752], [121.50163356257926, 23.694910659058237], [121.50160193736212, 23.694989644980897], [121.50159361746496, 23.695096195303577], [121.501578520742, 23.695282012222645], [121.50137347099476, 23.69543488101635], [121.50118898053772, 23.695461194956124], [121.50098065639192, 23.695591309963397], [121.50095474805858, 23.695637084079216], [121.50088568777957, 23.695596186275083], [121.50092197975573, 23.695825251658874], [121.5014383105051, 23.695567046414467], [121.50159555917317, 23.695766102399904], [121.50166492298571, 23.69591201429437], [121.50185401818977, 23.695781933618573], [121.50197908120731, 23.696159366857696], [121.50201608747172, 23.696366975062315], [121.50187957862498, 23.696796897169886], [121.50203040756956, 23.69690899942258]], [[121.50200911885283, 23.696655017923984], [121.50207364835391, 23.696636568672385], [121.50213266915881, 23.696669949664887], [121.50224366852731, 23.696631150178256], [121.50225334950271, 23.696544722627188], [121.50231029605158, 23.69644346846491], [121.50221988517086, 23.696201919395666], [121.50213385740653, 23.696121788986797], [121.50227675446156, 23.69601899187626], [121.50242410509715, 23.69621137906076], [121.50248790705902, 23.6962309289674], [121.50244614987137, 23.696485936732923], [121.502382750121, 23.69669707620956], [121.5023269152108, 23.696758280082765], [121.50208911384753, 23.69683191213467], [121.50202781542035, 23.696797843226342], [121.50196713018627, 23.696747184750894], [121.50197040325558, 23.69669536173447], [121.50200911885283, 23.696655017923984]], [[121.50233993813438, 23.69224545581615], [121.50233987830299, 23.692229816565984], [121.5023568610201, 23.692229761466816], [121.5023569208535, 23.692245400716946], [121.50233993813438, 23.69224545581615]]], [[[121.49910837500913, 23.697736520287766], [121.49921197405718, 23.697633581774436], [121.49940992460552, 23.69779365388827], [121.49964081532246, 23.697858915952327], [121.49977504629183, 23.697812358962743], [121.49992120541708, 23.697831327976157], [121.49998148580963, 23.697804846515673], [121.50018467786596, 23.697715583037304], [121.5003055730062, 23.69766141149532], [121.5004188645225, 23.69762675955653], [121.50053099848498, 23.69762800432662], [121.50050309179373, 23.697468702327313], [121.50070265904871, 23.697098507569788], [121.50053360360991, 23.69697136528866], [121.50052436564401, 23.696639346047576], [121.50040345558567, 23.69614910820591], [121.50005325932567, 23.696322589617935], [121.4993314541485, 23.69661179295871], [121.4991311305951, 23.69667209064638], [121.49898333766063, 23.696716576338737], [121.49826949161378, 23.696430042481865], [121.49826950666295, 23.696431423977703], [121.49796041699189, 23.69645102869336], [121.49774641699285, 23.69649750649765], [121.49778891396886, 23.696611035740684], [121.49779016811503, 23.696740075170382], [121.49774018330238, 23.69678530312524], [121.49778511574938, 23.696995451364614], [121.49775878319014, 23.697149528553098], [121.4976015446807, 23.697386684440687], [121.49735389365227, 23.69752999603558], [121.4975434004036, 23.697830139321493], [121.49793438856953, 23.698378483899464], [121.49825756648349, 23.69819936934892], [121.49840631404847, 23.698042577394148], [121.49872957762301, 23.697858007656315], [121.49910837500913, 23.697736520287766]]], [[[121.48942225644596, 23.697961882660323], [121.48942411134648, 23.697765056256372], [121.48908061193237, 23.697022355725178], [121.48899368775993, 23.69687860645141], [121.48890030425848, 23.696753948268977], [121.48882249038354, 23.696684042173505], [121.48871148116038, 23.696584343462167], [121.48863468109346, 23.696515409276415], [121.48856604573135, 23.696453692918112], [121.4885445984868, 23.69643440812572], [121.48852572864871, 23.696417618232722], [121.48851442992489, 23.696345786422018], [121.4885033010852, 23.696251090846808], [121.48845576733731, 23.696054582760546], [121.48825101439873, 23.69572225804058], [121.48798475148604, 23.69553231778416], [121.48795477165676, 23.695465294429283], [121.48784286164691, 23.695312719901942], [121.48781780023671, 23.695278892300347], [121.48773335844076, 23.695161266419078], [121.48778739597225, 23.695113428322102], [121.48774389601542, 23.69500988621079], [121.4877134923409, 23.694976517875876], [121.48765479512153, 23.694868048237733], [121.48754931424605, 23.694856930768253], [121.48755502911943, 23.69482740366948], [121.48755481930223, 23.694797308296845], [121.48760634573769, 23.69473077763404], [121.48757427073787, 23.694664519288118], [121.48739792689288, 23.694822931984465], [121.4873219815505, 23.695586109540415], [121.48720167773138, 23.695750395513315], [121.48704736318795, 23.696257113804403], [121.48667966384926, 23.696723905302136], [121.4867066441529, 23.696823038952285], [121.4864671761125, 23.69765868774547], [121.4865166760691, 23.697785751781144], [121.4865952448278, 23.69782137085049], [121.48666808012904, 23.697884223450387], [121.48701386886792, 23.69786733400936], [121.4873476066584, 23.698001133409623], [121.48794415245109, 23.697926790847887], [121.48803604215247, 23.697995181153292], [121.4881171286695, 23.697998383879863], [121.4882405975276, 23.6979571802388], [121.48828053183884, 23.697918976003848], [121.48824817968904, 23.69811069749077], [121.48816111284415, 23.69828187736369], [121.48827838813938, 23.69851313757699], [121.48829039458538, 23.698561679535025], [121.48827347715086, 23.698634873530555], [121.48935585142611, 23.698280173063374], [121.48936720320033, 23.698200350684406], [121.48942225644596, 23.697961882660323]], [[121.48762921998018, 23.69714042005487], [121.48752048569952, 23.696905988473247], [121.48764802372813, 23.696923643832747], [121.48780028485096, 23.697034248673965], [121.48796291263218, 23.697220636142323], [121.48803158729561, 23.697229450784366], [121.48811955337888, 23.696628570195166], [121.48813014911487, 23.696549783480716], [121.48817426635716, 23.696549997365892], [121.48816155339517, 23.69665497247147], [121.48808068413325, 23.697247355230303], [121.48802201697345, 23.6972926904921], [121.48794343882093, 23.69725682015309], [121.48763835239973, 23.69695979384755], [121.4876187741279, 23.696968884407383], [121.48768801882582, 23.69713120132351], [121.48771346257483, 23.697383471375286], [121.4878954487911, 23.697536889963832], [121.48806231127776, 23.697581509776715], [121.4881509663933, 23.697689590040742], [121.48813142031008, 23.697707705550183], [121.4880134552914, 23.697626814869295], [121.48787593855641, 23.697564035129613], [121.4876793221746, 23.697429209492263], [121.48762921998018, 23.69714042005487]]], [[[121.4920237335178, 23.70060929683453], [121.49209145134898, 23.70049912918842], [121.49221765258419, 23.700571769200888], [121.4925272781298, 23.700404655876245], [121.49265705255414, 23.700222240230165], [121.49279567568773, 23.700278586774886], [121.492902718954, 23.70014568090823], [121.49293911238276, 23.70001342436091], [121.49291418857116, 23.699755705729988], [121.4928102291122, 23.69953719285769], [121.49308559654816, 23.699076965956618], [121.49317438285662, 23.698989194328654], [121.49367667600355, 23.698698651820834], [121.49443977869026, 23.69821170057353], [121.49457291478265, 23.69812639608052], [121.49458660152524, 23.698032118375707], [121.49482984070558, 23.69750034035609], [121.49490249785181, 23.697340688687458], [121.49446529262953, 23.69733677628697], [121.4941143998752, 23.697382900696905], [121.4938117117824, 23.697329886939684], [121.49373190785022, 23.69730260990976], [121.49335140648269, 23.697159600525953], [121.49331676219798, 23.697313414563617], [121.49327438143479, 23.697357722924707], [121.49261804436328, 23.69848992554287], [121.49275159364554, 23.698566541936223], [121.49288031970384, 23.69896989532893], [121.49246440037156, 23.699478300615585], [121.4919403667107, 23.70011885394636], [121.49177823568486, 23.700128713621663], [121.49174735044215, 23.70013059182672], [121.49171151139925, 23.700139682864283], [121.49137168680758, 23.700225883301517], [121.49155533206171, 23.699984613501346], [121.4914641356969, 23.69990239503743], [121.49129136659708, 23.69974663389593], [121.49095822004037, 23.699951410022052], [121.49091312919377, 23.69992177306382], [121.49058692590947, 23.699709841645802], [121.49047276025118, 23.699485517275914], [121.49092257277292, 23.69870795215159], [121.49100221777844, 23.698671689089142], [121.4910299016246, 23.69869315518572], [121.49124520054592, 23.698504771630233], [121.49135916766637, 23.698364205696524], [121.49175530564412, 23.69844301421335], [121.4919576134101, 23.698218813989293], [121.49181242560736, 23.6979093126226], [121.49206943744917, 23.697273978480496], [121.49179671478687, 23.697065997024247], [121.49111309340904, 23.69616085316735], [121.4907095820046, 23.69688295622304], [121.4901867037868, 23.696571345048177], [121.4896562622081, 23.696079450744467], [121.48964675634922, 23.69607045110006], [121.48974654693522, 23.696006864277656], [121.4897027347505, 23.695846400450375], [121.48963631690424, 23.69560343140288], [121.4896279734851, 23.695522244576374], [121.48960057200318, 23.695255467171418], [121.4895746661934, 23.69500320479657], [121.48953373532858, 23.695021005367185], [121.48946457524086, 23.6950312199219], [121.48939702977252, 23.694927438269033], [121.48918737851122, 23.694967524564504], [121.48917744096124, 23.694968955569106], [121.48916788353748, 23.694940822097085], [121.48902195826365, 23.694964968022553], [121.48896077219686, 23.694954677779492], [121.48880443847837, 23.694988111826984], [121.48871967418418, 23.69498949910811], [121.48869142360071, 23.69499196309775], [121.4886360456145, 23.69494563487245], [121.48873113644461, 23.694862929573887], [121.4889577681398, 23.69475625935343], [121.48904202982877, 23.69471211784657], [121.48901669514585, 23.694670787611738], [121.48850599113261, 23.694836839950042], [121.4885708630358, 23.695002330461158], [121.4886528483117, 23.695063085479074], [121.48906031229716, 23.69513986073661], [121.48893756261907, 23.695310205666246], [121.4891528357434, 23.69534187911269], [121.48880326137795, 23.695448892684986], [121.48895137681049, 23.695659855653886], [121.488976092558, 23.695811395464514], [121.48887019670305, 23.695868129464067], [121.48893031184872, 23.69620422409574], [121.48908956685304, 23.696185986710223], [121.48921331972245, 23.696339949561125], [121.48924927634312, 23.696381806024277], [121.48928724653909, 23.69651665309261], [121.48930989979132, 23.69662506442338], [121.48944383647658, 23.696911812872536], [121.4892523561751, 23.69694245997072], [121.48939322341701, 23.697318011788305], [121.48955846485535, 23.697695156866466], [121.48955902438112, 23.6977110925313], [121.48956551915292, 23.69772513124726], [121.4895766189087, 23.69777760389524], [121.48957886970595, 23.69782108384925], [121.48956841180726, 23.6979801571615], [121.48958107474553, 23.69824404642986], [121.4897880102952, 23.698189592848493], [121.4897049388695, 23.69813275178829], [121.48966274252, 23.698066544005698], [121.48966261728962, 23.6979909115732], [121.48970873096262, 23.697911213983367], [121.48979190144458, 23.697871120823326], [121.48985523081589, 23.697929839282907], [121.48988356092944, 23.698027351739977], [121.48985500720522, 23.69818787290114], [121.49004419883188, 23.698205640543097], [121.49011097689824, 23.698730976111186], [121.4902045795657, 23.698900501411877], [121.49030286015997, 23.699435001551624], [121.49015526652101, 23.699659631392542], [121.49025809258356, 23.69968085967286], [121.49042762354142, 23.70017576448252], [121.4906831415268, 23.700263202025745], [121.49095328566335, 23.70035501842377], [121.49099769520379, 23.700370112249033], [121.49145542483848, 23.700525683524976], [121.49176190441662, 23.70063623603044], [121.49192489194036, 23.70077009817629], [121.4920237335178, 23.70060929683453]]], [[[121.49566835947608, 23.703087920148683], [121.49565199879295, 23.70299837144724], [121.49557137328529, 23.70306076875493], [121.49567147347412, 23.703094041828447], [121.49566835947608, 23.703087920148683]]], [[[121.49646451908028, 23.702494859869844], [121.49625641596292, 23.70214299884377], [121.4962368884061, 23.702222459570624], [121.49598753742573, 23.702738691909705], [121.49569044189148, 23.70296861971268], [121.49569189619297, 23.70297182359104], [121.49571087609733, 23.703075708223416], [121.49573011803191, 23.703113535106894], [121.49697224610418, 23.703526408193998], [121.49697494876699, 23.703468419849393], [121.49687815868621, 23.703436657125525], [121.49674511381096, 23.703205084230333], [121.49642699996109, 23.703109071742162], [121.49642877331897, 23.702880524465716], [121.49640219066639, 23.702818810485436], [121.49646145271214, 23.70272117193988], [121.49632781846461, 23.702597848530328], [121.49646451908028, 23.702494859869844]]]]}, "properties": {"年份": 113, "縣市名": "花蓮縣", "鄉鎮名": "光復鄉", "地段名": "加里洞段", "縣市七": "U020294", "縣市代": "U", "鄉鎮代": "02", "地段代": "0294"}}, {"type": "Feature", "geometry": {"type": "MultiPolygon", "coordinates": [[[[121.44334315966994, 23.640294446113916], [121.4433560178071, 23.64025856196731], [121.443336956255, 23.640268145703264], [121.44331685824552, 23.640278250543638], [121.44328691579807, 23.640380517511044], [121.44331698240056, 23.64036750087718], [121.44334315966994, 23.640294446113916]]], [[[121.43119704655669, 23.641137195181265], [121.43112750616577, 23.640730901952523], [121.43110155553141, 23.64056154749428], [121.43069861828941, 23.640686366562228], [121.4307549273209, 23.640775849246715], [121.43082478104932, 23.640763139880498], [121.43087509296149, 23.64095783663065], [121.43097691375692, 23.64090739304357], [121.43103721992664, 23.641208713210055], [121.43119704655669, 23.641137195181265]]], [[[121.4366416843623, 23.641829466183026], [121.43663073901556, 23.641824503509465], [121.43646322276489, 23.64188199835068], [121.43665699266714, 23.64218933357773], [121.43667331668877, 23.642140364060502], [121.43667112265135, 23.64209355966118], [121.43670184612921, 23.642006416673205], [121.43673033071107, 23.641991897781935], [121.43675799093624, 23.64197412144268], [121.43671757103124, 23.64192755110938], [121.43665333604802, 23.64183756924389], [121.4366416843623, 23.641829466183026]]], [[[121.44403710957057, 23.64411415816881], [121.4439349206604, 23.6439326355187], [121.44372872622347, 23.64401607416352], [121.44372763536005, 23.644064648633147], [121.44383002221134, 23.644209004155584], [121.44403710957057, 23.64411415816881]]], [[[121.43151750498231, 23.644543427086063], [121.43150050582862, 23.644470865609307], [121.43142953691377, 23.644371211322422], [121.43135248390186, 23.644266417896922], [121.43167817269112, 23.644132511405193], [121.43167712544026, 23.644127770922783], [121.43167608161137, 23.644123029799896], [121.43167504120491, 23.644118288038648], [121.43167400422132, 23.644113545641098], [121.4316729706611, 23.64410880260937], [121.4316719405247, 23.644104058945558], [121.43167091381254, 23.644099314651744], [121.43166989052507, 23.64409456973004], [121.43166887066278, 23.644089824182547], [121.4316678542261, 23.64408507801135], [121.43166684121552, 23.644080331218554], [121.43166583163143, 23.644075583806252], [121.43166482547429, 23.644070835776564], [121.43166382274458, 23.64406608713156], [121.43166282344266, 23.644061337873353], [121.43166182756909, 23.644056588004066], [121.43166083512422, 23.64405183752576], [121.4316598461085, 23.64404708644055], [121.43165886052242, 23.644042334750534], [121.43165787836635, 23.64403758245783], [121.43165689964077, 23.644032829564537], [121.43165592434606, 23.644028076072725], [121.43165495248273, 23.644023321984537], [121.43165398405112, 23.644018567302037], [121.43165301905172, 23.644013812027353], [121.43165205748495, 23.644009056162602], [121.43146762507905, 23.644083595886563], [121.43129171756796, 23.644163348979475], [121.43132919854408, 23.644273589133917], [121.43102546319032, 23.644400696894007], [121.43101021302854, 23.64446431902589], [121.43099261474907, 23.644505510807562], [121.43096467360982, 23.64456649420447], [121.4310850534576, 23.644535689739577], [121.43125128496143, 23.644561987905792], [121.43152579426325, 23.644577070536585], [121.43151750498231, 23.644543427086063]]], [[[121.4278798936296, 23.645743420533567], [121.42784771996938, 23.64566093159382], [121.42774177144328, 23.64569142863405], [121.42765376794064, 23.646013774109964], [121.42771613592447, 23.64602214430345], [121.42796968252593, 23.646075786199013], [121.4278798936296, 23.645743420533567]]], [[[121.43614638806673, 23.6465271318259], [121.43615996143336, 23.64650273121065], [121.43612066138375, 23.646513451779654], [121.43618087687015, 23.646670653995894], [121.43619981843031, 23.64666890310819], [121.43614638806673, 23.6465271318259]]], [[[121.42764080309378, 23.646835189423463], [121.427706833148, 23.64681811251291], [121.42771027247815, 23.64685393335159], [121.42772976552604, 23.646886097979273], [121.4277920058341, 23.64683395966596], [121.42783323433491, 23.646795071870283], [121.42784289480713, 23.646775640132628], [121.42782473707673, 23.64663562869432], [121.4278096630891, 23.646636112744737], [121.42778443591656, 23.646724575251824], [121.42739368510968, 23.646549101715372], [121.4271297035674, 23.646572475884767], [121.4271004601515, 23.64651087372939], [121.42678100606707, 23.64653037278702], [121.42693911074805, 23.646843850240042], [121.4269842978556, 23.64686788058678], [121.42699780940164, 23.646917534481897], [121.42752631689974, 23.64694139782043], [121.42756184863538, 23.646886850035443], [121.42764080309378, 23.646835189423463]]], [[[121.44339815930076, 23.647044633245198], [121.44342299507223, 23.64675586123534], [121.44344525394982, 23.64665940438899], [121.44330985759963, 23.646694104804098], [121.44318481390127, 23.646708955085593], [121.44305370426703, 23.64670680141158], [121.44291348004862, 23.64671377570767], [121.44283967873976, 23.646733662445175], [121.44272596141849, 23.646747116509246], [121.44257919733512, 23.64668942866198], [121.4425554881362, 23.646751215068495], [121.44241462711827, 23.646580466048725], [121.44240841758798, 23.646494474841614], [121.44238818830881, 23.646445536816266], [121.4423014464409, 23.64645026304821], [121.44233284741524, 23.64650717865717], [121.44235109965834, 23.64662407163652], [121.44235798266571, 23.646703387895368], [121.44237629168052, 23.646761343149482], [121.4424083062229, 23.646819963622843], [121.44247736371162, 23.646782663097124], [121.44248062455269, 23.646782724283607], [121.44254294358697, 23.64678389362648], [121.44253847382853, 23.6467955458054], [121.44260609826289, 23.64677807877069], [121.44279077269418, 23.646881150509106], [121.44298290776314, 23.646949571398057], [121.44334962307269, 23.64706025814721], [121.44339815930076, 23.647044633245198]]], [[[121.42841850833898, 23.647304615922287], [121.42875520608871, 23.647291188010854], [121.42871792195119, 23.6472800941262], [121.42844337088624, 23.647293928159563], [121.42842121114452, 23.647258664736313], [121.42841895037336, 23.647217594336595], [121.42840470138358, 23.64722160682534], [121.42843212680796, 23.647025656216627], [121.42818960356162, 23.647070816040074], [121.42793247753742, 23.64716195950826], [121.42788239906048, 23.6471831913647], [121.42779937025784, 23.647293195972747], [121.42772948814294, 23.647385781869602], [121.42769897163089, 23.647406110901464], [121.42770181310513, 23.64741480780954], [121.42775835442637, 23.64742770895811], [121.4283243274168, 23.64755686223216], [121.42838220071928, 23.64744894952901], [121.42841850833898, 23.647304615922287]]], [[[121.43190770514455, 23.64761846548031], [121.43187615377605, 23.647592096002736], [121.4318400650727, 23.647598896638566], [121.43180515309487, 23.64756701025839], [121.43173868246106, 23.64756327641211], [121.43171424173258, 23.647541131115453], [121.43186518212558, 23.647468707039444], [121.43185117486193, 23.647420906087167], [121.43182876616423, 23.647432526660214], [121.43179668299533, 23.647465123344205], [121.43175993472725, 23.64749794069747], [121.4316906257353, 23.64751043228298], [121.43168904099049, 23.647577139945025], [121.4317181508306, 23.64763912985249], [121.43172879313484, 23.64767113800747], [121.43189944905285, 23.64762062854355], [121.43190770514455, 23.64761846548031]]], [[[121.44274793401553, 23.648712454386576], [121.44275440068895, 23.64865045533604], [121.44271265975377, 23.648661157454857], [121.44268924026666, 23.648695510493408], [121.4427107464382, 23.648774216082515], [121.44271033358284, 23.6488263102086], [121.4427007693994, 23.648876660621664], [121.44269952740713, 23.648915393002675], [121.4426959912732, 23.648956913113683], [121.44270355941654, 23.64900377425363], [121.44269763876319, 23.649047441236384], [121.44273955893662, 23.649008403080426], [121.4427511198182, 23.648925133324344], [121.44276319221171, 23.648819097966825], [121.44274793401553, 23.648712454386576]]], [[[121.44243728356751, 23.649170357648064], [121.44240322101521, 23.649068381923946], [121.4423821672498, 23.649220404587986], [121.44248347440981, 23.649360628303373], [121.44251002487779, 23.649356579416068], [121.44248008074358, 23.64931920021338], [121.44245035888756, 23.649280872240716], [121.44248278720062, 23.649249554633332], [121.44243728356751, 23.649170357648064]]], [[[121.4276193337406, 23.649340806563895], [121.42732181714383, 23.64924469173063], [121.42747448015565, 23.64946277442632], [121.4275167844673, 23.649443975094098], [121.4276839932751, 23.6494053178304], [121.4276193337406, 23.649340806563895]]], [[[121.43992000500161, 23.649356057685868], [121.43986100865666, 23.64926910548605], [121.43986675012462, 23.649341616608968], [121.44022851729471, 23.649768051879832], [121.4402073361945, 23.649704081661604], [121.44009952597524, 23.649579559672095], [121.4400133173704, 23.649457143454686], [121.43994344064818, 23.649387848349097], [121.43992000500161, 23.649356057685868]]], [[[121.44185634064493, 23.651688097001905], [121.44187692928823, 23.65160452167668], [121.44169246087901, 23.65165219192839], [121.44159675587417, 23.651554626641484], [121.44159947079015, 23.651481513622066], [121.44157188642228, 23.651332446927764], [121.44150987527699, 23.651352534248634], [121.44144506528815, 23.651008836783767], [121.44118375935048, 23.651045591437732], [121.44099122987815, 23.65114469949524], [121.44078212438136, 23.651416459147743], [121.44080645673245, 23.651420218604425], [121.44103018475738, 23.651448875019426], [121.44141894209929, 23.652048936817078], [121.44144966130175, 23.652112708113872], [121.44160988399808, 23.652022667137796], [121.44154920030077, 23.651933092771756], [121.44150809282735, 23.65176485819808], [121.44185634064493, 23.651688097001905]]]]}, "properties": {"年份": 113, "縣市名": "花蓮縣", "鄉鎮名": "光復鄉", "地段名": "西富段", "縣市七": "U020244", "縣市代": "U", "鄉鎮代": "02", "地段代": "0244"}}, {"type": "Feature", "geometry": {"type": "MultiPolygon", "coordinates": [[[[121.4568550487314, 23.65702465338384], [121.45671937513661, 23.65686575876848], [121.45669066307597, 23.656879965944817], [121.45681234519999, 23.65705497483402], [121.4568550487314, 23.65702465338384]]], [[[121.45713000612884, 23.65695937011223], [121.45705947642374, 23.656872332318724], [121.45699334072137, 23.65695240477891], [121.45687572029225, 23.65708600401802], [121.4569280441709, 23.657141428108655], [121.45698705681195, 23.657203415173715], [121.45716081888705, 23.65714906723361], [121.45714687465029, 23.657026456807372], [121.45713000612884, 23.65695937011223]]], [[[121.45722151704105, 23.65778611097105], [121.45722750337734, 23.657506025567134], [121.45720749128338, 23.65751319103501], [121.4572080383004, 23.65772130785859], [121.45720026789081, 23.657758903704284], [121.45718549135019, 23.657800159216418], [121.45722151704105, 23.65778611097105]]], [[[121.45503336374821, 23.657812216793246], [121.45499482750525, 23.65777503690437], [121.45496527217556, 23.657823297557375], [121.4549920085821, 23.65783295318756], [121.45503336374821, 23.657812216793246]]], [[[121.4539218312839, 23.658634368952182], [121.4538675764123, 23.65852199865095], [121.45377454583813, 23.658581407089315], [121.453792341546, 23.658690353521543], [121.4539218312839, 23.658634368952182]]], [[[121.45290489906802, 23.658945746979064], [121.4529486325787, 23.65891802416224], [121.45301412754692, 23.65889283831147], [121.45302090621263, 23.65886862770544], [121.45286836540176, 23.658912145536803], [121.452798861131, 23.658800704328247], [121.45262374231407, 23.65888356744039], [121.45265889151052, 23.658942167430222], [121.45272300260699, 23.65893926222335], [121.45273167155462, 23.658957260354253], [121.45280923683542, 23.658964212458024], [121.45290489906802, 23.658945746979064]]], [[[121.45512054808343, 23.658876671678755], [121.45510537835885, 23.65885268796676], [121.45503804236805, 23.658881139852646], [121.4550432247485, 23.65891132926373], [121.45504821885629, 23.659003264884834], [121.45508141373813, 23.658955706887586], [121.45510937967019, 23.658924002476233], [121.45512054808343, 23.658876671678755]]], [[[121.4524677556499, 23.659022548803147], [121.45245823486539, 23.659001988684764], [121.45244947653069, 23.659006438845665], [121.45235284193032, 23.659092792809187], [121.45244534733392, 23.659034307786737], [121.4524677556499, 23.659022548803147]]], [[[121.45172024334559, 23.65942279817387], [121.45173402202164, 23.65931594468362], [121.45165136175486, 23.65935545610792], [121.45172024334559, 23.65942279817387]]], [[[121.45398592487551, 23.66046659519749], [121.45398319960263, 23.660458070035634], [121.45397433105454, 23.66046184337158], [121.45392638598925, 23.660482219537812], [121.45367713217514, 23.660587035629444], [121.45368284380648, 23.660600211423077], [121.45398592487551, 23.66046659519749]]], [[[121.4540526079445, 23.660592284057813], [121.45400995504946, 23.660518536355685], [121.45371762696398, 23.66064905102501], [121.45374988637987, 23.660702304540763], [121.4537859008575, 23.660826710768454], [121.45381250102804, 23.660893317826336], [121.45387149991625, 23.660945562950772], [121.45398636929905, 23.660910525074854], [121.45407611679444, 23.66088217954606], [121.45412618820879, 23.660867178852776], [121.45402411167144, 23.660726098609036], [121.45404546066231, 23.660680056418634], [121.4540526079445, 23.660592284057813]]], [[[121.45359782516309, 23.661513479582375], [121.45360357432365, 23.661421006822952], [121.45355636874892, 23.66146547217033], [121.4535833323502, 23.661580595214257], [121.45360336954407, 23.661606045704925], [121.4536313141357, 23.66162188342108], [121.45367440734786, 23.661612944219073], [121.45361576520015, 23.66156471623546], [121.45359782516309, 23.661513479582375]]], [[[121.4565254818425, 23.661716216587042], [121.45652309162999, 23.66169978040042], [121.45643238865357, 23.661723985489076], [121.4563732788568, 23.661733387989063], [121.45636338885858, 23.66179593026988], [121.4561918058002, 23.66190943406176], [121.4565254818425, 23.661716216587042]]], [[[121.4560884292182, 23.661945550413837], [121.45603268777171, 23.66187187793611], [121.45598473266591, 23.661886584066167], [121.4559087730684, 23.661834344512116], [121.45584123248818, 23.661761745095212], [121.45579835945856, 23.661788924405034], [121.45573426921496, 23.661710535734073], [121.45576087692109, 23.661688469979538], [121.45568350451587, 23.661604720534925], [121.45568093669011, 23.661602064299668], [121.45567682856597, 23.661599060431598], [121.45571999739836, 23.66172513370384], [121.45574199986983, 23.66180554240047], [121.45576369867109, 23.66185772489589], [121.45581058093441, 23.661901164737504], [121.45587277490843, 23.661998079027722], [121.4560192725475, 23.6619695202896], [121.4560884292182, 23.661945550413837]]], [[[121.45383855735047, 23.662387291062405], [121.45377379785376, 23.66221414501902], [121.45372195936156, 23.662242785744606], [121.4537747088407, 23.662344613649847], [121.45380081159516, 23.662394824068382], [121.45383855735047, 23.662387291062405]]], [[[121.45924601048422, 23.664120826708043], [121.45921994419093, 23.66409578311936], [121.4592779662344, 23.664249036060646], [121.45934041094223, 23.664413861065825], [121.45935430331532, 23.664402929981687], [121.45934006567433, 23.664351511504787], [121.45928953401108, 23.664243376229276], [121.45924601048422, 23.664120826708043]]], [[[121.4588434564803, 23.664994502903582], [121.45871407624082, 23.664796429569225], [121.45860309062034, 23.664877493250223], [121.45853733001323, 23.665040675248722], [121.45853574741906, 23.665061945047288], [121.45860207977378, 23.665090779484807], [121.45868337750257, 23.665053706434833], [121.4588434564803, 23.664994502903582]]], [[[121.45780506599414, 23.666476768150673], [121.4575570596548, 23.66579589726651], [121.45756773345532, 23.665879779431947], [121.45759871257565, 23.666017843482994], [121.45763447773044, 23.666128280345845], [121.457637143179, 23.666232169038494], [121.45782176540332, 23.666618684891386], [121.45788453039823, 23.666748988678286], [121.4579890032287, 23.66697315103519], [121.4580661587646, 23.666942673246872], [121.45780506599414, 23.666476768150673]]], [[[121.46097113552267, 23.668315830088964], [121.46085228873076, 23.66805095223762], [121.46081329904165, 23.668075927142702], [121.46081096118601, 23.668136144586065], [121.46078822261354, 23.668224514303002], [121.46078997314928, 23.668268032576968], [121.46077439215983, 23.668297940350918], [121.4607956460397, 23.668328587387517], [121.46097113552267, 23.668315830088964]]], [[[121.46052556600196, 23.668244781383162], [121.46042098934699, 23.668185640159315], [121.46030453366981, 23.668253312094368], [121.46014596620708, 23.668313948396495], [121.46010838317187, 23.668340336622414], [121.46007126844788, 23.66836608233534], [121.46035120320232, 23.668478475187424], [121.46036167779651, 23.668457305381892], [121.46040501527463, 23.66843363601693], [121.46054543576697, 23.668375672019604], [121.46060951102572, 23.668350098888133], [121.46064228346034, 23.66834137803843], [121.46052556600196, 23.668244781383162]]]]}, "properties": {"年份": 113, "縣市名": "花蓮縣", "鄉鎮名": "光復鄉", "地段名": "東富段", "縣市七": "U020239", "縣市代": "U", "鄉鎮代": "02", "地段代": "0239"}}, {"type": "Feature", "geometry": {"type": "MultiPolygon", "coordinates": [[[[121.48603953593533, 23.644125074252987], [121.4852851865041, 23.643717882311062], [121.48517686143586, 23.644059366123308], [121.4855027801307, 23.644635583369354], [121.48557718216692, 23.64513662920339], [121.48603349657591, 23.645146495887925], [121.4860249029063, 23.644961412498258], [121.48594407687884, 23.644895116384465], [121.48581098712056, 23.644634916099264], [121.48632068216592, 23.644249959489652], [121.48603953593533, 23.644125074252987]]], [[[121.48706244832289, 23.645265232532196], [121.48712004477431, 23.64521505377285], [121.48721359405239, 23.645143569163565], [121.48679453933643, 23.6446707138791], [121.48636399219754, 23.64523545036161], [121.48645110936422, 23.645224278164253], [121.48653616452415, 23.645243949056674], [121.48660549414524, 23.645275976827875], [121.48686720175371, 23.645428805945073], [121.48687279150695, 23.645429002089607], [121.4868783845668, 23.64542891787503], [121.48688396437608, 23.64542855355067], [121.48688951441704, 23.645427910195036], [121.48689501826001, 23.64542698971264], [121.48690045961189, 23.64542579482837], [121.48690582236486, 23.64542432907944], [121.48691109064352, 23.645422596804888], [121.4869162488523, 23.645420603132738], [121.48692128172146, 23.645418353964825], [121.48692617435222, 23.645415855959342], [121.48693091226102, 23.64541311651112], [121.48693548142228, 23.645410143729674], [121.48697368574952, 23.64538535442395], [121.48706244832289, 23.645265232532196]]], [[[121.49916273193055, 23.646584369121836], [121.49934975758975, 23.646435552502133], [121.49934492767322, 23.646437212460565], [121.4993400325991, 23.646438701659516], [121.49933507947826, 23.646440017935603], [121.49933007550604, 23.64644115937674], [121.49932502795156, 23.64644212432477], [121.4993199441473, 23.64644291137794], [121.4993148314784, 23.646443519392925], [121.4993096973719, 23.64644394748646], [121.49930454928598, 23.646444195036658], [121.49929939469918, 23.646444261683925], [121.49929424109938, 23.646444147331444], [121.49928909597317, 23.646443852145318], [121.49928396679469, 23.646443376554362], [121.49927886101503, 23.64644272124947], [121.49927378605119, 23.646441887182565], [121.49926874927549, 23.64644087556529], [121.49926375800472, 23.64643968786717], [121.49925881948955, 23.64643832581361], [121.49925394090407, 23.64643679138317], [121.4992491293353, 23.6464350868049], [121.49924439177288, 23.646433214554985], [121.4992397350989, 23.646431177353247], [121.49923516607807, 23.646428978159022], [121.49923069134763, 23.646426620167045], [121.49922631740797, 23.646424106802737], [121.49922205061293, 23.646421441717184], [121.49921789716085, 23.6464186287819], [121.49921386308529, 23.646415672083144], [121.49920995424648, 23.646412575916052], [121.49920617632264, 23.646409344778366], [121.4992025348019, 23.646405983363856], [121.49919903497418, 23.646402496555577], [121.49919568192357, 23.646398889418727], [121.49919248052096, 23.64639516719333], [121.49918943541694, 23.64639133528651], [121.49914209572168, 23.64629931190647], [121.49900536051985, 23.646201661725705], [121.49892016037454, 23.646139206149233], [121.498758779607, 23.64605348208375], [121.49877021109232, 23.646341178579174], [121.49876096036928, 23.646639199394606], [121.49852589932114, 23.646729873636442], [121.49867310373256, 23.64683799217096], [121.49916278083077, 23.646602428480417], [121.49916273193055, 23.646584369121836]]], [[[121.49698750108358, 23.64687666954409], [121.49695599867796, 23.64687440471328], [121.49686184860458, 23.64693623521234], [121.49677093225361, 23.64699264646885], [121.49668073458157, 23.647065489533446], [121.49660541547335, 23.647112143740895], [121.49748945093873, 23.648113048838475], [121.49774457135014, 23.64824810083607], [121.49816524190128, 23.647813989699415], [121.49746726910583, 23.646980102031772], [121.49736856080507, 23.646964011607615], [121.49727272195764, 23.646936868522303], [121.49717389512224, 23.646923117061224], [121.4970554454821, 23.646899197722803], [121.49698750108358, 23.64687666954409]]], [[[121.49112056818012, 23.64780167130139], [121.491029586276, 23.647486739406204], [121.4896226865884, 23.648282240947026], [121.48991250908315, 23.649109743134726], [121.4901453457713, 23.64852442034969], [121.49016213808495, 23.64843266098032], [121.49031382439345, 23.648419061137187], [121.49042610947518, 23.648340616623567], [121.49062513657852, 23.648326126292368], [121.49080973922976, 23.648289143076177], [121.49089619675716, 23.648150650781844], [121.4911256047611, 23.6480533329288], [121.49131560041909, 23.648032739114438], [121.49150834391975, 23.647968423272427], [121.49164826597936, 23.647849608499953], [121.49112056818012, 23.64780167130139]]], [[[121.48755935166743, 23.651100979037864], [121.48757549518395, 23.651089056957446], [121.48770394093168, 23.651156728346848], [121.48777675372412, 23.65113585724419], [121.4878622314643, 23.651157377112586], [121.48818925252844, 23.651024088787683], [121.4881176347671, 23.6509865698719], [121.48782960956294, 23.65093886851387], [121.48780409135959, 23.65093464228336], [121.48775137002129, 23.650910608463136], [121.48761866125062, 23.650850111041326], [121.48757890916292, 23.650764471363793], [121.4876232479041, 23.65049548875451], [121.48752832858148, 23.650327815579953], [121.48758127063691, 23.649991886328603], [121.48754287419703, 23.649711208470105], [121.48740025883961, 23.649594044165767], [121.48737659767392, 23.649525618743613], [121.48759325288329, 23.64931845390808], [121.48761600361513, 23.649090940622056], [121.48775052740577, 23.64896364928858], [121.4878631732193, 23.64882068779813], [121.4879830293905, 23.64876128304712], [121.48794945006705, 23.648666901255183], [121.48774626813824, 23.64820334733657], [121.48760026426916, 23.648158016599574], [121.48748662944965, 23.647751706975164], [121.48746456997821, 23.647672831404662], [121.48749672668494, 23.647510384114483], [121.4874996890487, 23.647508316013784], [121.48727726082387, 23.64723573826797], [121.48697122513741, 23.646802367817553], [121.48701325904838, 23.646752030287367], [121.48703679424479, 23.646723847598285], [121.4871249840307, 23.64661823741512], [121.48705333418505, 23.64657396378389], [121.48701793877409, 23.646430835726772], [121.48694979697575, 23.64633855780142], [121.486915449074, 23.646380464465313], [121.48688261715897, 23.64641618096945], [121.48685492748861, 23.64644027806755], [121.48683398502737, 23.64645471018344], [121.48676655575957, 23.64649672970348], [121.48669312661298, 23.64653052384687], [121.48661810318532, 23.646552006353257], [121.48653999300669, 23.64656047758107], [121.48648211474139, 23.64655585533862], [121.48629546639557, 23.64650844757961], [121.48623003063821, 23.646501121953214], [121.48616316030697, 23.646506117403366], [121.48607759153425, 23.646520092853475], [121.48601302499777, 23.64652783509719], [121.48598409475412, 23.64652884740076], [121.48594839900515, 23.646530096429846], [121.48589388576725, 23.646525908408364], [121.48586268566507, 23.64652351142774], [121.48578520491637, 23.646508665436208], [121.48567527296107, 23.646476087253806], [121.48536643276815, 23.646380661470907], [121.48543098936015, 23.64698137256029], [121.48557271612623, 23.647047577537055], [121.48561165175023, 23.64727918658829], [121.4858369679147, 23.647647247527285], [121.48585617833416, 23.647718477360808], [121.48585451947042, 23.647748303478103], [121.48585003817155, 23.6478288764961], [121.48581148694299, 23.647911285571467], [121.48572985398386, 23.648080930752013], [121.48516651067804, 23.648411531584514], [121.48506091253041, 23.64874928636858], [121.48501779544654, 23.648795202176746], [121.48484391065445, 23.648879181075497], [121.48449095233086, 23.649301956517238], [121.48721098796902, 23.65121408218175], [121.48726243319008, 23.651349746209775], [121.48741581930375, 23.651301830714953], [121.48755617656451, 23.65121385486334], [121.4875713468181, 23.65116787274947], [121.4875611091543, 23.651146623112485], [121.48754442839612, 23.651111999956743], [121.48755935166743, 23.651100979037864]]], [[[121.49750268160808, 23.64940869525585], [121.49718807650021, 23.64926247423298], [121.49689283585155, 23.649960987451664], [121.49627532889569, 23.651342106957838], [121.49664672706037, 23.651359555081463], [121.49693659471787, 23.651100727424524], [121.49741031995984, 23.65067774449793], [121.49761391718408, 23.650673524419798], [121.49839789199042, 23.650657326141864], [121.49917823324434, 23.65064201148682], [121.49888452077636, 23.650071563063012], [121.4980633315452, 23.649761791758092], [121.49750268160808, 23.64940869525585]]], [[[121.50399150687419, 23.651389001952197], [121.50182875713944, 23.650831080188926], [121.50186290305177, 23.651808729052057], [121.50433367984192, 23.65289067387361], [121.504417993583, 23.652684349794736], [121.50441620687278, 23.652218366521666], [121.50399150687419, 23.651389001952197]]], [[[121.48894894842468, 23.653080236531842], [121.4889252267024, 23.652782275082092], [121.48976800349395, 23.652479709486116], [121.48991296667953, 23.652165133199148], [121.49004041460144, 23.651919590476435], [121.4900054797964, 23.65189088693055], [121.48996325280113, 23.651767637740587], [121.48995576170259, 23.651769711170395], [121.48983366996438, 23.651805737431697], [121.48973058255815, 23.65167784952796], [121.48968940169483, 23.651401036833], [121.48995145848633, 23.65111168996996], [121.49010417597508, 23.651250392016976], [121.49014500023486, 23.651089226199318], [121.49009683438142, 23.650974194829832], [121.49002484909226, 23.650890770656193], [121.4895843505667, 23.65121419970872], [121.48940183076999, 23.65130109145917], [121.48915358549914, 23.651242856362508], [121.48893061688491, 23.651056995762374], [121.48880282011294, 23.651021667958865], [121.4885997546577, 23.651024177204835], [121.4885801330668, 23.65106976710358], [121.48852688648212, 23.651103995157104], [121.48849907800093, 23.65111739264919], [121.48826673208289, 23.651198940932005], [121.48820811981561, 23.65125331311669], [121.48823994176526, 23.651439162809528], [121.4882312453796, 23.6517371813835], [121.48812005547862, 23.65189529047303], [121.48806784121844, 23.651927826555582], [121.48781200327757, 23.652021575095844], [121.48770512890998, 23.65212766791263], [121.48767448259896, 23.65233813971479], [121.48767779785037, 23.652502633488677], [121.48772038294878, 23.652656881360134], [121.48771774123888, 23.652700521478724], [121.48778763609224, 23.65280717783432], [121.48779190087598, 23.652873460923146], [121.48769729925503, 23.65291365203762], [121.48785051467196, 23.65293028137007], [121.48802993799991, 23.652937924706524], [121.48828084519815, 23.652965199150163], [121.48863609718765, 23.652999684187744], [121.4888309960411, 23.65297230555589], [121.48894894842468, 23.653080236531842]]], [[[121.48883614388136, 23.653832680948252], [121.48891954240374, 23.65389295345305], [121.48891373304443, 23.653748847788655], [121.48883614388136, 23.653832680948252]]], [[[121.50210737103026, 23.652568124953596], [121.50178929920384, 23.65232328375215], [121.50112249498233, 23.652525232778512], [121.5008053220923, 23.65251088001662], [121.50022019970795, 23.65225153838087], [121.4998186465388, 23.651991575702763], [121.49943369112718, 23.651700830241325], [121.49927095377431, 23.65169348045586], [121.49934803531112, 23.652668544681475], [121.49983583457208, 23.65293958992146], [121.50009409854077, 23.65310168080299], [121.50044714078423, 23.65345120282752], [121.50065116834877, 23.65350745857177], [121.50100019182219, 23.653611861692355], [121.5019287078102, 23.653705151439276], [121.50219371803485, 23.65390268575323], [121.50219210871403, 23.65290595134283], [121.50210737103026, 23.652568124953596]]], [[[121.4634846603107, 23.65376061756113], [121.46320744581725, 23.653463237544134], [121.46308701632653, 23.653662198366433], [121.46297902729391, 23.653816984366188], [121.46293053746773, 23.65387645484182], [121.46324919888117, 23.654182560673334], [121.46331340974358, 23.65411131343043], [121.4634846603107, 23.65376061756113]]], [[[121.48503072301062, 23.65321117781217], [121.4849320501812, 23.653062007787682], [121.48486512262234, 23.65306569358198], [121.48476148744486, 23.653088727529937], [121.48470487805474, 23.653059449442157], [121.48470263694092, 23.65293806030243], [121.4845062778411, 23.652928506582693], [121.48438197506677, 23.65277740265181], [121.48437573153987, 23.652985233156805], [121.48442415519324, 23.653030330002395], [121.48475353558914, 23.653266403965556], [121.48466211859501, 23.653572672354187], [121.48475087544404, 23.65382403628515], [121.48489284160307, 23.654075585891654], [121.48490137500507, 23.65409028674284], [121.48504442573065, 23.654125389401496], [121.48531106748729, 23.6539453412033], [121.48536977697285, 23.65369616170172], [121.48560057344498, 23.65328081029327], [121.48557109257223, 23.653258274048852], [121.48518645864435, 23.65321742669412], [121.48503072301062, 23.65321117781217]]], [[[121.46465143506016, 23.654001046308373], [121.46470837804208, 23.653962155924948], [121.46480074921526, 23.654031959129256], [121.46487881321012, 23.65401086377297], [121.46499315657718, 23.653979966557515], [121.46519362406916, 23.654025873532873], [121.46549824131722, 23.654095630200185], [121.4656961784935, 23.653409928247548], [121.4656439180546, 23.65336749175196], [121.46546275965834, 23.65331265613048], [121.46540384415152, 23.653297626292655], [121.46539936837269, 23.653296484483082], [121.46522363777721, 23.65326297868701], [121.46512187033018, 23.6532497574345], [121.46509905476297, 23.65324791251151], [121.46504197660518, 23.65324329701607], [121.46494541683613, 23.65322246597952], [121.46484046184305, 23.65318377205794], [121.46478301848713, 23.653155843606033], [121.46464688547768, 23.65328470032124], [121.46393222318721, 23.653098488412585], [121.4638041815319, 23.65322600183625], [121.46374732123384, 23.653346728559875], [121.46367738340591, 23.653653544005717], [121.46375695827285, 23.653664042391124], [121.46429028528728, 23.653841759439427], [121.46415530038239, 23.65422965864535], [121.4643754638912, 23.65426779123671], [121.46445554885968, 23.65420331346119], [121.46450985173013, 23.65411350309687], [121.46460959480943, 23.654047413216173], [121.46465143506016, 23.654001046308373]]], [[[121.48883614388136, 23.653832680948252], [121.48756747948755, 23.65290418181482], [121.48752311906422, 23.65287393617404], [121.48729883627358, 23.652950030794166], [121.4872070576659, 23.65282615099658], [121.48717242927961, 23.652848328555898], [121.4871354368244, 23.652716519975233], [121.48710384494987, 23.652661311946456], [121.48708086640288, 23.65262116558191], [121.48702296063495, 23.652625726935383], [121.4870118596741, 23.652571529055635], [121.48698053588865, 23.652548998867577], [121.48699556778621, 23.652492028026867], [121.4869692630345, 23.65236361713357], [121.48688755216322, 23.652504575533147], [121.48688927819718, 23.652507441576915], [121.48689232965037, 23.652510872333092], [121.48691798966557, 23.65279615029257], [121.48693216655573, 23.652873635302807], [121.48694521045726, 23.652907203107123], [121.48706721773482, 23.653226464372434], [121.48711021104808, 23.6533401855522], [121.48604016637475, 23.65352223399372], [121.4858876483263, 23.653500805889824], [121.4858674696855, 23.65359763206504], [121.48589813428725, 23.653760143911867], [121.48599583134686, 23.653949887064883], [121.4862150936054, 23.65414054017568], [121.48617004348546, 23.65431360139082], [121.48616942848399, 23.654590130718574], [121.48633735736442, 23.654574397862163], [121.4866371998349, 23.654458020442295], [121.48694296009383, 23.654417780857987], [121.48712292886697, 23.65449805889308], [121.48727045224754, 23.654377481395922], [121.48745013969085, 23.654331541950924], [121.48760315804437, 23.65432894776436], [121.48778793746811, 23.65428690179963], [121.48786674245045, 23.65426897354645], [121.488160994587, 23.654287100031006], [121.48850432352484, 23.654346183806556], [121.48867376235847, 23.654233084808347], [121.48867541950193, 23.65416461595233], [121.48867768013555, 23.654071250147595], [121.48877685115808, 23.65389675344924], [121.48883614388136, 23.653832680948252]]], [[[121.47700676963375, 23.654483717659428], [121.47788642497181, 23.654756217721967], [121.47855658460989, 23.65469802132196], [121.47790223269457, 23.65347889916227], [121.47945126705618, 23.65241145690862], [121.47943976180495, 23.65237995150458], [121.4794212014675, 23.652217373722106], [121.4794051969148, 23.652185864168292], [121.47919850889515, 23.65192104598534], [121.4791490909216, 23.651855335579434], [121.47895176994967, 23.6513441017634], [121.47900893176104, 23.65124027242308], [121.47910900048507, 23.6511397237278], [121.47922293712169, 23.651078926305377], [121.4794136223994, 23.65101716008522], [121.47946040446674, 23.65092986006835], [121.47962207408152, 23.65035438933485], [121.4796968289304, 23.65044114185286], [121.48026250094824, 23.6511074853106], [121.48060270305646, 23.65100609229397], [121.48084860981874, 23.65087348615002], [121.48106734724998, 23.650832896011266], [121.48118803012325, 23.650832167640328], [121.48060461797648, 23.649971387086506], [121.48094830112981, 23.64991397151332], [121.48121657490674, 23.649796460782703], [121.48147389574419, 23.649683747087334], [121.48170128850566, 23.649584142209104], [121.48207392307242, 23.649408384413682], [121.48196125358842, 23.649038035241922], [121.48212869027954, 23.649173593592668], [121.48217854502263, 23.649371741350905], [121.48373284552099, 23.648247560601934], [121.48398497436898, 23.647506332625277], [121.48354104801084, 23.64665260726914], [121.48352276590086, 23.646718924748143], [121.48350719110353, 23.64686314265718], [121.48348960441675, 23.646923994950523], [121.483468889099, 23.64696302300777], [121.48341257745291, 23.64705134720955], [121.48334947243289, 23.64713420246598], [121.48334649099736, 23.647137993182003], [121.48334347630627, 23.64714176151147], [121.48334042855768, 23.64714550720678], [121.4833373479518, 23.64714923002184], [121.48333423469107, 23.64715292971209], [121.48333108898005, 23.647156606034425], [121.48332791102534, 23.647160258747334], [121.48332470103574, 23.647163887610823], [121.4833214592222, 23.647167492386476], [121.48331818579767, 23.647171072837462], [121.4833148809772, 23.64717462872854], [121.48331154497794, 23.647178159826076], [121.48330817801906, 23.647181665898106], [121.48330478032173, 23.64718514671425], [121.48330135210921, 23.647188602045834], [121.48329789360677, 23.647192031665845], [121.48329440504155, 23.647195435348934], [121.48329088664283, 23.64719881287151], [121.48328733864169, 23.647202164011627], [121.4832837612713, 23.647205488549144], [121.48328015476662, 23.64720878626565], [121.48327651936467, 23.64721205694445], [121.48327285530426, 23.64721530037067], [121.4832691628261, 23.647218516331236], [121.48326544217284, 23.647221704614836], [121.48326169358887, 23.647224865012014], [121.4832579173205, 23.647227997315117], [121.48325411361581, 23.647231101318354], [121.48325028272473, 23.647234176817793], [121.48324642489894, 23.647237223611373], [121.48324254039188, 23.647240241498924], [121.48323862945877, 23.64724323028217], [121.48317077638842, 23.64728237810807], [121.48309460835739, 23.64731542962532], [121.48303938138096, 23.64733886237209], [121.48298870556228, 23.647371130099643], [121.48294927078808, 23.647410893629203], [121.48291510011684, 23.647456112796057], [121.48291306419857, 23.64746057390091], [121.48291094714975, 23.647465002842726], [121.48290874956878, 23.647469398369484], [121.48290647207692, 23.647473759238654], [121.48290411531796, 23.647478084217443], [121.48290167995816, 23.64748237208321], [121.48289916668594, 23.647486621623845], [121.48289657621176, 23.647490831638063], [121.48289390926787, 23.64749500093573], [121.48289116660827, 23.647499128338215], [121.48288834900822, 23.647503212678775], [121.4828854572642, 23.64750725280277], [121.48288249219371, 23.647511247568154], [121.48287945463488, 23.64751519584562], [121.48287634544646, 23.64751909651904], [121.4828731655073, 23.647522948485744], [121.48286991571642, 23.647526750656805], [121.48286659699241, 23.647530501957394], [121.48286321027346, 23.64753420132709], [121.48277768865962, 23.647628106362195], [121.48274494553459, 23.64766169973062], [121.48270772017275, 23.64769189379223], [121.48256145151215, 23.64776619455034], [121.48253607988747, 23.64777584506769], [121.48235000100999, 23.647827740232117], [121.48211539397283, 23.64789895627829], [121.48203992779044, 23.647920410873187], [121.48196824323001, 23.647949357417755], [121.48184593258152, 23.648024305416925], [121.48173188793842, 23.648108094875987], [121.48168484738609, 23.648129460982567], [121.48168017263208, 23.648131655115638], [121.48167545807044, 23.64813377573685], [121.48167070506321, 23.648135822233577], [121.4816659149836, 23.648137794014506], [121.48166108921554, 23.648139690509996], [121.48165622915317, 23.648141511172135], [121.48165133620067, 23.648143255474906], [121.48164641177168, 23.648144922914362], [121.48164145728886, 23.64814651300878], [121.48163647418362, 23.648148025298763], [121.48163146389564, 23.648149459347362], [121.48162642787243, 23.648150814740294], [121.48162136756896, 23.648152091085993], [121.48161628444718, 23.648153288015656], [121.48161117997572, 23.648154405183536], [121.48160605562921, 23.64815544226682], [121.48160091288821, 23.648156398965906], [121.48159575323847, 23.648157275004415], [121.48159057817067, 23.648158070129202], [121.48158538917995, 23.648158784110603], [121.48158018776546, 23.648159416742303], [121.48157497542994, 23.648159967841522], [121.48156975367925, 23.64816043724909], [121.48156452402203, 23.648160824829336], [121.4815592879692, 23.648161130470328], [121.48155404703353, 23.648161354083715], [121.48137204724941, 23.648144229893695], [121.4810462803835, 23.648111162547917], [121.48091785438385, 23.648095433754676], [121.48080210824268, 23.648081263806443], [121.48072349588968, 23.64807606259971], [121.48064415664736, 23.648083857450104], [121.48051184127011, 23.648108936892307], [121.48040726914992, 23.648151032657946], [121.48024671236233, 23.648224075233117], [121.48018838891657, 23.648237285830575], [121.48016035589434, 23.648240262171743], [121.48012856028043, 23.648243629409397], [121.48001405350423, 23.648246774141914], [121.47990026695366, 23.64824582607327], [121.47985384199059, 23.648242565529955], [121.47946516813671, 23.648204930839043], [121.4793829616331, 23.648197934112098], [121.47934161325169, 23.648194413915583], [121.47920985942275, 23.648190766802415], [121.47914773951872, 23.64819509441502], [121.47902282351627, 23.648206487676497], [121.47894058349762, 23.648227979757415], [121.4787575274069, 23.648292259177953], [121.47866262407878, 23.648330233432457], [121.47856185285112, 23.648388073185597], [121.47839086410293, 23.64847967514942], [121.47827875538002, 23.648514298029905], [121.47816282077696, 23.64853731130811], [121.47812695327391, 23.648547706829184], [121.47803811530176, 23.648598673907216], [121.4779888593382, 23.648631016908254], [121.47788675897911, 23.648727877982815], [121.47779809958973, 23.64882538383514], [121.47770282232841, 23.648941439125064], [121.47766779151934, 23.648977142422744], [121.47761179178526, 23.64901498715456], [121.4775543143001, 23.649050795688744], [121.4774400249291, 23.649103267521326], [121.47732194669173, 23.64915162432747], [121.47719875562358, 23.649230815403], [121.47711445604243, 23.649298220240183], [121.47701304300094, 23.649387611007228], [121.47694442165873, 23.6494536040212], [121.47689610605953, 23.64953731417673], [121.47685839984233, 23.649646311176348], [121.47680834696341, 23.649845734181522], [121.47671408149333, 23.650211720887572], [121.47662538238849, 23.650704649036175], [121.47651993202344, 23.651111412321292], [121.47709089942511, 23.651003421094025], [121.4781209158973, 23.650773302816646], [121.47860305489678, 23.65111612945731], [121.47730842819695, 23.651650583560826], [121.47702658398617, 23.651761713257738], [121.47711107409482, 23.65181720168587], [121.47713944888216, 23.651849106020006], [121.47715264210255, 23.651951492453584], [121.47719727635307, 23.652347072713518], [121.47723954111484, 23.652458123340754], [121.4773727802811, 23.65264830583414], [121.47745719762402, 23.652706615895006], [121.47740536244262, 23.652730000220654], [121.47733114796256, 23.65268721004164], [121.47718379028129, 23.65247022740753], [121.47712979246799, 23.652356287183096], [121.4770884019586, 23.65195826376873], [121.47707160860824, 23.651863395616168], [121.47696033123069, 23.651787836271176], [121.47632398820734, 23.65203874006008], [121.47624713302237, 23.65189404831588], [121.47588300600756, 23.65158861466145], [121.4756468591017, 23.651429268530396], [121.47552951572774, 23.651339989921873], [121.47610617496505, 23.651203477847318], [121.47607678780538, 23.65115750721285], [121.47606392971889, 23.651106754217317], [121.47606458865857, 23.651045051748397], [121.47607274888237, 23.650984039597507], [121.47609284689209, 23.650890122410154], [121.47610166935515, 23.650787291338684], [121.47609476972823, 23.650706360599195], [121.47606309743674, 23.650630228498258], [121.47606083984209, 23.650626009675946], [121.47605854552037, 23.65062180770074], [121.47605621461972, 23.65061762284394], [121.47605384729064, 23.65061345537579], [121.47605144368593, 23.650609305565325], [121.47604900396091, 23.65060517368054], [121.476046528273, 23.6506010599882], [121.47604401678211, 23.65059696475393], [121.4760414696504, 23.650592888242134], [121.47603888704231, 23.650588830716018], [121.47603626912462, 23.650584792437574], [121.47603361606636, 23.650580773667567], [121.47603092803884, 23.650576774665453], [121.47602820521561, 23.650572795689474], [121.47602544777249, 23.650568836996502], [121.47602265588755, 23.650564898842173], [121.476019829741, 23.65056098148074], [121.47601696951537, 23.65055708516517], [121.47601407539534, 23.650553210147017], [121.47601114756776, 23.65054935667648], [121.47600818622168, 23.65054552500239], [121.47600519154835, 23.65054171537213], [121.47600216374106, 23.650537928031685], [121.47599910299535, 23.6505341632256], [121.47599600950886, 23.650530421196965], [121.47599288348133, 23.650526702187392], [121.47598972511457, 23.650523006437012], [121.47598653461255, 23.65051933418443], [121.47598331218128, 23.65051568566677], [121.4759800580288, 23.65051206111963], [121.47597677236523, 23.65050846077702], [121.47597345540271, 23.650504884871395], [121.47597010735547, 23.650501333633642], [121.47596672843962, 23.65049780729309], [121.47596331887337, 23.650494306077412], [121.47595987887685, 23.650490830212654], [121.4759564086722, 23.650487379923273], [121.47595290848346, 23.650483955432026], [121.47594937853665, 23.650480556960023], [121.47587288732971, 23.65041173203604], [121.47582927943546, 23.65037990047245], [121.47577453176305, 23.65036853746181], [121.47571458663644, 23.650364685092345], [121.47565922191059, 23.650380566765687], [121.47563236691842, 23.6504058783442], [121.47558520742746, 23.650565687493774], [121.47555379657318, 23.650643150954274], [121.47551185541495, 23.65071718830122], [121.47547363530303, 23.650760341424984], [121.47543237629733, 23.650800740747105], [121.4753235724341, 23.650860959823497], [121.47519739704876, 23.650880002116565], [121.47483447919275, 23.65082666448776], [121.47475103815657, 23.650803921177776], [121.47468185611135, 23.650758496519593], [121.4746231101099, 23.650679503295464], [121.47458614218586, 23.650591603235117], [121.4745672108036, 23.650506492336877], [121.47449174825584, 23.650334028832667], [121.47448919042743, 23.650329995867892], [121.47448659635131, 23.650325982598105], [121.47448396620617, 23.650321989299783], [121.47448130017318, 23.650318016247972], [121.47447859843597, 23.65031406371639], [121.47447586118066, 23.650310131977296], [121.47447308859589, 23.65030622130155], [121.47447028087257, 23.650302331958507], [121.4744674382041, 23.650298464216114], [121.47446456078639, 23.65029461834078], [121.4744616488176, 23.650290794597453], [121.4744587024983, 23.650286993249512], [121.47445572203152, 23.650283214558844], [121.47445270762252, 23.650279458785743], [121.47444965947896, 23.650275726188887], [121.47444657781084, 23.650272017025433], [121.47444346283044, 23.650268331550897], [121.47444031475233, 23.65026467001912], [121.47443713379336, 23.650261032682373], [121.47443392017266, 23.650257419791174], [121.4744306741116, 23.650253831594412], [121.47442739583381, 23.65025026833929], [121.47442408556515, 23.65024673027122], [121.47442074353359, 23.65024321763396], [121.47441736996936, 23.650239730669437], [121.47441396510483, 23.65023626961792], [121.47441052917462, 23.650232834717766], [121.47440706241538, 23.650229426205613], [121.4744035650659, 23.65022604431624], [121.47440003736713, 23.650222689282636], [121.47439647956207, 23.650219361335907], [121.47439289189582, 23.6502160607053], [121.47438927461546, 23.650212787618187], [121.47438562797024, 23.65020954229999], [121.47438195221133, 23.650206324974334], [121.47437824759194, 23.650203135862785], [121.47437451436728, 23.650199975185085], [121.47437075279453, 23.650196843158902], [121.47436696313274, 23.650193740000024], [121.47436314564304, 23.650190665922203], [121.47435930058838, 23.65018762113719], [121.4743554282336, 23.65018460585474], [121.47428702603966, 23.650137851247635], [121.47420896150285, 23.650105429328814], [121.47433293517386, 23.651365471371424], [121.4747655564295, 23.6517467748458], [121.47506835179173, 23.652208090453378], [121.47527448443034, 23.652526159582145], [121.47571839996571, 23.653211128879875], [121.47673766389512, 23.65268634794878], [121.47693463146312, 23.652942359194455], [121.47729215252453, 23.653154478876132], [121.47700676963375, 23.654483717659428]]], [[[121.46324041524929, 23.654496958764053], [121.46325846896157, 23.65447114284846], [121.46322733367391, 23.654467732332687], [121.46289922334128, 23.654490736058907], [121.46268645087231, 23.65433829839172], [121.46266339167404, 23.654373538213996], [121.46258948035738, 23.654454457945018], [121.4625303915866, 23.6545050204388], [121.4624422624376, 23.654570893754947], [121.46274045040806, 23.65497278638248], [121.46289889335777, 23.6549763677152], [121.46310063074507, 23.65481179339113], [121.46311243923085, 23.65468266836333], [121.46313377223768, 23.6546360470794], [121.46321310322234, 23.65457156316104], [121.46324041524929, 23.654496958764053]]], [[[121.48138840139353, 23.654757003850666], [121.48158932306384, 23.654568912847253], [121.48210338861055, 23.654648546764076], [121.48208195975923, 23.65436759810068], [121.48225669650333, 23.653954719433234], [121.48241281583871, 23.653929058708332], [121.48260768179716, 23.653942719222474], [121.48281080806943, 23.65428666254623], [121.48271194432387, 23.65389267672341], [121.48254844066005, 23.65344984234074], [121.48271433707039, 23.653310574497688], [121.48290789593759, 23.653053860452683], [121.48311477004732, 23.65305721609892], [121.48356968479926, 23.65315086315365], [121.48385720608339, 23.653184062434246], [121.48398707563805, 23.65314310437417], [121.484160639315, 23.65262661973693], [121.48357862121195, 23.651483227166548], [121.4833747497788, 23.651728172300984], [121.48314242154522, 23.651874447296123], [121.48301695947129, 23.652018285101896], [121.4824218108669, 23.652241367464928], [121.48227911824102, 23.6523914436882], [121.48197173269693, 23.652658777731894], [121.48170339928458, 23.652907460755493], [121.48139047623822, 23.653014965933423], [121.48115229618445, 23.653157183726794], [121.48104085037339, 23.65398783467325], [121.48106654637051, 23.65400487537307], [121.48109220215551, 23.65412349203093], [121.48097061487427, 23.65426392098004], [121.48093263868876, 23.65441915211648], [121.48094899994291, 23.654604346998937], [121.48111919455063, 23.654854105914755], [121.48122409866878, 23.654914776362258], [121.48135671042978, 23.65495814997208], [121.48141093164337, 23.65485983708576], [121.48138840139353, 23.654757003850666]]], [[[121.46834157427753, 23.65533673323319], [121.46833925337168, 23.655298842275563], [121.46834292186107, 23.6552609422524], [121.4683920218791, 23.6550017476869], [121.46841788094612, 23.65483925096512], [121.46841887242941, 23.654834737886954], [121.46841981775377, 23.654830216412154], [121.46842071683541, 23.65482568694134], [121.4684215695947, 23.654821149875772], [121.4684223759561, 23.65481660561745], [121.46842313584816, 23.65481205456897], [121.46842384920355, 23.65480749713352], [121.46842451595907, 23.654802933714915], [121.46842513605569, 23.654798364717404], [121.46842570943845, 23.654793790545853], [121.46842623605659, 23.654789211605447], [121.4684267158634, 23.654784628301908], [121.46842714881645, 23.654780041041292], [121.4684275348773, 23.654775450230023], [121.46842787401181, 23.65477085627482], [121.46842816618991, 23.65476625958269], [121.46842841138573, 23.654761660560887], [121.46842860957757, 23.654757059616866], [121.46842876074786, 23.654752457158246], [121.4684288648832, 23.65474785359282], [121.46842892197438, 23.65474324932842], [121.46842893201632, 23.654738644772976], [121.4684288950082, 23.654734040334436], [121.46842881095327, 23.654729436420723], [121.46842867985895, 23.65472483343976], [121.4684285017369, 23.65472023179934], [121.46842827660289, 23.654715631907134], [121.46842800447686, 23.654711034170692], [121.46842768538296, 23.65470643899734], [121.46842731934942, 23.654701846794236], [121.46842690640871, 23.65469725796821], [121.46842644659742, 23.65469267292579], [121.46842593995628, 23.654688092073215], [121.46842538653017, 23.654683515816334], [121.46842478636813, 23.654678944560594], [121.46842413952335, 23.65467437871099], [121.46842344605315, 23.65466981867203], [121.46842270601897, 23.654665264847704], [121.46842191948635, 23.65466071764149], [121.468421086525, 23.654656177456243], [121.46842020720872, 23.654651644694212], [121.46841928161543, 23.65464711975698], [121.46841830982713, 23.654642603045414], [121.46841729192991, 23.65463809495974], [121.468416228014, 23.6546335958993], [121.46841511817358, 23.654629106262707], [121.46841396250707, 23.654624626447745], [121.46841276111682, 23.654620156851276], [121.46841151410926, 23.65461569786934], [121.46841022159492, 23.654611249896952], [121.46840888368828, 23.65460681332816], [121.4684075005079, 23.654602388556096], [121.46840607217628, 23.654597975972713], [121.46840459882006, 23.654593575969], [121.4684030805697, 23.65458918893475], [121.46836617559161, 23.65449610411354], [121.46828920774014, 23.654334261168522], [121.46822664002143, 23.65422197525353], [121.46815056212908, 23.654117297063163], [121.46811740001458, 23.6540732235327], [121.4680782559077, 23.654033971898336], [121.46800755248849, 23.653976819184795], [121.46792860025688, 23.653932062131986], [121.46792404508491, 23.653929878035246], [121.4679194671447, 23.653927734713697], [121.46791486686634, 23.653925632368743], [121.46791024468206, 23.65392357119789], [121.46790560102617, 23.653921551394806], [121.46790093633498, 23.653919573149253], [121.46789625104675, 23.653917636647122], [121.46789154560172, 23.653915742070346], [121.46788682044196, 23.653913889596943], [121.46788207601143, 23.65391207940094], [121.46787731275597, 23.653910311652446], [121.46787253112308, 23.653908586517556], [121.46786773156197, 23.65390690415833], [121.46786291452369, 23.653905264732863], [121.46785808046073, 23.653903668395177], [121.4678532298274, 23.653902115295267], [121.46784836307937, 23.653900605579025], [121.46784348067389, 23.653899139388347], [121.46783858306976, 23.65389771686098], [121.46783367072713, 23.653896338130565], [121.46782874410752, 23.65389500332664], [121.4678238036738, 23.653893712574625], [121.46781884989021, 23.653892465995817], [121.46781388322218, 23.653891263707308], [121.46780890413635, 23.653890105822057], [121.4678039131005, 23.6538889924489], [121.46779891058364, 23.653887923692412], [121.46779389705576, 23.653886899653], [121.46778887298792, 23.653885920426898], [121.46778383885213, 23.653884986106124], [121.46777879512146, 23.65388409677845], [121.46777374226971, 23.653883252527407], [121.46776868077168, 23.653882453432356], [121.46776361110294, 23.65388169956837], [121.46775853373978, 23.653880991006282], [121.4677534491593, 23.65388032781266], [121.4677483578392, 23.653879710049807], [121.46774326025785, 23.653879137775757], [121.4677381568942, 23.653878611044313], [121.46773304822774, 23.653878129904953], [121.46772793473848, 23.65387769440287], [121.46764014360785, 23.653886131202324], [121.46762179587283, 23.653889635923186], [121.46787172742305, 23.65426324737926], [121.46821582246395, 23.65430035027344], [121.46771093700305, 23.654362897590605], [121.46723204114355, 23.65467478546136], [121.46716209088672, 23.654683412027286], [121.46696952761275, 23.654197242012945], [121.46675197683196, 23.654274018209556], [121.4666140610232, 23.65436984203225], [121.4664694606645, 23.65436367643894], [121.46601438355769, 23.654534841077027], [121.46593220359641, 23.654624844099768], [121.46593690594554, 23.65464893044601], [121.46642020823887, 23.654860119314893], [121.46646998597382, 23.655321734315784], [121.46672395869722, 23.655295578136926], [121.46723027251879, 23.655322153583523], [121.46750650932786, 23.655318738234], [121.46804436629924, 23.655430140930726], [121.46834157427753, 23.65533673323319]]], [[[121.46157744022416, 23.655113912676512], [121.46152257985351, 23.65509580876694], [121.46141174697011, 23.655186869949343], [121.4614832288237, 23.655290490631344], [121.46152889252544, 23.65540026519026], [121.46155353922217, 23.655479274636804], [121.46156671097825, 23.65562925620912], [121.46162739675631, 23.65559776022165], [121.46167268971944, 23.655545984016285], [121.46171014643416, 23.65544842305607], [121.46171336412927, 23.65538487992907], [121.46163250901328, 23.655238883414942], [121.46157744022416, 23.655113912676512]]], [[[121.464478961978, 23.655917438612622], [121.46451501359233, 23.655908327896196], [121.46454063730143, 23.655913714126747], [121.46456336892855, 23.655932897492125], [121.4646311192386, 23.65593395860616], [121.4647038770346, 23.655901242337762], [121.46473054388473, 23.655841186605375], [121.46477365959811, 23.65577002007296], [121.46471462005663, 23.65572623108383], [121.46485686464548, 23.65522350508664], [121.46527568762589, 23.655249653968944], [121.46526547603749, 23.654984389715327], [121.46493404525343, 23.654958466321023], [121.46478119796218, 23.65495441880321], [121.46469768561612, 23.654961712395462], [121.46465092330637, 23.65494956303601], [121.46463783795994, 23.654911045098], [121.46447674660845, 23.654912521124476], [121.46444370220371, 23.654923708699233], [121.46447279583089, 23.6552927589194], [121.46386858856607, 23.65562624996039], [121.46408865363402, 23.656013691190545], [121.46410815945092, 23.656049354597076], [121.46420982157153, 23.65605714087279], [121.46425928359179, 23.65603142944159], [121.46432702910748, 23.656031118175907], [121.46445091000194, 23.655993354744012], [121.46447993657387, 23.655946367103006], [121.464478961978, 23.655917438612622]]], [[[121.48309187126493, 23.655427410876847], [121.48331820665928, 23.65521180604808], [121.48353202165795, 23.655025071978667], [121.48359815612456, 23.655021353102253], [121.48303077714637, 23.654593467855925], [121.48300238863865, 23.65473490822793], [121.48239766883029, 23.655142037958488], [121.48183145805606, 23.655179826654663], [121.48125031479744, 23.65521860976853], [121.4813422463646, 23.655388788182528], [121.48143005838321, 23.655551340251233], [121.48170489344486, 23.6555132115979], [121.48175258733976, 23.655455399313656], [121.48179559525134, 23.65536807425126], [121.48200524210175, 23.655345976837857], [121.48233080371871, 23.65522455231428], [121.48235518128816, 23.65530430860183], [121.48217818343716, 23.65555802672582], [121.48243416831056, 23.65565368620463], [121.48250342426604, 23.655894204129023], [121.48247161896704, 23.656016550682008], [121.48242648040103, 23.656190186388603], [121.48261575752414, 23.656282730179797], [121.48259045001268, 23.656049906912035], [121.48256611732967, 23.65582605098332], [121.48265346561021, 23.655627413215644], [121.48309187126493, 23.655427410876847]]], [[[121.48923849383395, 23.65630353354626], [121.48926579914367, 23.654818458707126], [121.4890079501845, 23.65493944031709], [121.48880828084707, 23.655110949180642], [121.48854652168313, 23.655298464587396], [121.48815408176081, 23.65555444841602], [121.4879829955236, 23.65594277002712], [121.48884639958514, 23.65687977637727], [121.48886244885375, 23.656827606012932], [121.48897430623829, 23.65665570590422], [121.48923849383395, 23.65630353354626]]], [[[121.46301924282741, 23.6564921486616], [121.46299438887388, 23.656449056385682], [121.46290507407039, 23.65662710293623], [121.46286868772894, 23.65669963793418], [121.4628036213271, 23.65682625814774], [121.46302384493254, 23.657156000087085], [121.46305903371633, 23.65711561351934], [121.4632514576812, 23.6568947657682], [121.46304191214817, 23.656531453149103], [121.46301924282741, 23.6564921486616]]], [[[121.48677386319626, 23.657116304540313], [121.48534749121204, 23.656176282458013], [121.48502341652618, 23.65652533985759], [121.4847676711151, 23.656607317399512], [121.48468900491382, 23.656610391714068], [121.48468880958148, 23.656610399347723], [121.48446166970956, 23.656820527591503], [121.48412925123506, 23.656893244393316], [121.48399899412594, 23.65706962312164], [121.48343020342082, 23.657175231277275], [121.48406523035568, 23.658153339557412], [121.48438927426386, 23.658118881029605], [121.484530533962, 23.657996619058427], [121.48478270242126, 23.657908846937136], [121.48490398713501, 23.657830152475984], [121.4852112478986, 23.657668244560217], [121.48545148606489, 23.657495710248337], [121.48603327374275, 23.65732876896496], [121.48628351339748, 23.65727142172582], [121.48665419379316, 23.657125050876406], [121.48677386319626, 23.657116304540313]]], [[[121.48976821111606, 23.65750605986509], [121.4896880331767, 23.65746109216965], [121.4886162997487, 23.6575026158961], [121.48847470252534, 23.657773006707124], [121.48849272184438, 23.65804267772738], [121.48844348604302, 23.658099160494725], [121.48833058370064, 23.65810102419662], [121.48823829419592, 23.658139167653566], [121.48817428638827, 23.658322700365495], [121.4881830582015, 23.65838032772191], [121.48807603394822, 23.658550333847412], [121.48800323829742, 23.65866937656131], [121.48804726649989, 23.658715199386926], [121.48851974099367, 23.65877701860393], [121.48865117109342, 23.65874077425392], [121.48878864636157, 23.658616642197178], [121.48887672210999, 23.658336234377717], [121.48888871977942, 23.65833067935714], [121.48928880341927, 23.65780871619371], [121.48976821111606, 23.65750605986509]]], [[[121.4817635071689, 23.658902305375772], [121.48159559631156, 23.65792877788034], [121.48037173493354, 23.658300402900014], [121.47976291635972, 23.658480138695406], [121.48083597255743, 23.65873017972264], [121.48089746443509, 23.659271232796062], [121.48093694971855, 23.659222710769708], [121.48174135406465, 23.65895623674646], [121.4817635071689, 23.658902305375772]]], [[[121.48699989992903, 23.658041388405103], [121.48669686319515, 23.657903309044528], [121.48651970600136, 23.658051637160916], [121.48644179401175, 23.658184447541984], [121.48638160944363, 23.65836869895803], [121.4864941084069, 23.658676423120887], [121.48645065554899, 23.659058978676455], [121.48651259233867, 23.65944107702214], [121.48683413257173, 23.65937312082366], [121.48705790036948, 23.65912848803722], [121.48716742855223, 23.65908615546574], [121.48748707841592, 23.65905598435961], [121.48745233693585, 23.658585228031434], [121.48699989992903, 23.658041388405103]]], [[[121.4693997822022, 23.659912800994466], [121.4706171883022, 23.65899515221519], [121.47055764519706, 23.65892937955278], [121.47018112512227, 23.65861426347952], [121.47017997513768, 23.658583249706172], [121.47004565363999, 23.6584373025724], [121.46977104118395, 23.658326427793053], [121.46966326133516, 23.65831351676117], [121.469121304126, 23.658246278856208], [121.46895452235879, 23.65838224817274], [121.46885812920104, 23.658434126862733], [121.4686510194853, 23.658818166338968], [121.46867690929906, 23.6588980195955], [121.46874195334338, 23.65898097807184], [121.46895695875686, 23.659079266917587], [121.46897461626602, 23.659107431527474], [121.46898767368256, 23.659126643491362], [121.46895335573055, 23.65937742279278], [121.46901356224578, 23.65943421847606], [121.46909627394663, 23.659374886384942], [121.46916840464752, 23.659537140725902], [121.46920408795837, 23.659619700256737], [121.46934384647341, 23.659835955478115], [121.4693997822022, 23.659912800994466]]], [[[121.48421778343358, 23.66028888825646], [121.48416858491039, 23.66010860033432], [121.48326097746563, 23.659853597161838], [121.48259924257601, 23.660044922699743], [121.48253304615908, 23.660147336626004], [121.48270817341226, 23.660218478558853], [121.48291445194829, 23.660142004091348], [121.48323330636855, 23.65993170956822], [121.48332230714665, 23.659963550908195], [121.48347886013708, 23.660264620407666], [121.48356392760645, 23.660274432237312], [121.48378928881655, 23.66013575429001], [121.48421778343358, 23.66028888825646]]], [[[121.48150211469374, 23.66038892835508], [121.48165247495034, 23.660185887573846], [121.48219950465749, 23.660202435821766], [121.48176220229368, 23.659694110968704], [121.48317794555633, 23.65899962286733], [121.48246475439544, 23.658040599446498], [121.48177656653195, 23.65807592433371], [121.48190041130609, 23.65889869229182], [121.48184604172349, 23.65906387114653], [121.48125154543125, 23.659238683167363], [121.48103989655853, 23.659302106028825], [121.4809075878372, 23.659503627409585], [121.48098197259243, 23.65968317008519], [121.48120314589573, 23.659969422245354], [121.48122444038636, 23.659996860778197], [121.48127015937305, 23.660261444263597], [121.48150211469374, 23.66038892835508]]], [[[121.4712495151788, 23.661092895865263], [121.47134613307404, 23.661059688566592], [121.4712548241063, 23.661015088282994], [121.47092289507525, 23.661089978729112], [121.47089764138883, 23.661040445918342], [121.47083563534704, 23.661056454447806], [121.47077334702264, 23.661111364046686], [121.47072618147585, 23.661132474421997], [121.47067151035463, 23.661203302316945], [121.47065807167783, 23.66122071246639], [121.47054627421872, 23.661293590995474], [121.47053816532372, 23.661298877015767], [121.47041407245061, 23.661349513390604], [121.47029553600785, 23.66138044791422], [121.47020726886372, 23.661449016886078], [121.47012536422947, 23.661572530701505], [121.47005574978301, 23.661596535285206], [121.47003701067251, 23.661660865999806], [121.47005282412552, 23.661718734966406], [121.47006958743764, 23.66173517247914], [121.47007910700252, 23.661773763919445], [121.4700604537701, 23.661842925300384], [121.470067225602, 23.661886202493683], [121.47076443043278, 23.66152329297442], [121.47071552848045, 23.661503016171203], [121.47073442935049, 23.66145110984553], [121.47084609260762, 23.66141985273645], [121.4708478093551, 23.661415611813176], [121.47087888802619, 23.661338837362862], [121.47094404921893, 23.661316913760462], [121.47095929425579, 23.661311774648098], [121.47114953829961, 23.661154448723067], [121.4712495151788, 23.661092895865263]]], [[[121.4606027189537, 23.661987272693263], [121.46057530265497, 23.66193220030403], [121.46056162124877, 23.661938886875333], [121.46050452381114, 23.66185382449059], [121.46045598926995, 23.661882078382426], [121.46046511654738, 23.661893428782122], [121.46050735619522, 23.662007575085177], [121.46049450926824, 23.662048202095367], [121.46032480984404, 23.66212756324299], [121.46024614666847, 23.662135264487286], [121.46017282435251, 23.662170445499303], [121.46014352531002, 23.662171209723176], [121.4601531078206, 23.662183786838757], [121.46020845727884, 23.66218958214606], [121.46057011926716, 23.662131629257075], [121.4605698599869, 23.662054804703107], [121.4605710056009, 23.66201803205519], [121.4606027189537, 23.661987272693263]]], [[[121.47159708942466, 23.661712219710534], [121.47161654336638, 23.661667011685992], [121.47121060891348, 23.661692635791006], [121.47107959929568, 23.661637771879743], [121.47075334852775, 23.661776738000743], [121.47057995438604, 23.66187643849423], [121.47044130073675, 23.6620304828395], [121.4703839667993, 23.662130471897107], [121.47045218310892, 23.662249927303137], [121.47050593728036, 23.662335790703438], [121.47051816308364, 23.662423802833878], [121.47093534414488, 23.66216275841136], [121.47104904354293, 23.66206759131298], [121.47113245987624, 23.66206518867669], [121.4712049047423, 23.661996649230325], [121.47127443181256, 23.661890825690477], [121.47144633617945, 23.661791354702526], [121.47151896053586, 23.6617756928728], [121.47159708942466, 23.661712219710534]]], [[[121.4787153513255, 23.66247678925671], [121.47887343109315, 23.662380802169533], [121.4789174187174, 23.662354091669453], [121.4789315365896, 23.662236020070353], [121.47892510655092, 23.662187802970294], [121.47875532416148, 23.661934338475035], [121.47878133600659, 23.661709299732465], [121.47884774227485, 23.66164195831715], [121.47887800244166, 23.661571396580783], [121.47889391046039, 23.66149266210451], [121.47897523676912, 23.661317630770462], [121.47869250064461, 23.661329764390143], [121.47873011745571, 23.661421950406616], [121.47873919089804, 23.661431557133554], [121.47875450414482, 23.661555632906225], [121.47874101257335, 23.661581878942968], [121.47870193788357, 23.66166012511481], [121.47867250422075, 23.661739632756316], [121.47866693412817, 23.66188453244615], [121.47869191467782, 23.66199822122691], [121.47873618939892, 23.662080011474522], [121.47875040769128, 23.662070260563798], [121.4787845819239, 23.662110761820387], [121.47882054310512, 23.6621843245245], [121.4788177718083, 23.662217454241045], [121.47877377028931, 23.662261881142324], [121.47865358540642, 23.662281287101223], [121.47857103917883, 23.66230456790133], [121.47846527081839, 23.66233907210318], [121.47843768234519, 23.662276463656344], [121.4783873968942, 23.662291265149584], [121.47832229883171, 23.66233032112701], [121.47822592007213, 23.662318518672276], [121.47815428808588, 23.662296905730308], [121.47811271680308, 23.662273737201687], [121.47799593431286, 23.662244822943507], [121.4780107499212, 23.662404757493057], [121.47806562663239, 23.662401644526607], [121.47855396149977, 23.662519908139657], [121.4787153513255, 23.66247678925671]]], [[[121.47700676963375, 23.654483717659428], [121.4763246302998, 23.654103025105268], [121.47548273123219, 23.653610624652167], [121.47438511461914, 23.652776737686224], [121.473694336757, 23.653324537177525], [121.47297357386593, 23.65309446493798], [121.47272788244555, 23.65266299511163], [121.47243485852051, 23.652234757278467], [121.47269635501367, 23.652285764020228], [121.47289852705107, 23.652333962431566], [121.47310639748676, 23.65223308868857], [121.47335652908406, 23.652233914415728], [121.4734103826503, 23.65211650737829], [121.47346306981397, 23.652165296895003], [121.47357060465016, 23.652228547098552], [121.47361428836261, 23.652249256590764], [121.47381418943813, 23.65234402507361], [121.47437534609725, 23.652769841740728], [121.47470609607521, 23.65249953440176], [121.4740622045326, 23.651912501492856], [121.47368406034931, 23.651447856347048], [121.47360752192158, 23.651488281706833], [121.47360262946927, 23.651489916693297], [121.47359773899929, 23.651491556704734], [121.47359285051768, 23.65149320173912], [121.47358796403056, 23.65149485179444], [121.47358307954401, 23.65149650686859], [121.47357819706409, 23.651498166959566], [121.47357331659684, 23.651499832065266], [121.47356843814836, 23.651501502183617], [121.47356356172476, 23.651503177312566], [121.47355868733202, 23.65150485745002], [121.47355381497626, 23.651506542593882], [121.47354894466353, 23.651508232742067], [121.47354407639988, 23.651509927892477], [121.47353921019133, 23.651511628042986], [121.473534346044, 23.65151333319148], [121.4735294839639, 23.651515043335852], [121.47352462395706, 23.65151675847399], [121.47351976602957, 23.65151847860373], [121.47351491018745, 23.651520203722935], [121.47351005643674, 23.651521933829486], [121.47350520478346, 23.651523668921218], [121.47350035523365, 23.651525408995944], [121.47349550779337, 23.651527154051543], [121.4734906624686, 23.651528904085826], [121.4734858192654, 23.651530659096615], [121.4734809781898, 23.651532419081725], [121.4734761392478, 23.651534184038983], [121.4734311076816, 23.651558855457665], [121.4734273314006, 23.651561908513532], [121.47342357788425, 23.651564985298844], [121.47341984730825, 23.651568085669556], [121.47341613984726, 23.65157120948054], [121.47341245567482, 23.651574356585545], [121.47340879496342, 23.65157752683727], [121.47340515788441, 23.651580720087257], [121.4734015446081, 23.651583936186054], [121.47339795530361, 23.65158717498309], [121.47339439013896, 23.651590436326742], [121.47339084928105, 23.651593720064344], [121.47338733289567, 23.65159702604219], [121.47338384114742, 23.6516003541055], [121.47338037419975, 23.651603704098463], [121.47337693221499, 23.651607075864256], [121.47337351535427, 23.651610469245057], [121.47337012377749, 23.651613884081986], [121.47336675764349, 23.651617320215195], [121.47336341710984, 23.651620777483842], [121.47336010233293, 23.651624255726038], [121.47335681346789, 23.651627754778993], [121.47335355066875, 23.651631274478888], [121.47335031408821, 23.65163481466095], [121.47334710387781, 23.651638375159457], [121.47334392018782, 23.651641955807744], [121.47334076316727, 23.651645556438154], [121.47333763296399, 23.651649176882163], [121.4733345297245, 23.65165281697025], [121.47333145359406, 23.65165647653204], [121.47332840471671, 23.65166015539622], [121.47332538323515, 23.651663853390527], [121.47332238929087, 23.651667570341896], [121.47331942302397, 23.651671306076278], [121.47331648457336, 23.65167506041883], [121.47331357407661, 23.651678833193753], [121.47331069166992, 23.65168262422448], [121.47330783748826, 23.65168643333351], [121.47330501166525, 23.65169026034252], [121.47330221433319, 23.65169410507238], [121.473299445623, 23.651697967343072], [121.47329670566432, 23.651701846973825], [121.47329399458545, 23.65170574378299], [121.47329131251325, 23.651709657588146], [121.4732886595733, 23.651713588206093], [121.47328603588979, 23.651717535452796], [121.47328344158556, 23.651721499143505], [121.47325124691965, 23.65176954553084], [121.473202557991, 23.651845733888532], [121.47314184374493, 23.651914382948952], [121.4730563266434, 23.651976831974526], [121.47295498274417, 23.652013179005944], [121.47287237542068, 23.65202615394325], [121.47278751595475, 23.652034349923607], [121.4726252065164, 23.652009507260242], [121.472480876106, 23.651938639044207], [121.47244925520395, 23.65191180861542], [121.47242365528028, 23.651880155991915], [121.47239428109404, 23.651832026492507], [121.47212571543169, 23.65125583280505], [121.4721231368133, 23.651251777322546], [121.47212037031822, 23.65124782830053], [121.47211742111732, 23.651243993119966], [121.47211429472289, 23.65124027894913], [121.47211099697837, 23.651236692730087], [121.47210753404751, 23.651233241165716], [121.47210391240284, 23.65122993070728], [121.47210013881346, 23.651226767542276], [121.47209622033252, 23.651223757582855], [121.47209216428395, 23.651220906454906], [121.47208797824878, 23.651218219487337], [121.47208367005109, 23.65121570170236], [121.47207924774318, 23.651213357805837], [121.47207471959067, 23.651211192178714], [121.47207009405706, 23.65120920886873], [121.47206537978776, 23.651207411582778], [121.47206058559414, 23.65120580368016], [121.47205572043688, 23.651204388166175], [121.47205079340931, 23.651203167686482], [121.47204581372041, 23.651202144522266], [121.47204079067758, 23.651201320585916], [121.47203573366927, 23.651200697417412], [121.47203065214735, 23.6512002761815], [121.47202555560962, 23.65120005766549], [121.47202045358188, 23.65120004227785], [121.47184921849575, 23.651225268985673], [121.47166673745714, 23.65124430820182], [121.47151199913885, 23.651242051885323], [121.47140530725386, 23.651235739439382], [121.4713121180299, 23.651219823337886], [121.47121967859042, 23.651199769262796], [121.47111744129737, 23.651161802735853], [121.47104375365936, 23.65112527543543], [121.47097306294509, 23.651082535537515], [121.47086925932996, 23.651009492912287], [121.4707654632887, 23.65094675317007], [121.47066394404993, 23.65089020990293], [121.47063386295183, 23.650885361929703], [121.4706023286246, 23.650888040167597], [121.47059634453635, 23.650900438158402], [121.4705970767694, 23.650905631205713], [121.47059839499168, 23.65091072513622], [121.4706002847238, 23.65091566399763], [121.47060272520879, 23.650920393540996], [121.47060568964014, 23.650924861816485], [121.47060914545628, 23.650929019744062], [121.47061305469819, 23.65093282165262], [121.47061737442637, 23.650936225781567], [121.47062205719244, 23.65093919473958], [121.47062705156047, 23.650941695915296], [121.47063230267172, 23.6509437018355], [121.47063775284737, 23.65094519046697], [121.47067910204746, 23.650965192319404], [121.47072195348335, 23.65098040381683], [121.47083396359147, 23.65102388521448], [121.47092874896023, 23.651091429031887], [121.47105442003499, 23.651205066268616], [121.47113423266211, 23.651287699057107], [121.471253212011, 23.65143499238258], [121.47131273160853, 23.651527908463343], [121.47135124717263, 23.65162970144106], [121.47136641768678, 23.65169709872601], [121.47136729146291, 23.65176587588382], [121.47133032716984, 23.65206152384333], [121.47130753881586, 23.652311149066822], [121.47131705698928, 23.65256834234771], [121.47131189441329, 23.652615782428445], [121.47130298480991, 23.652662529577402], [121.47128584664398, 23.652738178964885], [121.47125894018859, 23.652812431339097], [121.47122228762224, 23.65288327298771], [121.47117436202744, 23.65294860460689], [121.47110168069173, 23.653042816426506], [121.47102674713287, 23.653134976266273], [121.47102344572615, 23.65313845320219], [121.47102011712906, 23.65314190807017], [121.4710167615154, 23.653145340689782], [121.47101337906042, 23.653148750881762], [121.47100996994078, 23.653152138468034], [121.47100653433449, 23.65315550327165], [121.471003072421, 23.653158845116888], [121.47099958438108, 23.653162163829258], [121.4709960703969, 23.653165459235414], [121.47099253065194, 23.653168731163266], [121.4709889653311, 23.653171979441947], [121.47098537462057, 23.653175203901796], [121.47098175870785, 23.653178404374437], [121.4709781177818, 23.653181580692728], [121.47097445203255, 23.65318473269078], [121.4709707616515, 23.65318786020397], [121.47096704683146, 23.653190963069], [121.47096330776634, 23.653194041123793], [121.47095954465149, 23.65319709420763], [121.47095575768337, 23.653200122161035], [121.47095194705979, 23.6532031248259], [121.47094811297977, 23.65320610204539], [121.47094425564349, 23.653209053664057], [121.47094037525241, 23.653211979527722], [121.47093647200919, 23.65321487948359], [121.47093254611767, 23.653217753380222], [121.47092859778287, 23.65322060106753], [121.47092462721099, 23.6532234223968], [121.47092063460941, 23.653226217220666], [121.4709166201866, 23.6532289853932], [121.47091258415222, 23.653231726769807], [121.47090852671705, 23.653234441207353], [121.47090444809305, 23.653237128564044], [121.47090034849309, 23.65323978869957], [121.47089622813137, 23.653242421474978], [121.47089208722306, 23.6532450267528], [121.47088792598437, 23.65324760439696], [121.47088374463266, 23.653250154272847], [121.47087954338626, 23.65325267624728], [121.47087532246461, 23.653255170188597], [121.47087108208811, 23.653257635966497], [121.47086682247826, 23.653260073452234], [121.47086254385748, 23.65326248251851], [121.47085824644918, 23.653264863039503], [121.47085393047787, 23.65326721489092], [121.47084959616888, 23.6532695379499], [121.47084524374861, 23.65327183209514], [121.4706433895041, 23.65336198428724], [121.47035071751291, 23.65348859409866], [121.47031842581468, 23.653501694945707], [121.47019233163915, 23.65354712699059], [121.46921716621834, 23.65380553396393], [121.4691390939996, 23.653817960444737], [121.4690737503298, 23.65382624885433], [121.46900841397354, 23.653828342787307], [121.46900335536043, 23.653827959966453], [121.46899830087389, 23.653827533394505], [121.46899325095985, 23.65382706310908], [121.46898820606383, 23.653826549151685], [121.46898316663092, 23.653825991567654], [121.46897813310571, 23.653825390406187], [121.46897310593228, 23.653824745720318], [121.46896808555414, 23.65382405756692], [121.46896307241421, 23.653823326006687], [121.46895806695477, 23.65382255110419], [121.46895306961744, 23.653821732927785], [121.46894808084308, 23.653820871549637], [121.46894310107179, 23.65381996704576], [121.46893813074298, 23.653819019495963], [121.46893317029507, 23.653818028983803], [121.46892822016574, 23.653816995596703], [121.4689232807917, 23.653815919425803], [121.46891835260874, 23.65381480056609], [121.46891343605158, 23.653813639116233], [121.46890853155405, 23.653812435178704], [121.4689036395488, 23.653811188859727], [121.46889876046741, 23.653809900269277], [121.46889389474036, 23.65380856952102], [121.46888904279692, 23.653807196732345], [121.46888420506514, 23.653805782024378], [121.46887938197182, 23.653804325521932], [121.46887457394247, 23.653802827353502], [121.46886978140128, 23.653801287651245], [121.46886500477105, 23.653799706551034], [121.46886024447323, 23.653798084192346], [121.46885550092775, 23.653796420718308], [121.46885077455312, 23.65379471627569], [121.46884606576629, 23.65379297101483], [121.46884137498274, 23.653791185089737], [121.46883670261626, 23.653789358657946], [121.4688320490791, 23.65378749188061], [121.46882741478179, 23.653785584922417], [121.46882280013314, 23.653783637951637], [121.46873179048755, 23.653722339100565], [121.46877550773283, 23.653782263961563], [121.46880939055497, 23.653841487137687], [121.46884862325442, 23.653924803630673], [121.46887360806691, 23.65401227175423], [121.46890855537119, 23.654207841315475], [121.4689156289109, 23.654363484238512], [121.46890466803856, 23.65449779016851], [121.46889278275664, 23.654559770383884], [121.46887042361722, 23.65465069562052], [121.46882868257029, 23.654790539589637], [121.46879218347956, 23.65493797076552], [121.46877222375274, 23.655088819351512], [121.46877311867011, 23.65516664428258], [121.46877698855039, 23.655215546874995], [121.46878610036218, 23.65525824821881], [121.4687929698524, 23.655318149035455], [121.46879306085442, 23.65536293644671], [121.46876993189701, 23.655430449782568], [121.46871072437582, 23.655499399583096], [121.4686642330937, 23.655527704016777], [121.46858634978729, 23.655543931194536], [121.4685424881419, 23.655889425588622], [121.46840585462698, 23.656392219067552], [121.46838329111692, 23.656571826253646], [121.46887689405857, 23.656498881398036], [121.46890941418839, 23.6568685703269], [121.46862911823406, 23.656966199089297], [121.46827811585564, 23.657064266710897], [121.4680659756271, 23.658042705494783], [121.46811079295371, 23.658089136692976], [121.46815439977387, 23.65808740672517], [121.46864035015761, 23.658071580926553], [121.46864851874753, 23.658119134100392], [121.46875139484297, 23.65815896939259], [121.4689596972011, 23.658148262095025], [121.46894504435885, 23.65794825182228], [121.46897327690832, 23.65786311498037], [121.46905569291542, 23.657608442736954], [121.46953152383935, 23.657273803524564], [121.46963745072524, 23.657199041183436], [121.46952271313862, 23.65699702252811], [121.46931817524356, 23.65650450795072], [121.46996154137422, 23.65602211159497], [121.47016757760069, 23.65650004673438], [121.47040358607927, 23.656606225166705], [121.47067951693366, 23.656749448559758], [121.4708366481566, 23.656832334218112], [121.47086859480812, 23.65667061328898], [121.4708887651062, 23.65660384006101], [121.47090295964809, 23.656198649112437], [121.47089152842764, 23.65611889676638], [121.4711189392361, 23.655888289714724], [121.47183056716003, 23.65609066771539], [121.47292435545738, 23.656401724127836], [121.47272376319258, 23.655589259256253], [121.47278047503862, 23.655265639874763], [121.4738315581579, 23.654504525835762], [121.47431705814347, 23.654152956873645], [121.47440958470112, 23.65463406893265], [121.47450453880512, 23.654806942238654], [121.4745540506948, 23.655178871414538], [121.4747299176949, 23.655536751608015], [121.47441985294081, 23.65571714947448], [121.47480201824199, 23.65647415495319], [121.47485864726568, 23.6566366708314], [121.47443478934673, 23.65695017294476], [121.47329795950722, 23.65757092326774], [121.47296468628484, 23.657582758188973], [121.47319837023468, 23.656344153853713], [121.47292435545738, 23.656401724127836], [121.47286887643499, 23.65646023472543], [121.47271656915227, 23.656527862701655], [121.47255969079275, 23.656575602850147], [121.47217962542335, 23.65654753165897], [121.4717559574542, 23.656503031636667], [121.47165074945057, 23.656466131066573], [121.47154613792138, 23.65636043980777], [121.47130098945179, 23.656239635587045], [121.4712695161347, 23.656224127828366], [121.47099656300955, 23.65614856553883], [121.4709313592742, 23.656130514470348], [121.47093557111745, 23.656362304966034], [121.47092256254771, 23.65661683958816], [121.47086840352331, 23.656948505102225], [121.47145119476838, 23.657234575697164], [121.47161142383037, 23.657226990885633], [121.47171278400192, 23.657330624156018], [121.47194156817054, 23.657564548284153], [121.47193048214199, 23.65757847885303], [121.47191186526784, 23.65759450919582], [121.47158651017338, 23.657280351360615], [121.47141414279581, 23.6572790697088], [121.47084973013172, 23.656992572932307], [121.47027580324946, 23.657435862021714], [121.4703600187024, 23.657605646127436], [121.47045911518973, 23.657704203329384], [121.47076706121825, 23.65800534130169], [121.4707876129047, 23.658025875789377], [121.47098231782725, 23.65830247115891], [121.47111432845558, 23.658503632508182], [121.4708870519823, 23.65920832008159], [121.47083293964008, 23.659156283369608], [121.4707942446483, 23.659188375319708], [121.47077643624357, 23.659208538706174], [121.47015834250237, 23.660059149911962], [121.46998607095479, 23.66032434393639], [121.469913883717, 23.66045667735826], [121.47008392062865, 23.66057819905862], [121.47000603677382, 23.660611511298782], [121.47052276632809, 23.661099347851216], [121.47042911729758, 23.661184277165262], [121.47020956493044, 23.661243998083453], [121.47014512286592, 23.661319023259097], [121.47016108920212, 23.661345621669092], [121.47068980326247, 23.661077999961503], [121.47066157754328, 23.66104714066572], [121.47061276537771, 23.660994374450855], [121.47067277004977, 23.66063009395512], [121.47078985415784, 23.660374421671083], [121.47084244921493, 23.66007646918511], [121.47097829457516, 23.659579672027284], [121.47102218908853, 23.659362544269108], [121.47103708391164, 23.659352746854267], [121.47106810984295, 23.659366305574288], [121.47119486972299, 23.65933558025242], [121.47115354098786, 23.660878947398608], [121.47151365131906, 23.660866420601106], [121.47204526907869, 23.66073722082906], [121.47226905557893, 23.660647731346558], [121.47232065403873, 23.660624548210347], [121.47327967161337, 23.660173538678606], [121.47352792781496, 23.660817270892178], [121.4730712123713, 23.66080086790902], [121.47261547449668, 23.661078262082434], [121.47269052961065, 23.66119899593231], [121.47289165222753, 23.661060588194488], [121.47303501226907, 23.66103596900858], [121.47346945571894, 23.66089440118226], [121.47358657849479, 23.66135865182367], [121.47312990056811, 23.661712848519098], [121.47319732666993, 23.661761918094644], [121.4731175365463, 23.6618184803255], [121.47328202570154, 23.662047875899106], [121.4735249062248, 23.662542597126404], [121.473701206681, 23.662760217433167], [121.47380867032291, 23.662695145535064], [121.473736897025, 23.662541660322823], [121.47351506643686, 23.66216764821358], [121.47354521557347, 23.66217431036049], [121.47376968867168, 23.662332141823782], [121.47382566228318, 23.662358635597393], [121.47388873247819, 23.66241478848183], [121.47384647177881, 23.6622762837459], [121.47388436788648, 23.662240093974614], [121.47367962393317, 23.66209730014265], [121.47395928213714, 23.661791176115752], [121.47400690521778, 23.661739045971615], [121.47398795311999, 23.661727437478756], [121.47399472776925, 23.661713610460964], [121.47402022290397, 23.66166157501837], [121.47413434485394, 23.661868826372814], [121.47416542432397, 23.66192526816436], [121.47433003155552, 23.662224201766655], [121.47468054261381, 23.661839381001858], [121.47476790937175, 23.66174346189495], [121.47457767451894, 23.661617140233474], [121.47457546645835, 23.66149696987647], [121.47457406121819, 23.661441702998268], [121.47469428818012, 23.66124389001039], [121.474806073347, 23.66122228250532], [121.47507477632817, 23.66111375208889], [121.47520394873655, 23.661161773684206], [121.47563305396787, 23.661393307919834], [121.47574639442041, 23.661565861941774], [121.47605854694156, 23.661466072703533], [121.47609131368179, 23.66148091630996], [121.47680259847571, 23.661835098299715], [121.47713739332406, 23.661842628178093], [121.47735504540123, 23.661783959812393], [121.47769505244496, 23.66169622652343], [121.47756155887623, 23.661597861367383], [121.47724070779064, 23.66126975100773], [121.47716242371635, 23.66058989748627], [121.47773432879656, 23.66103110874382], [121.47797387013912, 23.661110157170988], [121.47807082700879, 23.661011578219117], [121.47783396331629, 23.660379819024012], [121.47794170427933, 23.6599390060177], [121.47919587417763, 23.65985656564419], [121.47929287243585, 23.660498760279218], [121.47948347133733, 23.66044454301554], [121.47963136420218, 23.660499464942518], [121.47984858325422, 23.66039290060251], [121.4799486395115, 23.660378567585088], [121.48035286941685, 23.660585740228445], [121.48053230012383, 23.660729443458287], [121.48069547524372, 23.660821510551624], [121.48079941317187, 23.660855284526512], [121.48090923605719, 23.660788033294203], [121.48099296364703, 23.660688771208815], [121.48100732339782, 23.660699020569318], [121.48110800363307, 23.660305913584207], [121.48106816496156, 23.660024760248852], [121.48087745141463, 23.659784546438463], [121.48079963821675, 23.65979101190173], [121.48033840173613, 23.659829335017225], [121.48007240087651, 23.659624601753755], [121.47924150748061, 23.658985079661043], [121.47915149638858, 23.65874006444864], [121.47905022854273, 23.658591007131157], [121.47872155021136, 23.658233667420955], [121.47883447447809, 23.658264651896562], [121.4787686496828, 23.657731873434457], [121.47845857472367, 23.657259896945092], [121.47838236355757, 23.65682212535367], [121.47808544490702, 23.656522052218186], [121.47787592675687, 23.656448085311414], [121.47681027843943, 23.656709789753474], [121.47688689576526, 23.656977160223683], [121.47704218561688, 23.657045832347368], [121.47706228033418, 23.657202310529403], [121.47713927934151, 23.657231492511777], [121.47719738336697, 23.65725388806267], [121.47734774894055, 23.65723779456118], [121.4773810820889, 23.65726310166892], [121.47686848028516, 23.658062423161713], [121.47654466338547, 23.658595678547748], [121.4764032885035, 23.658929248244867], [121.4759768054615, 23.659913303861178], [121.47590935641793, 23.66006378430587], [121.47548468570712, 23.660859715901974], [121.4751998959993, 23.660691335439267], [121.47509875971623, 23.66015188231315], [121.47486736628571, 23.659923018686726], [121.47442174651097, 23.659712481813024], [121.4741858261986, 23.659736500547737], [121.47398526807655, 23.65969876457784], [121.47398740463659, 23.659690468719088], [121.4738879613996, 23.659428819275362], [121.47382859372554, 23.659248992380537], [121.47355467042232, 23.65887346883079], [121.47387126338523, 23.658734074930152], [121.47394097149252, 23.65858706487834], [121.47410422892915, 23.658309658767898], [121.47411592600567, 23.658242297044296], [121.4744593418239, 23.657824215467713], [121.47463104956627, 23.657645234493426], [121.47484383565707, 23.657372606194112], [121.47486808584077, 23.65719829350469], [121.47498241655646, 23.656962320445178], [121.4749827059333, 23.656719427821688], [121.47517023358895, 23.656594829221103], [121.47528629456225, 23.656409354124616], [121.47498175230201, 23.65578214072603], [121.47521729099418, 23.655624653010108], [121.47540789426628, 23.655529707491716], [121.47566080714724, 23.655425062214], [121.47700676963375, 23.654483717659428]], [[121.47145523335261, 23.654816887015738], [121.47101146562622, 23.655254094141043], [121.47058644789642, 23.653441790739535], [121.47108317860749, 23.653189299497654], [121.47145523335261, 23.654816887015738]]], [[[121.4652049504481, 23.662950755763028], [121.46545255789599, 23.662861367072082], [121.46549965660164, 23.662964950577354], [121.4655050412827, 23.66297679049123], [121.46566633022074, 23.662934209167847], [121.46576156894908, 23.662890011208173], [121.46582551089803, 23.662861059215416], [121.46594128609561, 23.66282482688343], [121.46598510229937, 23.66282640177269], [121.46621862863638, 23.662797020900328], [121.4665682686348, 23.66270533691815], [121.46664370677755, 23.662656285834583], [121.466608609934, 23.662589607334343], [121.46657817162101, 23.662531773004105], [121.46656118858272, 23.662428451333273], [121.4666581852553, 23.662280369070274], [121.4666629683111, 23.662266304347238], [121.46675212701035, 23.66215823847428], [121.4666904927063, 23.662091459310016], [121.46667620801567, 23.66210209424317], [121.46660662572621, 23.662179625664514], [121.46653179899752, 23.6622876483137], [121.46631317972646, 23.662633640749846], [121.46611862189508, 23.66269632374204], [121.46605248128343, 23.662696802573635], [121.46592987821863, 23.66265693455776], [121.46569799324375, 23.662712369976465], [121.46556467190047, 23.662771202171573], [121.46541696609037, 23.662759943228842], [121.46511868569269, 23.662757813720855], [121.46495056556377, 23.662820262403713], [121.4648003439674, 23.662837770239335], [121.46469615610317, 23.66289071720384], [121.4646647662012, 23.662926794955492], [121.46467222884007, 23.662941337600245], [121.46476530487242, 23.66312277359966], [121.46479409522865, 23.663155546590993], [121.46487478035327, 23.663339782786082], [121.46496477881705, 23.663324415024803], [121.46512659383548, 23.663277958907965], [121.46522215395639, 23.663238582208585], [121.46523149703673, 23.66318887237001], [121.46521030909152, 23.663085472872375], [121.4652049504481, 23.662950755763028]]], [[[121.47379742015079, 23.663307416846873], [121.47367707811935, 23.663190679145988], [121.47366505993845, 23.663203165516677], [121.47373153869766, 23.66328832969186], [121.47386493165939, 23.663391718995946], [121.47387313091659, 23.663367627975237], [121.47381046247904, 23.663326652868864], [121.47379742015079, 23.663307416846873]]], [[[121.47455465442818, 23.663528775222186], [121.4745073450361, 23.66340686480081], [121.47443477160036, 23.663499271818523], [121.474433374148, 23.663571134934767], [121.47455465442818, 23.663528775222186]]], [[[121.47694188991306, 23.66388018236624], [121.47699639697585, 23.66386987485652], [121.4776721829676, 23.66374207922425], [121.47758937052326, 23.663581713112865], [121.47708668549933, 23.663173021408614], [121.47659316858446, 23.662747820506333], [121.47652813077501, 23.662714447846955], [121.47641145517252, 23.662701523773634], [121.47634858080924, 23.662659168805625], [121.47624342282859, 23.662602604490797], [121.47617276908136, 23.662593909212777], [121.47608646050845, 23.662593578402564], [121.47602762983233, 23.662566037747055], [121.47597505474663, 23.66252526731695], [121.47596557533606, 23.662463054287862], [121.4754679086519, 23.662403992169853], [121.47509490238176, 23.66238638124217], [121.47510669272836, 23.662567364730506], [121.47511482450633, 23.662658260470174], [121.4751422022717, 23.662964104848246], [121.4751638363086, 23.66298533972675], [121.47554327830537, 23.663353475047778], [121.47565092527364, 23.66349638378446], [121.47574701553819, 23.66366398819167], [121.47570991084764, 23.663826764181316], [121.47569804300032, 23.663876626823182], [121.47571236281095, 23.6638758514573], [121.47575930384319, 23.66429115755132], [121.47623811133643, 23.664013267927945], [121.47694188991306, 23.66388018236624]]], [[[121.47360436459005, 23.664979414722826], [121.47379446421878, 23.664876670937964], [121.47386222141925, 23.66495996195785], [121.47402284316746, 23.66495268938161], [121.4737870412455, 23.66470477602882], [121.47393896271686, 23.664620136067633], [121.47413097377681, 23.66443599177131], [121.47401779248732, 23.664288674329768], [121.47378237415417, 23.664359076888765], [121.47368917207176, 23.664173547378706], [121.47312676431793, 23.664426617832497], [121.47298695446517, 23.664128349125225], [121.4724686987031, 23.664203802476333], [121.4716911994822, 23.66390115452647], [121.47141028502867, 23.6637532710152], [121.47129770182926, 23.66361317351877], [121.47167594790255, 23.66363400122335], [121.47189843403528, 23.663606866715146], [121.4725417541542, 23.663582178583763], [121.47220625287504, 23.663370956619424], [121.47269396480598, 23.66281183681244], [121.47189905704735, 23.662387368114896], [121.47193765000085, 23.6625151301253], [121.47126941096882, 23.66262889785455], [121.47095516082392, 23.662675841703102], [121.4709468283215, 23.662738858664678], [121.47098446528454, 23.662901009166806], [121.47106941017469, 23.66289551373306], [121.47139625764271, 23.662881300347166], [121.4714687911367, 23.66285106477188], [121.4715847161866, 23.662922670263132], [121.47140306871769, 23.66324163946217], [121.47147953020085, 23.663462003999342], [121.47137993477396, 23.6635511237171], [121.4712777422132, 23.663588519752977], [121.47115096122442, 23.66362816664928], [121.4708385654127, 23.664182667669905], [121.47119414687943, 23.66417041712578], [121.47127678746425, 23.66411531905635], [121.47154033427346, 23.66426956744462], [121.47160238648694, 23.664298833710923], [121.4716734871179, 23.664330808430663], [121.47185180208614, 23.66436964440618], [121.47202675529665, 23.664482399017277], [121.4720784128948, 23.66454351763099], [121.47209052992626, 23.664551733921872], [121.47221464773317, 23.664622031718608], [121.47215325491226, 23.66494844600354], [121.47213242577232, 23.665124011904176], [121.47220860128944, 23.665124890468395], [121.47249913103838, 23.66503114285852], [121.47267295999336, 23.664967124512067], [121.4727975553196, 23.664859236101943], [121.47286646960191, 23.664773784893953], [121.47303656785803, 23.664708405004035], [121.47327187233805, 23.664987365352367], [121.47324576911666, 23.665317798845418], [121.47328811580236, 23.665629855405857], [121.47340052750675, 23.665781148795784], [121.47339083540444, 23.66565960172271], [121.47336397715041, 23.665570623248144], [121.47339342108484, 23.665296814198356], [121.47341295024371, 23.66529430747508], [121.47343970087813, 23.665160115757587], [121.47351655024164, 23.665037780544232], [121.47360436459005, 23.664979414722826]]], [[[121.4708792793676, 23.666046937059615], [121.47084975074424, 23.66569365609661], [121.47093593448463, 23.66550255922777], [121.47087827291894, 23.66545115644656], [121.47083026326561, 23.665261623136267], [121.47078339871659, 23.665246739989946], [121.47072270049163, 23.665187743312107], [121.47066280832108, 23.66503075317775], [121.47049353955863, 23.66476404940102], [121.47042484920766, 23.664865942092344], [121.47047119738772, 23.664911907361855], [121.47060782514777, 23.665040094397618], [121.47062939638056, 23.66510414020381], [121.47061121201598, 23.665205735106873], [121.470664812805, 23.665437330201367], [121.47066499494024, 23.665463561107227], [121.47070047870447, 23.665582754548527], [121.47068853481322, 23.6657077898207], [121.47061774374734, 23.665721359840088], [121.47062834762619, 23.665947703763486], [121.47063989688847, 23.66598352587125], [121.47068571646916, 23.66595838329754], [121.47071287898234, 23.665963059477072], [121.4707550474398, 23.66595864224632], [121.47081546777981, 23.665975524938073], [121.47083664798303, 23.665985059223228], [121.4708709662186, 23.666046989409196], [121.4708792793676, 23.666046937059615]]], [[[121.46719299802233, 23.665759407870492], [121.4671879469687, 23.66572566080749], [121.46732691369407, 23.665734759164785], [121.46744306372523, 23.665775792262878], [121.46745760460723, 23.66576267330164], [121.46753050121072, 23.665781461045388], [121.46756756460685, 23.665786008579747], [121.46766380495299, 23.665780471878083], [121.46782060081496, 23.665772079509985], [121.46791920644891, 23.665753523619234], [121.4678905050137, 23.665743361497857], [121.4672040077281, 23.665693321947938], [121.46677242283255, 23.66562202320546], [121.46619025074625, 23.66581694040823], [121.4664569930458, 23.66595792310295], [121.46658620520111, 23.666041510926437], [121.46686121865825, 23.666250426014358], [121.46704284516099, 23.666238654722683], [121.46723490166335, 23.66622388097874], [121.46725145218129, 23.666163828292348], [121.4672248481052, 23.666037654341036], [121.46718566448132, 23.666007540824424], [121.46719369854205, 23.665964814846564], [121.46727273586889, 23.665921197553466], [121.46719299802233, 23.665759407870492]]], [[[121.49004407337064, 23.666944625107217], [121.4902339974903, 23.66684754157462], [121.49062915247055, 23.666846299986027], [121.49098904219763, 23.66662139405682], [121.49097185182858, 23.666307710114584], [121.49144047558363, 23.665864128459248], [121.49147706571314, 23.665744494739364], [121.4917213101725, 23.6656637886382], [121.49239176208577, 23.665691638532174], [121.49259496214395, 23.665499264233315], [121.49302756130157, 23.665411582251274], [121.49329086221923, 23.66527869339498], [121.49333669237666, 23.665265454377195], [121.49277054875179, 23.664557075403035], [121.49161158528072, 23.664330551970423], [121.4905403084724, 23.664779880583726], [121.48993188265378, 23.664842873452553], [121.48945896351003, 23.66471504382037], [121.48903171385982, 23.664461952451823], [121.48865455754472, 23.66468542743021], [121.48853525623366, 23.66466049318371], [121.48848709478679, 23.66448962159106], [121.48841840944011, 23.664478198734216], [121.48825064879026, 23.664603274671585], [121.48809589178855, 23.664660965618296], [121.48790726123038, 23.664543531780637], [121.48756773269176, 23.66413116431327], [121.48745125252692, 23.664536460765238], [121.48765336799693, 23.66491710599344], [121.48758577660901, 23.66522185593209], [121.48756712682113, 23.66551956216134], [121.4873909643043, 23.665827588224335], [121.48729094879437, 23.666226728601107], [121.48755527451469, 23.66618837859531], [121.48772374925792, 23.666138798859606], [121.48786372267487, 23.66601719712219], [121.48803251601052, 23.665918846393303], [121.48816284077883, 23.66590243519645], [121.48844333060418, 23.665908720977374], [121.48854406951553, 23.665961164223063], [121.48884834227417, 23.665838167663967], [121.48974002064973, 23.666587575074622], [121.49004407337064, 23.666944625107217]]], [[[121.46900080595812, 23.66752197458594], [121.46910453237574, 23.66735567553772], [121.4690474756992, 23.667416139971035], [121.46895235938602, 23.667371577027573], [121.46892207195683, 23.667408871301028], [121.46864097119509, 23.66736124993061], [121.46852064109777, 23.667319661525095], [121.46842196837383, 23.667468264641986], [121.46874114892842, 23.66752210108455], [121.46900080595812, 23.66752197458594]]], [[[121.46535035019546, 23.667647712394395], [121.46533103502311, 23.667644348117822], [121.46523392452731, 23.66765651384742], [121.4651967848637, 23.6680073143011], [121.46537853619797, 23.668007915331845], [121.46540587816501, 23.667885985579208], [121.46542304895911, 23.667751625296255], [121.46543079001424, 23.667656410271665], [121.46541026879714, 23.667655758556783], [121.46535035019546, 23.667647712394395]]], [[[121.48599256381793, 23.66719073130448], [121.48523836671247, 23.666914111763152], [121.4853064666139, 23.66730045294533], [121.48521146431271, 23.667827401392955], [121.48539642785012, 23.66796794800971], [121.48650699815671, 23.66739307191478], [121.48599256381793, 23.66719073130448]]], [[[121.49179029733976, 23.667388349735436], [121.49179772477382, 23.667295653932236], [121.49131527655082, 23.667398859234947], [121.49097562175056, 23.667542903682545], [121.49107348776305, 23.667812447381085], [121.49114417494292, 23.668083630267052], [121.4914887576646, 23.668376284168826], [121.49153113407694, 23.668309501240394], [121.49178096181159, 23.66791965317679], [121.49184491174383, 23.66766055852146], [121.49179029733976, 23.667388349735436]]], [[[121.48153102008726, 23.668171962595], [121.48183760101922, 23.667881082382607], [121.48204822792367, 23.668163600218886], [121.48232340357036, 23.66802681912143], [121.48262035452446, 23.66774641477608], [121.48263174451223, 23.667548329818267], [121.48275510546628, 23.66741558748689], [121.48281093944104, 23.667226809162106], [121.48278993766763, 23.666953814974857], [121.48254914496073, 23.66617694999557], [121.48216232676222, 23.665799220532076], [121.48214706861722, 23.665504076394615], [121.48281008780846, 23.664939404436936], [121.48257909663937, 23.664681854945524], [121.48248722885054, 23.664633606073856], [121.48244029824262, 23.664606346880984], [121.48253265178636, 23.664386284199743], [121.48245583067731, 23.66409713785135], [121.48242860634436, 23.663875226116655], [121.48239772256942, 23.663732679235878], [121.4827424685683, 23.663466726965197], [121.48297064701572, 23.663097818805028], [121.4831617129273, 23.66302604170926], [121.48349501150847, 23.663137666498393], [121.48368071124571, 23.66312887900594], [121.48384439462288, 23.663091255788295], [121.48395202318042, 23.663005724015516], [121.48409003063448, 23.66295450064057], [121.48444173713678, 23.66282048370278], [121.48475797371123, 23.662670178891634], [121.48589716442841, 23.661322587015015], [121.48603621580676, 23.66139270047878], [121.48612675578865, 23.66133396693095], [121.48600350737605, 23.66123742808529], [121.4859808485137, 23.66115413645333], [121.48587776726906, 23.66107139493652], [121.48570329048968, 23.66103910962296], [121.48564689413571, 23.660925168317217], [121.48563835058789, 23.660809650355123], [121.48569605247633, 23.660754207449934], [121.48570225292085, 23.66061221319475], [121.48575758770833, 23.66057148715426], [121.48583302620293, 23.66059382509062], [121.48590307505303, 23.660690991398614], [121.4859024545359, 23.660706118181853], [121.48624901065959, 23.66048837141748], [121.48677971917407, 23.66015249630456], [121.48703546652064, 23.660138364967377], [121.48749876429315, 23.660013507852845], [121.48861340158196, 23.66028192900185], [121.48907181926019, 23.660323907245218], [121.48941142886471, 23.66031021168208], [121.48962398937172, 23.660301639295383], [121.49042170520964, 23.66021104106935], [121.49025507627081, 23.659977706704957], [121.48994014790681, 23.659741572220256], [121.48985056190739, 23.658594995588455], [121.48941213443145, 23.658644220160273], [121.48907417006824, 23.658644266542094], [121.4889347644013, 23.65843893631783], [121.488903272449, 23.658450747242593], [121.48884905628961, 23.658636317144087], [121.48873046563399, 23.658774765077734], [121.48856917563279, 23.658839971740285], [121.48800866485362, 23.65877918837811], [121.48791801307489, 23.658738388379934], [121.48754037637711, 23.659129878768418], [121.48722296835182, 23.659156629692244], [121.4871119628096, 23.659202398252763], [121.4869375343371, 23.65940495999909], [121.48685367864334, 23.659460232680633], [121.48668373683242, 23.659476730988725], [121.48638411454282, 23.65955762997791], [121.4863076049201, 23.659587469584746], [121.48608126370078, 23.659788892966386], [121.48618202741719, 23.660043143771038], [121.48621694806775, 23.660258547375086], [121.48614675691833, 23.660411930240116], [121.48558195326596, 23.660623723822127], [121.48554843779692, 23.660488626307668], [121.48544785156167, 23.66040172298398], [121.48523330370084, 23.66068100789727], [121.48508894386845, 23.660492286415607], [121.48455521378136, 23.660539131811692], [121.48416615236728, 23.66042507379304], [121.48380165253228, 23.6602722275561], [121.48354048119404, 23.660448382377215], [121.48341855829686, 23.66044501535145], [121.48325421238214, 23.660106749438214], [121.48297089788026, 23.66033957989434], [121.48276439768097, 23.660387791989237], [121.48234241943766, 23.660393945723353], [121.48184866255677, 23.66035707796333], [121.48177284980056, 23.660376863060982], [121.48160439554925, 23.660575219555838], [121.48150872046043, 23.660557195437207], [121.48128449226736, 23.660457219101716], [121.48124400847009, 23.660474040830607], [121.48115181353586, 23.660804310552987], [121.48131810213374, 23.66080946492698], [121.4813435666496, 23.6610762332488], [121.48165317226469, 23.661519120093146], [121.48206280453478, 23.66205375353905], [121.4809064196923, 23.66356957734236], [121.48101979699953, 23.663760520840583], [121.4809883575081, 23.66398016787743], [121.48092838155746, 23.66420279298398], [121.48100573152662, 23.664331913185244], [121.48108136899562, 23.664649381266287], [121.48084280597222, 23.66490443564556], [121.4806709435055, 23.6650037543125], [121.48046764188048, 23.66497982383039], [121.48020462622539, 23.664507163884217], [121.48018411242197, 23.664397717597545], [121.47997547056038, 23.663284549582972], [121.47925362443183, 23.66263268592917], [121.4790616531525, 23.662609784017658], [121.4788911391002, 23.662543256013127], [121.47890883593865, 23.66287220056102], [121.4789354338109, 23.663090683651497], [121.47903555529754, 23.663290094383996], [121.47898020679479, 23.663419445161303], [121.47897365918406, 23.663669986974167], [121.47890011967077, 23.663889285167766], [121.47878037814532, 23.664079307121078], [121.47873185846932, 23.664248078682768], [121.4786498061294, 23.664377737568635], [121.47847772277798, 23.66431696595338], [121.47831781996973, 23.664200885409283], [121.47793632923936, 23.6641780974132], [121.47751617236477, 23.66493097245165], [121.47749300219928, 23.66497249056644], [121.47743486837864, 23.665076659163716], [121.47654308268218, 23.66534138438404], [121.47643684038351, 23.665153946281233], [121.47618927701446, 23.664883733191825], [121.47579330666568, 23.664498394482838], [121.47557148456589, 23.664668627138745], [121.4749741601092, 23.66451500269998], [121.47449867440311, 23.66462258605126], [121.47413571408522, 23.664747368544298], [121.47415624885639, 23.664781799399243], [121.47449572010956, 23.664798187802074], [121.47455259694226, 23.664860021002], [121.47443050030684, 23.664882960208306], [121.47442099025704, 23.664945231454112], [121.47444364582077, 23.66495337014669], [121.47463710759143, 23.665203732803345], [121.47482300591216, 23.665289632293835], [121.47478511074485, 23.6657090181435], [121.47502766868244, 23.6656551346804], [121.47517703795322, 23.66569156329978], [121.47533745567601, 23.665730675841782], [121.47540971171658, 23.665672338669467], [121.47547697955802, 23.665714797893827], [121.47565017115198, 23.665856846268706], [121.47571761916959, 23.66613057496877], [121.47576267613876, 23.666160442525854], [121.47572468169308, 23.666231930367385], [121.47570105345255, 23.666307274954164], [121.47576169057356, 23.666438029300483], [121.47589491382921, 23.666493207405484], [121.4758919503353, 23.66653304676136], [121.47576487512906, 23.66653240756719], [121.47572320898072, 23.666521212170352], [121.47568824676104, 23.66654748773201], [121.47566063996723, 23.666585380064365], [121.47562644871213, 23.666800375152185], [121.47562642948567, 23.666811319275663], [121.47560702756728, 23.666835497304096], [121.47558545276036, 23.666898582188267], [121.47557110889662, 23.667009331019184], [121.47560887153003, 23.667076920231132], [121.47567474336432, 23.667126210131883], [121.47569326698142, 23.667181704326428], [121.47656145502478, 23.666701958646268], [121.47668343494351, 23.666611129111033], [121.47683010040969, 23.666501917771427], [121.4769508381914, 23.666266266897242], [121.47706372072793, 23.666132658290504], [121.47754788355658, 23.666078460338134], [121.47768225932339, 23.666113469909078], [121.47794315958312, 23.66618109293903], [121.47802327803706, 23.666290187114868], [121.47795569502308, 23.66664132795485], [121.47768101225951, 23.66710041689731], [121.47763505545953, 23.667230532836296], [121.47744457664211, 23.66748538867911], [121.4773606972142, 23.66779042837518], [121.47749428247658, 23.667766575552392], [121.47771811548203, 23.667606736252207], [121.4780535656695, 23.667477704975934], [121.47871354710054, 23.667395790295426], [121.4787338074031, 23.667117502958337], [121.47881053127162, 23.666913319904445], [121.47903343279563, 23.666598233056774], [121.47898666377371, 23.66623471006235], [121.47898163479155, 23.666195621010054], [121.47958053008554, 23.665822492336737], [121.47995586767847, 23.665691780432294], [121.48043706281688, 23.665620362938103], [121.48053940118987, 23.665628533596866], [121.48074296353965, 23.665887029048562], [121.4806960914159, 23.666138553731894], [121.48097049452508, 23.666413046522933], [121.48107620191773, 23.666797864385607], [121.48117377205098, 23.666989570075565], [121.48144162155005, 23.667350316431868], [121.48078531814066, 23.667359740456234], [121.48029883522511, 23.66742647098651], [121.47990870440303, 23.667504820891484], [121.4798890676614, 23.667770636318995], [121.47998228131134, 23.66790789781235], [121.48017316081204, 23.66824167810151], [121.48026900653329, 23.668347850849226], [121.48059135374895, 23.66880749506598], [121.4810656940333, 23.668662847438732], [121.48153102008726, 23.668171962595]]], [[[121.47868456816065, 23.66894394950556], [121.47889563807301, 23.668924253563677], [121.47908445216673, 23.66893375612393], [121.47912632356946, 23.667946593589836], [121.47897669199284, 23.668014056941438], [121.47842676200537, 23.66809032353239], [121.47787694469729, 23.66817619548833], [121.47786537112265, 23.668738378407536], [121.47811632649484, 23.668822312365542], [121.47833367400997, 23.668757738014804], [121.47846445138573, 23.668797200602675], [121.47857680854389, 23.66885303673259], [121.47835441523307, 23.669007373698822], [121.47816828626011, 23.669118869660615], [121.47827168145439, 23.66914194663744], [121.478430575753, 23.669095097365975], [121.47849824243683, 23.66902553090251], [121.47858307013527, 23.669013792110754], [121.47868456816065, 23.66894394950556]]], [[[121.46566682945625, 23.669615358314577], [121.46560324167515, 23.66952934226744], [121.46559530828672, 23.670024877759136], [121.46571622098462, 23.670054356947187], [121.46580274812142, 23.67008002281105], [121.46584631805416, 23.67006125018767], [121.46591887716471, 23.669989742056348], [121.46577324394485, 23.669849107945115], [121.46578288602306, 23.66984221634174], [121.46576558897631, 23.669805336613297], [121.46569260830151, 23.669649928034136], [121.46566682945625, 23.669615358314577]]], [[[121.47518315249381, 23.66977801457766], [121.47526101406957, 23.66969675180051], [121.47535068555068, 23.66974194153569], [121.47537829834691, 23.6696892404507], [121.47538807478475, 23.669687115553433], [121.47538375352812, 23.669641636915294], [121.47538975298636, 23.66958730454347], [121.4754294288339, 23.669541275544784], [121.47546394208554, 23.669523453267235], [121.47553594922263, 23.669506870380367], [121.47553512402578, 23.66947930507656], [121.47551174462774, 23.66940952265535], [121.47547846812432, 23.66936269714427], [121.47546143456066, 23.669318079222993], [121.47545688749516, 23.669234567956085], [121.47544709836039, 23.669230462366393], [121.47546014949222, 23.6691281332711], [121.47546989142502, 23.669051431739394], [121.47552739423517, 23.668998395100843], [121.47560251117609, 23.668966199227686], [121.47558878227098, 23.66889470765722], [121.47554256440291, 23.66891003755245], [121.4754725195673, 23.66891612184401], [121.47540126008361, 23.668900800284035], [121.47535959718888, 23.669056077335142], [121.47531047725452, 23.66907951575411], [121.47520532495281, 23.6690041418473], [121.475065994867, 23.668960684481064], [121.4751030825954, 23.66901233834875], [121.47525077834392, 23.669062063760624], [121.47528173492883, 23.669090936260048], [121.47531052600388, 23.669133667038082], [121.47532270197549, 23.66916885475686], [121.47529387840117, 23.669287955326794], [121.4753225403802, 23.669308527481697], [121.47528972060204, 23.66937714592654], [121.47523901192594, 23.669481820859147], [121.47521499399627, 23.669492992089506], [121.47517138303664, 23.669494588655613], [121.47512787229562, 23.66952662420118], [121.47507743746301, 23.669519952351713], [121.47503983322818, 23.66951530896366], [121.47502978542818, 23.669455905929777], [121.47510065051237, 23.66931863505861], [121.47508391270424, 23.669271722629528], [121.47507111212511, 23.66927799240661], [121.47499805229369, 23.669255551707842], [121.47492622610972, 23.669172960001514], [121.47488635420663, 23.66902091278806], [121.47481051656978, 23.66904634723891], [121.47490296085597, 23.669311051098695], [121.4749814871565, 23.669478890239258], [121.47506945294202, 23.669554028032973], [121.47511463205021, 23.669679782328522], [121.47510790293911, 23.669730279282764], [121.47511552283808, 23.669874695849472], [121.4749211709514, 23.670012399447796], [121.47496503264487, 23.670101849180888], [121.47503256437162, 23.670091944200713], [121.47514014922457, 23.670045391022676], [121.47512201972397, 23.669966084117508], [121.47520005166493, 23.66994546466947], [121.47517005511706, 23.669791689670884], [121.47518315249381, 23.66977801457766]]], [[[121.4894111977385, 23.669085437061625], [121.48930800401362, 23.66884832591994], [121.48926886264867, 23.66885747022857], [121.48910354785522, 23.668848068449154], [121.48892318935076, 23.66875563130732], [121.48866409128328, 23.668722027256003], [121.48863711935273, 23.668655526994947], [121.4887204385559, 23.668604905354528], [121.48865436365874, 23.668378530414873], [121.4885839238034, 23.66816728499016], [121.48847475730139, 23.668015992688343], [121.48828728869319, 23.667880225390405], [121.48804537223566, 23.667726190618122], [121.48789953994559, 23.667696011937025], [121.48788214837387, 23.66705145130007], [121.48744929815135, 23.666875559601806], [121.487274757235, 23.666738224329936], [121.48676744938038, 23.666291726589954], [121.48661790801123, 23.666260131622774], [121.48650601553094, 23.666314264121045], [121.48631724712958, 23.666379807613694], [121.48600673899192, 23.666302159754448], [121.48576815758057, 23.66625856273587], [121.48646512195974, 23.666771713051553], [121.48690567639682, 23.66735530341839], [121.48705573933498, 23.6677257737458], [121.48741791027983, 23.667738342105046], [121.48774939016108, 23.667688538454875], [121.4878883239173, 23.667706377278883], [121.48757013248343, 23.667995310247434], [121.48714639296597, 23.668487680461418], [121.48695833410653, 23.668650238091452], [121.48764473783224, 23.66899427979177], [121.48796594908757, 23.669148516931877], [121.48815779645197, 23.669169421492903], [121.4883708202296, 23.669195713036824], [121.48868246795519, 23.669195317399424], [121.48881913144878, 23.669295549882925], [121.48890635940087, 23.669433836056974], [121.48893886484737, 23.669704336765182], [121.48903744754034, 23.669935286337598], [121.48912736693495, 23.67009060299205], [121.48926945495037, 23.67009649326204], [121.48952442169887, 23.670036136807134], [121.48945286603619, 23.669707526814644], [121.4894111977385, 23.669085437061625]]], [[[121.49323075604538, 23.66814735327381], [121.4939439606427, 23.667876726659607], [121.49416274000467, 23.667953088896642], [121.49465114452262, 23.66820317129039], [121.4946850287972, 23.668407180326305], [121.4947099644584, 23.66873154818872], [121.4947744761377, 23.668792446436534], [121.4949336802988, 23.6684026118793], [121.49507461723934, 23.66840265828476], [121.49512922948422, 23.668352224274948], [121.49520187782238, 23.66829071632847], [121.49517280269158, 23.668273788036554], [121.49511699519373, 23.668241295442417], [121.49504373222851, 23.668198639760117], [121.49482607932632, 23.667906094244348], [121.49472737579632, 23.667595804490947], [121.49469451860497, 23.667219197745744], [121.49475277033653, 23.666836051530858], [121.49442146127096, 23.6672062446918], [121.49419354953463, 23.66726639642541], [121.49388007416844, 23.667368790783424], [121.49357903250237, 23.667665284296074], [121.49319146836199, 23.66806249042399], [121.49317256108081, 23.66813668475612], [121.49316459163713, 23.66816827808667], [121.49324976156234, 23.66823782493524], [121.49309080303249, 23.668493186191228], [121.4930167536796, 23.66886890541744], [121.49305569470387, 23.66907040652701], [121.49282811189534, 23.669180101414486], [121.4925562290717, 23.66923309459993], [121.49257564445033, 23.669370230717806], [121.49279760870786, 23.6694588561336], [121.49286031499516, 23.66969728555645], [121.49322179435879, 23.669926366521324], [121.49329320834086, 23.67025648305278], [121.49334518312241, 23.670064544035164], [121.49341910112689, 23.669959491482917], [121.49361364375414, 23.669940514390245], [121.49361093653316, 23.669744342963853], [121.49371389755413, 23.669622303110437], [121.49370904141242, 23.66959010048395], [121.49368993808748, 23.669489389491737], [121.49371268254299, 23.669197015412745], [121.49364129971654, 23.6691494213557], [121.49359612505442, 23.668932896722826], [121.49360675492137, 23.668787411850158], [121.49357953955912, 23.668782071671963], [121.49356117536976, 23.668755438263737], [121.49357570379506, 23.66870045506236], [121.49355591238978, 23.66868274758011], [121.49323075604538, 23.66814735327381]]], [[[121.48121064622218, 23.670437113048155], [121.48148351353191, 23.670096855228795], [121.48176093093421, 23.66999803822311], [121.48215923154437, 23.66993492747562], [121.48207471898002, 23.669746631264957], [121.482570478785, 23.669726604153677], [121.4830175217534, 23.669698040715776], [121.48325255070425, 23.669669875509083], [121.48349564028317, 23.66962095249853], [121.48357856874745, 23.669572664488797], [121.48372255018226, 23.669192812232755], [121.48374040942161, 23.669037462903354], [121.48398337991058, 23.668700942093956], [121.483678435594, 23.66873241481689], [121.4833410761293, 23.66882142627806], [121.48292406842613, 23.668848298741302], [121.48240981939664, 23.668987748739497], [121.48211694430312, 23.668952938595805], [121.48206838940852, 23.669049906619794], [121.48201720799986, 23.6693904241209], [121.48204790782766, 23.669586788827804], [121.48163175618343, 23.669620617117733], [121.48119525902027, 23.669444854788946], [121.48072206074389, 23.669004452841406], [121.48064833642765, 23.669071294007715], [121.4804851281269, 23.66934309899797], [121.4802893747125, 23.669594507169627], [121.48034380046792, 23.669700591508917], [121.47975112478048, 23.67042550289404], [121.4798202886121, 23.670489454116627], [121.4800647817264, 23.670577079959017], [121.48010899757222, 23.67057996792212], [121.48042754997354, 23.670378195049263], [121.48079641486615, 23.67042583860685], [121.48068717368021, 23.670686514194003], [121.48059099415205, 23.670827459890805], [121.48046794365357, 23.670901768056048], [121.48091381423582, 23.670838242060434], [121.48121250160453, 23.670732352916453], [121.48129774724856, 23.670494497444977], [121.48121064622218, 23.670437113048155]]], [[[121.46844270045158, 23.670623019499686], [121.46832473838217, 23.670338857437212], [121.46826970413267, 23.670353796456347], [121.4681832130328, 23.670397247160974], [121.4681406125775, 23.670357870684324], [121.46810402311486, 23.670398678352598], [121.4681061427581, 23.67045430429187], [121.46813372128243, 23.670531506673875], [121.46822667548682, 23.670689607761002], [121.46821682839544, 23.6707325017804], [121.46822930014156, 23.670763138180092], [121.46804994806023, 23.670853697734106], [121.46811561532074, 23.67090635052493], [121.46815314897688, 23.67091865303887], [121.46831754605145, 23.671022278363374], [121.46834165131895, 23.671007857216534], [121.46844270045158, 23.670623019499686]]], [[[121.46648648935533, 23.671319535503667], [121.46658873015204, 23.67127983983661], [121.4666013650143, 23.67128195086963], [121.46644994288874, 23.671154437059236], [121.46643835102562, 23.671164440810664], [121.46640558690295, 23.671225318751645], [121.46635589006672, 23.671266454420742], [121.46633909588427, 23.671291273598726], [121.46641292753984, 23.67137381813229], [121.46648648935533, 23.671319535503667]]], [[[121.47578630191093, 23.671766340037593], [121.47588663016553, 23.671402926515963], [121.47588355547948, 23.671252319717848], [121.47587464561761, 23.671209500915904], [121.47590491554443, 23.671140610271035], [121.4759449745414, 23.671097433370168], [121.47593026052658, 23.67097601938733], [121.47586489285621, 23.670790342734243], [121.475841278738, 23.670699169619446], [121.47595437627842, 23.6705559083679], [121.47598707615501, 23.67054624540956], [121.47605070404673, 23.67046809608512], [121.4760479217178, 23.67043885726824], [121.47614741876001, 23.670349111851543], [121.47616677958591, 23.67028912189215], [121.47615968118026, 23.670261928034982], [121.47614522878203, 23.670261475811806], [121.47619433754029, 23.669950728517566], [121.47625186939891, 23.66985156755209], [121.47636302772301, 23.66973350497092], [121.47627914044826, 23.66972087739259], [121.47617909301464, 23.669823618398617], [121.47613229924806, 23.669774757732412], [121.47611048168172, 23.669778996519376], [121.47612667043633, 23.669879908434236], [121.47614252185771, 23.669876861846486], [121.47597852878782, 23.670116202649307], [121.47603995623375, 23.67023721126643], [121.47608288798504, 23.670321408211187], [121.47598933314605, 23.67039251598461], [121.47596964306027, 23.670394093470104], [121.47583469730758, 23.670500625593938], [121.47585710866386, 23.670562880112094], [121.47581565008743, 23.670601257461612], [121.47577727431656, 23.670681487262218], [121.47580040011509, 23.670754232164445], [121.47580810423987, 23.670848560378346], [121.4758654439539, 23.67103463193085], [121.47585918596033, 23.671269352437182], [121.47582568835054, 23.671448677806286], [121.475787206628, 23.671564701860294], [121.47577583544211, 23.671651729395084], [121.47572632239016, 23.671715775944598], [121.47563721282789, 23.67173687213081], [121.47563410992419, 23.671662377184933], [121.475604186412, 23.671591359756903], [121.47560151625254, 23.67143595691322], [121.4754935368699, 23.671286999458292], [121.47538143048203, 23.671073031344534], [121.4753171233266, 23.67113704189012], [121.47549653627328, 23.67139252998354], [121.47552297277458, 23.671412964443295], [121.47554990461968, 23.671787074652745], [121.47569033477741, 23.671784169411396], [121.47578198339248, 23.671781982724355], [121.47578630191093, 23.671766340037593]]], [[[121.47638422757218, 23.671887829991945], [121.47621094868806, 23.671718720768734], [121.47605843702975, 23.671718033643568], [121.47610077004629, 23.671769418289195], [121.47610719670021, 23.67187367409303], [121.47628738703509, 23.671818129099453], [121.47638422757218, 23.671887829991945]]], [[[121.46504512052661, 23.670921827388884], [121.46494925741021, 23.670885445227796], [121.46461264760448, 23.671616195081732], [121.46459023049562, 23.67171173395818], [121.4645780425853, 23.671786148638922], [121.46499013913737, 23.67216844242415], [121.46498215089257, 23.672130198278023], [121.46502130921674, 23.672102901177304], [121.46484821643085, 23.671536116906864], [121.46499028414448, 23.67108155686874], [121.46496298919874, 23.671020290587226], [121.4650186992038, 23.67100219029128], [121.46504512052661, 23.670921827388884]]], [[[121.47637628996613, 23.672202577284708], [121.47650586501932, 23.672001555856763], [121.47640126019112, 23.67190225230903], [121.47626491619556, 23.672102120593117], [121.4762747580001, 23.672101756238618], [121.47633700617436, 23.672151318792036], [121.47637628996613, 23.672202577284708]]], [[[121.46618286640145, 23.672403785615195], [121.46624197855974, 23.67233034931285], [121.46620536272324, 23.67233087486545], [121.46612184316861, 23.6722009983125], [121.46609810943458, 23.672146150723442], [121.46606745019062, 23.672076361653414], [121.46597831467841, 23.67194410902244], [121.4659786930563, 23.671862794906442], [121.46602250635107, 23.671823988672198], [121.4660600228333, 23.671740188019047], [121.46609005281366, 23.671665728589275], [121.46614150529408, 23.671610916667476], [121.46620094061385, 23.671570636680404], [121.4661583792945, 23.67152288895747], [121.4660551314274, 23.671649155672934], [121.46602665046464, 23.67169597034484], [121.46594327833125, 23.671825987759814], [121.46594286799397, 23.671937009878974], [121.46604553344493, 23.672177253863936], [121.46605319850505, 23.672245920179083], [121.4660977728243, 23.672327685997153], [121.46618286640145, 23.672403785615195]]], [[[121.46659602832351, 23.67251267784405], [121.46669350185306, 23.67247477532175], [121.46676343399425, 23.67250254787261], [121.4667857907684, 23.67244840129986], [121.4667445501482, 23.672427603596894], [121.46665077409077, 23.67241065729646], [121.4664600097083, 23.672466105589237], [121.4664699552892, 23.672497724946282], [121.46644696124456, 23.67254085708915], [121.46651907538063, 23.672509424090276], [121.46656366136675, 23.672541896285278], [121.46659602832351, 23.67251267784405]]], [[[121.49170554060198, 23.67219091336088], [121.49187295029243, 23.672075189638576], [121.49203751794899, 23.6720829202737], [121.49216234267212, 23.67199955860171], [121.49224140652039, 23.671919827700748], [121.49226860587716, 23.671941674510524], [121.4923369049734, 23.67183315484883], [121.4923734017669, 23.6716884096001], [121.49237453739484, 23.671635636217836], [121.49239277166602, 23.671559502749208], [121.49255293166885, 23.671479541033822], [121.49266609220541, 23.671540908520388], [121.49274839057531, 23.671602346987736], [121.49279890080489, 23.671623469426333], [121.49283115413243, 23.671617876757725], [121.49288100518811, 23.671654062863784], [121.49294203311504, 23.67167991046621], [121.4930192469369, 23.671760562178356], [121.49305811618615, 23.671730992523763], [121.4930331318647, 23.67170638473552], [121.49302845833672, 23.671681026052894], [121.49298606194911, 23.671638007855552], [121.49290903880559, 23.671582033783366], [121.49291187552588, 23.671559414302422], [121.49288331922648, 23.671557419279118], [121.4928509134521, 23.671545883036014], [121.49279002089119, 23.671537814514064], [121.49275908464685, 23.671520765439144], [121.49264961304016, 23.671447042642974], [121.49265106006564, 23.671438143752614], [121.49259750730353, 23.67141087265769], [121.49232975778241, 23.671471924936352], [121.4921828040616, 23.671512781834966], [121.49224405491132, 23.671566792752696], [121.49227357923039, 23.671698984573986], [121.49221531585435, 23.671845848702265], [121.49211681573767, 23.671937334833572], [121.49202334898884, 23.67199587347424], [121.49180648224772, 23.67202603507791], [121.49170022870437, 23.672083954943442], [121.49163638571615, 23.672285755415373], [121.49165839866934, 23.672339364529094], [121.49167462620952, 23.672378884141086], [121.49151171183165, 23.672587879584658], [121.49148806688643, 23.672643505524963], [121.49137193923464, 23.672769673459147], [121.49136143402355, 23.672781086924246], [121.49108986301029, 23.672825227490556], [121.49122174109829, 23.67288169674626], [121.49131243690812, 23.672855322255927], [121.49138287934082, 23.67283724706866], [121.4915331616116, 23.672744838626], [121.49166475996607, 23.672548295221382], [121.49174238475085, 23.672366767905974], [121.49172746746501, 23.67231288064319], [121.49170554060198, 23.67219091336088]]], [[[121.46620731270475, 23.672999441289054], [121.46628403992914, 23.67280082661732], [121.46622416277512, 23.672852124270413], [121.46612112242501, 23.672959771036517], [121.46616648743034, 23.6730183731173], [121.46602177976914, 23.6732061578635], [121.46607187306698, 23.67324064532513], [121.4662063189965, 23.67306202049732], [121.46620731270475, 23.672999441289054]]], [[[121.46826656994406, 23.67416303574795], [121.46817959188644, 23.67412278211136], [121.46809769422039, 23.674173876129647], [121.46819196740975, 23.67423914727394], [121.46814394201508, 23.674245992480344], [121.4680868125205, 23.674286961531188], [121.46803012301146, 23.674327604160826], [121.4682190128065, 23.674584733548727], [121.46846087004093, 23.67520900579415], [121.4684816025013, 23.675208076243543], [121.46850367795422, 23.675207097479973], [121.4684967635819, 23.67512390921793], [121.4684989485542, 23.674936526206377], [121.46849613159189, 23.674919134390976], [121.4684824020481, 23.674780569198376], [121.46840923537037, 23.674596682794146], [121.4683846991651, 23.674548140784264], [121.46831014288085, 23.674400666493252], [121.46830801434054, 23.67437010721059], [121.46830165939316, 23.674278781429333], [121.46826844940439, 23.674228251981337], [121.46826656994406, 23.67416303574795]]], [[[121.46859939857964, 23.675617526263903], [121.46856726511191, 23.675574831463088], [121.4685734096568, 23.675706060326252], [121.4686210475474, 23.675694881872626], [121.4686550839784, 23.675671852368723], [121.46864293426464, 23.675643707267202], [121.46859939857964, 23.675617526263903]]]]}, "properties": {"年份": 113, "縣市名": "花蓮縣", "鄉鎮名": "光復鄉", "地段名": "阿托莫段", "縣市七": "U020297", "縣市代": "U", "鄉鎮代": "02", "地段代": "0297"}}, {"type": "Feature", "geometry": {"type": "MultiPolygon", "coordinates": [[[[121.45132267447701, 23.63166244433477], [121.45183471192261, 23.630939236640025], [121.45204847430058, 23.630681020296198], [121.45212114734815, 23.630598167626665], [121.45267152496412, 23.629814544311166], [121.4529674607562, 23.629478656229487], [121.45313470256545, 23.629350973829666], [121.45330519499974, 23.62925661984612], [121.4544948036846, 23.62764118140422], [121.45459341072332, 23.62698043251236], [121.45468506920976, 23.626366235448202], [121.45459272191322, 23.626284759963074], [121.45438797918129, 23.626321650530407], [121.45392978673868, 23.627027335789123], [121.45357743612017, 23.627163813535315], [121.45312697678811, 23.62727347854337], [121.45290737257618, 23.627326944180872], [121.45294952194135, 23.62696698274136], [121.45206924611365, 23.627484249866665], [121.45199118289338, 23.627583805337654], [121.45230532658893, 23.62773639684943], [121.45235476340396, 23.62786267022702], [121.45227710327973, 23.628079612339906], [121.45197402975951, 23.628297202192865], [121.45176884707209, 23.62847840522896], [121.4516607211867, 23.62838842181553], [121.45158286800395, 23.62835224922148], [121.45148384651536, 23.62825349831382], [121.45106167987046, 23.628038001446143], [121.4510216118659, 23.627785282893754], [121.45111285864903, 23.62683897207635], [121.45092388975291, 23.62704956409947], [121.45045188018352, 23.627406610865997], [121.45086374195945, 23.627658917861897], [121.45066765020206, 23.62797945030196], [121.45060731651517, 23.628025018456764], [121.44948784137326, 23.62887050435585], [121.44917742921588, 23.629038888499615], [121.4491033747031, 23.629079059845335], [121.45024409227031, 23.629692833614033], [121.44950080281743, 23.630155509804364], [121.44932444181421, 23.630174080320305], [121.44923356217558, 23.63032731770148], [121.44937139452163, 23.630357032985327], [121.44921145007514, 23.630634332437673], [121.44902757500176, 23.631108189886564], [121.44871219563971, 23.631917370635616], [121.44866716943511, 23.632012097255704], [121.4487619461737, 23.631992427068766], [121.44911831320032, 23.63191906693402], [121.44955384186679, 23.63162174477408], [121.44963579722429, 23.631547137669337], [121.44961584001345, 23.631227756607107], [121.44988282742145, 23.63056257747387], [121.45019431468488, 23.630418352597953], [121.45034628761451, 23.630160787391233], [121.45039224899998, 23.629878652669838], [121.45029910067692, 23.62987817357959], [121.45033412707429, 23.629760187601313], [121.45075684059177, 23.629635928728774], [121.45083452878143, 23.629781209526982], [121.45087904493933, 23.62986452473319], [121.45087830911311, 23.62987002603227], [121.45057632570793, 23.62988102578172], [121.45046322649806, 23.630039168381675], [121.45054998954599, 23.630207187143668], [121.45071693085234, 23.630277107750096], [121.45041879047713, 23.63102916432925], [121.44977331196304, 23.63169006936982], [121.44963163150113, 23.63181398993568], [121.45083316163036, 23.631580558548062], [121.45073192866407, 23.632033174360693], [121.45060301899866, 23.63260951577481], [121.45112928778408, 23.63239630025208], [121.45122181170936, 23.632268385665682], [121.45130010811921, 23.631864136786664], [121.45124959534158, 23.631772974205585], [121.45132267447701, 23.63166244433477]], [[121.45141686435014, 23.62996211725803], [121.45118933083178, 23.62986248492148], [121.45098049378504, 23.629870514627214], [121.45101563396179, 23.629797379289823], [121.45106603810055, 23.629822760056594], [121.4512631988863, 23.629633526676493], [121.45138530556328, 23.629807636621305], [121.45169656954614, 23.629916506227026], [121.45168796045047, 23.630083935117142], [121.45151035989039, 23.630289690850912], [121.45148138324382, 23.6303252713985], [121.45127540396335, 23.6303008580813], [121.4512720518496, 23.63018066287239], [121.45141686435014, 23.62996211725803]], [[121.45208387141147, 23.629426621087585], [121.45186295584226, 23.629081910148052], [121.4518458719571, 23.629215817961168], [121.45173263633009, 23.629322148762487], [121.45158727935393, 23.629069998806912], [121.45170931360325, 23.62877153305377], [121.45193045355012, 23.628787756769913], [121.45224451824924, 23.628576871209873], [121.45229310828582, 23.62872475541919], [121.45238083535108, 23.62907885689123], [121.45244124167749, 23.629322648421446], [121.45224659732412, 23.629379273041103], [121.45208387141147, 23.629426621087585]]], [[[121.4458893158976, 23.633667714519714], [121.4458902676999, 23.63358989279265], [121.44559318039771, 23.633700738687537], [121.4456811796142, 23.633725426252674], [121.4458705544207, 23.63371336903798], [121.4458893158976, 23.633667714519714]]], [[[121.44580236935239, 23.633985786990205], [121.4456233537285, 23.63395145527142], [121.44568457724831, 23.634083494008816], [121.44574897410622, 23.63418588773136], [121.4457817511809, 23.63429363667919], [121.44581263955362, 23.634245915612983], [121.44588619116278, 23.634223951378743], [121.44588740921314, 23.634146607472342], [121.4458880549274, 23.634105745682092], [121.44586859254117, 23.634051523376687], [121.44584254742028, 23.634012833218353], [121.44580236935239, 23.633985786990205]]], [[[121.45060152885911, 23.633457176114945], [121.4504672960116, 23.633268788616775], [121.44996082879207, 23.6338514626548], [121.44981649315453, 23.633990615354133], [121.44961367939732, 23.63412273163156], [121.44964261196176, 23.634191527210756], [121.44979634333957, 23.634269279737193], [121.44988638159263, 23.63438267693126], [121.44966749038315, 23.63459999107132], [121.45000670171405, 23.63502835705839], [121.45010565072414, 23.634780734302897], [121.45057895594402, 23.6345881900011], [121.45093054497424, 23.634537441158518], [121.45086916560223, 23.634307097420994], [121.45082884329312, 23.634166683596085], [121.45080332556763, 23.6338959987317], [121.45060152885911, 23.633457176114945]]], [[[121.45784619498218, 23.630532354932896], [121.45775793100925, 23.6306739951807], [121.45717537773265, 23.63031368089599], [121.45719989687113, 23.630226250855813], [121.4572401287812, 23.630082805120104], [121.45745758351504, 23.630196951088156], [121.45769397773104, 23.630371450328056], [121.45784619498218, 23.630532354932896], [121.45812998484813, 23.62992014459381], [121.45830334124803, 23.629849777948554], [121.45839343315828, 23.629833790882298], [121.45889666295702, 23.630058554227364], [121.45949244027503, 23.629698117647106], [121.45944847522561, 23.629597321627283], [121.459381687428, 23.629429989266086], [121.45900073062188, 23.629266367829523], [121.45884618541862, 23.629255853744862], [121.45845300958212, 23.62912076517727], [121.45820198320865, 23.628822032916005], [121.45815516351314, 23.628737010990665], [121.45811408875949, 23.628553854109043], [121.45802007233107, 23.62851483392259], [121.4579170326835, 23.628471081596683], [121.4577750650161, 23.62847813745071], [121.45730877593452, 23.628550866141715], [121.45718633654154, 23.628551019296772], [121.45694553950582, 23.628679789527755], [121.45656394009158, 23.62896543342825], [121.45700711802161, 23.629219473781728], [121.45709461558006, 23.62934839656812], [121.45716706192351, 23.629475636158553], [121.4562691131743, 23.628988962965987], [121.45639781936598, 23.630608951354883], [121.45612378883655, 23.631769347969815], [121.45612932986694, 23.63181147971537], [121.45614995049492, 23.631968270080833], [121.45629338191172, 23.632226958767365], [121.45636554370164, 23.632429808934134], [121.45623881409968, 23.632906991918688], [121.45592018753807, 23.632613809612476], [121.45535885858857, 23.63235107438904], [121.45534055435633, 23.632204836101955], [121.45529684418675, 23.631865280842554], [121.45531096763122, 23.631598914043007], [121.45525159479556, 23.631406446215856], [121.4550232109474, 23.631442350579142], [121.45483724437621, 23.631387190983393], [121.45412656966751, 23.63259447333921], [121.45409301195161, 23.63264872336879], [121.45392940364864, 23.632546262301293], [121.4537120012149, 23.632200090177705], [121.45366352633957, 23.63206657261407], [121.4536246060147, 23.632000913248174], [121.4534718679283, 23.631847166654417], [121.45322409950498, 23.63138273776812], [121.45226824458179, 23.63199831776771], [121.45192214867106, 23.632410959594832], [121.45271938661382, 23.63248144249085], [121.45301877016712, 23.6325079107985], [121.45303550548006, 23.632529316768654], [121.45323182520708, 23.632767419403383], [121.45308415669525, 23.632890818785423], [121.45244194924793, 23.63343385899241], [121.45224605867085, 23.63355744337019], [121.4521042836377, 23.633556655660943], [121.45232010848044, 23.633683798387946], [121.45246701048727, 23.633770408361876], [121.4525332144674, 23.63395510972553], [121.45248872537233, 23.634154184370487], [121.45285635971537, 23.6339161873059], [121.4529993849075, 23.633989660674057], [121.45364743753542, 23.63362968057492], [121.45389831307939, 23.633495386746187], [121.45454988678532, 23.634290251498335], [121.45431407507753, 23.634626318561416], [121.4544125611605, 23.63502797409565], [121.45537731299342, 23.63458687401671], [121.45546875493473, 23.634503946660708], [121.45575126662088, 23.634247428764017], [121.45594913294445, 23.633962010943385], [121.45605345433289, 23.63353148794188], [121.45618614555356, 23.633286678843803], [121.45623384499396, 23.633198353422895], [121.45631958597575, 23.633043258017967], [121.45756408379381, 23.631004126522672], [121.45776865273761, 23.63103195952731], [121.45784193697033, 23.631309130095694], [121.45763146929542, 23.63144351873176], [121.45760391364317, 23.63176633454928], [121.45753547969055, 23.63206421318874], [121.45779756466847, 23.632249688903357], [121.45817049197689, 23.63190628584902], [121.45827556519342, 23.631674613653658], [121.45906450921417, 23.63065681553034], [121.45807596538658, 23.630484387543596], [121.4579054296857, 23.63048964065914], [121.45784619498218, 23.630532354932896]]], [[[121.4522744243139, 23.636939226536548], [121.45229082331062, 23.636752759766498], [121.45239327643547, 23.636561235211143], [121.45241893303721, 23.636506178869617], [121.45218441619929, 23.636693831515952], [121.45221883978485, 23.636824436874885], [121.45223654563992, 23.636897138441935], [121.45226655662773, 23.636876986699193], [121.45227043925561, 23.636962592742197], [121.4522744243139, 23.636939226536548]]], [[[121.4530214862138, 23.636343393144013], [121.45264831063491, 23.636334070511108], [121.45257414590031, 23.636410747245577], [121.45249918304717, 23.636448414851177], [121.45243830790234, 23.63657904666263], [121.45233479439798, 23.636772693572418], [121.45232267703882, 23.6369463061505], [121.45230287142327, 23.63702251309592], [121.45251068277456, 23.636971748425267], [121.45274028128044, 23.63687643544486], [121.45281950245105, 23.63679298545607], [121.45280317348444, 23.636516558373213], [121.4530214862138, 23.636343393144013]]], [[[121.45027067147355, 23.63717050129732], [121.45024576014026, 23.637162970509078], [121.45023822777897, 23.63716439199457], [121.4502800293969, 23.63720993441212], [121.4502401128138, 23.63730288578625], [121.45019474925292, 23.637373675740378], [121.45014257213292, 23.637438272944358], [121.45006378545456, 23.637546218204623], [121.45002832292568, 23.63756593385204], [121.4500060531404, 23.637574215593325], [121.45005912058394, 23.63768687106476], [121.45016207183703, 23.637608798534405], [121.45018264045216, 23.637575969649244], [121.45022795787234, 23.63755471738278], [121.45022202855127, 23.63752333793692], [121.45025628355421, 23.637437148273712], [121.4503004308978, 23.63731166826017], [121.45034094516757, 23.637198614773386], [121.45030543440788, 23.637186997174293], [121.45027067147355, 23.63717050129732]]], [[[121.44868664812664, 23.63800424510303], [121.44861288350073, 23.637949791983864], [121.44842232015519, 23.63804623965148], [121.44847800365363, 23.638153208355828], [121.44868664812664, 23.63800424510303]]], [[[121.44931601571707, 23.637903880850658], [121.44944688849141, 23.63788228161818], [121.44945945206712, 23.637947783590207], [121.44947963079758, 23.638002195516417], [121.44959150836904, 23.637954164193925], [121.44963761350688, 23.637887986499308], [121.44971331313558, 23.637843114612664], [121.44959953088325, 23.63784134863018], [121.4494768883622, 23.63779014482777], [121.4492676692755, 23.637897317248107], [121.44924219475122, 23.637867442671915], [121.44922419920144, 23.637916210631282], [121.44919360630676, 23.63805615296859], [121.44918916092851, 23.638226937652732], [121.44908093193482, 23.638559692614383], [121.44916697200732, 23.638414090588537], [121.44924277549639, 23.638267398467526], [121.4492557051507, 23.638218650344562], [121.44926356675285, 23.638050931321178], [121.44927726077955, 23.63799280191918], [121.44931828294662, 23.637978699445046], [121.44931601571707, 23.637903880850658]]], [[[121.4491015025867, 23.63866811721214], [121.4490931481995, 23.638621105112694], [121.44895914403048, 23.63853521320711], [121.4489148207841, 23.63856361384054], [121.44884644978752, 23.638604978626255], [121.44883038361101, 23.638610253380243], [121.44880407960433, 23.638582400287238], [121.44874022838027, 23.63864141426051], [121.44870737604708, 23.638650656505128], [121.44867721936737, 23.638645596752287], [121.44861774801863, 23.638661092370626], [121.44856007675872, 23.638665976611968], [121.4485580717028, 23.638666146421947], [121.44854842281487, 23.63866696359439], [121.44853850066963, 23.63866318170783], [121.44853573260343, 23.638711816138], [121.44853229537722, 23.638772207545447], [121.44860211298133, 23.638759440193432], [121.4491015025867, 23.63866811721214]]], [[[121.45105855436, 23.638919209831943], [121.45082841181701, 23.638634627252827], [121.45071315306333, 23.638685095735962], [121.45061841952476, 23.638724424925854], [121.45065204747651, 23.63885302910857], [121.4507004550832, 23.638855371648177], [121.45075334092255, 23.638860274653965], [121.45081810641162, 23.638925362915653], [121.45085223232714, 23.638941725064228], [121.45089702654126, 23.6390280191581], [121.45091418451477, 23.63906107255913], [121.45103726168543, 23.639161225503965], [121.45122568756597, 23.639264827256387], [121.45138982792909, 23.639306211833368], [121.45146820475412, 23.639264545916067], [121.45133319095314, 23.639230724915056], [121.4512535645565, 23.63920523970858], [121.45120438873411, 23.63915324465647], [121.4511284999715, 23.639005710634827], [121.45105855436, 23.638919209831943]]], [[[121.45863396650857, 23.640464712387374], [121.45864981831699, 23.640080095283043], [121.45827097192284, 23.64012310440991], [121.45789492230452, 23.640133335203615], [121.45774494172488, 23.64012845937544], [121.4577137656034, 23.639672555364186], [121.45767855721708, 23.639229566805824], [121.45780266323266, 23.639247060480383], [121.45865952701628, 23.639367839018643], [121.45877191973314, 23.63938368087395], [121.4588389038538, 23.639226427364967], [121.45874730898214, 23.639105464175024], [121.45868083525099, 23.638860682213267], [121.45862376340213, 23.638774038451775], [121.4584452835245, 23.63812515162651], [121.45847382077538, 23.63793532399353], [121.45846223724155, 23.637651551468373], [121.45823560230905, 23.63751376942438], [121.45810143084172, 23.63743219996787], [121.45831395694957, 23.637024996112647], [121.45824664674275, 23.636840643810313], [121.45846729754875, 23.637103535689263], [121.4583966598397, 23.63726691304841], [121.4588350380931, 23.63754646186777], [121.45906435859102, 23.637644352671526], [121.45939932699335, 23.637680067066544], [121.45972261288289, 23.6377552304556], [121.45983682951498, 23.63740485153751], [121.45992051574233, 23.63719231272175], [121.46005362923451, 23.636917935642057], [121.46016902585612, 23.63675137269498], [121.4602347818689, 23.636667019823946], [121.46021785033139, 23.636561927015887], [121.46010162751335, 23.63644153428544], [121.45870294226471, 23.635978700386143], [121.45939431702705, 23.635225966077012], [121.45961787959796, 23.634982559831098], [121.4599509443735, 23.635064439142504], [121.46018976638781, 23.634673805705162], [121.46084813614735, 23.633732371990803], [121.46075177895933, 23.633658713124856], [121.4605894313802, 23.63344215477858], [121.46052699559696, 23.633336031591018], [121.46051907288208, 23.6333225652002], [121.46047431602479, 23.63309682643471], [121.46033454383114, 23.632903416417754], [121.46031167771501, 23.632707049805155], [121.4603010314273, 23.63267832145296], [121.46022877213318, 23.63249981785672], [121.46009259875174, 23.63229262645802], [121.45996581768114, 23.63177191012845], [121.45870551378074, 23.63348714297741], [121.45921272034786, 23.6335861712207], [121.45842372679415, 23.63425697448582], [121.45840855216105, 23.634269875871283], [121.45784926225747, 23.63479708961235], [121.45768607751405, 23.634987251341375], [121.45755177106328, 23.635088456344047], [121.45746022321791, 23.635157560585775], [121.45701488348847, 23.635413423609428], [121.45687879288649, 23.63546396703508], [121.45666194284448, 23.635492643145284], [121.45663966666041, 23.63554407027783], [121.45637744104927, 23.63566726815872], [121.45621827866863, 23.63563601463897], [121.45592499992081, 23.635727418832612], [121.45560513078227, 23.63577938613265], [121.45548906058754, 23.635891516052805], [121.45534386020438, 23.63569170632759], [121.45459778535869, 23.63578356065513], [121.45469714184188, 23.635991162759982], [121.45454621095959, 23.63606734716717], [121.45442129282492, 23.63586819951626], [121.45412559121537, 23.63581464284355], [121.4540107170251, 23.635765215825455], [121.45412435114417, 23.635960920377748], [121.45378965118877, 23.63621188118703], [121.45390428213115, 23.63638397904823], [121.45419399310244, 23.636882632988772], [121.4538384389501, 23.63687636859887], [121.45357826878171, 23.63704580646403], [121.45333301521352, 23.63697604578415], [121.45342789648836, 23.6373956997545], [121.45335630811066, 23.637879735227223], [121.45322108128161, 23.638421476492972], [121.45346955823048, 23.63845310402959], [121.4532115528554, 23.639272292851395], [121.45361347624014, 23.638971870056622], [121.45360895150615, 23.638810764431483], [121.45369818977018, 23.638459821799277], [121.45373194355615, 23.638402275421505], [121.45419492052672, 23.63882188997991], [121.45423318361298, 23.63876456506721], [121.4544186562085, 23.638878095328344], [121.45438386079766, 23.638940493907768], [121.45443126988458, 23.639056740190487], [121.45479591887948, 23.63908372697271], [121.45500726606916, 23.63920795319813], [121.45486354314872, 23.638832409744555], [121.45460489296529, 23.63816833948189], [121.45452712988188, 23.637779779972465], [121.45456671236371, 23.63742059364451], [121.4549247948593, 23.63713983646978], [121.45497124407059, 23.637216625168815], [121.45528578218331, 23.637178002783966], [121.45541368208461, 23.637156028009805], [121.45563109245474, 23.637118457606455], [121.45637003846272, 23.63689647259745], [121.45649119290313, 23.636636563294125], [121.45728884768832, 23.63637322523494], [121.4577183273671, 23.636522088059923], [121.45728426121865, 23.636618876604263], [121.45677152836039, 23.636901855471628], [121.45643013763502, 23.636994720662035], [121.45615994023385, 23.63726211155474], [121.45596134833178, 23.637296846200833], [121.45585924328782, 23.637346485187244], [121.45555275915186, 23.63735039256133], [121.45618937592937, 23.638150919169547], [121.45549381597132, 23.638600245823593], [121.45518564916418, 23.63882418674554], [121.45510672690187, 23.639135757035916], [121.45516573866502, 23.63921995837404], [121.45488437939363, 23.63958926311307], [121.4543552449972, 23.639671594758322], [121.45439264096095, 23.639425486190657], [121.454273624159, 23.6394603648109], [121.45413069110162, 23.639605892380008], [121.45383551317235, 23.639612824424454], [121.45378818585692, 23.639494618256503], [121.45366433326275, 23.6396337325907], [121.45362049521813, 23.639853935261133], [121.45358798390865, 23.639882483266693], [121.45364690989048, 23.64012968246713], [121.45350195711643, 23.64015311432962], [121.4534684014904, 23.640154530795897], [121.45356254682602, 23.640268735385263], [121.4535442874453, 23.64056200464218], [121.45349795436864, 23.64063959527547], [121.45343127048125, 23.640751265729424], [121.45351799519563, 23.64082529133332], [121.45359136959091, 23.640724303988662], [121.45361317794494, 23.640694288475135], [121.45372489799956, 23.640680516294132], [121.45430666949079, 23.640282413790917], [121.45442009611399, 23.64027192296381], [121.4544864533766, 23.64023806541], [121.45475175848848, 23.64016615995703], [121.45484458799342, 23.64052895814023], [121.45527473881079, 23.640304750150953], [121.4551045552201, 23.639987490793896], [121.45520304545704, 23.63994058087284], [121.45567173850127, 23.639862279646543], [121.45585630635505, 23.6397618676348], [121.45598555841892, 23.63976736608742], [121.4560877894781, 23.63961495843296], [121.45646133315402, 23.63915659923658], [121.4567743096033, 23.639372898798527], [121.45671293368414, 23.639551165344493], [121.45663014224961, 23.639998131584733], [121.4566938045868, 23.640334710660778], [121.45669169206835, 23.640612898028845], [121.45687113587655, 23.64067400695891], [121.45707747395771, 23.640889942681152], [121.4577659433719, 23.640744816845714], [121.45872733282826, 23.64065498312778], [121.45863396650857, 23.640464712387374]]], [[[121.46532964977962, 23.641603976576864], [121.4653616059235, 23.640883953210317], [121.46587162410074, 23.64111994173592], [121.46622261682116, 23.641044400219464], [121.46651311685702, 23.640430475858917], [121.46627946061349, 23.64030130297176], [121.4660274926734, 23.64043709185393], [121.46586816979072, 23.640379346391224], [121.4658424533635, 23.63987608476557], [121.46544874372383, 23.640088880082097], [121.4661007819695, 23.639342615684587], [121.46595304140156, 23.639174823658728], [121.4655744110448, 23.639016927904844], [121.46491770212661, 23.638577954712716], [121.46429341802184, 23.638607916453722], [121.46360670391981, 23.63865333169523], [121.4634337633282, 23.638693904718522], [121.4634140323083, 23.638944278739178], [121.46375622386608, 23.639323600096063], [121.46397152608537, 23.64003354708513], [121.46483161548394, 23.641542117063572], [121.4649270559285, 23.641617563865925], [121.46516562031535, 23.64160983235041], [121.46532964977962, 23.641603976576864]]], [[[121.45863460591946, 23.6422516267503], [121.4587868463024, 23.64224891899906], [121.45882908519951, 23.64225832047533], [121.45926941505556, 23.641816796322583], [121.45996299642023, 23.64169777781956], [121.45997844054493, 23.641895972217696], [121.46150165142237, 23.64088723407062], [121.46173356923437, 23.640558157095203], [121.46220759992347, 23.640177755428855], [121.46229350732584, 23.63984475129562], [121.46230631096226, 23.639675323128294], [121.46240846748883, 23.639216422164274], [121.46285683728023, 23.63871507765837], [121.46291963609741, 23.63838368620352], [121.46280290167965, 23.63830293792795], [121.46248380409547, 23.637571085254404], [121.46223751120945, 23.637240380552377], [121.46212419553498, 23.636868283999302], [121.46213276908968, 23.636635795211955], [121.46208443790475, 23.636395331066232], [121.46196678251901, 23.636071014933048], [121.46180234438484, 23.635975219782008], [121.46168070800574, 23.635907253338118], [121.46086415407508, 23.63610211573005], [121.46094957317462, 23.636390824686707], [121.46101712485357, 23.636480786522526], [121.46110907811948, 23.636681634018416], [121.46132944756627, 23.636736828090395], [121.46115135495744, 23.638151740841458], [121.46099594636796, 23.63813000756717], [121.46032689778623, 23.638220920150108], [121.46032110970175, 23.638813653554173], [121.46021862306094, 23.639208171749065], [121.46015744019718, 23.639902943657212], [121.45964339343512, 23.640715298917407], [121.45951340452275, 23.64051025614691], [121.459354952883, 23.640479518541184], [121.45873860942369, 23.64065354112461], [121.45873109414244, 23.640654267678062], [121.45826778108804, 23.64139409452195], [121.45814929070859, 23.64154098924046], [121.45803468466374, 23.641500070600763], [121.45804113696926, 23.641610729812786], [121.45832022137566, 23.6418674352049], [121.45842216588261, 23.642187484109076], [121.45846225736629, 23.642317656573738], [121.45856291146404, 23.64227275177436], [121.45863460591946, 23.6422516267503]]], [[[121.4551773265075, 23.64303860128264], [121.45507150447621, 23.64299827773955], [121.4550407134099, 23.64301704172078], [121.45502118261456, 23.64307493490721], [121.45499967182538, 23.643319949446404], [121.45502713920693, 23.64332642449039], [121.45512341626444, 23.643361574906372], [121.45517304945734, 23.643366359506192], [121.45515782759344, 23.64306034809639], [121.4551773265075, 23.64303860128264]]], [[[121.45983222176649, 23.643524377325964], [121.45958673806817, 23.643488066548514], [121.45982674140562, 23.64367817004643], [121.46021497922405, 23.643985668549966], [121.46031010858137, 23.644207808138336], [121.46068026197635, 23.644190012866755], [121.46069970476702, 23.64416645054889], [121.46088936998325, 23.644015188712313], [121.46112778125016, 23.64385891464437], [121.46132003476542, 23.64374445003668], [121.45983222176649, 23.643524377325964]]], [[[121.45849735216957, 23.64396216809496], [121.45837825308406, 23.64388983933753], [121.45834435927873, 23.643867581739105], [121.45833058916587, 23.643853924234364], [121.45829856589349, 23.64382838328056], [121.45827367554594, 23.64379077549056], [121.45826277283115, 23.643778626511903], [121.45823059602297, 23.64376246795732], [121.45822136111462, 23.643750747477768], [121.45820352362225, 23.643720297525178], [121.45819248061431, 23.64369318658024], [121.45818221745945, 23.64367328813903], [121.45816704653373, 23.643648600344246], [121.45815337214768, 23.6436314570379], [121.45814018329783, 23.643615820272174], [121.45812225583403, 23.643601750629294], [121.45801756728473, 23.64363402534765], [121.45784709152564, 23.643633228461898], [121.45780574752587, 23.64363886772709], [121.45774855065785, 23.64366327254849], [121.45766915584781, 23.643671678850463], [121.45754474648052, 23.64366183326126], [121.45744168857989, 23.6436782645146], [121.45733672248348, 23.64362227330969], [121.45731247758434, 23.643581331461125], [121.45721601197589, 23.643514687030834], [121.45717316809991, 23.64346947471975], [121.45711096648131, 23.643424481993172], [121.45708124378312, 23.64341213556788], [121.45705027739321, 23.643377534346403], [121.45698915164252, 23.643334669431262], [121.45692467235692, 23.643302704310727], [121.45692529103304, 23.643297392965607], [121.45680001301434, 23.643246138670413], [121.45679432566071, 23.6432341728785], [121.4567543857026, 23.64321788337264], [121.45672944731572, 23.64316909657387], [121.45673083795586, 23.643137677803765], [121.45673147437488, 23.64312335466647], [121.45671336579878, 23.64308810147933], [121.4566970902299, 23.643081115196175], [121.45663131190734, 23.643053244275258], [121.45661692349401, 23.643044934075963], [121.4566152072596, 23.64304184190774], [121.45654830603488, 23.642967163771896], [121.45646653491757, 23.642960108401997], [121.45644370993062, 23.64299497643523], [121.45640871252256, 23.643024588826663], [121.45646844670128, 23.6430676296387], [121.45652506454338, 23.64309671049989], [121.45645520551402, 23.64318944450031], [121.45637340497741, 23.64332375972276], [121.45632942529257, 23.643366428531348], [121.45630002269255, 23.643381360039605], [121.45621048861518, 23.643501638532538], [121.45612463820856, 23.643559221267036], [121.45607655626044, 23.643478834923688], [121.45603810755469, 23.643397878447622], [121.45599810615471, 23.643290288614615], [121.45588357297505, 23.64315747190855], [121.45576922658498, 23.643231373796482], [121.45598896211455, 23.643590466066485], [121.45592319693334, 23.643690917300592], [121.4559362529979, 23.64373337315464], [121.4559762256516, 23.644005215139927], [121.45599352965084, 23.64409399942807], [121.45636878699781, 23.643736073978523], [121.45728191411298, 23.64390251220786], [121.45754002326522, 23.643952597682702], [121.45752896274298, 23.643858386308604], [121.45758292491648, 23.64379444962392], [121.45763713055918, 23.643786451804406], [121.45777777172833, 23.64379062383855], [121.45789163961143, 23.643813214321103], [121.45798504875584, 23.643818220915964], [121.45808827566071, 23.643791196848778], [121.45817660993272, 23.643799730910704], [121.45829152693584, 23.643929357223257], [121.45830565840967, 23.64391730582893], [121.4585464760443, 23.644135206935573], [121.45875407515517, 23.644323043198405], [121.45876730796452, 23.64433718986214], [121.45881086329916, 23.6443163285884], [121.45884986117295, 23.644289963581862], [121.45887837527442, 23.644276054589138], [121.45879745742658, 23.64419068250663], [121.45873548430178, 23.64413838466516], [121.45869478623824, 23.644121276198458], [121.45866621056004, 23.644106262898905], [121.45864540160878, 23.64409230116933], [121.45861617208976, 23.64405507003029], [121.4586094555585, 23.64404651804828], [121.45858949500119, 23.644025673096202], [121.45853058340442, 23.643991172876934], [121.45851204341312, 23.64396730776169], [121.45849735216957, 23.64396216809496]]], [[[121.45919261868181, 23.64449404277866], [121.45947276855844, 23.64444989702681], [121.46012992050085, 23.644451497232595], [121.4602158593377, 23.644049551745297], [121.45979853530567, 23.643785494257255], [121.45961323579803, 23.64384271456307], [121.45965365944137, 23.643873855906428], [121.4597196708455, 23.64395693301463], [121.45970555920098, 23.643994267907782], [121.45962020107294, 23.64408299486774], [121.45949874242505, 23.64418008198866], [121.4594858349868, 23.64415527023407], [121.45936610763653, 23.6441418454716], [121.4592149202631, 23.644152000282357], [121.4591023075504, 23.644205573399624], [121.45902561308809, 23.644218243497978], [121.458945338678, 23.64426961683329], [121.45888989276028, 23.644270521360934], [121.4588583707084, 23.64435506129777], [121.45897894340189, 23.64443376937825], [121.45919261868181, 23.64449404277866]]], [[[121.46462304522628, 23.64518181184596], [121.46482609894416, 23.645003433823604], [121.46467395210149, 23.64472811096021], [121.46464846025309, 23.64468172003834], [121.46462392647976, 23.644681811607867], [121.46440167131573, 23.644690820896194], [121.4643483598886, 23.644668875612044], [121.46423853216139, 23.644644516992365], [121.46417036738794, 23.644627121978314], [121.46410506588265, 23.64460448108536], [121.4640368390384, 23.644575031425322], [121.4639637128526, 23.644529342767317], [121.46389933315824, 23.64447343327345], [121.46376079177706, 23.644317135608677], [121.46374087015936, 23.64428811022266], [121.46372638696072, 23.64425584493505], [121.4637057815909, 23.644263654113505], [121.46368809601792, 23.644187676140962], [121.46371367916471, 23.644034770397003], [121.4637271007062, 23.64401053944695], [121.46372246750468, 23.643983590339726], [121.46378352083244, 23.64383553586711], [121.46378322310214, 23.64380389636213], [121.46373537221747, 23.643754267241295], [121.46372435746666, 23.643704898179667], [121.46364344920826, 23.6435896400096], [121.46364090738417, 23.643549790100007], [121.46361929108716, 23.643534928476832], [121.46359762658271, 23.643434031119693], [121.46352204481808, 23.64332264879663], [121.46344321720464, 23.643274836854744], [121.4633773903394, 23.64324751977791], [121.46332391774601, 23.643201853339814], [121.46328879828462, 23.64313510166353], [121.46325320452343, 23.643111811796114], [121.46320551495903, 23.643010414207186], [121.4631326827256, 23.642677459389382], [121.46303711293405, 23.642590255082347], [121.4629198106648, 23.64242439382936], [121.46265437627419, 23.64210256034033], [121.46250790373905, 23.641534625715877], [121.4616366850505, 23.64158227112012], [121.46001082862675, 23.64229236557347], [121.45999305135008, 23.642713911215644], [121.46044241392478, 23.642571613521987], [121.46106892754312, 23.642374979395623], [121.4615924787083, 23.64276703982981], [121.46159474030463, 23.642769091891786], [121.46173151154798, 23.64274890948113], [121.46258628823546, 23.643690598776402], [121.46244502930075, 23.643792352435355], [121.4622717205211, 23.643844537639875], [121.46230334522578, 23.643848479683225], [121.46233203909271, 23.643860764958177], [121.46241872382224, 23.643882358599804], [121.46250413845057, 23.643930223651935], [121.46264212389438, 23.644040445091512], [121.46277602588334, 23.644185163371898], [121.46286978111782, 23.644182553869463], [121.46293259084459, 23.644168487587336], [121.46307087131416, 23.6442091693151], [121.46316465532817, 23.644256512364663], [121.46318239412231, 23.644264143736436], [121.46331173697456, 23.644280191576946], [121.46335699483251, 23.644292102097562], [121.46339796460218, 23.644272059951568], [121.46344973157045, 23.644278596326842], [121.46347231524008, 23.644312056453103], [121.46320201687288, 23.64435589103172], [121.46294574542138, 23.644399909011405], [121.46289147919899, 23.64440737610819], [121.4629099506836, 23.644492336473093], [121.46301296027292, 23.64447334630047], [121.46321011675943, 23.64443487752628], [121.46364043963118, 23.6443602244657], [121.46367776322975, 23.64439029946711], [121.46373738898498, 23.64442398289281], [121.46381217999587, 23.644485974485615], [121.46390303699205, 23.644542590402445], [121.46395331873428, 23.644575434835446], [121.46407880131014, 23.644683570368834], [121.4641768914719, 23.644739938728986], [121.4641939400525, 23.644688020572044], [121.46430686367414, 23.644695276557496], [121.46439946326952, 23.644703965855626], [121.46442681435268, 23.644757827918497], [121.46442923975334, 23.64479238669658], [121.46445571402619, 23.644814430394288], [121.46444931232026, 23.64489467023511], [121.46441378886847, 23.64501648918453], [121.46440672525809, 23.64511193717265], [121.4642674956611, 23.645108227465467], [121.46424266270621, 23.645112446486028], [121.46462304522628, 23.64518181184596]]], [[[121.4618712335566, 23.64615300572999], [121.46193647404839, 23.646107888175997], [121.46208118519809, 23.6461510257602], [121.46214232818168, 23.646044445506657], [121.46191531649116, 23.645894270197772], [121.46152433803864, 23.64537792789839], [121.46149350129211, 23.645383554937283], [121.46146536622082, 23.645480383872858], [121.4614567689609, 23.645569560606045], [121.46144779497753, 23.645579258219602], [121.46166047971447, 23.64615264005788], [121.4618712335566, 23.64615300572999]]], [[[121.45453582100602, 23.64607250920759], [121.45449956697598, 23.64605082656963], [121.45443370148845, 23.646111555379804], [121.45428134288647, 23.64620061122399], [121.45416079074442, 23.646261021542845], [121.45407747386274, 23.646280641227033], [121.45391884836292, 23.6463179946483], [121.45368556536552, 23.646353505300134], [121.45364109454896, 23.64637367253103], [121.45348801158582, 23.64637793087918], [121.45344381396339, 23.646420500186558], [121.45351075162839, 23.64653986799729], [121.45341027516979, 23.646598674431793], [121.45336085743995, 23.64662759738763], [121.45336070907658, 23.646658506823115], [121.45336996106545, 23.64667240372225], [121.45335924404178, 23.646697023198726], [121.45332459286017, 23.646716655960887], [121.4533646788815, 23.64681782601632], [121.45345245084683, 23.646767914502064], [121.45353385953841, 23.646706138335418], [121.45376500212349, 23.64657275115195], [121.45384327600961, 23.646520113124556], [121.45398196903425, 23.646453139454376], [121.45439335220289, 23.646198314540378], [121.4544561836469, 23.646175790687202], [121.4545137407127, 23.646172876931498], [121.4545094820977, 23.646134666276946], [121.45453582100602, 23.64607250920759]]], [[[121.47666711395986, 23.647246289928656], [121.47640791854582, 23.647337012289324], [121.47609802027719, 23.647384106294247], [121.47592491220195, 23.647369567018696], [121.47549915761485, 23.647317516257246], [121.4751625275692, 23.647252973941804], [121.47504626565214, 23.64725020113745], [121.47508626805518, 23.647271252616168], [121.47515433546656, 23.64730359924625], [121.47535387368507, 23.647362611416764], [121.47556774039663, 23.647390190751963], [121.47606498820237, 23.64742662609984], [121.47623645822864, 23.64742019307205], [121.4763062078598, 23.647414026563354], [121.47661075520458, 23.647299426629584], [121.47666711395986, 23.647246289928656]]], [[[121.47666711395986, 23.647246289928656], [121.4767189815828, 23.647246318391627], [121.47680126707229, 23.647227367336075], [121.47693848393624, 23.647218203121064], [121.47709813911739, 23.647232161483604], [121.47720156612743, 23.64726936315016], [121.47728957122273, 23.64729700112206], [121.47751658950004, 23.64733083634652], [121.47758645424267, 23.647352885390458], [121.47764637734083, 23.647388203502075], [121.47768428331086, 23.647439530849233], [121.47769667782762, 23.647530867864617], [121.47764463884697, 23.647702090864424], [121.47764194256139, 23.64773994839017], [121.4778389940587, 23.64763228899725], [121.47791274508344, 23.64755676239539], [121.47769388466682, 23.647316558484256], [121.47756228916698, 23.647178031690714], [121.47736636946921, 23.647208767343386], [121.47713579258564, 23.647188961376443], [121.47678863792372, 23.647203754491013], [121.47666711395986, 23.647246289928656]]], [[[121.45685137054772, 23.648180500555966], [121.45812633721197, 23.647510963047665], [121.45838904976392, 23.64787866540369], [121.45848435767856, 23.64781450685972], [121.45853775588797, 23.647700925724983], [121.4584973397295, 23.647559674794614], [121.45854585157018, 23.647526283640026], [121.45855559780416, 23.647465249532708], [121.45862686376154, 23.647455367850814], [121.45877551613921, 23.64745361877769], [121.45882311328332, 23.647422180678987], [121.45882931849718, 23.6472564656079], [121.45886789992703, 23.64722286896353], [121.45896346113476, 23.647060104033088], [121.4589084759033, 23.647038857134305], [121.45885692773261, 23.646954770739367], [121.45884992328638, 23.646925002176925], [121.45877990869477, 23.64658803683301], [121.45892196424951, 23.64645726235917], [121.45891409501529, 23.64638469513136], [121.45880565621819, 23.6463062130045], [121.45878956503711, 23.646248235154037], [121.45875049572733, 23.646113689413834], [121.45862649833727, 23.64600898550939], [121.45855434121674, 23.64597105705275], [121.45843689531645, 23.645760432175113], [121.45832328230941, 23.64560045302453], [121.45827688547288, 23.645551395822146], [121.45812755776159, 23.64539514301217], [121.45808250640303, 23.645327083081856], [121.45807575660133, 23.645316890321386], [121.45803538082419, 23.645268546669577], [121.45791282971766, 23.645066406386597], [121.45775372997939, 23.644864915677136], [121.4576835938131, 23.644807512589967], [121.45756803907362, 23.64476797801539], [121.45719097609067, 23.644405703995478], [121.4571044209742, 23.644362029187317], [121.45697310557887, 23.644339480518443], [121.45666770295459, 23.64423602280065], [121.45649033063098, 23.644236590182214], [121.45637542707101, 23.64428000955291], [121.4563062264939, 23.644359314232357], [121.45627336196847, 23.644481204862522], [121.45621913618564, 23.64485673313747], [121.45621330438105, 23.645368604408613], [121.45629856164422, 23.6455495364489], [121.45632176606635, 23.64572006813135], [121.45633085878109, 23.64578689799349], [121.45631562662496, 23.646117659140483], [121.4563096645304, 23.646187612462853], [121.45627033663537, 23.64636505533959], [121.45737024019785, 23.646328540192595], [121.4575166299703, 23.646539071450807], [121.45633313503687, 23.646926659325235], [121.45633869483272, 23.646963990199332], [121.45643523092996, 23.64732445543392], [121.45769707896955, 23.646799373587747], [121.45785175386487, 23.64702155557242], [121.45652968235304, 23.64769132884767], [121.45653652348851, 23.64773066958158], [121.45656360460762, 23.647913686993014], [121.45685137054772, 23.648180500555966]]], [[[121.47508350414975, 23.648903823439145], [121.475276309263, 23.648802369939965], [121.47551773212345, 23.648532560416367], [121.47565079148212, 23.64847427141631], [121.47578297286518, 23.64838465166997], [121.47598840225757, 23.64842422173634], [121.47623387608411, 23.64837241361444], [121.47651200141702, 23.648258569525144], [121.47680641852247, 23.648196433523374], [121.47754816514401, 23.647791183679914], [121.47751449692332, 23.64775092900908], [121.4775580090729, 23.647682177603436], [121.47761365941156, 23.647545338197368], [121.47763253032869, 23.64752404184473], [121.47762391051036, 23.647460520945728], [121.47760174041224, 23.64743050106143], [121.47755899340032, 23.647405306357253], [121.47750130444174, 23.647387099955786], [121.47727433302823, 23.647353271699675], [121.47718002639664, 23.64732365474145], [121.47708348674936, 23.647288930391706], [121.47693711315516, 23.647276133207313], [121.47680585172101, 23.647281516852036], [121.47670211493681, 23.64731315707447], [121.47664957953047, 23.64734911832363], [121.47656462232572, 23.647392800067497], [121.47639435305469, 23.647452294874565], [121.47632134747933, 23.647502113912875], [121.47627125368335, 23.647503888850302], [121.47624464094112, 23.647484678994505], [121.47606605147742, 23.64747921015938], [121.47598367401035, 23.647473550711297], [121.47556530775218, 23.64744391999611], [121.475339477958, 23.647474815749906], [121.47527789616798, 23.647475303190273], [121.4752192026774, 23.647466044519163], [121.47518270836679, 23.647475684765904], [121.47515361409478, 23.64750580520837], [121.47505066949256, 23.64774345326634], [121.47498447290326, 23.647910948947167], [121.47482654109587, 23.64809822894025], [121.47470219887487, 23.648261242642597], [121.47466027874403, 23.648206477897123], [121.47476563378532, 23.648070114693656], [121.47493291712811, 23.647883676064794], [121.4750005458785, 23.647725166345133], [121.47510704935648, 23.647479302803575], [121.47515282363975, 23.64743191405988], [121.47521617208884, 23.647415180077903], [121.47528016233937, 23.6474252742941], [121.47533456781186, 23.64742122339829], [121.4753342528656, 23.64741378681486], [121.47513170254201, 23.64735380607858], [121.47505818763823, 23.647318870730555], [121.47497938904371, 23.647277402504212], [121.47494194929926, 23.64724771315341], [121.47472200477893, 23.64724246715892], [121.47459838064503, 23.647549406608906], [121.47450001634458, 23.647660737818764], [121.47435587889112, 23.64775653330866], [121.47319039845887, 23.64874286857981], [121.47341271933583, 23.648862141516652], [121.47368957108667, 23.648791071373328], [121.47374990567045, 23.648878800960336], [121.47384927131004, 23.648819180705505], [121.47398511358537, 23.648871914774645], [121.47408445948292, 23.648809567437745], [121.47445604836744, 23.64881179892495], [121.47466600093036, 23.649012809322187], [121.47479431065236, 23.649056012229497], [121.47486817586635, 23.64899240601307], [121.47493010712643, 23.648938380791733], [121.47508350414975, 23.648903823439145]]], [[[121.46312381874293, 23.651338192313993], [121.46325726130239, 23.651057834183934], [121.46303603535586, 23.650563021673005], [121.46296399377206, 23.650366784780626], [121.46280765680821, 23.65040578162858], [121.46275706246443, 23.650602330499602], [121.46263113013308, 23.65059620487561], [121.46242809485824, 23.650746849513865], [121.46244404280846, 23.650858274658248], [121.46239854608474, 23.650915686290144], [121.46231832301027, 23.650968487915797], [121.46230149469942, 23.65103330875207], [121.46231290992317, 23.651232869103772], [121.46233064458589, 23.65128369906277], [121.46243293859874, 23.651260386090105], [121.4626012483569, 23.651105149573603], [121.46271870572564, 23.651089999244807], [121.46299803585894, 23.651252180041265], [121.46303205240962, 23.651361465270433], [121.46312381874293, 23.651338192313993]]], [[[121.45872668186877, 23.65226678612556], [121.45905606538302, 23.65216614037181], [121.45914388472019, 23.652224917064693], [121.45921889085598, 23.652227105863616], [121.45958788141313, 23.65216737301542], [121.45972120530287, 23.652077871789114], [121.45994330549374, 23.65206010159363], [121.45989088750112, 23.65192144217638], [121.45984326220156, 23.65190314461741], [121.45987660681153, 23.65201439201765], [121.4597879001112, 23.652035531989146], [121.45969755738186, 23.65204293342504], [121.45953153806818, 23.65209752306064], [121.45932407234879, 23.652151666443192], [121.45927344257862, 23.65213476819841], [121.45922001975688, 23.652143324151425], [121.45911966584782, 23.65212464978913], [121.45902427911486, 23.652074302218846], [121.45892738869928, 23.65210992262036], [121.45888979171988, 23.652117022964916], [121.45880593414965, 23.65217388792438], [121.45872191416672, 23.652158894267348], [121.45860119474169, 23.652113217550845], [121.45872668186877, 23.65226678612556]]], [[[121.46145457200763, 23.652237958221864], [121.46139513702423, 23.65220642251059], [121.46121626635491, 23.652196453102427], [121.46106499179358, 23.65213397448313], [121.46107623119366, 23.652213944960263], [121.46129660492421, 23.652265707309585], [121.46145457200763, 23.652237958221864]]], [[[121.46056241338472, 23.65247901556031], [121.46059858171282, 23.65239143657205], [121.46067132658837, 23.6523524916797], [121.46090466076025, 23.652329142433274], [121.46099574665861, 23.652228875765047], [121.46102113101655, 23.652202568754067], [121.46091359415934, 23.65222658265546], [121.46087665429015, 23.652312105218268], [121.46072761742737, 23.65232877472283], [121.4606983446456, 23.65234200908137], [121.46062830015892, 23.652343102129603], [121.46055042771131, 23.65239859577262], [121.4604363361293, 23.652448779077872], [121.46037595983536, 23.652436732049097], [121.46037454760602, 23.65244774355213], [121.46056241338472, 23.65247901556031]]], [[[121.4595209369163, 23.652696725997952], [121.4596217092666, 23.65259093227389], [121.45951403745417, 23.652641023634583], [121.45931404402035, 23.652713059959748], [121.45935965695547, 23.65277258461566], [121.45937565171998, 23.652878429529668], [121.4594064731344, 23.65287068996953], [121.45948355137578, 23.65278404648522], [121.4595209369163, 23.652696725997952]]], [[[121.45599354233008, 23.65283767588334], [121.45596158313396, 23.65281699233622], [121.45585383531021, 23.652859758237124], [121.45599922755198, 23.65309495397901], [121.45608482713718, 23.65322901125759], [121.45614513530212, 23.65311115761295], [121.45601120534084, 23.65288261034104], [121.45599354233008, 23.65283767588334]]], [[[121.47032400787626, 23.653291816977728], [121.47068122365383, 23.65313633270203], [121.47078402892672, 23.653080613834994], [121.47089500631223, 23.652988434930798], [121.47100064297626, 23.65285021128449], [121.47104258431217, 23.65279175150047], [121.47106354142929, 23.652753266124495], [121.47107999410898, 23.652713358698502], [121.47022477909216, 23.65251355254882], [121.46959129812637, 23.652387981214932], [121.46933914481134, 23.652133798009046], [121.46897186422737, 23.65215213827164], [121.46864024901363, 23.651990054194417], [121.46845480410533, 23.652038824641163], [121.46831133056857, 23.65203733475357], [121.4680827446714, 23.651915202004467], [121.46787971154096, 23.651825435798767], [121.46789154556343, 23.651726921299424], [121.46905569182186, 23.650573208260084], [121.46914939625401, 23.650376445742538], [121.46949137518536, 23.650564981771637], [121.46982422217675, 23.65059510818265], [121.47021875856824, 23.650667297133218], [121.47052073522018, 23.650663626903423], [121.47058018726992, 23.650702274517496], [121.47065302129357, 23.65069757466443], [121.47072141996645, 23.650710740116864], [121.47077554661237, 23.650734901998007], [121.47084473969468, 23.6507700886143], [121.47094250220792, 23.650825956912183], [121.47102149546275, 23.65087694288124], [121.47111550887222, 23.650942430141594], [121.47118619460754, 23.650983788434715], [121.47126212688727, 23.65101482777033], [121.47126701252131, 23.651016109433595], [121.4712719044955, 23.65101737040789], [121.47127680270657, 23.651018610666583], [121.4712817070512, 23.651019830183493], [121.47128661742586, 23.651021028932885], [121.47129153372691, 23.651022206889454], [121.47129645585059, 23.651023364028347], [121.47130138369305, 23.651024500325157], [121.47130631715024, 23.65102561575587], [121.4713112561181, 23.651026710296975], [121.47131620049234, 23.651027783925343], [121.47132115016865, 23.651028836618348], [121.47132610504255, 23.651029868353767], [121.4713310650095, 23.651030879109793], [121.47133602996473, 23.65103186886513], [121.47134099980356, 23.651032837598876], [121.47134597442107, 23.651033785290604], [121.47135095371227, 23.65103471192028], [121.47135593757204, 23.651035617468356], [121.47136092589525, 23.65103650191574], [121.47136591857657, 23.651037365243763], [121.47137091551065, 23.651038207434173], [121.4713759165921, 23.65103902846925], [121.47138092171527, 23.651039828331612], [121.47138593077455, 23.651040607004415], [121.47139094366429, 23.651041364471208], [121.47139596027861, 23.651042100716012], [121.47140098051172, 23.651042815723276], [121.4714060042576, 23.65104350947794], [121.47141103141026, 23.651044181965332], [121.4714160618636, 23.651044833171266], [121.47142109551142, 23.651045463082003], [121.47142613224756, 23.65104607168424], [121.47143117196563, 23.651046658965164], [121.47143621455933, 23.651047224912343], [121.47144125992223, 23.65104776951386], [121.47144630794784, 23.65104829275819], [121.47145135852962, 23.651048794634324], [121.47145641156098, 23.65104927513164], [121.47146146693528, 23.65104973424004], [121.4714665245458, 23.651050171949777], [121.47153265393864, 23.651053682078533], [121.47168138312729, 23.651053184517387], [121.47179630136614, 23.65104647789178], [121.47191119235262, 23.651032177220994], [121.47196497958589, 23.65087965405322], [121.47259259609419, 23.65067027406165], [121.47263802767948, 23.65086340892683], [121.47285249104384, 23.650666537931833], [121.47321810353449, 23.650542780006138], [121.47320730870439, 23.65043034707862], [121.4731228845441, 23.65015587374728], [121.47318750492528, 23.650042452159802], [121.47308745433465, 23.6499528118593], [121.47310933003968, 23.649823872117203], [121.4730296519072, 23.649716028783416], [121.47097532785607, 23.650250262958934], [121.47100014745979, 23.6500997243463], [121.46994191036312, 23.648534516636612], [121.46994691631558, 23.647987531409022], [121.47019394262809, 23.647944523130107], [121.47023925620326, 23.647861790289568], [121.47038256354544, 23.64771093637036], [121.47086399275389, 23.647204151561034], [121.47114587347481, 23.64692572882278], [121.47201203630252, 23.645845200362007], [121.47170210985375, 23.645555781718], [121.47133692221848, 23.645469059447738], [121.47119446211754, 23.645436524654706], [121.47104885110018, 23.645375329733877], [121.47076451535446, 23.64543516672674], [121.4702374140286, 23.645486529190737], [121.47011830962911, 23.64544231027397], [121.46976731529413, 23.645795821194614], [121.46902803595665, 23.64654039751456], [121.46829501067374, 23.647278661580607], [121.46853039477627, 23.647495378704214], [121.4684619159652, 23.647762036495998], [121.46761204071336, 23.648569200826586], [121.46746208240468, 23.64868372627152], [121.46593468971925, 23.64951178589838], [121.46590492801674, 23.64942814213824], [121.46585455037888, 23.649128017037384], [121.4658637871785, 23.64870808619954], [121.46593192174555, 23.648575116528804], [121.46680595053255, 23.648389760869588], [121.46695919080658, 23.64833543677603], [121.46706082601298, 23.648036280883105], [121.46763096731263, 23.646800822817113], [121.46758535607418, 23.646342229140664], [121.46737015875182, 23.6461947532794], [121.46735083571204, 23.64608893726159], [121.46736970534029, 23.64594841301416], [121.46726432885693, 23.645789562516434], [121.46714646559029, 23.645694400534797], [121.46706470511508, 23.64559153566996], [121.46694163513229, 23.64550680055488], [121.46679937376003, 23.64550237987381], [121.46755922653018, 23.644693170670134], [121.46829555810544, 23.643782786812654], [121.46817255324683, 23.643749161055165], [121.46798031027548, 23.64376288868942], [121.4678864021281, 23.64371960331718], [121.46753145418353, 23.643613318664965], [121.46745664559072, 23.643566038456544], [121.46662866139675, 23.644597901103456], [121.46637488249209, 23.645024211449808], [121.46622648591793, 23.6451499008665], [121.46603300808681, 23.645128341407283], [121.46589743735343, 23.64494545307609], [121.46576008268687, 23.64486770382419], [121.46550670652276, 23.644450024140458], [121.46541154182312, 23.64437839652672], [121.46527227876668, 23.64437055216792], [121.46541788858754, 23.644753971631566], [121.4654757127022, 23.64490995926984], [121.46534748807044, 23.64493873377169], [121.46511956282143, 23.64501310970411], [121.46494737349373, 23.645118723811958], [121.46465941149539, 23.64532372342915], [121.46433962556975, 23.64539647720152], [121.46416115727384, 23.645439650183175], [121.46398415042808, 23.645494250303315], [121.46392170052319, 23.645493750886022], [121.4637688706446, 23.64548039245817], [121.46369882452669, 23.645466063969295], [121.46364058735705, 23.645565123350604], [121.46384770937631, 23.64560046958793], [121.46386413477852, 23.64572763214976], [121.46397818791952, 23.64566022667281], [121.46405942259547, 23.645609091685795], [121.464562020587, 23.646112568759275], [121.46433370071892, 23.646875845446548], [121.46405646310608, 23.647213098254337], [121.46365739898489, 23.647599087487638], [121.46343875921129, 23.64755619044654], [121.46337217110283, 23.64747754133267], [121.4633525770117, 23.64747483677072], [121.46323359590963, 23.647457168812423], [121.46308964250541, 23.647409822188962], [121.46297628977486, 23.64731746989027], [121.46295892102158, 23.647303688111215], [121.46295414887047, 23.647251167041603], [121.46264697244206, 23.647067397564502], [121.46261542213503, 23.647076476338675], [121.46221116660004, 23.647230213122075], [121.46210304837, 23.647360997787207], [121.46206070622286, 23.64739530172669], [121.461905381999, 23.64744543738212], [121.46162082274586, 23.647463649090728], [121.4614485426968, 23.647452874650423], [121.46112205806632, 23.647431424947683], [121.46092426147843, 23.64728022224721], [121.460893336874, 23.647297281148767], [121.46057953749454, 23.647421714028432], [121.46040919573616, 23.64746621306026], [121.46030376148087, 23.64741772006243], [121.46023352214857, 23.64738757942739], [121.4600085079851, 23.64743033499994], [121.4599154175069, 23.647236804706534], [121.45977785791708, 23.64722634981691], [121.45976599736854, 23.647215115803835], [121.45964670560514, 23.64710270541691], [121.45944434636486, 23.646736171804854], [121.45943827843524, 23.646738844543247], [121.45917862807723, 23.64708032583002], [121.45910062944468, 23.647101758743485], [121.45902884258521, 23.647091505743223], [121.45894372530343, 23.647205018396757], [121.45890701468099, 23.647241020477836], [121.4588987198341, 23.647423058571928], [121.45889744214561, 23.647641312453672], [121.45895268940322, 23.647703887938253], [121.45894734394868, 23.647820975024374], [121.45905330448379, 23.648068131851222], [121.45919343078913, 23.64810040477877], [121.45938218167893, 23.6481119094802], [121.45965421443132, 23.648317849395802], [121.45949235862223, 23.64839567832732], [121.45941494276053, 23.64829787127743], [121.45931107462538, 23.64825725598151], [121.45913242447821, 23.648286436619653], [121.4589345366546, 23.648392652972895], [121.45883066441957, 23.64838176344291], [121.45866936130801, 23.64820494973997], [121.4586071130495, 23.64807987258172], [121.45868296720981, 23.647921094076402], [121.45868940499732, 23.647740497232007], [121.4586003211068, 23.647582333013133], [121.45858284469956, 23.64759660662536], [121.45861544782008, 23.647712299236563], [121.4585422013617, 23.647857100911065], [121.45845664451127, 23.647915045251032], [121.45843446482635, 23.647994545918333], [121.45831703921326, 23.648088532007947], [121.45819377783448, 23.64816467432416], [121.45770498255116, 23.648316364704467], [121.45757129329945, 23.648294482786657], [121.45760057142022, 23.64840132719501], [121.45762117934943, 23.64839396127162], [121.45766836495045, 23.648396205866828], [121.45774587813476, 23.64844344667474], [121.45778683960306, 23.648440120166473], [121.45779632005221, 23.648418086569837], [121.45787781572129, 23.648395695848563], [121.45792916601293, 23.648569394802784], [121.45784331778428, 23.64860578555335], [121.45776157045627, 23.648626316863233], [121.45780118372546, 23.64877358418443], [121.45774495385284, 23.648803277619788], [121.45779131886465, 23.648826004167802], [121.45762892889475, 23.64929574816903], [121.45758431076243, 23.649424802856167], [121.45762285529351, 23.649433872395417], [121.45782588291634, 23.649525078920366], [121.457858100406, 23.649549716384243], [121.45781050520202, 23.64965242633061], [121.4578093717535, 23.6497464298077], [121.45778511533835, 23.64981242793623], [121.457795379879, 23.649888943170833], [121.45767520721812, 23.6498926750945], [121.45785539025067, 23.650063835561532], [121.45827828388353, 23.650433502861716], [121.45859084074053, 23.650610781589627], [121.45877292084295, 23.65049327101999], [121.45874485972973, 23.650449126139915], [121.45889286205191, 23.65039774208134], [121.45893298706429, 23.650446709252112], [121.45902800268459, 23.650489373652103], [121.45913405387604, 23.650478124559097], [121.45921170087982, 23.65050422546621], [121.45931633763985, 23.650587612629813], [121.45928961368638, 23.650634538344654], [121.45917006607763, 23.65058161668469], [121.45901301759179, 23.650636233365322], [121.45893143114324, 23.65061607659236], [121.45886307411783, 23.650642627843556], [121.45883401943064, 23.65059467535059], [121.45860448102005, 23.650775390429278], [121.45847404143922, 23.650750104516657], [121.45851722439163, 23.650804598011824], [121.45848095332327, 23.65085172339045], [121.45848665347127, 23.650923475301948], [121.45856675335675, 23.651287671675373], [121.45893694267293, 23.651235043296946], [121.45944482351791, 23.651145354150398], [121.45978374965937, 23.650861960830518], [121.46024500657022, 23.650883789779876], [121.46054398802866, 23.650665428537046], [121.46086524761671, 23.65039346289], [121.46118343797039, 23.650054441477007], [121.4618405966834, 23.64934630174328], [121.46197863379858, 23.648978405205053], [121.46218926375175, 23.648585026813628], [121.46255332321664, 23.648511702862105], [121.46298073637129, 23.649319460096503], [121.46306386756874, 23.649547430686013], [121.46320755277634, 23.649843693197422], [121.46339728153461, 23.65017379703316], [121.46378337729422, 23.649868844463], [121.46406227056814, 23.649651863976196], [121.46436671265222, 23.649739065117107], [121.46441570622821, 23.649753492446706], [121.46460457294859, 23.6498997328647], [121.46468981899865, 23.64979028922953], [121.46475014733785, 23.649754479695968], [121.46544122301927, 23.65094518252114], [121.4652182992603, 23.650971633255185], [121.4650726005022, 23.652178783501373], [121.46522320496784, 23.6522729908502], [121.46529401152993, 23.652273988349002], [121.46586853392783, 23.65095394186229], [121.46617880350651, 23.650930472271106], [121.4651841215346, 23.649723217111585], [121.46531534387445, 23.649669373542743], [121.46542806339215, 23.64978673846183], [121.46552201252808, 23.649763024118275], [121.46558019140016, 23.649658465113994], [121.46572012482092, 23.649646414489926], [121.46583991959734, 23.649674534551522], [121.4667945089751, 23.649593727465465], [121.46736633296325, 23.649571796182748], [121.46762791276345, 23.649510354413668], [121.46774450276762, 23.649839102200207], [121.4678073106213, 23.64998105051602], [121.4678434717976, 23.650193484423138], [121.46779601865124, 23.650306436675198], [121.46766177872183, 23.65044501537326], [121.46713242491535, 23.650491940692277], [121.46688800205656, 23.650596248537763], [121.46682826398894, 23.650639672048904], [121.4666412865037, 23.650775582336706], [121.46683356715404, 23.65112314674847], [121.4675265287823, 23.651976558155283], [121.46770139777378, 23.65204100901703], [121.46794212637714, 23.652206566008736], [121.4681094744124, 23.65248505390675], [121.46818966403222, 23.65274827362598], [121.4682465926278, 23.653025252693773], [121.46826950900501, 23.653206483369466], [121.46834531414144, 23.65317960750299], [121.46842569717377, 23.653183057822734], [121.4684828212564, 23.65319819068372], [121.46853170407194, 23.653227823165054], [121.46858513528831, 23.653268467241805], [121.46862953603485, 23.653316696521827], [121.46873195328058, 23.653446153831297], [121.46879744926683, 23.653513661060487], [121.46886820666906, 23.653577684913316], [121.46887211202795, 23.653580743468044], [121.46887608309927, 23.65358372936252], [121.4688801182902, 23.65358664139898], [121.4688842159821, 23.653589478409405], [121.46888837453132, 23.653592239255776], [121.46889259226978, 23.653594922830663], [121.46889686750566, 23.65359752805765], [121.46890119852408, 23.65360005389173], [121.46890558358778, 23.653602499319682], [121.46891002093784, 23.653604863360666], [121.46891450879433, 23.653607145066374], [121.46891904535705, 23.653609343521556], [121.46892362880637, 23.653611457844406], [121.46892825730367, 23.653613487186785], [121.4689329289925, 23.65361543073472], [121.46893764199882, 23.65361728770859], [121.46894239443223, 23.653619057363528], [121.46894718438638, 23.653620738989677], [121.46895200993995, 23.653622331912523], [121.4689568691573, 23.65362383549311], [121.4689617600893, 23.653625249128314], [121.4689666807741, 23.65362657225108], [121.4690072633315, 23.653637583196005], [121.46907937315716, 23.653638240911288], [121.469160486626, 23.653629281721997], [121.46927909210393, 23.653600334464066], [121.46953809138903, 23.653530743335107], [121.47017765959446, 23.653353058385218], [121.47032400787626, 23.653291816977728]], [[121.46032235901794, 23.648603791156937], [121.4604895518241, 23.648891462399764], [121.46055170121505, 23.648900858414958], [121.46069857860324, 23.64885083949289], [121.4607423017343, 23.648891560343042], [121.46071700548235, 23.64899605600136], [121.46058593166734, 23.64905801052831], [121.4605598637587, 23.649104519142526], [121.46064286972079, 23.649096362462704], [121.46073478502285, 23.649143947245776], [121.46082250928382, 23.64923192564834], [121.46096989905594, 23.649280519275067], [121.46103944032873, 23.649225799670297], [121.46113973350883, 23.649093458805307], [121.46131115647538, 23.649012935910164], [121.46132756491438, 23.64899323826852], [121.46135582819656, 23.64900822489117], [121.46124373718976, 23.649155617530262], [121.46114269281996, 23.64933091540193], [121.46107047985502, 23.64939805895738], [121.46111503220953, 23.64945434458619], [121.461098049267, 23.649528303915734], [121.46111304971306, 23.64958790106048], [121.4612291610861, 23.649628126539817], [121.46132042958841, 23.64961967402106], [121.46149062007521, 23.649495016985984], [121.46158715028947, 23.64945805966716], [121.46161296576334, 23.64948776305322], [121.4614763368707, 23.649589655563872], [121.46135018894691, 23.64971744129185], [121.46111583387058, 23.64973063568119], [121.4611199668955, 23.64984709863267], [121.46106958837619, 23.649851357008703], [121.46097759265568, 23.649531994089575], [121.46095569957959, 23.649513873184137], [121.46088120553848, 23.64947834570186], [121.46080017582707, 23.649451894485868], [121.46079860171403, 23.649413865691557], [121.46052415042969, 23.649377866659936], [121.46045076618735, 23.649396117098792], [121.46039866744972, 23.649362536515053], [121.46040072241514, 23.649266290913467], [121.46028114544414, 23.649173919025532], [121.46027507008283, 23.649124056500384], [121.46014656426246, 23.64906272833958], [121.46012882194678, 23.648995364578358], [121.46010208583436, 23.648962954732667], [121.46000279631335, 23.648911616994443], [121.46010928439108, 23.648731364391754], [121.46032235901794, 23.648603791156937]], [[121.4599732678987, 23.64840850143818], [121.46014925639741, 23.648142376979326], [121.46022507765431, 23.648055989679328], [121.46026995524527, 23.64793647359697], [121.4602077974105, 23.64774235503861], [121.46029326800966, 23.64761797781987], [121.460315520811, 23.647475656418063], [121.4604863275518, 23.647485587693087], [121.46066886811657, 23.647456520368248], [121.46076958566329, 23.647409248132064], [121.4610061860775, 23.647520514283094], [121.46114580121106, 23.647574783540744], [121.4613126395342, 23.647557112604186], [121.46138364897455, 23.647636264158972], [121.46147141888464, 23.647703888934483], [121.4617204757446, 23.647708104857617], [121.46180614731324, 23.647806193171387], [121.46190382911279, 23.647729076756946], [121.4619908760131, 23.647727481015508], [121.46210488689556, 23.647772877164275], [121.46233192771524, 23.647576046231865], [121.46238263413755, 23.64760120553416], [121.46230181093456, 23.64783416227723], [121.46237490398471, 23.647973264956793], [121.46321302516695, 23.648054135448163], [121.46314486234981, 23.648124094182897], [121.4628867259363, 23.648102597558747], [121.46275529870861, 23.648147127464764], [121.46258732487811, 23.648098470515187], [121.46242990365343, 23.64810992030812], [121.46237117897944, 23.648137789800316], [121.46227811043687, 23.648244591729], [121.46223927425686, 23.648107842991084], [121.4621701483439, 23.647995853912906], [121.46191661061467, 23.647932786866875], [121.46183399975891, 23.64798625452951], [121.46177213640527, 23.64799402380217], [121.46175151733638, 23.648098686295235], [121.46171467697049, 23.648203713131405], [121.461665956003, 23.64813543045492], [121.46158458035615, 23.647971050620047], [121.4613822163399, 23.64786226602476], [121.46127700940893, 23.64783407199293], [121.46124890159498, 23.64792767715112], [121.46119232456597, 23.64795867314824], [121.46112219483649, 23.647890020540355], [121.46109776069221, 23.647804030266737], [121.4608416566392, 23.647741239975467], [121.4605886545185, 23.64781967501128], [121.46048010515844, 23.647911893603222], [121.46039117916523, 23.648141288622348], [121.46035887235617, 23.648304083321133], [121.46030746327853, 23.648411473745664], [121.4599732678987, 23.64840850143818]], [[121.46561945802266, 23.648364568546572], [121.46572869799897, 23.64793113578369], [121.46586211360338, 23.647413111488234], [121.4660316780764, 23.647639583703118], [121.46613633659778, 23.64765108910111], [121.46626437780307, 23.647674976192455], [121.46615899160784, 23.647981014541145], [121.4660834914397, 23.64823440962433], [121.46595939003556, 23.648252002419824], [121.46594137380683, 23.64826033687424], [121.46569212664014, 23.648379908629504], [121.46561945802266, 23.648364568546572]], [[121.46487741535601, 23.648134205847295], [121.46471821213977, 23.648201675075303], [121.46459239326612, 23.64817430358462], [121.46452821732605, 23.648132272577023], [121.46472955566358, 23.647378079281335], [121.46514390991938, 23.646801540012696], [121.4654130755467, 23.64674107253664], [121.46574972033919, 23.64701911830405], [121.46577896466546, 23.647278013799212], [121.46500250243561, 23.647976685377895], [121.46498933081503, 23.64811606352574], [121.46487741535601, 23.648134205847295]]], [[[121.46747932004767, 23.65281231635825], [121.46730988077968, 23.65259059528061], [121.467146286911, 23.65235027310284], [121.46694836397548, 23.65249062327159], [121.46679445083785, 23.65256662991631], [121.46677649862727, 23.652803119736976], [121.46603976253978, 23.652614591105415], [121.46597361302895, 23.653261466720938], [121.46610490101887, 23.65327058943765], [121.46642962984794, 23.653287437561115], [121.46655171771484, 23.65329779756902], [121.46659317906047, 23.65330515847459], [121.4666671007791, 23.653319239143638], [121.46673804741971, 23.653342981568617], [121.46680378404284, 23.653373629370435], [121.4668567188647, 23.653404351815364], [121.46690366697236, 23.653441331849887], [121.46693850182551, 23.653470772370124], [121.46700980858604, 23.653543454987016], [121.4673527212893, 23.653698094989398], [121.46730547661711, 23.65361356517382], [121.46814819588562, 23.65337527317967], [121.46815863550805, 23.65333669353031], [121.46799609238907, 23.653202306495036], [121.46781402790573, 23.65307480470422], [121.46747932004767, 23.65281231635825]]], [[[121.46112604507861, 23.653801747684973], [121.46103258823992, 23.653399197938462], [121.46096116016746, 23.653414029560935], [121.46074724329947, 23.65358582504375], [121.46064805909452, 23.65361042797223], [121.46056863985308, 23.65365830508268], [121.46053969033218, 23.653710763836884], [121.46047031963484, 23.653700125130843], [121.46027570261452, 23.65375136919634], [121.46028609007617, 23.65364398324372], [121.46016569748204, 23.653599805752172], [121.46003674561936, 23.653625210000396], [121.45991302251589, 23.65361252002573], [121.45991515031018, 23.653595880848847], [121.45972285195742, 23.653564503836233], [121.45955724925301, 23.653584562377315], [121.45955723097539, 23.65364106179966], [121.45969085321947, 23.653975932530468], [121.45977761186835, 23.653974808384156], [121.459868890179, 23.654116883168676], [121.46039339411773, 23.653964808901986], [121.46077272118899, 23.653938750678666], [121.46112604507861, 23.653801747684973]]], [[[121.46868519838172, 23.654074334268458], [121.46866176009534, 23.653997200533283], [121.46840072349227, 23.65413921518102], [121.46849117233735, 23.654296231552696], [121.46855987187394, 23.654462189875595], [121.46869442490137, 23.65452617446351], [121.46870480803622, 23.654469011674546], [121.46870998110569, 23.654424235431243], [121.46871274982745, 23.654320926414737], [121.46870882587709, 23.65423757537937], [121.46869891258967, 23.65415423342143], [121.46868519838172, 23.654074334268458]]], [[[121.46145457200763, 23.652237958221864], [121.46145837514189, 23.652240691956656], [121.4615808616819, 23.652756180888744], [121.46142290143482, 23.65287268384566], [121.46157966697592, 23.653245427199955], [121.46140086715812, 23.65339859892598], [121.46137567728347, 23.653449656056697], [121.46112604507861, 23.653801747684973], [121.46145709583661, 23.65399978807732], [121.46157298992783, 23.654069134923756], [121.46173756977714, 23.65413460737875], [121.46178373760306, 23.654164656426182], [121.46176797747643, 23.65417093392171], [121.46188192634692, 23.654244548383378], [121.46209215513484, 23.654557770027406], [121.46218186310941, 23.654514340239672], [121.4623165963398, 23.654398944212865], [121.46252022015129, 23.654224486426433], [121.4624645446674, 23.65405810721982], [121.46184613154301, 23.654027985385216], [121.46197839944865, 23.653759161016495], [121.4620505362224, 23.653612548054983], [121.46218563483552, 23.653612533621377], [121.46221113632421, 23.653555933998366], [121.46222390935932, 23.6535275846938], [121.46210952863727, 23.653462062444635], [121.46218649519757, 23.65333009749015], [121.46230588473188, 23.653348144206223], [121.46260864369003, 23.6529852551022], [121.46264146104332, 23.652945832464205], [121.46263559757965, 23.65287012619581], [121.463205320438, 23.653096264493062], [121.46327203943943, 23.652966334239654], [121.46332670866533, 23.652813459171387], [121.46344018897994, 23.652665121834836], [121.46350759770063, 23.652619789456686], [121.46356743669638, 23.652568276223157], [121.4636975261728, 23.652454527284107], [121.46399444375228, 23.65246042029559], [121.46403529379307, 23.652486339924856], [121.46414552670319, 23.65251811081999], [121.4642490764607, 23.652564358331112], [121.46431185163985, 23.652597743067535], [121.46443214075575, 23.652668022749634], [121.46455935725159, 23.652756855840007], [121.46464723552293, 23.65282319615544], [121.46475114962256, 23.652919738117095], [121.46481928667835, 23.65296688601568], [121.46490320803466, 23.65301189164091], [121.46497046591094, 23.653040458817333], [121.46499007535674, 23.653044490493745], [121.46520133484175, 23.65233927186892], [121.46482034688667, 23.652096186085707], [121.46457806409275, 23.652138909823467], [121.46450797861374, 23.6520311778009], [121.46434945165288, 23.6517889501743], [121.46421967797667, 23.65186684143877], [121.46393206458131, 23.651694267308386], [121.46390070034789, 23.651531229080422], [121.46375894971882, 23.65142325962894], [121.46345674433951, 23.65161303931528], [121.46336627639097, 23.65150959362177], [121.46313193934203, 23.651414578097203], [121.4629800506322, 23.651453336096296], [121.46291847994127, 23.651291209559812], [121.46269361668747, 23.651158312212203], [121.46264468164397, 23.651163415597043], [121.46247186749223, 23.65132278317856], [121.46233742338275, 23.65137727257756], [121.46244259341974, 23.651430352037398], [121.46277171256602, 23.65198331118798], [121.46271615010485, 23.652007731030928], [121.46248063674548, 23.652233501148785], [121.46237304476271, 23.652344951628436], [121.46226821093896, 23.652424022032363], [121.46205361719153, 23.65253053597348], [121.46197065630744, 23.652518620085573], [121.46167109395141, 23.652091509652745], [121.46162311043057, 23.652027080537138], [121.46158699880166, 23.65203281361344], [121.46156655700972, 23.65220497315625], [121.46145457200763, 23.652237958221864]]], [[[121.45676591982978, 23.655158233724304], [121.45667581098107, 23.655072734294787], [121.4565368751038, 23.655179252546766], [121.4565923541514, 23.655234568155738], [121.45665599393726, 23.65521504792588], [121.45676591982978, 23.655158233724304]]], [[[121.45703311924531, 23.655304478190605], [121.45708946551987, 23.655107155713775], [121.45700524305289, 23.655065406493932], [121.45691046880104, 23.655203065029085], [121.45682248985008, 23.65520306245377], [121.45686244305642, 23.655255976644405], [121.4568220002146, 23.655310464171308], [121.45677103712573, 23.65542931991102], [121.456722433399, 23.655459794168443], [121.4566597988828, 23.655461134505963], [121.45669788505529, 23.655577678107633], [121.45660501008614, 23.655720477837885], [121.45658838321215, 23.65578782580413], [121.45640883748841, 23.655810640050028], [121.4562821499237, 23.65581141934104], [121.45628470596917, 23.655822012785958], [121.45649531759528, 23.65581645342105], [121.4566600365888, 23.655792192839083], [121.45676029286152, 23.65560136898792], [121.45685118142623, 23.65551328649132], [121.45703311924531, 23.655304478190605]]], [[[121.45575144006055, 23.655610334086], [121.45568405960658, 23.655560353646514], [121.45563323145898, 23.655531716091176], [121.45557291891326, 23.655552517385416], [121.45547073247383, 23.655528960965885], [121.45544183733207, 23.65554120898555], [121.45535514745595, 23.65553986538443], [121.45531013247627, 23.655525414501064], [121.45529312332411, 23.655479674408678], [121.45527254156929, 23.655463806312376], [121.45526650662187, 23.655459155636407], [121.45499399221924, 23.65560094683363], [121.45500814288386, 23.655611000601073], [121.45522215241402, 23.655763084044857], [121.45509612920304, 23.65557055073501], [121.45520865759745, 23.655500672915768], [121.45525459621204, 23.655538417966905], [121.45527266342155, 23.655569815654154], [121.45530821719845, 23.65558663305225], [121.45555261894167, 23.655581228556], [121.45566358362184, 23.655603332411534], [121.45571076759434, 23.655621343580695], [121.45578406467149, 23.655650294298596], [121.45587645008986, 23.65572520463799], [121.45591329247404, 23.655799835826812], [121.4559552967935, 23.655833682338653], [121.45595125085251, 23.65575241713422], [121.45593025140685, 23.655723547463744], [121.45590413933778, 23.655678971968587], [121.45580607944905, 23.655615744814263], [121.45575144006055, 23.655610334086]]], [[[121.4576414506296, 23.65627564278307], [121.45755702474213, 23.656158775705997], [121.45747041210264, 23.65610929528462], [121.4574199227766, 23.655997854200226], [121.45731657809507, 23.65599660599339], [121.45699757366793, 23.65622395959963], [121.45706603040374, 23.65627029727674], [121.4571083875146, 23.656247570827915], [121.45716036795017, 23.65622399427683], [121.45721646476915, 23.65621430240563], [121.45725708750591, 23.65621717144146], [121.45732511595476, 23.656230524463957], [121.45740404423871, 23.656257733102642], [121.45755494585012, 23.65632483054444], [121.4576414506296, 23.65627564278307]]]]}, "properties": {"年份": 113, "縣市名": "花蓮縣", "鄉鎮名": "光復鄉", "地段名": "南富段", "縣市七": "U020298", "縣市代": "U", "鄉鎮代": "02", "地段代": "0298"}}, {"type": "Feature", "geometry": {"type": "MultiPolygon", "coordinates": [[[[121.44876713757503, 23.640267072630103], [121.44874523400077, 23.6401414229884], [121.44870778783299, 23.640157432825706], [121.44869531711679, 23.640228398064835], [121.44870551458655, 23.640241028356616], [121.44861275755005, 23.640302870963286], [121.44856087218382, 23.640367358433082], [121.44852968743724, 23.640388623527713], [121.44852298643086, 23.640409718484047], [121.44855060592428, 23.640498491938892], [121.44853718576222, 23.640575627269843], [121.44854253076586, 23.640593806878783], [121.44861029620814, 23.640598757870624], [121.44863456606768, 23.64059621349913], [121.44860862561357, 23.6405514735881], [121.44863065779123, 23.64049630995712], [121.44860622974073, 23.640429424575547], [121.44862449597964, 23.640373639751015], [121.44869379200175, 23.640307187571523], [121.44876713757503, 23.640267072630103]]], [[[121.45225923087166, 23.642755449026897], [121.45231365661469, 23.642699251319698], [121.45231365786778, 23.642697797528903], [121.45224379063072, 23.642586419995318], [121.45225923087166, 23.642755449026897]]], [[[121.45225923087166, 23.642755449026897], [121.45212817577446, 23.64289643424854], [121.45224508077385, 23.64297329819995], [121.45237351073354, 23.643012492219608], [121.4524266764349, 23.642952884894928], [121.45232567376549, 23.642803022911405], [121.45225923087166, 23.642755449026897]]], [[[121.45223370591648, 23.643630845560406], [121.4523392793944, 23.643607502623524], [121.45240111255141, 23.64360847806656], [121.4524962682805, 23.643594159098303], [121.45253712669962, 23.64358406194032], [121.45262384448878, 23.64356161360485], [121.45275027580682, 23.64349545339278], [121.45274899332995, 23.64341897470451], [121.45271196712646, 23.64347456190866], [121.45261907346051, 23.643533824766138], [121.45252123263757, 23.64355400295686], [121.45239017250678, 23.64356534752156], [121.45236604624561, 23.64354421592251], [121.45234087083188, 23.643503014126814], [121.4522693964614, 23.64344036612973], [121.45224287272404, 23.643466015885156], [121.4523506145831, 23.64356312419571], [121.4522214428031, 23.643604866457995], [121.45213593952704, 23.64365561043248], [121.45206331726101, 23.643678252182312], [121.45208525898758, 23.643708320672435], [121.45223370591648, 23.643630845560406]]], [[[121.45025315738833, 23.643930812042445], [121.45030137754733, 23.643846327541986], [121.4501825740454, 23.64390448400251], [121.45011365258262, 23.643954673065156], [121.45003957541364, 23.644030693271702], [121.4500357411336, 23.644331153087197], [121.4500352382132, 23.644370398076614], [121.45008432287895, 23.64427778139423], [121.4500811778993, 23.644243802338185], [121.4500716505247, 23.644140628353686], [121.45009605168674, 23.644070251473458], [121.45013910842971, 23.644003531687986], [121.45023234686136, 23.64396725918362], [121.45025315738833, 23.643930812042445]]], [[[121.44991876394421, 23.644568615183854], [121.44990460528246, 23.64454142237281], [121.44989502038995, 23.644589455861954], [121.44989199070297, 23.64460463148107], [121.44984278117639, 23.64462638256072], [121.44986060775535, 23.64468765112769], [121.4498626378612, 23.64469463542646], [121.4498615732931, 23.644695758210485], [121.4498273017906, 23.64473184139775], [121.44982063586077, 23.644768159778984], [121.44981728447296, 23.644786392412644], [121.44977691437572, 23.644810483639574], [121.44964055437588, 23.64484035236733], [121.44961958260505, 23.644858824946027], [121.4496241037505, 23.644905450775443], [121.44984005695363, 23.64483305559025], [121.44984086590765, 23.64482787204531], [121.44984170212717, 23.644822692173708], [121.4498425655926, 23.64481751609713], [121.44984345628359, 23.644812343937208], [121.44984437417925, 23.644807175815473], [121.44984531925802, 23.64480201185338], [121.44984629149764, 23.64479685217223], [121.44984729087527, 23.6447916968933], [121.44984831928808, 23.644786536630225], [121.44984937489141, 23.644781381028917], [121.44985045766036, 23.644776230210976], [121.4498515675694, 23.644771084297833], [121.4498527045923, 23.644765943410878], [121.4498538687023, 23.644760807671346], [121.4498550598719, 23.64475567720037], [121.44985627807304, 23.64475055211893], [121.44985752327693, 23.64474543254791], [121.44985875112307, 23.644740494912806], [121.44986000408687, 23.64473556263562], [121.44986128214083, 23.644730635824814], [121.44986258525678, 23.644725714588713], [121.44986391340615, 23.644720799035458], [121.4498652665597, 23.64471588927315], [121.44986664468765, 23.64471098540973], [121.44986804775976, 23.644706087553015], [121.44986947574512, 23.644701195810672], [121.44987092861237, 23.644696310290243], [121.44987240632958, 23.64469143109916], [121.44987387821597, 23.64468665687605], [121.44987537389457, 23.64468188893241], [121.44987689333384, 23.644677127368933], [121.44987843650172, 23.644672372286095], [121.44988000336559, 23.644667623784215], [121.44988159389243, 23.64466288196354], [121.4498832080486, 23.64465814692413], [121.44988484580013, 23.644653418765934], [121.44988650711238, 23.6446486975887], [121.44988819195028, 23.6446439834921], [121.44988990027834, 23.644639276575585], [121.44989163206044, 23.64463457693855], [121.44989338726008, 23.644629884680114], [121.44989516584018, 23.644625199899338], [121.44989696776317, 23.644620522695096], [121.44989879299112, 23.644615853166073], [121.4499006414854, 23.64461119141083], [121.44990251320708, 23.644606537527746], [121.4499044081166, 23.64460189161505], [121.44990671748529, 23.64459631538285], [121.44990906025805, 23.6445907509887], [121.44991143636334, 23.644585198602474], [121.44991384572864, 23.644579658393603], [121.44991628828046, 23.644574130531154], [121.44991876394421, 23.644568615183854]]], [[[121.44947589333859, 23.64488085885087], [121.4494493812617, 23.644878596975232], [121.44935206301957, 23.64494318024412], [121.44936724823445, 23.64498971197098], [121.44949401180796, 23.644948195761685], [121.44947589333859, 23.64488085885087]]], [[[121.452870915401, 23.64817206812939], [121.45285747490679, 23.648051938837728], [121.4524714885943, 23.648101068087414], [121.45253791789717, 23.64813532290177], [121.45261048055242, 23.648202951975815], [121.4526214794387, 23.64821460442736], [121.452870915401, 23.64817206812939]]], [[[121.45340276535717, 23.6483925745949], [121.45316744759211, 23.648290918807405], [121.45290171409849, 23.648402843002028], [121.45287009167619, 23.64846531320581], [121.45299854777238, 23.648513328646857], [121.45309257748104, 23.648595143786558], [121.45312007206279, 23.64863483969457], [121.45337012019522, 23.648775479251707], [121.4534000451043, 23.648809271544327], [121.45344814924539, 23.64879643497696], [121.45321136416118, 23.64859342409361], [121.45340276535717, 23.6483925745949]]], [[[121.45347666666508, 23.650139660080576], [121.45323581609573, 23.650026299967355], [121.45311531671389, 23.650100335299815], [121.4531730964531, 23.650124564934785], [121.45316962868927, 23.650139447142987], [121.45326634863802, 23.650185180250755], [121.4532929340405, 23.650179946513994], [121.45332651086542, 23.65017540568473], [121.4533887166701, 23.65016699764836], [121.45347666666508, 23.650139660080576]]], [[[121.45423423559687, 23.650309640648217], [121.45436188495623, 23.65020002417185], [121.45447073058017, 23.650245693897542], [121.45437708972402, 23.65017488581558], [121.4540671008527, 23.6503165865195], [121.45437314990859, 23.650504340357976], [121.45452972543801, 23.65052509239751], [121.45423423559687, 23.650309640648217]]], [[[121.45601800953686, 23.65061212168215], [121.45598203972504, 23.65036742077727], [121.45594343752605, 23.650381358913794], [121.45596459921704, 23.65045163876326], [121.45597076321762, 23.65053601307368], [121.45598721061347, 23.650592319634658], [121.45594566012649, 23.650759655520588], [121.45588806248024, 23.65081366051305], [121.45592149501375, 23.650835351090976], [121.45599516757117, 23.650769767764544], [121.45601800953686, 23.65061212168215]]], [[[121.45035838255339, 23.65260585596376], [121.45035296753348, 23.652547403773873], [121.45018249709241, 23.65252291343718], [121.45007520530702, 23.652507504080585], [121.45007833577195, 23.652494194104552], [121.45004046077621, 23.652514765571024], [121.4500475440443, 23.652527946569165], [121.45006995555424, 23.65257468293543], [121.45008483391712, 23.652703088572224], [121.45005493807152, 23.65278669193331], [121.45010750050345, 23.652795713607063], [121.45019716572821, 23.65280483520916], [121.45018170925759, 23.652782522321512], [121.45015798195658, 23.65272368986942], [121.45012276700402, 23.652670832371847], [121.45012828770685, 23.652571118378997], [121.45018451423617, 23.652565248287544], [121.45025591238844, 23.652581529349337], [121.45031459215315, 23.65260792457182], [121.45030335674922, 23.65265895748622], [121.4503275594888, 23.652773619753837], [121.45031791209004, 23.652807473386666], [121.45040737702095, 23.652815349337065], [121.45035838255339, 23.65260585596376]]], [[[121.45324859067134, 23.65303154039108], [121.45331101675976, 23.65284202119628], [121.45333097560977, 23.65288497173328], [121.4534683381462, 23.652546602957607], [121.45349236699629, 23.6524735358328], [121.45342190740263, 23.65243956415785], [121.45330001162516, 23.652484464581697], [121.45344536682339, 23.65253971720702], [121.45334637700074, 23.652771675048236], [121.45328556597114, 23.652795483826978], [121.45315156886483, 23.6525402240802], [121.45307991212339, 23.652562800308292], [121.45315543473855, 23.652729116032454], [121.45324859067134, 23.65303154039108]]], [[[121.45042535390532, 23.6530269464533], [121.45042874132886, 23.652982762858915], [121.4503837510566, 23.653040973203876], [121.45035211206277, 23.653053453993888], [121.45040937838888, 23.653196617547078], [121.45042528632106, 23.65316753151157], [121.45041280883686, 23.65310201145964], [121.45042535390532, 23.6530269464533]]], [[[121.45200787489462, 23.65440022353872], [121.45196328416645, 23.6543521164032], [121.45194752558116, 23.654367549110024], [121.45187138073028, 23.654473663441788], [121.45165299083077, 23.654585772639702], [121.451643362024, 23.654590717414003], [121.4516518971218, 23.65460783289709], [121.45166235243155, 23.65460292905723], [121.45183764474649, 23.654520671539146], [121.45192164522963, 23.65448125544998], [121.45198534802697, 23.654437175916343], [121.45200787489462, 23.65440022353872]]]]}, "properties": {"年份": 113, "縣市名": "花蓮縣", "鄉鎮名": "光復鄉", "地段名": "砂荖段", "縣市七": "U020243", "縣市代": "U", "鄉鎮代": "02", "地段代": "0243"}}, {"type": "Feature", "geometry": {"type": "MultiPolygon", "coordinates": [[[[121.42592643170082, 23.637206482279517], [121.42585973761838, 23.63705323048949], [121.4257776366984, 23.636869888405695], [121.42549171013839, 23.636972330869963], [121.42544436568082, 23.636989292345], [121.42550248292741, 23.63719102193274], [121.42562867481955, 23.637142348041017], [121.42565880841592, 23.637170944098738], [121.42564366726597, 23.637213985712663], [121.42561308379722, 23.637234206162482], [121.42561484764137, 23.63732806643313], [121.42592643170082, 23.637206482279517]]], [[[121.443242530498, 23.636851259229502], [121.44323305803613, 23.63673932557378], [121.44316256760696, 23.63677151963401], [121.44316149836119, 23.63680328056204], [121.4431826750285, 23.636819573059487], [121.44320276617664, 23.63697051228294], [121.44323559030985, 23.63703441281403], [121.44327311732471, 23.63707740489746], [121.44328675893057, 23.637111787579723], [121.44326026745485, 23.637182106244868], [121.44330885892101, 23.637230529738588], [121.44333427002938, 23.63727306882245], [121.4433379023555, 23.63733009980181], [121.44333650448812, 23.637357400937436], [121.44347758747472, 23.63730863391859], [121.44345809134931, 23.63727334695167], [121.44342729586155, 23.637258896986285], [121.44334781927189, 23.63715777349482], [121.44332660878898, 23.637076159411865], [121.44331615976955, 23.636988600036954], [121.4432906795788, 23.6369750107437], [121.44327064168218, 23.636933070322517], [121.443242530498, 23.636851259229502]]], [[[121.4468887479616, 23.637949116482883], [121.44683954845526, 23.637892388456816], [121.44683713395457, 23.63790006172524], [121.44688627919159, 23.637958126320886], [121.4468887479616, 23.637949116482883]]], [[[121.44691326800823, 23.638649795521452], [121.44689842721642, 23.6386205094486], [121.44681114050229, 23.638604633678053], [121.44674787184226, 23.638604526972944], [121.4466990219855, 23.63861623486159], [121.44662946564067, 23.638626223489215], [121.44654545447325, 23.638648452981194], [121.44653692916839, 23.638628801561154], [121.44650438395266, 23.638615937472153], [121.44645098624557, 23.6386247688347], [121.44639754846585, 23.638665141434757], [121.44638153194153, 23.638679310160253], [121.44644987556082, 23.63883193402266], [121.4465507039505, 23.63885528381247], [121.44669172172539, 23.638842073467828], [121.44674510153853, 23.638804843309632], [121.44677138256196, 23.638768278132115], [121.44686313893054, 23.6387264315076], [121.44691326800823, 23.638649795521452]]], [[[121.44677553774743, 23.638912490344435], [121.44683479972257, 23.638858312311463], [121.44694577788155, 23.638912054043097], [121.44710100301671, 23.638917638575027], [121.4470899024586, 23.638855473220435], [121.44714053470629, 23.63882888796754], [121.44725531774847, 23.638891819886997], [121.44731157588997, 23.638951732993647], [121.44737816819516, 23.638969374806294], [121.44752044881456, 23.63897300066597], [121.44755039673895, 23.6389714243332], [121.44781772227947, 23.638925422387825], [121.44786065801281, 23.6389846062227], [121.44792353811154, 23.63899144983378], [121.44796354838064, 23.638968606242514], [121.44791187639743, 23.63888834499426], [121.44787228828785, 23.63884612865955], [121.44778461673113, 23.638871790584314], [121.44767330413117, 23.638884076412573], [121.44762272395833, 23.638911537579702], [121.44742122749177, 23.63892942912325], [121.44731636581393, 23.63890470094325], [121.44728251592596, 23.638897330908815], [121.44719290454249, 23.638829080114345], [121.44714356680782, 23.63880681939253], [121.44712226312043, 23.63876491023579], [121.44704590478695, 23.638723024321465], [121.44669874385438, 23.638869332310623], [121.44652629417506, 23.63885984190626], [121.44653363176546, 23.639176595669408], [121.44654808196256, 23.639061848346845], [121.44665845421783, 23.63896877629073], [121.44677553774743, 23.638912490344435]]]]}, "properties": {"年份": 113, "縣市名": "花蓮縣", "鄉鎮名": "光復鄉", "地段名": "馬佛段", "縣市七": "U020245", "縣市代": "U", "鄉鎮代": "02", "地段代": "0245"}}, {"type": "Feature", "geometry": {"type": "MultiPolygon", "coordinates": [[[[121.41417928684315, 23.673379114238248], [121.4143395574072, 23.67254993063151], [121.41413546957676, 23.672510122110964], [121.41381171154015, 23.672618893297507], [121.41368224053895, 23.673198455621254], [121.41417928684315, 23.673379114238248]]], [[[121.42036707797308, 23.673305235779917], [121.42005629466094, 23.672960201421507], [121.41999463606044, 23.672969064274152], [121.41983058939115, 23.67344298622779], [121.42006938201298, 23.673564150892567], [121.42021606407937, 23.673602003323293], [121.42035965119904, 23.673472225870423], [121.42040505334467, 23.673432236131983], [121.4203068435238, 23.67335786231088], [121.42036707797308, 23.673305235779917]]], [[[121.41324454725408, 23.673880858930197], [121.41352599299428, 23.67265926087038], [121.41312849904878, 23.6727683448136], [121.4129811877908, 23.673774223943738], [121.41306313211393, 23.673809086261482], [121.41324454725408, 23.673880858930197]]], [[[121.41543614188765, 23.67385488830593], [121.41575633962367, 23.673977584091187], [121.41580432332728, 23.67385130000811], [121.41597044519338, 23.673910559092214], [121.41627849090658, 23.6740222790943], [121.416470461019, 23.6735197876807], [121.41691690509879, 23.673704013821002], [121.41708477475915, 23.673192502534555], [121.4172249664906, 23.672946604859426], [121.41675431432508, 23.672801263788173], [121.41671276733035, 23.672885515203212], [121.41615535265312, 23.672774935589803], [121.41569961464921, 23.672620458221843], [121.41569434016893, 23.67262048140347], [121.41560556458205, 23.67306062430506], [121.41543614188765, 23.67385488830593]]], [[[121.41543614188765, 23.67385488830593], [121.41507812556162, 23.673715145589608], [121.41513504272724, 23.672853694717276], [121.4147627127241, 23.672722360196538], [121.41466242879227, 23.673552440139964], [121.41417928684315, 23.673379114238248], [121.41393035554698, 23.674174022631576], [121.41433956367779, 23.67434624672259], [121.41472516535799, 23.67448146559078], [121.41518849331025, 23.67464403414592], [121.4153476811306, 23.674199729677373], [121.41543614188765, 23.67385488830593]], [[121.4144708385827, 23.67391336821555], [121.4145289122217, 23.673818264504888], [121.41454989782802, 23.67382912538061], [121.41463215134769, 23.673871733603217], [121.41457408759356, 23.673966846354702], [121.41450784086943, 23.67393252978112], [121.4144708385827, 23.67391336821555]]], [[[121.41832960464122, 23.673947315142613], [121.41793618385218, 23.67392206412555], [121.41771387456895, 23.673863030900947], [121.41758460311566, 23.67392950458974], [121.4175678468333, 23.673824253294523], [121.41737466095954, 23.67377295185531], [121.41732563226302, 23.673933985881547], [121.41777123327861, 23.674200698979288], [121.41857498916445, 23.674679203542794], [121.41884501126574, 23.67425961768389], [121.4188735987856, 23.6742007654567], [121.41865285625829, 23.67413525499246], [121.41832960464122, 23.673947315142613]]], [[[121.41102373117936, 23.674730005678164], [121.41127261581292, 23.674296438453755], [121.41097999549909, 23.67423489129679], [121.41104500959788, 23.674013271965375], [121.41105881048847, 23.67357651801398], [121.41083752969108, 23.673716768912687], [121.41049975893839, 23.673883036044643], [121.41048999301685, 23.673885843099537], [121.41025673141934, 23.674035822926957], [121.41020590363475, 23.674270353116412], [121.40993784306437, 23.674598501326066], [121.41035366238428, 23.674584560102492], [121.41072787980214, 23.674723440058813], [121.41102373117936, 23.674730005678164]]], [[[121.41979540086241, 23.674372428066334], [121.4194375664464, 23.674141015503366], [121.41901463644706, 23.674848199602508], [121.41923632692082, 23.674989150893875], [121.41928682238769, 23.675005755476533], [121.41954437516732, 23.67452574770828], [121.41975209726093, 23.674421929344543], [121.41979540086241, 23.674372428066334]]], [[[121.41851489410449, 23.67551794485292], [121.41856287387034, 23.675283356623375], [121.4184514908828, 23.675330332525352], [121.41838776501791, 23.675383139312572], [121.41842057280176, 23.675457952848458], [121.41845350896861, 23.675533045953095], [121.41851489410449, 23.67551794485292]]], [[[121.41518849331025, 23.67464403414592], [121.41514554560743, 23.674831607835554], [121.41494562473078, 23.67545131663252], [121.41539435537203, 23.67559757967643], [121.41560598925184, 23.674794624330033], [121.41518849331025, 23.67464403414592]]], [[[121.4163537115193, 23.675895570078453], [121.41636245005485, 23.675874841271977], [121.416421641366, 23.67533437532861], [121.41645385710218, 23.67516394162945], [121.41636827198087, 23.675125442878613], [121.41602348296232, 23.67494730829402], [121.41597485162526, 23.67528718497209], [121.41587673848636, 23.6755466306247], [121.41583846267439, 23.675760369313263], [121.4163537115193, 23.675895570078453]]], [[[121.41851489410449, 23.67551794485292], [121.41853552464482, 23.675518719858832], [121.41852243459877, 23.675586000098637], [121.4185925892422, 23.675587706811676], [121.41857807511516, 23.675629581063426], [121.41853430916865, 23.67575582746963], [121.41855449412462, 23.675804461582846], [121.41869519702489, 23.67582363990098], [121.418708429457, 23.675868762134208], [121.4187943646909, 23.675899854198057], [121.41880221810106, 23.67584762270206], [121.41877911697695, 23.67581612602386], [121.41873085626737, 23.675802486041952], [121.41874383261995, 23.675742628585002], [121.41878319143619, 23.67559333194233], [121.41878525995135, 23.675577894433136], [121.4189917561629, 23.67559625349852], [121.4190046753457, 23.67556463233888], [121.41900797297762, 23.67555647854601], [121.41879379939687, 23.675562502639558], [121.41879545111199, 23.675539336753477], [121.41880066971947, 23.67546637094165], [121.4190340913226, 23.675491880996418], [121.41915095687759, 23.675202728835394], [121.41882569515766, 23.67518803212573], [121.4188092425287, 23.675252260381058], [121.41903627555835, 23.675291368518252], [121.41897577161656, 23.67547210094799], [121.41876095040196, 23.675453294813014], [121.4187199475494, 23.67544970342687], [121.41870496808937, 23.675560909705514], [121.41862742660733, 23.675579404593734], [121.41864718726698, 23.675380984680828], [121.41866853249353, 23.675249119092097], [121.41862517407297, 23.67526316923401], [121.41853089662393, 23.67550627124634], [121.41851489410449, 23.67551794485292]]], [[[121.40846835734743, 23.67597702560996], [121.40879341898771, 23.675678076380827], [121.40882917311804, 23.675759394718014], [121.40898625627497, 23.675570248218122], [121.40891127205563, 23.675500456168212], [121.40879497370287, 23.675229200839393], [121.40883554746142, 23.67520841552386], [121.40895271883824, 23.675167896555838], [121.40879289000142, 23.674984841835183], [121.4085352022636, 23.675175824667747], [121.40864491913223, 23.675304471840796], [121.40850689016405, 23.675387919078116], [121.40852888792045, 23.67558251650791], [121.4082820477041, 23.675721648284085], [121.40823153836305, 23.675775978262067], [121.40846835734743, 23.67597702560996]]], [[[121.40734254464066, 23.676537056486023], [121.40749236686032, 23.67624704963393], [121.40741820952522, 23.676004279801738], [121.40722638918962, 23.676010626438345], [121.40703742359878, 23.676289737600577], [121.40680207495262, 23.676474455403266], [121.40675045665402, 23.676538232988026], [121.40704946065105, 23.676447149598822], [121.40734254464066, 23.676537056486023]]], [[[121.41870443596858, 23.67636932145207], [121.41866841543012, 23.676335593200424], [121.41866329953521, 23.676348510600565], [121.41865685859993, 23.67635789190262], [121.41864505549266, 23.676385979366735], [121.41855458671363, 23.676446073293636], [121.41855604869971, 23.67650491650366], [121.41855925214423, 23.676528737471582], [121.41864509615829, 23.676534149127086], [121.41865854628081, 23.676496792644905], [121.41870443596858, 23.67636932145207]]], [[[121.4163537115193, 23.675895570078453], [121.41620269447343, 23.67625394404806], [121.41734125506252, 23.67659973800167], [121.41743814296262, 23.67656327650941], [121.41762736829926, 23.676320334597072], [121.41741050990683, 23.676265539338093], [121.4171526080248, 23.676172739537993], [121.41673961079704, 23.676079273028396], [121.4163537115193, 23.675895570078453]]], [[[121.41338394884865, 23.675718836691313], [121.4129395324119, 23.67555652841381], [121.41269640099436, 23.676275677330604], [121.41311194770414, 23.67648844049491], [121.41358220548248, 23.676658128814193], [121.41384445027185, 23.675888938573458], [121.41338394884865, 23.675718836691313]]], [[[121.41793930853825, 23.677447774986344], [121.41781737693306, 23.677397004311086], [121.41775757351515, 23.6775336870304], [121.41774105526359, 23.67758986076457], [121.41789954836105, 23.677643973219062], [121.41793310596812, 23.677655431790065], [121.41794802567047, 23.677608391469413], [121.41799179435874, 23.677470316210307], [121.41793930853825, 23.677447774986344]]], [[[121.41479898731234, 23.678111300129455], [121.41534252981839, 23.677148387353075], [121.41560261871072, 23.676528200720636], [121.41548977112795, 23.676518850576457], [121.41514251768976, 23.676414873382452], [121.41501859498752, 23.676844364512466], [121.41488550886027, 23.67718831373489], [121.41448016807028, 23.6770205416287], [121.41413623731881, 23.67784033747677], [121.4145520971412, 23.677982229990626], [121.41479898731234, 23.678111300129455]]], [[[121.40315825932909, 23.677753093028894], [121.40243399993068, 23.677263691722807], [121.40183090571354, 23.677892539757295], [121.40222105885572, 23.6781156108106], [121.40250759817012, 23.678478912073558], [121.4026410837375, 23.678340671042893], [121.40288988550925, 23.678060687182892], [121.4030060502894, 23.677946266359], [121.40315825932909, 23.677753093028894]]], [[[121.40530629268706, 23.678477185958254], [121.40538805314476, 23.678242404873444], [121.4056075385657, 23.678275276704863], [121.40570092787189, 23.678272774693312], [121.4057761523607, 23.678264830090782], [121.40573528220168, 23.67823454283619], [121.40559466456953, 23.67731897318221], [121.40589454388147, 23.6767200897612], [121.40573696765571, 23.676824471699764], [121.40522201805759, 23.67706070279613], [121.40496589720738, 23.67707914320666], [121.40502824684917, 23.677217154239006], [121.40517296639823, 23.677318081139568], [121.40523673308523, 23.677518077964365], [121.40538008813547, 23.677634187328263], [121.40522879357933, 23.677741279315658], [121.40524970096212, 23.677828542803606], [121.40492516941381, 23.67814159685636], [121.40510787043372, 23.67842000457493], [121.40530629268706, 23.678477185958254]]], [[[121.4088600063846, 23.678736700103844], [121.40926886756546, 23.678851680375395], [121.40939780407889, 23.67864017784579], [121.40958204558794, 23.67820489701575], [121.40918912943901, 23.678030513529304], [121.4088600063846, 23.678736700103844]]], [[[121.39044624136223, 23.678655966753524], [121.39043886735593, 23.67840485724349], [121.39018620698668, 23.67808805081854], [121.39012919085911, 23.677935021711473], [121.39014982445448, 23.677791449900084], [121.39049879313583, 23.677616710580757], [121.39051655187802, 23.67760781659627], [121.3907125018085, 23.677419628803335], [121.39063607690326, 23.677333966081232], [121.39056868677673, 23.67714438350912], [121.39045153080922, 23.67711015786747], [121.39035237630468, 23.676736194212225], [121.39019396188648, 23.676704510377583], [121.39028006416412, 23.676879688585963], [121.3898785447664, 23.677017736097824], [121.38976012436898, 23.677082687559658], [121.38940976627917, 23.67657340221065], [121.38922603858522, 23.67625741406962], [121.38906798754361, 23.676354800341212], [121.38862278764218, 23.676196929854065], [121.3884358001598, 23.67562311153159], [121.3882744589236, 23.67564880850462], [121.38764668965597, 23.67604660899149], [121.38818330092062, 23.676923929590966], [121.38837825313915, 23.676848511543756], [121.38846508355591, 23.676968977307613], [121.38864106087993, 23.677048215003826], [121.38889330872574, 23.677426337526864], [121.38896180762308, 23.677573920396284], [121.38930825180942, 23.677834029791374], [121.38943052842228, 23.677951760160855], [121.38942893871123, 23.6781166936943], [121.38930087266236, 23.67820255501497], [121.38936685152372, 23.678376213084224], [121.38938046827543, 23.678412054302772], [121.38956229665823, 23.678648440088633], [121.389692558538, 23.67851939246717], [121.38983112237612, 23.67865398533308], [121.39006616205462, 23.67893700198024], [121.39022365434782, 23.679043545367904], [121.39044624136223, 23.678655966753524]]], [[[121.39161332034995, 23.678012373595074], [121.39117538455137, 23.677712164307035], [121.39091219380575, 23.67800501536089], [121.39145637176661, 23.6784404131311], [121.39159070829888, 23.678573904421913], [121.39185589755573, 23.678783646453134], [121.39203193877802, 23.67895838837184], [121.39222498610164, 23.679193794432422], [121.39232547679275, 23.6791459618792], [121.39229459422498, 23.678660507208804], [121.3918260275885, 23.678150542643408], [121.39161332034995, 23.678012373595074]]], [[[121.41777914440621, 23.67875826724449], [121.41784677023348, 23.6787165116828], [121.41815086915328, 23.678767034472433], [121.41818299663342, 23.67865867152398], [121.41819225661281, 23.67859541993083], [121.41821265523946, 23.67845612821897], [121.41822009426326, 23.678405330887603], [121.41807844966533, 23.678405343022547], [121.41797812093463, 23.678405351908303], [121.41781329182857, 23.67839396755277], [121.4177891624455, 23.678612679995638], [121.41769731996607, 23.678589766262647], [121.41765392503251, 23.678382965604918], [121.41754818256254, 23.678277538903235], [121.41689219839334, 23.678008827332903], [121.41686088690734, 23.678637358034464], [121.41765540780919, 23.679170214897244], [121.41765658384615, 23.678972657968398], [121.41766100708138, 23.67886206722472], [121.41774501215666, 23.67881902143176], [121.41777314852145, 23.67875966497357], [121.41777914440621, 23.67875826724449]]], [[[121.4088600063846, 23.678736700103844], [121.4084376128117, 23.678510380893023], [121.40838044019087, 23.67879966577001], [121.40827313986247, 23.6791435233988], [121.40843594960012, 23.67923063808139], [121.40890272989202, 23.67929607357851], [121.4088600063846, 23.678736700103844]]], [[[121.39695294770326, 23.679077284737687], [121.39563652416373, 23.67820377702855], [121.3955546878621, 23.678350774585557], [121.39560373726545, 23.678587744999312], [121.39570564286656, 23.678850775845476], [121.39578629858349, 23.679089715203705], [121.39581009596367, 23.67926607876872], [121.39653244825456, 23.679397565408113], [121.396846935713, 23.679250675817553], [121.39695294770326, 23.679077284737687]]], [[[121.41134491755122, 23.6788460458555], [121.41090195416119, 23.678674454428556], [121.41054714450594, 23.67924050694191], [121.4109565206198, 23.67944079485918], [121.41134491755122, 23.6788460458555]]], [[[121.41134491755122, 23.6788460458555], [121.41179954396692, 23.6790096407142], [121.41140300563455, 23.679536959883634], [121.41193845882711, 23.67965228303297], [121.41198459768026, 23.679539314983423], [121.41213674778314, 23.679130980235517], [121.41229941644876, 23.678803659741767], [121.41241405231156, 23.678704351903416], [121.41252999736106, 23.677932230432734], [121.41207498356123, 23.677719227648], [121.41164041567967, 23.678445845918702], [121.41134491755122, 23.6788460458555]]], [[[121.40994495552044, 23.679681554899464], [121.41015071402846, 23.67907242001947], [121.41046802724058, 23.67851401666167], [121.41018656556486, 23.678424346872774], [121.41001730500476, 23.678340574063327], [121.40974036872028, 23.678912712407342], [121.40952715421501, 23.67966246944353], [121.40971663973453, 23.67965088879652], [121.40994495552044, 23.679681554899464]]], [[[121.41306401347666, 23.67919835578495], [121.41267495055573, 23.6789202457232], [121.41251957819367, 23.679369657074837], [121.41239409376627, 23.67963627983695], [121.41280895466004, 23.679886510046828], [121.41306401347666, 23.67919835578495]]], [[[121.38595163855811, 23.680149357151368], [121.386122053841, 23.67985302545593], [121.38629524009202, 23.67990916542743], [121.38653052886222, 23.68018199217126], [121.3872030154081, 23.679592959381136], [121.38726652632133, 23.67966181546844], [121.38744081439893, 23.67964266985487], [121.3875389736052, 23.679584823127154], [121.38739890543987, 23.67939514108546], [121.38737007820568, 23.67920161398433], [121.38714050712534, 23.679288702559916], [121.38698204282869, 23.67932077511278], [121.38677814859945, 23.679151153642035], [121.3866791391709, 23.678916779174365], [121.38685837560928, 23.67869715096788], [121.38671403255243, 23.67852341656361], [121.38663192519823, 23.678128630330505], [121.38681340570639, 23.67803217227141], [121.38664046996624, 23.677763849615392], [121.3864755818515, 23.677464678880575], [121.38621938575957, 23.67751552361762], [121.38614552041585, 23.67735904044983], [121.38599188703333, 23.677192588447554], [121.385911341349, 23.677048086309387], [121.38574991963384, 23.677070521108586], [121.38553066091102, 23.676791855958218], [121.385429693602, 23.67655711522865], [121.3852892742342, 23.676573194475015], [121.38521197652665, 23.67678709540186], [121.38512387129006, 23.676963215309954], [121.38522348664927, 23.67711812697705], [121.38528704711383, 23.677325022611498], [121.3854280519807, 23.677605210189952], [121.38564746441153, 23.677859015978143], [121.38556922697585, 23.677986603378606], [121.38563010462089, 23.678107532640805], [121.38572924175958, 23.67821259152309], [121.3857896236144, 23.678251395779153], [121.3858302318825, 23.67864478689976], [121.38565732088983, 23.67890893323417], [121.38558261106954, 23.678989267856903], [121.38547233808158, 23.67903211788734], [121.38531652123758, 23.679127833315338], [121.38536451728142, 23.67923580983013], [121.38531889745907, 23.67937977729452], [121.3855539656916, 23.67950830066022], [121.3854590764749, 23.679598238991527], [121.38581536156013, 23.680225122680895], [121.38595163855811, 23.680149357151368]]], [[[121.40827313986247, 23.6791435233988], [121.40785783751302, 23.678921301519637], [121.40734270765172, 23.67874023700963], [121.40752745345077, 23.678060674061385], [121.4078175525358, 23.67754455284001], [121.40667382689338, 23.677482490884117], [121.4065292457526, 23.677261938233258], [121.40613942157225, 23.67742276115242], [121.40621971378513, 23.677601728967655], [121.40622827592973, 23.677850035070776], [121.40638544128757, 23.67821168172073], [121.40671446699885, 23.678081466304004], [121.40697822675952, 23.678626335998395], [121.40700112405749, 23.678671903414322], [121.40692632125334, 23.678778064631885], [121.4069922878936, 23.679943538980094], [121.40699770300712, 23.68002679754657], [121.40745291242636, 23.680132152399906], [121.40790242744683, 23.680278994758066], [121.40814958109036, 23.679805507423538], [121.4080347496691, 23.679710608806083], [121.40827313986247, 23.6791435233988]]], [[[121.40994495552044, 23.679681554899464], [121.4095785139585, 23.6803146551236], [121.4100470118329, 23.68045465061837], [121.41033674232628, 23.679847171425642], [121.40994495552044, 23.679681554899464]]], [[[121.41140300563455, 23.679536959883634], [121.4109565206198, 23.67944079485918], [121.41077576418726, 23.679976921760804], [121.41055014469488, 23.680727751379827], [121.4109977913031, 23.68088363748722], [121.41123941863356, 23.68012631748461], [121.41127192388734, 23.680052141718935], [121.41140300563455, 23.679536959883634]]], [[[121.39595672664814, 23.679768474622033], [121.39589436216389, 23.679674868518678], [121.39502520231473, 23.679799901916727], [121.39514576901544, 23.679936847459672], [121.39533685324564, 23.68017572199027], [121.39561856538624, 23.68032451825411], [121.39589333534214, 23.681000031249397], [121.39638010956553, 23.680903548969845], [121.39638775743312, 23.68080614295411], [121.39630608822017, 23.68043021540325], [121.39624055678385, 23.680115712392503], [121.39608285529037, 23.680029610189496], [121.39595672664814, 23.679768474622033]]], [[[121.38644926908934, 23.68151884188463], [121.38638820135512, 23.681480771045617], [121.38618370340015, 23.68171704942782], [121.38620656580771, 23.68176634034122], [121.38650378537909, 23.681649565879717], [121.38644926908934, 23.68151884188463]]], [[[121.39299928311205, 23.679775726422083], [121.39234539611098, 23.679479707365807], [121.39252914955478, 23.68017438359577], [121.39280152812039, 23.680786744820647], [121.39311517885218, 23.681442271579183], [121.39325910717814, 23.681473564717802], [121.39310822000877, 23.68161676315976], [121.39322653151892, 23.68204529735328], [121.3933747972095, 23.682057941844107], [121.39335417070888, 23.681813232315033], [121.39342015899165, 23.681483422617994], [121.39337530322769, 23.68112017713408], [121.39291359779617, 23.68068275323734], [121.39299928311205, 23.679775726422083]]], [[[121.41280206809768, 23.681436167209974], [121.41301943110226, 23.68073865938965], [121.41256286775705, 23.68058821173989], [121.41228207083705, 23.681330856182154], [121.41178484387514, 23.681157714269126], [121.4116027259983, 23.681806582580965], [121.41149638436507, 23.682222912803926], [121.41181214109635, 23.682077642069594], [121.412170192392, 23.681912916338597], [121.41238233551489, 23.6817376342227], [121.41280206809768, 23.681436167209974]]], [[[121.40955184911753, 23.68206136778955], [121.40977306526824, 23.681747746841236], [121.41014213806697, 23.681856030475174], [121.41028250233305, 23.681347507104935], [121.41008408005813, 23.681226419308747], [121.40970619042689, 23.68111047447429], [121.40955825119737, 23.68166497001088], [121.40941396868233, 23.681609366735806], [121.40899874242832, 23.681449363178043], [121.40850772459522, 23.68126014836156], [121.40874437529051, 23.6805906961276], [121.40877041643486, 23.680556070377904], [121.40832491674318, 23.680408371179677], [121.4080801416793, 23.681095380076602], [121.40809825984945, 23.681742163663674], [121.40810209891598, 23.681851224439885], [121.40810651815625, 23.681976609554344], [121.40852799882641, 23.68213609332184], [121.4090037551621, 23.682265841978246], [121.40938692067317, 23.682403229322656], [121.40955184911753, 23.68206136778955]]], [[[121.39087300949284, 23.68010572817771], [121.39071258594038, 23.680088913068765], [121.39058125066296, 23.68013410439088], [121.390837914922, 23.680503191558774], [121.3908517077196, 23.680901199765987], [121.39081321880283, 23.6812321761602], [121.39070121433832, 23.68162256450169], [121.39063066915018, 23.681734540486783], [121.390676212277, 23.681784089562843], [121.39063112331233, 23.681788356996663], [121.3905661873908, 23.682029327667998], [121.39140449481582, 23.682366136270407], [121.39141999875172, 23.682515097928317], [121.39186307092766, 23.68243782921558], [121.39186806157987, 23.68221432888126], [121.39149924920923, 23.68152430974047], [121.39102297895761, 23.680866228470645], [121.3910035961008, 23.680431672696244], [121.39087300949284, 23.68010572817771]]], [[[121.38836017635991, 23.682862953313826], [121.3880533804239, 23.681952108881813], [121.38774305696484, 23.68182119530719], [121.3878599413733, 23.68160615571476], [121.38768610386668, 23.681270501382105], [121.3873003998477, 23.681370938704873], [121.38739580814031, 23.681513560742584], [121.38744552749105, 23.68168303428055], [121.38736958416743, 23.681814039092753], [121.38723848415144, 23.682019858306152], [121.38680583011397, 23.681743191454675], [121.38657894771585, 23.681739360370017], [121.38660354761272, 23.68224907692764], [121.38734089128623, 23.682351294244913], [121.38738250509772, 23.682694593822625], [121.38754658020085, 23.68276504930471], [121.38754587627459, 23.682898674178855], [121.38836017635991, 23.682862953313826]]], [[[121.40616180098564, 23.683469497578375], [121.40672709074254, 23.682808505020187], [121.40658207963473, 23.68265691430912], [121.40614476163293, 23.68289913013164], [121.40593705267888, 23.682888143616072], [121.40566279076431, 23.6832238314811], [121.40616180098564, 23.683469497578375]]], [[[121.40799520148879, 23.682600464295955], [121.40772082627218, 23.682550249745272], [121.40723701363287, 23.682997106824704], [121.40760751388615, 23.68367237343585], [121.40799520148879, 23.682600464295955]]], [[[121.40737163165655, 23.684055730854542], [121.40687246643296, 23.683343608049167], [121.40649714750374, 23.68397711256614], [121.40686556797226, 23.684152162909964], [121.40737163165655, 23.684055730854542]]], [[[121.40551459673162, 23.68347972663872], [121.40522730012567, 23.683319016824104], [121.40510860221701, 23.68341411310037], [121.40498937188525, 23.683530566144213], [121.404554675752, 23.684135732298323], [121.40502066423427, 23.68428271136346], [121.40532546651971, 23.683989700791447], [121.40524567448114, 23.68396424691774], [121.40551459673162, 23.68347972663872]]], [[[121.39830633868613, 23.68343578327574], [121.39780334460096, 23.68338916923239], [121.39775065503319, 23.684028539485638], [121.3977108095196, 23.684512047754204], [121.39793838937253, 23.684547954341348], [121.39803674522017, 23.684578005597324], [121.39819372687434, 23.68461201462775], [121.3982286326236, 23.684602398440077], [121.39825905980719, 23.68409874635264], [121.39823230005524, 23.68405595973316], [121.39827983174453, 23.683531314490413], [121.39830633868613, 23.68343578327574]]], [[[121.39846754763826, 23.684656928911767], [121.39824350946242, 23.6846453600891], [121.39824467593584, 23.684721773541767], [121.39904159443476, 23.68480487600719], [121.39904670762418, 23.684732696342113], [121.39846754763826, 23.684656928911767]]], [[[121.39857429057295, 23.683175893530436], [121.39836298974326, 23.683027996260684], [121.39836190781284, 23.68326290027649], [121.3983654848604, 23.683339933333265], [121.39836080707647, 23.6834301711298], [121.3983286908084, 23.68353507165297], [121.3982811593134, 23.684059716907864], [121.39830777810502, 23.684117448199427], [121.3982684184339, 23.684595099383397], [121.39847015126809, 23.684613434701955], [121.39878382424044, 23.68465674693913], [121.39904979606338, 23.684689098830138], [121.39912368035196, 23.684698085776674], [121.39966990343976, 23.68478539490474], [121.40005402734914, 23.68483894312117], [121.4003050129763, 23.684874034529074], [121.40047928746814, 23.68490727323681], [121.40049923416457, 23.684688177352818], [121.40036386656786, 23.684582743672834], [121.4002315249727, 23.684497519370456], [121.40006967188936, 23.6844641570792], [121.39946131631915, 23.68440587787912], [121.3992919232742, 23.684340162390892], [121.39915226717734, 23.684254612878696], [121.39911734101265, 23.684144512253166], [121.39908844269425, 23.6841435462452], [121.39913587011294, 23.68347403462228], [121.39911935594257, 23.683462007741795], [121.39883763055511, 23.683270380684103], [121.39870509997259, 23.68321581169638], [121.39857429057295, 23.683175893530436]]], [[[121.40627730080243, 23.684585069448676], [121.4056721481318, 23.68442827317479], [121.405499772395, 23.685169628164054], [121.40599429150244, 23.685311328362296], [121.40605498369383, 23.685174783260845], [121.40627730080243, 23.684585069448676]]], [[[121.40477833255416, 23.685051401124774], [121.404512018914, 23.684831174007176], [121.40430406661497, 23.68521990786124], [121.40411190172857, 23.68543739535039], [121.40449809438137, 23.68559481487094], [121.40444042137364, 23.685741257173213], [121.404994199292, 23.685891302810685], [121.40491309680834, 23.685310709576935], [121.4049197272328, 23.685168319491343], [121.40477833255416, 23.685051401124774]]], [[[121.40633057134708, 23.685751633032893], [121.40591345286995, 23.685493228711746], [121.40581709276861, 23.68571005177711], [121.40591685834511, 23.68582738529815], [121.40613822413033, 23.686051998897184], [121.40633057134708, 23.685751633032893]]]]}, "properties": {"年份": 113, "縣市名": "花蓮縣", "鄉鎮名": "光復鄉", "地段名": "馬錫山段", "縣市七": "U020919", "縣市代": "U", "鄉鎮代": "02", "地段代": "0919"}}, {"type": "Feature", "geometry": {"type": "MultiPolygon", "coordinates": [[[[121.41912001046875, 23.646353082360438], [121.41868372950583, 23.645400503421516], [121.41853023202499, 23.64545333594449], [121.41861245829975, 23.64564051905699], [121.41876968422127, 23.645998461329302], [121.4189606984212, 23.64643330043664], [121.41912001046875, 23.646353082360438]]], [[[121.41789092821459, 23.648777774732434], [121.41871825018225, 23.648465007065766], [121.41903037166661, 23.648323370840814], [121.41935229444746, 23.64819704915759], [121.41941959376798, 23.648177832257613], [121.4195292963778, 23.648136810964864], [121.41946484530469, 23.64800710936205], [121.41922686838656, 23.648096344584378], [121.41864526708176, 23.648315327097386], [121.41862942026226, 23.648273236717408], [121.4180556386749, 23.6484951035251], [121.41787546998049, 23.648564766688818], [121.41771844398713, 23.64822372693095], [121.41765564844769, 23.648247563265027], [121.41766148238948, 23.648260433112636], [121.41766483958138, 23.648268135541112], [121.41772756904919, 23.64841182974539], [121.41773364057832, 23.648425430365652], [121.41779668595609, 23.64856669466312], [121.41780751584263, 23.64859090153346], [121.41787345242031, 23.648738144778466], [121.41787798426456, 23.648748417536087], [121.41789092821459, 23.648777774732434]]], [[[121.41943993594549, 23.649279506095784], [121.41917837140967, 23.648746884955692], [121.41892991539122, 23.64883951618564], [121.41886408560956, 23.648729286369246], [121.41801771945653, 23.649064554308268], [121.41808446660451, 23.649213781825335], [121.41809134497086, 23.64922831935553], [121.4181011471631, 23.649249892264415], [121.41896221494649, 23.64891685965795], [121.41902208761508, 23.649055567533278], [121.41910981174671, 23.649229109399215], [121.41825301028372, 23.64959731151786], [121.41830063992839, 23.649705333229466], [121.41831594880155, 23.64973852167944], [121.41831858562874, 23.649744690964884], [121.41833663843454, 23.649786901833302], [121.41920761567658, 23.649397386658578], [121.41943993594549, 23.649279506095784]]], [[[121.42557463905075, 23.649930995642002], [121.42568304899973, 23.649875372341892], [121.42571152963916, 23.64989205348706], [121.42561714797642, 23.649790474314553], [121.42578088993112, 23.649745870191406], [121.42589548369598, 23.649714654159187], [121.42587536370837, 23.649688667429828], [121.42574827979271, 23.64970763851426], [121.42570386734931, 23.64971426837715], [121.42554064092673, 23.649793456469094], [121.4252452479785, 23.64995696619163], [121.42525821545752, 23.650014288030523], [121.42543334789336, 23.649951980413654], [121.42557463905075, 23.649930995642002]]], [[[121.42519612893189, 23.6501693828994], [121.42513876760849, 23.65006378296666], [121.4249402436519, 23.65013733328062], [121.42518702891265, 23.650844711801437], [121.42521400888002, 23.65086713108366], [121.42522104167188, 23.650868520446927], [121.42541858690208, 23.651537855478736], [121.42568759133188, 23.651412577880734], [121.42569786345871, 23.65124268077132], [121.42560180223661, 23.65100704054117], [121.42549459920988, 23.650745090841593], [121.4254257411943, 23.650606753372177], [121.42532359406432, 23.650401551094358], [121.42519612893189, 23.6501693828994]]], [[[121.42604226561858, 23.6525093673277], [121.42599701526939, 23.652475440241165], [121.42584872796321, 23.652443611192396], [121.42575147774414, 23.65244975670068], [121.42567791136909, 23.65202603597207], [121.4255380410741, 23.652068769784087], [121.42553961453314, 23.652185493890745], [121.42537863905247, 23.652231184059666], [121.42536314893796, 23.652394214729398], [121.42546743241121, 23.652653273893655], [121.42562858962198, 23.652760557223353], [121.42565924098685, 23.652605711073246], [121.42564404754403, 23.65248768795712], [121.42617268415714, 23.65277754652402], [121.42604226561858, 23.6525093673277]]]]}, "properties": {"年份": 113, "縣市名": "花蓮縣", "鄉鎮名": "光復鄉", "地段名": "新庄段", "縣市七": "U020281", "縣市代": "U", "鄉鎮代": "02", "地段代": "0281"}}, {"type": "Feature", "geometry": {"type": "MultiPolygon", "coordinates": [[[[121.43385959765942, 23.65004881723595], [121.43367176388557, 23.64990843252622], [121.43361265620648, 23.649932274008552], [121.43360753452284, 23.64995161212891], [121.43360572453243, 23.649976449172534], [121.43366607050177, 23.65013200852201], [121.43385959765942, 23.65004881723595]]], [[[121.43492392731164, 23.65129286102934], [121.43488792720972, 23.651205138092443], [121.43499458429494, 23.65125768132246], [121.43513033547148, 23.651064378517013], [121.43436142723867, 23.650440931308616], [121.43480966389129, 23.650273490276145], [121.43467792117639, 23.65025879795989], [121.43440367346818, 23.650274122647208], [121.43439713159285, 23.650258149181706], [121.43423360639562, 23.65032261055307], [121.43387284011955, 23.65046482872009], [121.43405054735483, 23.6504947527532], [121.4340057049127, 23.650558141138344], [121.43492392731164, 23.65129286102934]]], [[[121.43466231005794, 23.65231611217268], [121.43459397709714, 23.652241952300823], [121.4343342832494, 23.652325971012804], [121.43428528256032, 23.65234138671844], [121.43439441927738, 23.65240844333094], [121.43451798006902, 23.652482800672143], [121.43465298730456, 23.652562182513638], [121.4347720000073, 23.65263060175541], [121.43492937266407, 23.65258715136703], [121.43466231005794, 23.65231611217268]]], [[[121.43674833333309, 23.652702450224695], [121.43710030833459, 23.652533278127617], [121.4370350180165, 23.652448925152104], [121.43759397436534, 23.65215402425292], [121.43751491608575, 23.65207105577822], [121.43735742396846, 23.65200145594202], [121.43681631840033, 23.652269902544656], [121.43669247011445, 23.65237208056993], [121.43674841130088, 23.652415907172458], [121.43655293473192, 23.652532454622758], [121.43649332559352, 23.652511709432233], [121.43633362450555, 23.652591810908717], [121.43619260359164, 23.652523129724575], [121.436085724122, 23.65261390905996], [121.43612846308055, 23.652658287720662], [121.43636478469242, 23.65278331763259], [121.43690998851346, 23.65277984068696], [121.43674833333309, 23.652702450224695]]], [[[121.43986071893272, 23.65451838430673], [121.43983536482477, 23.654506737648493], [121.43974018345835, 23.654529094546497], [121.43975344633718, 23.65457738660459], [121.43991803682137, 23.65517668116612], [121.43999916561494, 23.65515261483626], [121.4401050311731, 23.655114531990538], [121.44009655165571, 23.655088928151276], [121.43991495153753, 23.65454058535682], [121.43986071893272, 23.65451838430673]]], [[[121.43381920978787, 23.655749438984902], [121.43370524387852, 23.655681248751534], [121.43352613138647, 23.655756480433396], [121.43358623955748, 23.655848009988254], [121.43381920978787, 23.655749438984902]]], [[[121.43475923639399, 23.655614139557926], [121.43470974437096, 23.65550200176977], [121.4343177370479, 23.655663244145348], [121.43430003545151, 23.65567279309385], [121.43398019707054, 23.65581688347286], [121.4340484852164, 23.65587105170205], [121.43406751314386, 23.655886150433854], [121.43436864738175, 23.655774529283793], [121.43474069586739, 23.65561898638129], [121.43475923639399, 23.655614139557926]]], [[[121.4418680539295, 23.655216761644898], [121.4418083065284, 23.655160710605053], [121.44179904634258, 23.65515265893848], [121.44172512431196, 23.65509339031034], [121.44164668195008, 23.65503926164392], [121.44156415061954, 23.65499057961999], [121.44147796058223, 23.654947615706746], [121.4414660582996, 23.654942683212813], [121.44134477786538, 23.655115153443543], [121.44130941508011, 23.655165441977065], [121.44107101987677, 23.655126290012422], [121.44074484504762, 23.654894998359282], [121.44084710008032, 23.65556583841819], [121.4409006669343, 23.655704735947012], [121.44094811049436, 23.655739347666046], [121.44144725592135, 23.656040380123432], [121.44163702088835, 23.655938471855777], [121.44149531037604, 23.655790510655038], [121.44177466477895, 23.65559882936701], [121.44180741987611, 23.65558263828891], [121.44199564294402, 23.65548959807382], [121.44200507242586, 23.655474798437726], [121.442042031379, 23.655434493292812], [121.44198988002535, 23.655358054858652], [121.44193178028696, 23.65528535725231], [121.4418680539295, 23.655216761644898]]], [[[121.44356117877626, 23.659115826331785], [121.44308345946234, 23.658489974194307], [121.44318168107912, 23.65842778693122], [121.44318929151432, 23.658422968544933], [121.44293053438277, 23.65803605910565], [121.44282071690156, 23.6578160639408], [121.44271888423256, 23.657568405678997], [121.44266731842842, 23.657413213378593], [121.4425821635795, 23.657355683905678], [121.44257864627548, 23.65735090577509], [121.44244230450072, 23.6571656899252], [121.44242971122206, 23.65711627148304], [121.4423266773684, 23.65657369239059], [121.44227504206738, 23.656589425125063], [121.4420838149382, 23.656678674529317], [121.44188065390034, 23.656387334290965], [121.44187600338518, 23.656380594323878], [121.44177116314461, 23.65622864969247], [121.44159776688856, 23.656127865541794], [121.44145753188926, 23.656207663985754], [121.44145442421274, 23.656359481796034], [121.4414755363311, 23.65646371583285], [121.44135975814942, 23.656493645201557], [121.44139890969763, 23.656732949771637], [121.44149868686307, 23.656947421285988], [121.44184344363251, 23.657473174083282], [121.44193183112614, 23.65766929168651], [121.44200049967982, 23.657821655689], [121.4421952820905, 23.658092589967], [121.44222218093174, 23.658235355554464], [121.44234540067374, 23.658284071867755], [121.44245203451108, 23.65835625871349], [121.44285582181764, 23.658480077941586], [121.44294897440288, 23.658557296430853], [121.44300411900373, 23.65852911938453], [121.44385395068758, 23.659652098331428], [121.44392183644815, 23.65958818067578], [121.44378956800655, 23.659414925571905], [121.44356117877626, 23.659115826331785]]], [[[121.44992783487137, 23.661806439019305], [121.44964528418528, 23.66138675096486], [121.44962802426079, 23.6613963455204], [121.44958411807337, 23.661356805042217], [121.44960809576658, 23.661385251548086], [121.44956674151189, 23.661452715644607], [121.44965172977537, 23.66148853406054], [121.44967780293334, 23.661507664767093], [121.44985928400749, 23.661810087386204], [121.44992783487137, 23.661806439019305]]], [[[121.45108663625294, 23.66184317193284], [121.45097364152399, 23.661801880146715], [121.45096230131129, 23.661822765257952], [121.45107869451736, 23.66187426653123], [121.45122743576947, 23.661893608780748], [121.45124374267232, 23.661890574166634], [121.45123966420866, 23.661884473063242], [121.45108663625294, 23.66184317193284]]], [[[121.45148638748232, 23.662251841975394], [121.45147386678674, 23.662233061095645], [121.45143572791653, 23.662248902071898], [121.45134316579819, 23.66225166387822], [121.4508914116871, 23.662019179671056], [121.4508733529831, 23.66201881683738], [121.45086665861892, 23.662039438607348], [121.45089634494533, 23.662045568404977], [121.45080292235696, 23.662163317649654], [121.45065486790975, 23.66215851998016], [121.45064664288901, 23.662181362158474], [121.45079944292624, 23.66219497716007], [121.45081181900561, 23.662193415128183], [121.45089917396659, 23.66207010312515], [121.45094304286074, 23.662087150138188], [121.45116129238335, 23.662204642585937], [121.45116870505805, 23.662187924938994], [121.45133298419545, 23.662269942719263], [121.45145654966751, 23.662263108477426], [121.45148638748232, 23.662251841975394]]], [[[121.4464816854995, 23.661314854427207], [121.44619422124426, 23.66106143955464], [121.44612260795597, 23.661084102786234], [121.4462333274011, 23.661246780757597], [121.4463023000425, 23.661324129979995], [121.44649262745482, 23.66160983509579], [121.44649159482535, 23.66163196104973], [121.44657118193058, 23.661922120677136], [121.4465666779547, 23.662044974875794], [121.44652650066686, 23.662185305164833], [121.4465250460238, 23.662337199396582], [121.44652832127052, 23.662432752190487], [121.44653519261627, 23.66249027922162], [121.44653740711486, 23.662510183520073], [121.44655925785236, 23.662706283637284], [121.44655954341249, 23.66280768731148], [121.4466184453469, 23.662970505215593], [121.44671744796807, 23.662895344898036], [121.44680896458142, 23.66279244853874], [121.44693328160228, 23.662657510157988], [121.44698316514665, 23.662612750125362], [121.44698943996336, 23.66227555981806], [121.44680863438812, 23.661927856485097], [121.44648677409302, 23.661401697296117], [121.4464816854995, 23.661314854427207]]], [[[121.44982050627459, 23.66370534376106], [121.44987531716544, 23.66354793100518], [121.4497544295776, 23.66331199955555], [121.44974276870997, 23.663290542512566], [121.44948525320225, 23.6628164765082], [121.44942756538708, 23.662814855909833], [121.44920723610517, 23.66284600632183], [121.44914071364755, 23.662866787027518], [121.44911661994824, 23.662870441674258], [121.44928279529262, 23.663151761509887], [121.44931738453123, 23.663215844931486], [121.44941154633553, 23.66343183130911], [121.44921061809906, 23.663285006530156], [121.44910422699962, 23.663338313116135], [121.44911883722948, 23.6633703511498], [121.44928148820455, 23.663747971191704], [121.4493670231999, 23.663696257024025], [121.44948278274623, 23.663599365862616], [121.44949423710958, 23.663646450046297], [121.44950238506313, 23.663907811523888], [121.44955185344512, 23.66402560601852], [121.44962073088686, 23.66420885525205], [121.44978533700618, 23.664646764455178], [121.44979546178385, 23.66472065285686], [121.44989390302061, 23.664707924068058], [121.44985483018341, 23.664588591550498], [121.44985966410114, 23.664502884895178], [121.44986184960688, 23.66444825740421], [121.44986718768983, 23.66431507069309], [121.44984301105731, 23.663876212213623], [121.44982050627459, 23.66370534376106]]], [[[121.44820973666069, 23.664922457653734], [121.44814551305525, 23.664801210877627], [121.44779483117517, 23.664831700898027], [121.44730590486165, 23.664874213362776], [121.44726592858632, 23.665085165144387], [121.44693680961885, 23.66517204209505], [121.446926313588, 23.665174825320644], [121.44696885477471, 23.66563094313054], [121.44698575966062, 23.665636296582953], [121.44730466980415, 23.665646049596113], [121.44781043427858, 23.665662973082576], [121.44821796348756, 23.665674346299888], [121.44833651093407, 23.665625892736447], [121.44820973666069, 23.664922457653734]]], [[[121.44694355017242, 23.665816039549135], [121.44689264133764, 23.665183754150195], [121.44663601754176, 23.66525180251178], [121.44649821388828, 23.66591283495784], [121.44693882871867, 23.66603995186715], [121.4469526115061, 23.665984893654034], [121.44694355017242, 23.665816039549135]]], [[[121.45174914813177, 23.666055801917054], [121.45160871390748, 23.66574776305193], [121.45137343006695, 23.665844606655895], [121.45126579570152, 23.665889689769248], [121.45124495620645, 23.665910464764867], [121.45126188671101, 23.666056101907447], [121.45127741795365, 23.666159655324197], [121.45130025645736, 23.66623856325248], [121.45134005234667, 23.66625386118122], [121.45151251539856, 23.66616820797351], [121.45174914813177, 23.666055801917054]]], [[[121.44836843776355, 23.665803044556686], [121.44821136792987, 23.665714409936825], [121.44809646487924, 23.665716257119282], [121.44701408932919, 23.66568885340442], [121.44699768418211, 23.665724290555033], [121.4470034893195, 23.66603036536157], [121.4470179415191, 23.666065512732708], [121.44793828970076, 23.666323562963033], [121.44848967661162, 23.666475755656627], [121.44836843776355, 23.665803044556686]]], [[[121.45539853439718, 23.66768359991362], [121.4552390132321, 23.667432508194654], [121.45499451108492, 23.66773817980847], [121.45492785195874, 23.667819056546186], [121.45488478335494, 23.667900830191126], [121.45476482851471, 23.66814518480691], [121.45559850834073, 23.667977825128794], [121.45539853439718, 23.66768359991362]]]]}, "properties": {"年份": 113, "縣市名": "花蓮縣", "鄉鎮名": "光復鄉", "地段名": "溪州段", "縣市七": "U020241", "縣市代": "U", "鄉鎮代": "02", "地段代": "0241"}}, {"type": "Feature", "geometry": {"type": "MultiPolygon", "coordinates": [[[[121.44597909333247, 23.64779651162785], [121.4457823070642, 23.6477361082718], [121.44584009321727, 23.647820786165553], [121.4458671244664, 23.64786039442684], [121.44590182551742, 23.647840591607142], [121.44597909333247, 23.64779651162785]]], [[[121.44655273241203, 23.651654802631008], [121.44644448986818, 23.651569764704128], [121.44639339088467, 23.651619160364294], [121.44639405121715, 23.6516982143533], [121.4463739116568, 23.651774628319252], [121.44638172226847, 23.651866511123526], [121.44642855831793, 23.65194163060753], [121.44643281280302, 23.652025469066317], [121.44658893678601, 23.651964980289026], [121.4465755340392, 23.651917946556193], [121.44657972346191, 23.651901735030016], [121.44654688992885, 23.65180490374476], [121.4465686230836, 23.651782149261567], [121.44655609090303, 23.6516817143998], [121.44655273241203, 23.651654802631008]]], [[[121.44959495905105, 23.65437079596627], [121.44950596938155, 23.65429788286744], [121.4495328656528, 23.654457999704892], [121.4495872457881, 23.654491664057076], [121.44958061091211, 23.65452652024051], [121.44984997665686, 23.654600884753968], [121.44978962209055, 23.654483410711286], [121.44966171220969, 23.654438849531907], [121.44960570892557, 23.65442997314289], [121.44959495905105, 23.65437079596627]]], [[[121.44647327390537, 23.655325689030775], [121.44644672035948, 23.655317593541927], [121.44642373619139, 23.655379170695184], [121.44647358263032, 23.65539642755292], [121.44647327390537, 23.655325689030775]]], [[[121.44574029098936, 23.6587861279506], [121.44568176999702, 23.658746393581445], [121.44567328717731, 23.658751212791422], [121.44570321935039, 23.658894068321178], [121.4457990461654, 23.658874694734177], [121.44574029098936, 23.6587861279506]]], [[[121.44566701765068, 23.6589000327491], [121.44564676053089, 23.658771497733966], [121.44550421694353, 23.65885572202206], [121.44550322930172, 23.658934582028824], [121.44566701765068, 23.6589000327491]]]]}, "properties": {"年份": 113, "縣市名": "花蓮縣", "鄉鎮名": "光復鄉", "地段名": "達莫段", "縣市七": "U020242", "縣市代": "U", "鄉鎮代": "02", "地段代": "0242"}}, {"type": "Feature", "geometry": {"type": "MultiPolygon", "coordinates": [[[[121.39176437452012, 23.626334164128476], [121.39136108813649, 23.625953967739395], [121.39135830201408, 23.625995918522285], [121.3913505212164, 23.626177628200022], [121.39134728052053, 23.626320579243345], [121.39135718324624, 23.626351662174628], [121.39176437452012, 23.626334164128476]]], [[[121.39153227377048, 23.62699897826356], [121.39191404710765, 23.626695893014258], [121.39152280945464, 23.626699977969867], [121.39152639567831, 23.626716195598988], [121.39153492809363, 23.626826979615686], [121.39153227377048, 23.62699897826356]]], [[[121.391392172562, 23.626681913705543], [121.39102929199503, 23.62667081890881], [121.39104030961786, 23.626810058849223], [121.39135264417243, 23.626958128807832], [121.39139648750032, 23.627088490821624], [121.39140553362178, 23.62707864350284], [121.39142262436478, 23.626906626498897], [121.39141214858965, 23.626748684361857], [121.391392172562, 23.626681913705543]]], [[[121.39149746621102, 23.628015964923637], [121.3914049823403, 23.6278198798582], [121.39114363400309, 23.627831979773493], [121.39119530797194, 23.62803816396431], [121.39149746621102, 23.628015964923637]]], [[[121.39063117236279, 23.628534702099593], [121.39050489657922, 23.628464252885827], [121.39034849004958, 23.628501768261646], [121.3904391915293, 23.628599487036986], [121.39052108965116, 23.62882860348569], [121.3909238487364, 23.62867894852862], [121.39091980141582, 23.628652663746966], [121.3908567042111, 23.62858661571099], [121.39072027504608, 23.628546017911784], [121.39063117236279, 23.628534702099593]]], [[[121.39034620495603, 23.628650062532376], [121.39023251544734, 23.628524083850944], [121.3900252079179, 23.628563018188974], [121.3897623416056, 23.628582677610677], [121.38972941196272, 23.62857965405514], [121.38970733960316, 23.628963506063325], [121.3898961909015, 23.628993380983772], [121.38997844669842, 23.628989363646635], [121.39035066124006, 23.628973094902655], [121.39025400008406, 23.628736249812345], [121.39036721822545, 23.62867997980129], [121.39034620495603, 23.628650062532376]]]]}, "properties": {"年份": 113, "縣市名": "花蓮縣", "鄉鎮名": "光復鄉", "地段名": "嘉羅蘭段", "縣市七": "U020920", "縣市代": "U", "鄉鎮代": "02", "地段代": "0920"}}]}